[2026-04-18 12:02:03,048:run_diverse_configs.py#L82:INFO]: ====================================================================================================
[2026-04-18 12:02:03,048:run_diverse_configs.py#L83:INFO]: E2ETune: Running Diverse Configs for ssb_flat_tiny
[2026-04-18 12:02:03,048:run_diverse_configs.py#L84:INFO]: ====================================================================================================
[2026-04-18 12:02:03,048:run_diverse_configs.py#L85:INFO]: Config: config/config.yaml
[2026-04-18 12:02:03,048:run_diverse_configs.py#L86:INFO]: Host: localhost  DB: ssb
[2026-04-18 12:02:03,049:run_diverse_configs.py#L87:INFO]: Benchmark: ssb_flat_tiny  Type: olap
[2026-04-18 12:02:03,049:run_diverse_configs.py#L88:INFO]: Workload path: ./olap_workloads
[2026-04-18 12:02:03,049:run_diverse_configs.py#L89:INFO]: ====================================================================================================
[2026-04-18 12:02:03,110:run_diverse_configs.py#L129:INFO]: Running 10 configs for ssb_flat_tiny_5
[2026-04-18 12:02:03,110:run_diverse_configs.py#L137:INFO]: Running config 1/10 for ssb_flat_tiny_5
[2026-04-18 12:02:03,111:MySQL_Database.py#L253:INFO]: Transpiling workload from PostgreSQL to MySQL syntax...
[2026-04-18 12:02:03,119:MySQL_Database.py#L81:INFO]: MySQL knobs persisted to mysqld-auto.cnf. Restarting to apply...
[2026-04-18 12:02:03,119:MySQL_Database.py#L200:INFO]: Restarting MySQL service...
[2026-04-18 12:02:10,757:MySQL_Database.py#L210:INFO]: Waiting for MySQL to become available...
[2026-04-18 12:02:10,841:MySQL_Database.py#L228:INFO]: MySQL is back up! (Took 0.08s)
[2026-04-18 12:02:10,842:MySQL_Database.py#L32:INFO]: Closed old MySQL connection.
[2026-04-18 12:02:10,963:MySQL_Database.py#L278:INFO]: Executing transpiled workload olap_workloads/ssb_flat_tiny_5.wg (2 queries)...
[2026-04-18 12:02:28,135:MySQL_Database.py#L305:INFO]: Workload olap_workloads/ssb_flat_tiny_5.wg executed successfully.
[2026-04-18 12:02:28,135:run_diverse_configs.py#L206:INFO]: Performance for config 1: 8.585533756995574
[2026-04-18 12:02:28,135:run_diverse_configs.py#L137:INFO]: Running config 2/10 for ssb_flat_tiny_5
[2026-04-18 12:02:28,136:MySQL_Database.py#L253:INFO]: Transpiling workload from PostgreSQL to MySQL syntax...
[2026-04-18 12:02:28,166:MySQL_Database.py#L81:INFO]: MySQL knobs persisted to mysqld-auto.cnf. Restarting to apply...
[2026-04-18 12:02:28,166:MySQL_Database.py#L200:INFO]: Restarting MySQL service...
[2026-04-18 12:02:36,311:MySQL_Database.py#L210:INFO]: Waiting for MySQL to become available...
[2026-04-18 12:02:36,399:MySQL_Database.py#L228:INFO]: MySQL is back up! (Took 0.09s)
[2026-04-18 12:02:36,399:MySQL_Database.py#L32:INFO]: Closed old MySQL connection.
[2026-04-18 12:02:36,461:MySQL_Database.py#L278:INFO]: Executing transpiled workload olap_workloads/ssb_flat_tiny_5.wg (2 queries)...
[2026-04-18 12:02:52,719:MySQL_Database.py#L305:INFO]: Workload olap_workloads/ssb_flat_tiny_5.wg executed successfully.
[2026-04-18 12:02:52,720:run_diverse_configs.py#L206:INFO]: Performance for config 2: 8.128858526935801
[2026-04-18 12:02:52,720:run_diverse_configs.py#L137:INFO]: Running config 3/10 for ssb_flat_tiny_5
[2026-04-18 12:02:52,720:MySQL_Database.py#L253:INFO]: Transpiling workload from PostgreSQL to MySQL syntax...
[2026-04-18 12:02:52,742:MySQL_Database.py#L81:INFO]: MySQL knobs persisted to mysqld-auto.cnf. Restarting to apply...
[2026-04-18 12:02:52,742:MySQL_Database.py#L200:INFO]: Restarting MySQL service...
[2026-04-18 12:03:00,732:MySQL_Database.py#L210:INFO]: Waiting for MySQL to become available...
[2026-04-18 12:03:00,804:MySQL_Database.py#L228:INFO]: MySQL is back up! (Took 0.07s)
[2026-04-18 12:03:00,804:MySQL_Database.py#L32:INFO]: Closed old MySQL connection.
[2026-04-18 12:03:00,866:MySQL_Database.py#L278:INFO]: Executing transpiled workload olap_workloads/ssb_flat_tiny_5.wg (2 queries)...
[2026-04-18 12:03:17,109:MySQL_Database.py#L305:INFO]: Workload olap_workloads/ssb_flat_tiny_5.wg executed successfully.
[2026-04-18 12:03:17,109:run_diverse_configs.py#L206:INFO]: Performance for config 3: 8.120998546481133
[2026-04-18 12:03:17,109:run_diverse_configs.py#L137:INFO]: Running config 4/10 for ssb_flat_tiny_5
[2026-04-18 12:03:17,110:MySQL_Database.py#L253:INFO]: Transpiling workload from PostgreSQL to MySQL syntax...
[2026-04-18 12:03:17,129:MySQL_Database.py#L81:INFO]: MySQL knobs persisted to mysqld-auto.cnf. Restarting to apply...
[2026-04-18 12:03:17,129:MySQL_Database.py#L200:INFO]: Restarting MySQL service...
[2026-04-18 12:03:25,123:MySQL_Database.py#L210:INFO]: Waiting for MySQL to become available...
[2026-04-18 12:03:25,189:MySQL_Database.py#L228:INFO]: MySQL is back up! (Took 0.07s)
[2026-04-18 12:03:25,189:MySQL_Database.py#L32:INFO]: Closed old MySQL connection.
[2026-04-18 12:03:25,250:MySQL_Database.py#L278:INFO]: Executing transpiled workload olap_workloads/ssb_flat_tiny_5.wg (2 queries)...
[2026-04-18 12:03:41,554:MySQL_Database.py#L305:INFO]: Workload olap_workloads/ssb_flat_tiny_5.wg executed successfully.
[2026-04-18 12:03:41,554:run_diverse_configs.py#L206:INFO]: Performance for config 4: 8.151481832144782
[2026-04-18 12:03:41,554:run_diverse_configs.py#L137:INFO]: Running config 5/10 for ssb_flat_tiny_5
[2026-04-18 12:03:41,555:MySQL_Database.py#L253:INFO]: Transpiling workload from PostgreSQL to MySQL syntax...
[2026-04-18 12:03:41,582:MySQL_Database.py#L81:INFO]: MySQL knobs persisted to mysqld-auto.cnf. Restarting to apply...
[2026-04-18 12:03:41,582:MySQL_Database.py#L200:INFO]: Restarting MySQL service...
[2026-04-18 12:03:49,573:MySQL_Database.py#L210:INFO]: Waiting for MySQL to become available...
[2026-04-18 12:03:49,639:MySQL_Database.py#L228:INFO]: MySQL is back up! (Took 0.07s)
[2026-04-18 12:03:49,639:MySQL_Database.py#L32:INFO]: Closed old MySQL connection.
[2026-04-18 12:03:49,699:MySQL_Database.py#L278:INFO]: Executing transpiled workload olap_workloads/ssb_flat_tiny_5.wg (2 queries)...
[2026-04-18 12:04:05,981:MySQL_Database.py#L305:INFO]: Workload olap_workloads/ssb_flat_tiny_5.wg executed successfully.
[2026-04-18 12:04:05,981:run_diverse_configs.py#L206:INFO]: Performance for config 5: 8.140533390687779
[2026-04-18 12:04:05,982:run_diverse_configs.py#L137:INFO]: Running config 6/10 for ssb_flat_tiny_5
[2026-04-18 12:04:05,982:MySQL_Database.py#L253:INFO]: Transpiling workload from PostgreSQL to MySQL syntax...
[2026-04-18 12:04:06,004:MySQL_Database.py#L81:INFO]: MySQL knobs persisted to mysqld-auto.cnf. Restarting to apply...
[2026-04-18 12:04:06,004:MySQL_Database.py#L200:INFO]: Restarting MySQL service...
[2026-04-18 12:04:13,996:MySQL_Database.py#L210:INFO]: Waiting for MySQL to become available...
[2026-04-18 12:04:14,079:MySQL_Database.py#L228:INFO]: MySQL is back up! (Took 0.08s)
[2026-04-18 12:04:14,079:MySQL_Database.py#L32:INFO]: Closed old MySQL connection.
[2026-04-18 12:04:14,141:MySQL_Database.py#L278:INFO]: Executing transpiled workload olap_workloads/ssb_flat_tiny_5.wg (2 queries)...
[2026-04-18 12:04:30,658:MySQL_Database.py#L305:INFO]: Workload olap_workloads/ssb_flat_tiny_5.wg executed successfully.
[2026-04-18 12:04:30,658:run_diverse_configs.py#L206:INFO]: Performance for config 6: 8.258243874181062
[2026-04-18 12:04:30,659:run_diverse_configs.py#L137:INFO]: Running config 7/10 for ssb_flat_tiny_5
[2026-04-18 12:04:30,659:MySQL_Database.py#L253:INFO]: Transpiling workload from PostgreSQL to MySQL syntax...
[2026-04-18 12:04:30,684:MySQL_Database.py#L81:INFO]: MySQL knobs persisted to mysqld-auto.cnf. Restarting to apply...
[2026-04-18 12:04:30,685:MySQL_Database.py#L200:INFO]: Restarting MySQL service...
[2026-04-18 12:04:39,329:MySQL_Database.py#L210:INFO]: Waiting for MySQL to become available...
[2026-04-18 12:04:39,394:MySQL_Database.py#L228:INFO]: MySQL is back up! (Took 0.06s)
[2026-04-18 12:04:39,394:MySQL_Database.py#L32:INFO]: Closed old MySQL connection.
[2026-04-18 12:04:39,455:MySQL_Database.py#L278:INFO]: Executing transpiled workload olap_workloads/ssb_flat_tiny_5.wg (2 queries)...
[2026-04-18 12:04:55,763:MySQL_Database.py#L305:INFO]: Workload olap_workloads/ssb_flat_tiny_5.wg executed successfully.
[2026-04-18 12:04:55,763:run_diverse_configs.py#L206:INFO]: Performance for config 7: 8.153620582539588
[2026-04-18 12:04:55,763:run_diverse_configs.py#L137:INFO]: Running config 8/10 for ssb_flat_tiny_5
[2026-04-18 12:04:55,763:MySQL_Database.py#L253:INFO]: Transpiling workload from PostgreSQL to MySQL syntax...
[2026-04-18 12:04:55,786:MySQL_Database.py#L81:INFO]: MySQL knobs persisted to mysqld-auto.cnf. Restarting to apply...
[2026-04-18 12:04:55,786:MySQL_Database.py#L200:INFO]: Restarting MySQL service...
[2026-04-18 12:05:03,827:MySQL_Database.py#L210:INFO]: Waiting for MySQL to become available...
[2026-04-18 12:05:03,951:MySQL_Database.py#L228:INFO]: MySQL is back up! (Took 0.12s)
[2026-04-18 12:05:03,952:MySQL_Database.py#L32:INFO]: Closed old MySQL connection.
[2026-04-18 12:05:04,072:MySQL_Database.py#L278:INFO]: Executing transpiled workload olap_workloads/ssb_flat_tiny_5.wg (2 queries)...
[2026-04-18 12:05:20,229:MySQL_Database.py#L305:INFO]: Workload olap_workloads/ssb_flat_tiny_5.wg executed successfully.
[2026-04-18 12:05:20,229:run_diverse_configs.py#L206:INFO]: Performance for config 8: 8.077961801551282
[2026-04-18 12:05:20,229:run_diverse_configs.py#L137:INFO]: Running config 9/10 for ssb_flat_tiny_5
[2026-04-18 12:05:20,230:MySQL_Database.py#L253:INFO]: Transpiling workload from PostgreSQL to MySQL syntax...
[2026-04-18 12:05:20,252:MySQL_Database.py#L81:INFO]: MySQL knobs persisted to mysqld-auto.cnf. Restarting to apply...
[2026-04-18 12:05:20,252:MySQL_Database.py#L200:INFO]: Restarting MySQL service...
[2026-04-18 12:05:28,252:MySQL_Database.py#L210:INFO]: Waiting for MySQL to become available...
[2026-04-18 12:05:28,317:MySQL_Database.py#L228:INFO]: MySQL is back up! (Took 0.06s)
[2026-04-18 12:05:28,317:MySQL_Database.py#L32:INFO]: Closed old MySQL connection.
[2026-04-18 12:05:28,378:MySQL_Database.py#L278:INFO]: Executing transpiled workload olap_workloads/ssb_flat_tiny_5.wg (2 queries)...
[2026-04-18 12:05:44,640:MySQL_Database.py#L305:INFO]: Workload olap_workloads/ssb_flat_tiny_5.wg executed successfully.
[2026-04-18 12:05:44,640:run_diverse_configs.py#L206:INFO]: Performance for config 9: 8.130895127542317
[2026-04-18 12:05:44,641:run_diverse_configs.py#L137:INFO]: Running config 10/10 for ssb_flat_tiny_5
[2026-04-18 12:05:44,641:MySQL_Database.py#L253:INFO]: Transpiling workload from PostgreSQL to MySQL syntax...
[2026-04-18 12:05:44,657:MySQL_Database.py#L81:INFO]: MySQL knobs persisted to mysqld-auto.cnf. Restarting to apply...
[2026-04-18 12:05:44,657:MySQL_Database.py#L200:INFO]: Restarting MySQL service...
[2026-04-18 12:05:52,752:MySQL_Database.py#L210:INFO]: Waiting for MySQL to become available...
[2026-04-18 12:05:52,819:MySQL_Database.py#L228:INFO]: MySQL is back up! (Took 0.07s)
[2026-04-18 12:05:52,820:MySQL_Database.py#L32:INFO]: Closed old MySQL connection.
[2026-04-18 12:05:52,882:MySQL_Database.py#L278:INFO]: Executing transpiled workload olap_workloads/ssb_flat_tiny_5.wg (2 queries)...
[2026-04-18 12:06:08,812:MySQL_Database.py#L305:INFO]: Workload olap_workloads/ssb_flat_tiny_5.wg executed successfully.
[2026-04-18 12:06:08,812:run_diverse_configs.py#L206:INFO]: Performance for config 10: 7.964897742960602
[2026-04-18 12:06:08,813:run_diverse_configs.py#L129:INFO]: Running 10 configs for ssb_flat_tiny_85
[2026-04-18 12:06:08,813:run_diverse_configs.py#L137:INFO]: Running config 1/10 for ssb_flat_tiny_85
[2026-04-18 12:06:08,819:MySQL_Database.py#L253:INFO]: Transpiling workload from PostgreSQL to MySQL syntax...
[2026-04-18 12:06:08,841:MySQL_Database.py#L81:INFO]: MySQL knobs persisted to mysqld-auto.cnf. Restarting to apply...
[2026-04-18 12:06:08,841:MySQL_Database.py#L200:INFO]: Restarting MySQL service...
[2026-04-18 12:06:17,185:MySQL_Database.py#L210:INFO]: Waiting for MySQL to become available...
[2026-04-18 12:06:17,249:MySQL_Database.py#L228:INFO]: MySQL is back up! (Took 0.06s)
[2026-04-18 12:06:17,250:MySQL_Database.py#L32:INFO]: Closed old MySQL connection.
[2026-04-18 12:06:17,364:MySQL_Database.py#L278:INFO]: Executing transpiled workload olap_workloads/ssb_flat_tiny_85.wg (2 queries)...
[2026-04-18 12:06:29,158:MySQL_Database.py#L305:INFO]: Workload olap_workloads/ssb_flat_tiny_85.wg executed successfully.
[2026-04-18 12:06:29,158:run_diverse_configs.py#L206:INFO]: Performance for config 1: 5.896823342889547
[2026-04-18 12:06:29,159:run_diverse_configs.py#L137:INFO]: Running config 2/10 for ssb_flat_tiny_85
[2026-04-18 12:06:29,159:MySQL_Database.py#L253:INFO]: Transpiling workload from PostgreSQL to MySQL syntax...
[2026-04-18 12:06:29,177:MySQL_Database.py#L81:INFO]: MySQL knobs persisted to mysqld-auto.cnf. Restarting to apply...
[2026-04-18 12:06:29,178:MySQL_Database.py#L200:INFO]: Restarting MySQL service...
[2026-04-18 12:06:37,820:MySQL_Database.py#L210:INFO]: Waiting for MySQL to become available...
[2026-04-18 12:06:37,890:MySQL_Database.py#L228:INFO]: MySQL is back up! (Took 0.07s)
[2026-04-18 12:06:37,891:MySQL_Database.py#L32:INFO]: Closed old MySQL connection.
[2026-04-18 12:06:37,951:MySQL_Database.py#L278:INFO]: Executing transpiled workload olap_workloads/ssb_flat_tiny_85.wg (2 queries)...
[2026-04-18 12:06:49,766:MySQL_Database.py#L305:INFO]: Workload olap_workloads/ssb_flat_tiny_85.wg executed successfully.
[2026-04-18 12:06:49,766:run_diverse_configs.py#L206:INFO]: Performance for config 2: 5.907269625458866
[2026-04-18 12:06:49,766:run_diverse_configs.py#L137:INFO]: Running config 3/10 for ssb_flat_tiny_85
[2026-04-18 12:06:49,767:MySQL_Database.py#L253:INFO]: Transpiling workload from PostgreSQL to MySQL syntax...
[2026-04-18 12:06:49,788:MySQL_Database.py#L81:INFO]: MySQL knobs persisted to mysqld-auto.cnf. Restarting to apply...
[2026-04-18 12:06:49,788:MySQL_Database.py#L200:INFO]: Restarting MySQL service...
[2026-04-18 12:06:58,333:MySQL_Database.py#L210:INFO]: Waiting for MySQL to become available...
[2026-04-18 12:06:58,442:MySQL_Database.py#L228:INFO]: MySQL is back up! (Took 0.11s)
[2026-04-18 12:06:58,442:MySQL_Database.py#L32:INFO]: Closed old MySQL connection.
[2026-04-18 12:06:58,541:MySQL_Database.py#L278:INFO]: Executing transpiled workload olap_workloads/ssb_flat_tiny_85.wg (2 queries)...
[2026-04-18 12:07:10,386:MySQL_Database.py#L305:INFO]: Workload olap_workloads/ssb_flat_tiny_85.wg executed successfully.
[2026-04-18 12:07:10,386:run_diverse_configs.py#L206:INFO]: Performance for config 3: 5.921841976465657
[2026-04-18 12:07:10,386:run_diverse_configs.py#L137:INFO]: Running config 4/10 for ssb_flat_tiny_85
[2026-04-18 12:07:10,387:MySQL_Database.py#L253:INFO]: Transpiling workload from PostgreSQL to MySQL syntax...
[2026-04-18 12:07:10,411:MySQL_Database.py#L81:INFO]: MySQL knobs persisted to mysqld-auto.cnf. Restarting to apply...
[2026-04-18 12:07:10,411:MySQL_Database.py#L200:INFO]: Restarting MySQL service...
[2026-04-18 12:07:18,752:MySQL_Database.py#L210:INFO]: Waiting for MySQL to become available...
[2026-04-18 12:07:18,817:MySQL_Database.py#L228:INFO]: MySQL is back up! (Took 0.06s)
[2026-04-18 12:07:18,817:MySQL_Database.py#L32:INFO]: Closed old MySQL connection.
[2026-04-18 12:07:18,877:MySQL_Database.py#L278:INFO]: Executing transpiled workload olap_workloads/ssb_flat_tiny_85.wg (2 queries)...
[2026-04-18 12:07:30,761:MySQL_Database.py#L305:INFO]: Workload olap_workloads/ssb_flat_tiny_85.wg executed successfully.
[2026-04-18 12:07:30,762:run_diverse_configs.py#L206:INFO]: Performance for config 4: 5.941930376924574
[2026-04-18 12:07:30,762:run_diverse_configs.py#L137:INFO]: Running config 5/10 for ssb_flat_tiny_85
[2026-04-18 12:07:30,762:MySQL_Database.py#L253:INFO]: Transpiling workload from PostgreSQL to MySQL syntax...
[2026-04-18 12:07:30,785:MySQL_Database.py#L81:INFO]: MySQL knobs persisted to mysqld-auto.cnf. Restarting to apply...
[2026-04-18 12:07:30,785:MySQL_Database.py#L200:INFO]: Restarting MySQL service...
[2026-04-18 12:07:39,279:MySQL_Database.py#L210:INFO]: Waiting for MySQL to become available...
[2026-04-18 12:07:39,362:MySQL_Database.py#L228:INFO]: MySQL is back up! (Took 0.08s)
[2026-04-18 12:07:39,362:MySQL_Database.py#L32:INFO]: Closed old MySQL connection.
[2026-04-18 12:07:39,422:MySQL_Database.py#L278:INFO]: Executing transpiled workload olap_workloads/ssb_flat_tiny_85.wg (2 queries)...
[2026-04-18 12:07:51,143:MySQL_Database.py#L305:INFO]: Workload olap_workloads/ssb_flat_tiny_85.wg executed successfully.
[2026-04-18 12:07:51,143:run_diverse_configs.py#L206:INFO]: Performance for config 5: 5.859923928044736
[2026-04-18 12:07:51,143:run_diverse_configs.py#L137:INFO]: Running config 6/10 for ssb_flat_tiny_85
[2026-04-18 12:07:51,144:MySQL_Database.py#L253:INFO]: Transpiling workload from PostgreSQL to MySQL syntax...
[2026-04-18 12:07:51,166:MySQL_Database.py#L81:INFO]: MySQL knobs persisted to mysqld-auto.cnf. Restarting to apply...
[2026-04-18 12:07:51,166:MySQL_Database.py#L200:INFO]: Restarting MySQL service...
[2026-04-18 12:07:59,610:MySQL_Database.py#L210:INFO]: Waiting for MySQL to become available...
[2026-04-18 12:07:59,730:MySQL_Database.py#L228:INFO]: MySQL is back up! (Took 0.12s)
[2026-04-18 12:07:59,730:MySQL_Database.py#L32:INFO]: Closed old MySQL connection.
[2026-04-18 12:07:59,851:MySQL_Database.py#L278:INFO]: Executing transpiled workload olap_workloads/ssb_flat_tiny_85.wg (2 queries)...
[2026-04-18 12:08:11,776:MySQL_Database.py#L305:INFO]: Workload olap_workloads/ssb_flat_tiny_85.wg executed successfully.
[2026-04-18 12:08:11,776:run_diverse_configs.py#L206:INFO]: Performance for config 6: 5.9619789065327495
[2026-04-18 12:08:11,776:run_diverse_configs.py#L137:INFO]: Running config 7/10 for ssb_flat_tiny_85
[2026-04-18 12:08:11,777:MySQL_Database.py#L253:INFO]: Transpiling workload from PostgreSQL to MySQL syntax...
[2026-04-18 12:08:11,798:MySQL_Database.py#L81:INFO]: MySQL knobs persisted to mysqld-auto.cnf. Restarting to apply...
[2026-04-18 12:08:11,799:MySQL_Database.py#L200:INFO]: Restarting MySQL service...
[2026-04-18 12:08:19,993:MySQL_Database.py#L210:INFO]: Waiting for MySQL to become available...
[2026-04-18 12:08:20,057:MySQL_Database.py#L228:INFO]: MySQL is back up! (Took 0.06s)
[2026-04-18 12:08:20,057:MySQL_Database.py#L32:INFO]: Closed old MySQL connection.
[2026-04-18 12:08:20,121:MySQL_Database.py#L278:INFO]: Executing transpiled workload olap_workloads/ssb_flat_tiny_85.wg (2 queries)...
[2026-04-18 12:08:31,831:MySQL_Database.py#L305:INFO]: Workload olap_workloads/ssb_flat_tiny_85.wg executed successfully.
[2026-04-18 12:08:31,831:run_diverse_configs.py#L206:INFO]: Performance for config 7: 5.854610318085179
[2026-04-18 12:08:31,831:run_diverse_configs.py#L137:INFO]: Running config 8/10 for ssb_flat_tiny_85
[2026-04-18 12:08:31,832:MySQL_Database.py#L253:INFO]: Transpiling workload from PostgreSQL to MySQL syntax...
[2026-04-18 12:08:31,853:MySQL_Database.py#L81:INFO]: MySQL knobs persisted to mysqld-auto.cnf. Restarting to apply...
[2026-04-18 12:08:31,853:MySQL_Database.py#L200:INFO]: Restarting MySQL service...
[2026-04-18 12:08:40,496:MySQL_Database.py#L210:INFO]: Waiting for MySQL to become available...
[2026-04-18 12:08:40,571:MySQL_Database.py#L228:INFO]: MySQL is back up! (Took 0.07s)
[2026-04-18 12:08:40,571:MySQL_Database.py#L32:INFO]: Closed old MySQL connection.
[2026-04-18 12:08:40,692:MySQL_Database.py#L278:INFO]: Executing transpiled workload olap_workloads/ssb_flat_tiny_85.wg (2 queries)...
[2026-04-18 12:08:52,538:MySQL_Database.py#L305:INFO]: Workload olap_workloads/ssb_flat_tiny_85.wg executed successfully.
[2026-04-18 12:08:52,538:run_diverse_configs.py#L206:INFO]: Performance for config 8: 5.922640290809795
[2026-04-18 12:08:52,538:run_diverse_configs.py#L137:INFO]: Running config 9/10 for ssb_flat_tiny_85
[2026-04-18 12:08:52,539:MySQL_Database.py#L253:INFO]: Transpiling workload from PostgreSQL to MySQL syntax...
[2026-04-18 12:08:52,562:MySQL_Database.py#L81:INFO]: MySQL knobs persisted to mysqld-auto.cnf. Restarting to apply...
[2026-04-18 12:08:52,562:MySQL_Database.py#L200:INFO]: Restarting MySQL service...
[2026-04-18 12:09:01,104:MySQL_Database.py#L210:INFO]: Waiting for MySQL to become available...
[2026-04-18 12:09:01,170:MySQL_Database.py#L228:INFO]: MySQL is back up! (Took 0.07s)
[2026-04-18 12:09:01,170:MySQL_Database.py#L32:INFO]: Closed old MySQL connection.
[2026-04-18 12:09:01,231:MySQL_Database.py#L278:INFO]: Executing transpiled workload olap_workloads/ssb_flat_tiny_85.wg (2 queries)...
[2026-04-18 12:09:13,069:MySQL_Database.py#L305:INFO]: Workload olap_workloads/ssb_flat_tiny_85.wg executed successfully.
[2026-04-18 12:09:13,069:run_diverse_configs.py#L206:INFO]: Performance for config 9: 5.919062896398827
[2026-04-18 12:09:13,070:run_diverse_configs.py#L137:INFO]: Running config 10/10 for ssb_flat_tiny_85
[2026-04-18 12:09:13,070:MySQL_Database.py#L253:INFO]: Transpiling workload from PostgreSQL to MySQL syntax...
[2026-04-18 12:09:13,091:MySQL_Database.py#L81:INFO]: MySQL knobs persisted to mysqld-auto.cnf. Restarting to apply...
[2026-04-18 12:09:13,091:MySQL_Database.py#L200:INFO]: Restarting MySQL service...
[2026-04-18 12:09:21,589:MySQL_Database.py#L210:INFO]: Waiting for MySQL to become available...
[2026-04-18 12:09:21,663:MySQL_Database.py#L228:INFO]: MySQL is back up! (Took 0.07s)
[2026-04-18 12:09:21,664:MySQL_Database.py#L32:INFO]: Closed old MySQL connection.
[2026-04-18 12:09:21,724:MySQL_Database.py#L278:INFO]: Executing transpiled workload olap_workloads/ssb_flat_tiny_85.wg (2 queries)...
[2026-04-18 12:09:33,538:MySQL_Database.py#L305:INFO]: Workload olap_workloads/ssb_flat_tiny_85.wg executed successfully.
[2026-04-18 12:09:33,538:run_diverse_configs.py#L206:INFO]: Performance for config 10: 5.906847734935582
[2026-04-18 12:09:33,539:run_diverse_configs.py#L129:INFO]: Running 10 configs for ssb_flat_tiny_71
[2026-04-18 12:09:33,539:run_diverse_configs.py#L137:INFO]: Running config 1/10 for ssb_flat_tiny_71
[2026-04-18 12:09:33,545:MySQL_Database.py#L253:INFO]: Transpiling workload from PostgreSQL to MySQL syntax...
[2026-04-18 12:09:33,581:MySQL_Database.py#L81:INFO]: MySQL knobs persisted to mysqld-auto.cnf. Restarting to apply...
[2026-04-18 12:09:33,582:MySQL_Database.py#L200:INFO]: Restarting MySQL service...
[2026-04-18 12:09:42,177:MySQL_Database.py#L210:INFO]: Waiting for MySQL to become available...
[2026-04-18 12:09:42,242:MySQL_Database.py#L228:INFO]: MySQL is back up! (Took 0.06s)
[2026-04-18 12:09:42,242:MySQL_Database.py#L32:INFO]: Closed old MySQL connection.
[2026-04-18 12:09:42,302:MySQL_Database.py#L278:INFO]: Executing transpiled workload olap_workloads/ssb_flat_tiny_71.wg (14 queries)...
[2026-04-18 12:10:48,776:MySQL_Database.py#L305:INFO]: Workload olap_workloads/ssb_flat_tiny_71.wg executed successfully.
[2026-04-18 12:10:48,776:run_diverse_configs.py#L206:INFO]: Performance for config 1: 4.748074038852272
[2026-04-18 12:10:48,776:run_diverse_configs.py#L137:INFO]: Running config 2/10 for ssb_flat_tiny_71
[2026-04-18 12:10:48,777:MySQL_Database.py#L253:INFO]: Transpiling workload from PostgreSQL to MySQL syntax...
[2026-04-18 12:10:48,805:MySQL_Database.py#L81:INFO]: MySQL knobs persisted to mysqld-auto.cnf. Restarting to apply...
[2026-04-18 12:10:48,805:MySQL_Database.py#L200:INFO]: Restarting MySQL service...
[2026-04-18 12:10:57,451:MySQL_Database.py#L210:INFO]: Waiting for MySQL to become available...
[2026-04-18 12:10:57,518:MySQL_Database.py#L228:INFO]: MySQL is back up! (Took 0.07s)
[2026-04-18 12:10:57,518:MySQL_Database.py#L32:INFO]: Closed old MySQL connection.
[2026-04-18 12:10:57,579:MySQL_Database.py#L278:INFO]: Executing transpiled workload olap_workloads/ssb_flat_tiny_71.wg (14 queries)...
[2026-04-18 12:12:05,182:MySQL_Database.py#L305:INFO]: Workload olap_workloads/ssb_flat_tiny_71.wg executed successfully.
[2026-04-18 12:12:05,183:run_diverse_configs.py#L206:INFO]: Performance for config 2: 4.828752470369052
[2026-04-18 12:12:05,183:run_diverse_configs.py#L137:INFO]: Running config 3/10 for ssb_flat_tiny_71
[2026-04-18 12:12:05,183:MySQL_Database.py#L253:INFO]: Transpiling workload from PostgreSQL to MySQL syntax...
[2026-04-18 12:12:05,211:MySQL_Database.py#L81:INFO]: MySQL knobs persisted to mysqld-auto.cnf. Restarting to apply...
[2026-04-18 12:12:05,212:MySQL_Database.py#L200:INFO]: Restarting MySQL service...
[2026-04-18 12:12:14,012:MySQL_Database.py#L210:INFO]: Waiting for MySQL to become available...
[2026-04-18 12:12:14,086:MySQL_Database.py#L228:INFO]: MySQL is back up! (Took 0.07s)
[2026-04-18 12:12:14,086:MySQL_Database.py#L32:INFO]: Closed old MySQL connection.
[2026-04-18 12:12:14,146:MySQL_Database.py#L278:INFO]: Executing transpiled workload olap_workloads/ssb_flat_tiny_71.wg (14 queries)...
[2026-04-18 12:13:21,807:MySQL_Database.py#L305:INFO]: Workload olap_workloads/ssb_flat_tiny_71.wg executed successfully.
[2026-04-18 12:13:21,807:run_diverse_configs.py#L206:INFO]: Performance for config 3: 4.83285084686109
[2026-04-18 12:13:21,807:run_diverse_configs.py#L137:INFO]: Running config 4/10 for ssb_flat_tiny_71
[2026-04-18 12:13:21,808:MySQL_Database.py#L253:INFO]: Transpiling workload from PostgreSQL to MySQL syntax...
[2026-04-18 12:13:21,837:MySQL_Database.py#L81:INFO]: MySQL knobs persisted to mysqld-auto.cnf. Restarting to apply...
[2026-04-18 12:13:21,837:MySQL_Database.py#L200:INFO]: Restarting MySQL service...
[2026-04-18 12:13:30,285:MySQL_Database.py#L210:INFO]: Waiting for MySQL to become available...
[2026-04-18 12:13:30,350:MySQL_Database.py#L228:INFO]: MySQL is back up! (Took 0.07s)
[2026-04-18 12:13:30,350:MySQL_Database.py#L32:INFO]: Closed old MySQL connection.
[2026-04-18 12:13:30,412:MySQL_Database.py#L278:INFO]: Executing transpiled workload olap_workloads/ssb_flat_tiny_71.wg (14 queries)...
[2026-04-18 12:14:37,058:MySQL_Database.py#L305:INFO]: Workload olap_workloads/ssb_flat_tiny_71.wg executed successfully.
[2026-04-18 12:14:37,059:run_diverse_configs.py#L206:INFO]: Performance for config 4: 4.760385234141722
[2026-04-18 12:14:37,059:run_diverse_configs.py#L137:INFO]: Running config 5/10 for ssb_flat_tiny_71
[2026-04-18 12:14:37,059:MySQL_Database.py#L253:INFO]: Transpiling workload from PostgreSQL to MySQL syntax...
[2026-04-18 12:14:37,088:MySQL_Database.py#L81:INFO]: MySQL knobs persisted to mysqld-auto.cnf. Restarting to apply...
[2026-04-18 12:14:37,088:MySQL_Database.py#L200:INFO]: Restarting MySQL service...
[2026-04-18 12:14:45,837:MySQL_Database.py#L210:INFO]: Waiting for MySQL to become available...
[2026-04-18 12:14:45,902:MySQL_Database.py#L228:INFO]: MySQL is back up! (Took 0.07s)
[2026-04-18 12:14:45,903:MySQL_Database.py#L32:INFO]: Closed old MySQL connection.
[2026-04-18 12:14:45,964:MySQL_Database.py#L278:INFO]: Executing transpiled workload olap_workloads/ssb_flat_tiny_71.wg (14 queries)...
[2026-04-18 12:15:53,475:MySQL_Database.py#L305:INFO]: Workload olap_workloads/ssb_flat_tiny_71.wg executed successfully.
[2026-04-18 12:15:53,475:run_diverse_configs.py#L206:INFO]: Performance for config 5: 4.82217200409754
[2026-04-18 12:15:53,475:run_diverse_configs.py#L137:INFO]: Running config 6/10 for ssb_flat_tiny_71
[2026-04-18 12:15:53,476:MySQL_Database.py#L253:INFO]: Transpiling workload from PostgreSQL to MySQL syntax...
[2026-04-18 12:15:53,504:MySQL_Database.py#L81:INFO]: MySQL knobs persisted to mysqld-auto.cnf. Restarting to apply...
[2026-04-18 12:15:53,505:MySQL_Database.py#L200:INFO]: Restarting MySQL service...
[2026-04-18 12:16:02,244:MySQL_Database.py#L210:INFO]: Waiting for MySQL to become available...
[2026-04-18 12:16:02,346:MySQL_Database.py#L228:INFO]: MySQL is back up! (Took 0.10s)
[2026-04-18 12:16:02,346:MySQL_Database.py#L32:INFO]: Closed old MySQL connection.
[2026-04-18 12:16:02,413:MySQL_Database.py#L278:INFO]: Executing transpiled workload olap_workloads/ssb_flat_tiny_71.wg (14 queries)...
[2026-04-18 12:17:09,600:MySQL_Database.py#L305:INFO]: Workload olap_workloads/ssb_flat_tiny_71.wg executed successfully.
[2026-04-18 12:17:09,600:run_diverse_configs.py#L206:INFO]: Performance for config 6: 4.799034397284101
[2026-04-18 12:17:09,600:run_diverse_configs.py#L137:INFO]: Running config 7/10 for ssb_flat_tiny_71
[2026-04-18 12:17:09,600:MySQL_Database.py#L253:INFO]: Transpiling workload from PostgreSQL to MySQL syntax...
[2026-04-18 12:17:09,628:MySQL_Database.py#L81:INFO]: MySQL knobs persisted to mysqld-auto.cnf. Restarting to apply...
[2026-04-18 12:17:09,629:MySQL_Database.py#L200:INFO]: Restarting MySQL service...
[2026-04-18 12:17:17,568:MySQL_Database.py#L210:INFO]: Waiting for MySQL to become available...
[2026-04-18 12:17:17,635:MySQL_Database.py#L228:INFO]: MySQL is back up! (Took 0.07s)
[2026-04-18 12:17:17,635:MySQL_Database.py#L32:INFO]: Closed old MySQL connection.
[2026-04-18 12:17:17,696:MySQL_Database.py#L278:INFO]: Executing transpiled workload olap_workloads/ssb_flat_tiny_71.wg (14 queries)...
[2026-04-18 12:18:25,300:MySQL_Database.py#L305:INFO]: Workload olap_workloads/ssb_flat_tiny_71.wg executed successfully.
[2026-04-18 12:18:25,300:run_diverse_configs.py#L206:INFO]: Performance for config 7: 4.828802829242444
[2026-04-18 12:18:25,300:run_diverse_configs.py#L137:INFO]: Running config 8/10 for ssb_flat_tiny_71
[2026-04-18 12:18:25,301:MySQL_Database.py#L253:INFO]: Transpiling workload from PostgreSQL to MySQL syntax...
[2026-04-18 12:18:25,329:MySQL_Database.py#L81:INFO]: MySQL knobs persisted to mysqld-auto.cnf. Restarting to apply...
[2026-04-18 12:18:25,329:MySQL_Database.py#L200:INFO]: Restarting MySQL service...
[2026-04-18 12:18:33,920:MySQL_Database.py#L210:INFO]: Waiting for MySQL to become available...
[2026-04-18 12:18:33,994:MySQL_Database.py#L228:INFO]: MySQL is back up! (Took 0.07s)
[2026-04-18 12:18:33,994:MySQL_Database.py#L32:INFO]: Closed old MySQL connection.
[2026-04-18 12:18:34,058:MySQL_Database.py#L278:INFO]: Executing transpiled workload olap_workloads/ssb_flat_tiny_71.wg (14 queries)...
[2026-04-18 12:19:41,543:MySQL_Database.py#L305:INFO]: Workload olap_workloads/ssb_flat_tiny_71.wg executed successfully.
[2026-04-18 12:19:41,543:run_diverse_configs.py#L206:INFO]: Performance for config 8: 4.820251924717533
[2026-04-18 12:19:41,543:run_diverse_configs.py#L137:INFO]: Running config 9/10 for ssb_flat_tiny_71
[2026-04-18 12:19:41,543:MySQL_Database.py#L253:INFO]: Transpiling workload from PostgreSQL to MySQL syntax...
[2026-04-18 12:19:41,572:MySQL_Database.py#L81:INFO]: MySQL knobs persisted to mysqld-auto.cnf. Restarting to apply...
[2026-04-18 12:19:41,573:MySQL_Database.py#L200:INFO]: Restarting MySQL service...
[2026-04-18 12:19:49,312:MySQL_Database.py#L210:INFO]: Waiting for MySQL to become available...
[2026-04-18 12:19:49,377:MySQL_Database.py#L228:INFO]: MySQL is back up! (Took 0.06s)
[2026-04-18 12:19:49,377:MySQL_Database.py#L32:INFO]: Closed old MySQL connection.
[2026-04-18 12:19:49,437:MySQL_Database.py#L278:INFO]: Executing transpiled workload olap_workloads/ssb_flat_tiny_71.wg (14 queries)...
[2026-04-18 12:20:56,111:MySQL_Database.py#L305:INFO]: Workload olap_workloads/ssb_flat_tiny_71.wg executed successfully.
[2026-04-18 12:20:56,111:run_diverse_configs.py#L206:INFO]: Performance for config 9: 4.762319991431598
[2026-04-18 12:20:56,111:run_diverse_configs.py#L137:INFO]: Running config 10/10 for ssb_flat_tiny_71
[2026-04-18 12:20:56,111:MySQL_Database.py#L253:INFO]: Transpiling workload from PostgreSQL to MySQL syntax...
[2026-04-18 12:20:56,140:MySQL_Database.py#L81:INFO]: MySQL knobs persisted to mysqld-auto.cnf. Restarting to apply...
[2026-04-18 12:20:56,140:MySQL_Database.py#L200:INFO]: Restarting MySQL service...
[2026-04-18 12:21:04,677:MySQL_Database.py#L210:INFO]: Waiting for MySQL to become available...
[2026-04-18 12:21:04,748:MySQL_Database.py#L228:INFO]: MySQL is back up! (Took 0.07s)
[2026-04-18 12:21:04,748:MySQL_Database.py#L32:INFO]: Closed old MySQL connection.
[2026-04-18 12:21:04,809:MySQL_Database.py#L278:INFO]: Executing transpiled workload olap_workloads/ssb_flat_tiny_71.wg (14 queries)...
[2026-04-18 12:22:14,658:MySQL_Database.py#L305:INFO]: Workload olap_workloads/ssb_flat_tiny_71.wg executed successfully.
[2026-04-18 12:22:14,659:run_diverse_configs.py#L206:INFO]: Performance for config 10: 4.989210024542574
[2026-04-18 12:22:14,659:run_diverse_configs.py#L129:INFO]: Running 10 configs for ssb_flat_tiny_146
[2026-04-18 12:22:14,659:run_diverse_configs.py#L137:INFO]: Running config 1/10 for ssb_flat_tiny_146
[2026-04-18 12:22:14,665:MySQL_Database.py#L253:INFO]: Transpiling workload from PostgreSQL to MySQL syntax...
[2026-04-18 12:22:14,693:MySQL_Database.py#L81:INFO]: MySQL knobs persisted to mysqld-auto.cnf. Restarting to apply...
[2026-04-18 12:22:14,693:MySQL_Database.py#L200:INFO]: Restarting MySQL service...
[2026-04-18 12:22:23,080:MySQL_Database.py#L210:INFO]: Waiting for MySQL to become available...
[2026-04-18 12:22:23,145:MySQL_Database.py#L228:INFO]: MySQL is back up! (Took 0.06s)
[2026-04-18 12:22:23,146:MySQL_Database.py#L32:INFO]: Closed old MySQL connection.
[2026-04-18 12:22:23,210:MySQL_Database.py#L278:INFO]: Executing transpiled workload olap_workloads/ssb_flat_tiny_146.wg (14 queries)...
[2026-04-18 12:23:43,798:MySQL_Database.py#L305:INFO]: Workload olap_workloads/ssb_flat_tiny_146.wg executed successfully.
[2026-04-18 12:23:43,798:run_diverse_configs.py#L206:INFO]: Performance for config 1: 5.756215943522485
[2026-04-18 12:23:43,798:run_diverse_configs.py#L137:INFO]: Running config 2/10 for ssb_flat_tiny_146
[2026-04-18 12:23:43,799:MySQL_Database.py#L253:INFO]: Transpiling workload from PostgreSQL to MySQL syntax...
[2026-04-18 12:23:43,827:MySQL_Database.py#L81:INFO]: MySQL knobs persisted to mysqld-auto.cnf. Restarting to apply...
[2026-04-18 12:23:43,827:MySQL_Database.py#L200:INFO]: Restarting MySQL service...
[2026-04-18 12:23:52,517:MySQL_Database.py#L210:INFO]: Waiting for MySQL to become available...
[2026-04-18 12:23:52,651:MySQL_Database.py#L228:INFO]: MySQL is back up! (Took 0.13s)
[2026-04-18 12:23:52,652:MySQL_Database.py#L32:INFO]: Closed old MySQL connection.
[2026-04-18 12:23:52,773:MySQL_Database.py#L278:INFO]: Executing transpiled workload olap_workloads/ssb_flat_tiny_146.wg (14 queries)...
[2026-04-18 12:25:14,009:MySQL_Database.py#L305:INFO]: Workload olap_workloads/ssb_flat_tiny_146.wg executed successfully.
[2026-04-18 12:25:14,009:run_diverse_configs.py#L206:INFO]: Performance for config 2: 5.802534002478102
[2026-04-18 12:25:14,010:run_diverse_configs.py#L137:INFO]: Running config 3/10 for ssb_flat_tiny_146
[2026-04-18 12:25:14,010:MySQL_Database.py#L253:INFO]: Transpiling workload from PostgreSQL to MySQL syntax...
[2026-04-18 12:25:14,039:MySQL_Database.py#L81:INFO]: MySQL knobs persisted to mysqld-auto.cnf. Restarting to apply...
[2026-04-18 12:25:14,039:MySQL_Database.py#L200:INFO]: Restarting MySQL service...
[2026-04-18 12:25:21,875:MySQL_Database.py#L210:INFO]: Waiting for MySQL to become available...
[2026-04-18 12:25:21,940:MySQL_Database.py#L228:INFO]: MySQL is back up! (Took 0.07s)
[2026-04-18 12:25:21,940:MySQL_Database.py#L32:INFO]: Closed old MySQL connection.
[2026-04-18 12:25:22,002:MySQL_Database.py#L278:INFO]: Executing transpiled workload olap_workloads/ssb_flat_tiny_146.wg (14 queries)...
[2026-04-18 12:26:42,522:MySQL_Database.py#L305:INFO]: Workload olap_workloads/ssb_flat_tiny_146.wg executed successfully.
[2026-04-18 12:26:42,522:run_diverse_configs.py#L206:INFO]: Performance for config 3: 5.751432821287641
[2026-04-18 12:26:42,523:run_diverse_configs.py#L137:INFO]: Running config 4/10 for ssb_flat_tiny_146
[2026-04-18 12:26:42,523:MySQL_Database.py#L253:INFO]: Transpiling workload from PostgreSQL to MySQL syntax...
[2026-04-18 12:26:42,552:MySQL_Database.py#L81:INFO]: MySQL knobs persisted to mysqld-auto.cnf. Restarting to apply...
[2026-04-18 12:26:42,552:MySQL_Database.py#L200:INFO]: Restarting MySQL service...
[2026-04-18 12:26:50,438:MySQL_Database.py#L210:INFO]: Waiting for MySQL to become available...
[2026-04-18 12:26:50,558:MySQL_Database.py#L228:INFO]: MySQL is back up! (Took 0.12s)
[2026-04-18 12:26:50,558:MySQL_Database.py#L32:INFO]: Closed old MySQL connection.
[2026-04-18 12:26:50,621:MySQL_Database.py#L278:INFO]: Executing transpiled workload olap_workloads/ssb_flat_tiny_146.wg (14 queries)...
[2026-04-18 12:28:12,269:MySQL_Database.py#L305:INFO]: Workload olap_workloads/ssb_flat_tiny_146.wg executed successfully.
[2026-04-18 12:28:12,269:run_diverse_configs.py#L206:INFO]: Performance for config 4: 5.831977104136188
[2026-04-18 12:28:12,269:run_diverse_configs.py#L137:INFO]: Running config 5/10 for ssb_flat_tiny_146
[2026-04-18 12:28:12,270:MySQL_Database.py#L253:INFO]: Transpiling workload from PostgreSQL to MySQL syntax...
[2026-04-18 12:28:12,296:MySQL_Database.py#L81:INFO]: MySQL knobs persisted to mysqld-auto.cnf. Restarting to apply...
[2026-04-18 12:28:12,296:MySQL_Database.py#L200:INFO]: Restarting MySQL service...
[2026-04-18 12:28:20,987:MySQL_Database.py#L210:INFO]: Waiting for MySQL to become available...
[2026-04-18 12:28:21,052:MySQL_Database.py#L228:INFO]: MySQL is back up! (Took 0.06s)
[2026-04-18 12:28:21,052:MySQL_Database.py#L32:INFO]: Closed old MySQL connection.
[2026-04-18 12:28:21,113:MySQL_Database.py#L278:INFO]: Executing transpiled workload olap_workloads/ssb_flat_tiny_146.wg (14 queries)...
[2026-04-18 12:29:40,548:MySQL_Database.py#L305:INFO]: Workload olap_workloads/ssb_flat_tiny_146.wg executed successfully.
[2026-04-18 12:29:40,549:run_diverse_configs.py#L206:INFO]: Performance for config 5: 5.673882275221071
[2026-04-18 12:29:40,549:run_diverse_configs.py#L137:INFO]: Running config 6/10 for ssb_flat_tiny_146
[2026-04-18 12:29:40,549:MySQL_Database.py#L253:INFO]: Transpiling workload from PostgreSQL to MySQL syntax...
[2026-04-18 12:29:40,581:MySQL_Database.py#L81:INFO]: MySQL knobs persisted to mysqld-auto.cnf. Restarting to apply...
[2026-04-18 12:29:40,581:MySQL_Database.py#L200:INFO]: Restarting MySQL service...
[2026-04-18 12:29:49,428:MySQL_Database.py#L210:INFO]: Waiting for MySQL to become available...
[2026-04-18 12:29:49,492:MySQL_Database.py#L228:INFO]: MySQL is back up! (Took 0.06s)
[2026-04-18 12:29:49,492:MySQL_Database.py#L32:INFO]: Closed old MySQL connection.
[2026-04-18 12:29:49,553:MySQL_Database.py#L278:INFO]: Executing transpiled workload olap_workloads/ssb_flat_tiny_146.wg (14 queries)...
[2026-04-18 12:31:09,178:MySQL_Database.py#L305:INFO]: Workload olap_workloads/ssb_flat_tiny_146.wg executed successfully.
[2026-04-18 12:31:09,179:run_diverse_configs.py#L206:INFO]: Performance for config 6: 5.687500223517418
[2026-04-18 12:31:09,179:run_diverse_configs.py#L137:INFO]: Running config 7/10 for ssb_flat_tiny_146
[2026-04-18 12:31:09,179:MySQL_Database.py#L253:INFO]: Transpiling workload from PostgreSQL to MySQL syntax...
[2026-04-18 12:31:09,212:MySQL_Database.py#L81:INFO]: MySQL knobs persisted to mysqld-auto.cnf. Restarting to apply...
[2026-04-18 12:31:09,212:MySQL_Database.py#L200:INFO]: Restarting MySQL service...
[2026-04-18 12:31:17,861:MySQL_Database.py#L210:INFO]: Waiting for MySQL to become available...
[2026-04-18 12:31:17,936:MySQL_Database.py#L228:INFO]: MySQL is back up! (Took 0.07s)
[2026-04-18 12:31:17,936:MySQL_Database.py#L32:INFO]: Closed old MySQL connection.
[2026-04-18 12:31:17,997:MySQL_Database.py#L278:INFO]: Executing transpiled workload olap_workloads/ssb_flat_tiny_146.wg (14 queries)...
[2026-04-18 12:32:37,247:MySQL_Database.py#L305:INFO]: Workload olap_workloads/ssb_flat_tiny_146.wg executed successfully.
[2026-04-18 12:32:37,247:run_diverse_configs.py#L206:INFO]: Performance for config 7: 5.660716088854575
[2026-04-18 12:32:37,247:run_diverse_configs.py#L137:INFO]: Running config 8/10 for ssb_flat_tiny_146
[2026-04-18 12:32:37,248:MySQL_Database.py#L253:INFO]: Transpiling workload from PostgreSQL to MySQL syntax...
[2026-04-18 12:32:37,281:MySQL_Database.py#L81:INFO]: MySQL knobs persisted to mysqld-auto.cnf. Restarting to apply...
[2026-04-18 12:32:37,281:MySQL_Database.py#L200:INFO]: Restarting MySQL service...
[2026-04-18 12:32:45,373:MySQL_Database.py#L210:INFO]: Waiting for MySQL to become available...
[2026-04-18 12:32:45,437:MySQL_Database.py#L228:INFO]: MySQL is back up! (Took 0.06s)
[2026-04-18 12:32:45,437:MySQL_Database.py#L32:INFO]: Closed old MySQL connection.
[2026-04-18 12:32:45,498:MySQL_Database.py#L278:INFO]: Executing transpiled workload olap_workloads/ssb_flat_tiny_146.wg (14 queries)...
[2026-04-18 12:34:04,732:MySQL_Database.py#L305:INFO]: Workload olap_workloads/ssb_flat_tiny_146.wg executed successfully.
[2026-04-18 12:34:04,732:run_diverse_configs.py#L206:INFO]: Performance for config 8: 5.659542641303103
[2026-04-18 12:34:04,733:run_diverse_configs.py#L137:INFO]: Running config 9/10 for ssb_flat_tiny_146
[2026-04-18 12:34:04,733:MySQL_Database.py#L253:INFO]: Transpiling workload from PostgreSQL to MySQL syntax...
[2026-04-18 12:34:04,762:MySQL_Database.py#L81:INFO]: MySQL knobs persisted to mysqld-auto.cnf. Restarting to apply...
[2026-04-18 12:34:04,762:MySQL_Database.py#L200:INFO]: Restarting MySQL service...
[2026-04-18 12:34:12,802:MySQL_Database.py#L210:INFO]: Waiting for MySQL to become available...
[2026-04-18 12:34:12,872:MySQL_Database.py#L228:INFO]: MySQL is back up! (Took 0.07s)
[2026-04-18 12:34:12,872:MySQL_Database.py#L32:INFO]: Closed old MySQL connection.
[2026-04-18 12:34:12,933:MySQL_Database.py#L278:INFO]: Executing transpiled workload olap_workloads/ssb_flat_tiny_146.wg (14 queries)...
[2026-04-18 12:35:32,667:MySQL_Database.py#L305:INFO]: Workload olap_workloads/ssb_flat_tiny_146.wg executed successfully.
[2026-04-18 12:35:32,667:run_diverse_configs.py#L206:INFO]: Performance for config 9: 5.69526716807325
[2026-04-18 12:35:32,668:run_diverse_configs.py#L137:INFO]: Running config 10/10 for ssb_flat_tiny_146
[2026-04-18 12:35:32,668:MySQL_Database.py#L253:INFO]: Transpiling workload from PostgreSQL to MySQL syntax...
[2026-04-18 12:35:32,699:MySQL_Database.py#L81:INFO]: MySQL knobs persisted to mysqld-auto.cnf. Restarting to apply...
[2026-04-18 12:35:32,699:MySQL_Database.py#L200:INFO]: Restarting MySQL service...
[2026-04-18 12:35:41,340:MySQL_Database.py#L210:INFO]: Waiting for MySQL to become available...
[2026-04-18 12:35:41,406:MySQL_Database.py#L228:INFO]: MySQL is back up! (Took 0.07s)
[2026-04-18 12:35:41,406:MySQL_Database.py#L32:INFO]: Closed old MySQL connection.
[2026-04-18 12:35:41,471:MySQL_Database.py#L278:INFO]: Executing transpiled workload olap_workloads/ssb_flat_tiny_146.wg (14 queries)...
[2026-04-18 12:37:00,958:MySQL_Database.py#L305:INFO]: Workload olap_workloads/ssb_flat_tiny_146.wg executed successfully.
[2026-04-18 12:37:00,958:run_diverse_configs.py#L206:INFO]: Performance for config 10: 5.677578102431393
[2026-04-18 12:37:00,958:run_diverse_configs.py#L129:INFO]: Running 10 configs for ssb_flat_tiny_13
[2026-04-18 12:37:00,959:run_diverse_configs.py#L137:INFO]: Running config 1/10 for ssb_flat_tiny_13
[2026-04-18 12:37:00,965:MySQL_Database.py#L253:INFO]: Transpiling workload from PostgreSQL to MySQL syntax...
[2026-04-18 12:37:00,993:MySQL_Database.py#L81:INFO]: MySQL knobs persisted to mysqld-auto.cnf. Restarting to apply...
[2026-04-18 12:37:00,993:MySQL_Database.py#L200:INFO]: Restarting MySQL service...
[2026-04-18 12:37:09,787:MySQL_Database.py#L210:INFO]: Waiting for MySQL to become available...
[2026-04-18 12:37:09,854:MySQL_Database.py#L228:INFO]: MySQL is back up! (Took 0.07s)
[2026-04-18 12:37:09,855:MySQL_Database.py#L32:INFO]: Closed old MySQL connection.
[2026-04-18 12:37:09,918:MySQL_Database.py#L278:INFO]: Executing transpiled workload olap_workloads/ssb_flat_tiny_13.wg (15 queries)...
[2026-04-18 12:38:22,417:MySQL_Database.py#L305:INFO]: Workload olap_workloads/ssb_flat_tiny_13.wg executed successfully.
[2026-04-18 12:38:22,417:run_diverse_configs.py#L206:INFO]: Performance for config 1: 4.83320857497553
[2026-04-18 12:38:22,417:run_diverse_configs.py#L137:INFO]: Running config 2/10 for ssb_flat_tiny_13
[2026-04-18 12:38:22,418:MySQL_Database.py#L253:INFO]: Transpiling workload from PostgreSQL to MySQL syntax...
[2026-04-18 12:38:22,447:MySQL_Database.py#L81:INFO]: MySQL knobs persisted to mysqld-auto.cnf. Restarting to apply...
[2026-04-18 12:38:22,447:MySQL_Database.py#L200:INFO]: Restarting MySQL service...
[2026-04-18 12:38:30,386:MySQL_Database.py#L210:INFO]: Waiting for MySQL to become available...
[2026-04-18 12:38:30,462:MySQL_Database.py#L228:INFO]: MySQL is back up! (Took 0.08s)
[2026-04-18 12:38:30,463:MySQL_Database.py#L32:INFO]: Closed old MySQL connection.
[2026-04-18 12:38:30,584:MySQL_Database.py#L278:INFO]: Executing transpiled workload olap_workloads/ssb_flat_tiny_13.wg (15 queries)...
[2026-04-18 12:39:42,511:MySQL_Database.py#L305:INFO]: Workload olap_workloads/ssb_flat_tiny_13.wg executed successfully.
[2026-04-18 12:39:42,511:run_diverse_configs.py#L206:INFO]: Performance for config 2: 4.7950922634763025
[2026-04-18 12:39:42,512:run_diverse_configs.py#L137:INFO]: Running config 3/10 for ssb_flat_tiny_13
[2026-04-18 12:39:42,512:MySQL_Database.py#L253:INFO]: Transpiling workload from PostgreSQL to MySQL syntax...
[2026-04-18 12:39:42,545:MySQL_Database.py#L81:INFO]: MySQL knobs persisted to mysqld-auto.cnf. Restarting to apply...
[2026-04-18 12:39:42,546:MySQL_Database.py#L200:INFO]: Restarting MySQL service...
[2026-04-18 12:39:50,788:MySQL_Database.py#L210:INFO]: Waiting for MySQL to become available...
[2026-04-18 12:39:50,861:MySQL_Database.py#L228:INFO]: MySQL is back up! (Took 0.07s)
[2026-04-18 12:39:50,861:MySQL_Database.py#L32:INFO]: Closed old MySQL connection.
[2026-04-18 12:39:50,921:MySQL_Database.py#L278:INFO]: Executing transpiled workload olap_workloads/ssb_flat_tiny_13.wg (15 queries)...
[2026-04-18 12:41:02,996:MySQL_Database.py#L305:INFO]: Workload olap_workloads/ssb_flat_tiny_13.wg executed successfully.
[2026-04-18 12:41:02,996:run_diverse_configs.py#L206:INFO]: Performance for config 3: 4.804938008449971
[2026-04-18 12:41:02,997:run_diverse_configs.py#L137:INFO]: Running config 4/10 for ssb_flat_tiny_13
[2026-04-18 12:41:02,997:MySQL_Database.py#L253:INFO]: Transpiling workload from PostgreSQL to MySQL syntax...
[2026-04-18 12:41:03,025:MySQL_Database.py#L81:INFO]: MySQL knobs persisted to mysqld-auto.cnf. Restarting to apply...
[2026-04-18 12:41:03,025:MySQL_Database.py#L200:INFO]: Restarting MySQL service...
[2026-04-18 12:41:11,272:MySQL_Database.py#L210:INFO]: Waiting for MySQL to become available...
[2026-04-18 12:41:11,354:MySQL_Database.py#L228:INFO]: MySQL is back up! (Took 0.08s)
[2026-04-18 12:41:11,354:MySQL_Database.py#L32:INFO]: Closed old MySQL connection.
[2026-04-18 12:41:11,414:MySQL_Database.py#L278:INFO]: Executing transpiled workload olap_workloads/ssb_flat_tiny_13.wg (15 queries)...
[2026-04-18 12:42:23,282:MySQL_Database.py#L305:INFO]: Workload olap_workloads/ssb_flat_tiny_13.wg executed successfully.
[2026-04-18 12:42:23,282:run_diverse_configs.py#L206:INFO]: Performance for config 4: 4.7911217451095585
[2026-04-18 12:42:23,282:run_diverse_configs.py#L137:INFO]: Running config 5/10 for ssb_flat_tiny_13
[2026-04-18 12:42:23,282:MySQL_Database.py#L253:INFO]: Transpiling workload from PostgreSQL to MySQL syntax...
[2026-04-18 12:42:23,311:MySQL_Database.py#L81:INFO]: MySQL knobs persisted to mysqld-auto.cnf. Restarting to apply...
[2026-04-18 12:42:23,311:MySQL_Database.py#L200:INFO]: Restarting MySQL service...
[2026-04-18 12:42:31,709:MySQL_Database.py#L210:INFO]: Waiting for MySQL to become available...
[2026-04-18 12:42:31,774:MySQL_Database.py#L228:INFO]: MySQL is back up! (Took 0.06s)
[2026-04-18 12:42:31,774:MySQL_Database.py#L32:INFO]: Closed old MySQL connection.
[2026-04-18 12:42:31,835:MySQL_Database.py#L278:INFO]: Executing transpiled workload olap_workloads/ssb_flat_tiny_13.wg (15 queries)...
[2026-04-18 12:43:44,007:MySQL_Database.py#L305:INFO]: Workload olap_workloads/ssb_flat_tiny_13.wg executed successfully.
[2026-04-18 12:43:44,007:run_diverse_configs.py#L206:INFO]: Performance for config 5: 4.811411760188639
[2026-04-18 12:43:44,007:run_diverse_configs.py#L137:INFO]: Running config 6/10 for ssb_flat_tiny_13
[2026-04-18 12:43:44,008:MySQL_Database.py#L253:INFO]: Transpiling workload from PostgreSQL to MySQL syntax...
[2026-04-18 12:43:44,038:MySQL_Database.py#L81:INFO]: MySQL knobs persisted to mysqld-auto.cnf. Restarting to apply...
[2026-04-18 12:43:44,038:MySQL_Database.py#L200:INFO]: Restarting MySQL service...
[2026-04-18 12:43:52,134:MySQL_Database.py#L210:INFO]: Waiting for MySQL to become available...
[2026-04-18 12:43:52,198:MySQL_Database.py#L228:INFO]: MySQL is back up! (Took 0.06s)
[2026-04-18 12:43:52,198:MySQL_Database.py#L32:INFO]: Closed old MySQL connection.
[2026-04-18 12:43:52,264:MySQL_Database.py#L278:INFO]: Executing transpiled workload olap_workloads/ssb_flat_tiny_13.wg (15 queries)...
[2026-04-18 12:45:04,614:MySQL_Database.py#L305:INFO]: Workload olap_workloads/ssb_flat_tiny_13.wg executed successfully.
[2026-04-18 12:45:04,614:run_diverse_configs.py#L206:INFO]: Performance for config 6: 4.823312302865088
[2026-04-18 12:45:04,615:run_diverse_configs.py#L137:INFO]: Running config 7/10 for ssb_flat_tiny_13
[2026-04-18 12:45:04,615:MySQL_Database.py#L253:INFO]: Transpiling workload from PostgreSQL to MySQL syntax...
[2026-04-18 12:45:04,644:MySQL_Database.py#L81:INFO]: MySQL knobs persisted to mysqld-auto.cnf. Restarting to apply...
[2026-04-18 12:45:04,644:MySQL_Database.py#L200:INFO]: Restarting MySQL service...
[2026-04-18 12:45:12,587:MySQL_Database.py#L210:INFO]: Waiting for MySQL to become available...
[2026-04-18 12:45:12,671:MySQL_Database.py#L228:INFO]: MySQL is back up! (Took 0.08s)
[2026-04-18 12:45:12,672:MySQL_Database.py#L32:INFO]: Closed old MySQL connection.
[2026-04-18 12:45:12,793:MySQL_Database.py#L278:INFO]: Executing transpiled workload olap_workloads/ssb_flat_tiny_13.wg (15 queries)...
[2026-04-18 12:46:25,594:MySQL_Database.py#L305:INFO]: Workload olap_workloads/ssb_flat_tiny_13.wg executed successfully.
[2026-04-18 12:46:25,594:run_diverse_configs.py#L206:INFO]: Performance for config 7: 4.853341848713656
[2026-04-18 12:46:25,594:run_diverse_configs.py#L137:INFO]: Running config 8/10 for ssb_flat_tiny_13
[2026-04-18 12:46:25,595:MySQL_Database.py#L253:INFO]: Transpiling workload from PostgreSQL to MySQL syntax...
[2026-04-18 12:46:25,618:MySQL_Database.py#L81:INFO]: MySQL knobs persisted to mysqld-auto.cnf. Restarting to apply...
[2026-04-18 12:46:25,618:MySQL_Database.py#L200:INFO]: Restarting MySQL service...
[2026-04-18 12:46:33,969:MySQL_Database.py#L210:INFO]: Waiting for MySQL to become available...
[2026-04-18 12:46:34,034:MySQL_Database.py#L228:INFO]: MySQL is back up! (Took 0.06s)
[2026-04-18 12:46:34,034:MySQL_Database.py#L32:INFO]: Closed old MySQL connection.
[2026-04-18 12:46:34,095:MySQL_Database.py#L278:INFO]: Executing transpiled workload olap_workloads/ssb_flat_tiny_13.wg (15 queries)...
[2026-04-18 12:47:46,472:MySQL_Database.py#L305:INFO]: Workload olap_workloads/ssb_flat_tiny_13.wg executed successfully.
[2026-04-18 12:47:46,472:run_diverse_configs.py#L206:INFO]: Performance for config 8: 4.825089343450964
[2026-04-18 12:47:46,472:run_diverse_configs.py#L137:INFO]: Running config 9/10 for ssb_flat_tiny_13
[2026-04-18 12:47:46,473:MySQL_Database.py#L253:INFO]: Transpiling workload from PostgreSQL to MySQL syntax...
[2026-04-18 12:47:46,501:MySQL_Database.py#L81:INFO]: MySQL knobs persisted to mysqld-auto.cnf. Restarting to apply...
[2026-04-18 12:47:46,501:MySQL_Database.py#L200:INFO]: Restarting MySQL service...
[2026-04-18 12:47:54,396:MySQL_Database.py#L210:INFO]: Waiting for MySQL to become available...
[2026-04-18 12:47:54,464:MySQL_Database.py#L228:INFO]: MySQL is back up! (Took 0.07s)
[2026-04-18 12:47:54,465:MySQL_Database.py#L32:INFO]: Closed old MySQL connection.
[2026-04-18 12:47:54,526:MySQL_Database.py#L278:INFO]: Executing transpiled workload olap_workloads/ssb_flat_tiny_13.wg (15 queries)...
[2026-04-18 12:49:06,491:MySQL_Database.py#L305:INFO]: Workload olap_workloads/ssb_flat_tiny_13.wg executed successfully.
[2026-04-18 12:49:06,491:run_diverse_configs.py#L206:INFO]: Performance for config 9: 4.797578202777853
[2026-04-18 12:49:06,491:run_diverse_configs.py#L137:INFO]: Running config 10/10 for ssb_flat_tiny_13
[2026-04-18 12:49:06,491:MySQL_Database.py#L253:INFO]: Transpiling workload from PostgreSQL to MySQL syntax...
[2026-04-18 12:49:06,524:MySQL_Database.py#L81:INFO]: MySQL knobs persisted to mysqld-auto.cnf. Restarting to apply...
[2026-04-18 12:49:06,525:MySQL_Database.py#L200:INFO]: Restarting MySQL service...
[2026-04-18 12:49:14,767:MySQL_Database.py#L210:INFO]: Waiting for MySQL to become available...
[2026-04-18 12:49:14,832:MySQL_Database.py#L228:INFO]: MySQL is back up! (Took 0.06s)
[2026-04-18 12:49:14,832:MySQL_Database.py#L32:INFO]: Closed old MySQL connection.
[2026-04-18 12:49:14,893:MySQL_Database.py#L278:INFO]: Executing transpiled workload olap_workloads/ssb_flat_tiny_13.wg (15 queries)...
[2026-04-18 12:50:26,559:MySQL_Database.py#L305:INFO]: Workload olap_workloads/ssb_flat_tiny_13.wg executed successfully.
[2026-04-18 12:50:26,560:run_diverse_configs.py#L206:INFO]: Performance for config 10: 4.77771007011955
[2026-04-18 12:50:26,560:run_diverse_configs.py#L129:INFO]: Running 10 configs for ssb_flat_tiny_269
[2026-04-18 12:50:26,560:run_diverse_configs.py#L137:INFO]: Running config 1/10 for ssb_flat_tiny_269
[2026-04-18 12:50:26,566:MySQL_Database.py#L253:INFO]: Transpiling workload from PostgreSQL to MySQL syntax...
[2026-04-18 12:50:26,592:MySQL_Database.py#L81:INFO]: MySQL knobs persisted to mysqld-auto.cnf. Restarting to apply...
[2026-04-18 12:50:26,592:MySQL_Database.py#L200:INFO]: Restarting MySQL service...
[2026-04-18 12:50:35,235:MySQL_Database.py#L210:INFO]: Waiting for MySQL to become available...
[2026-04-18 12:50:35,341:MySQL_Database.py#L228:INFO]: MySQL is back up! (Took 0.11s)
[2026-04-18 12:50:35,341:MySQL_Database.py#L32:INFO]: Closed old MySQL connection.
[2026-04-18 12:50:35,412:MySQL_Database.py#L278:INFO]: Executing transpiled workload olap_workloads/ssb_flat_tiny_269.wg (8 queries)...
[2026-04-18 12:51:15,975:MySQL_Database.py#L305:INFO]: Workload olap_workloads/ssb_flat_tiny_269.wg executed successfully.
[2026-04-18 12:51:15,975:run_diverse_configs.py#L206:INFO]: Performance for config 1: 5.070267999835778
[2026-04-18 12:51:15,975:run_diverse_configs.py#L137:INFO]: Running config 2/10 for ssb_flat_tiny_269
[2026-04-18 12:51:15,976:MySQL_Database.py#L253:INFO]: Transpiling workload from PostgreSQL to MySQL syntax...
[2026-04-18 12:51:16,000:MySQL_Database.py#L81:INFO]: MySQL knobs persisted to mysqld-auto.cnf. Restarting to apply...
[2026-04-18 12:51:16,000:MySQL_Database.py#L200:INFO]: Restarting MySQL service...
[2026-04-18 12:51:24,597:MySQL_Database.py#L210:INFO]: Waiting for MySQL to become available...
[2026-04-18 12:51:24,668:MySQL_Database.py#L228:INFO]: MySQL is back up! (Took 0.07s)
[2026-04-18 12:51:24,669:MySQL_Database.py#L32:INFO]: Closed old MySQL connection.
[2026-04-18 12:51:24,730:MySQL_Database.py#L278:INFO]: Executing transpiled workload olap_workloads/ssb_flat_tiny_269.wg (8 queries)...
[2026-04-18 12:52:05,319:MySQL_Database.py#L305:INFO]: Workload olap_workloads/ssb_flat_tiny_269.wg executed successfully.
[2026-04-18 12:52:05,319:run_diverse_configs.py#L206:INFO]: Performance for config 2: 5.073580137104727
[2026-04-18 12:52:05,319:run_diverse_configs.py#L137:INFO]: Running config 3/10 for ssb_flat_tiny_269
[2026-04-18 12:52:05,320:MySQL_Database.py#L253:INFO]: Transpiling workload from PostgreSQL to MySQL syntax...
[2026-04-18 12:52:05,344:MySQL_Database.py#L81:INFO]: MySQL knobs persisted to mysqld-auto.cnf. Restarting to apply...
[2026-04-18 12:52:05,344:MySQL_Database.py#L200:INFO]: Restarting MySQL service...
[2026-04-18 12:52:13,994:MySQL_Database.py#L210:INFO]: Waiting for MySQL to become available...
[2026-04-18 12:52:14,106:MySQL_Database.py#L228:INFO]: MySQL is back up! (Took 0.11s)
[2026-04-18 12:52:14,106:MySQL_Database.py#L32:INFO]: Closed old MySQL connection.
[2026-04-18 12:52:14,177:MySQL_Database.py#L278:INFO]: Executing transpiled workload olap_workloads/ssb_flat_tiny_269.wg (8 queries)...
[2026-04-18 12:52:55,037:MySQL_Database.py#L305:INFO]: Workload olap_workloads/ssb_flat_tiny_269.wg executed successfully.
[2026-04-18 12:52:55,037:run_diverse_configs.py#L206:INFO]: Performance for config 3: 5.107386672520079
[2026-04-18 12:52:55,037:run_diverse_configs.py#L137:INFO]: Running config 4/10 for ssb_flat_tiny_269
[2026-04-18 12:52:55,038:MySQL_Database.py#L253:INFO]: Transpiling workload from PostgreSQL to MySQL syntax...
[2026-04-18 12:52:55,062:MySQL_Database.py#L81:INFO]: MySQL knobs persisted to mysqld-auto.cnf. Restarting to apply...
[2026-04-18 12:52:55,062:MySQL_Database.py#L200:INFO]: Restarting MySQL service...
[2026-04-18 12:53:03,506:MySQL_Database.py#L210:INFO]: Waiting for MySQL to become available...
[2026-04-18 12:53:03,571:MySQL_Database.py#L228:INFO]: MySQL is back up! (Took 0.07s)
[2026-04-18 12:53:03,571:MySQL_Database.py#L32:INFO]: Closed old MySQL connection.
[2026-04-18 12:53:03,632:MySQL_Database.py#L278:INFO]: Executing transpiled workload olap_workloads/ssb_flat_tiny_269.wg (8 queries)...
[2026-04-18 12:53:44,402:MySQL_Database.py#L305:INFO]: Workload olap_workloads/ssb_flat_tiny_269.wg executed successfully.
[2026-04-18 12:53:44,402:run_diverse_configs.py#L206:INFO]: Performance for config 4: 5.096076898218598
[2026-04-18 12:53:44,402:run_diverse_configs.py#L137:INFO]: Running config 5/10 for ssb_flat_tiny_269
[2026-04-18 12:53:44,403:MySQL_Database.py#L253:INFO]: Transpiling workload from PostgreSQL to MySQL syntax...
[2026-04-18 12:53:44,427:MySQL_Database.py#L81:INFO]: MySQL knobs persisted to mysqld-auto.cnf. Restarting to apply...
[2026-04-18 12:53:44,427:MySQL_Database.py#L200:INFO]: Restarting MySQL service...
[2026-04-18 12:53:52,977:MySQL_Database.py#L210:INFO]: Waiting for MySQL to become available...
[2026-04-18 12:53:53,099:MySQL_Database.py#L228:INFO]: MySQL is back up! (Took 0.12s)
[2026-04-18 12:53:53,099:MySQL_Database.py#L32:INFO]: Closed old MySQL connection.
[2026-04-18 12:53:53,214:MySQL_Database.py#L278:INFO]: Executing transpiled workload olap_workloads/ssb_flat_tiny_269.wg (8 queries)...
[2026-04-18 12:54:34,185:MySQL_Database.py#L305:INFO]: Workload olap_workloads/ssb_flat_tiny_269.wg executed successfully.
[2026-04-18 12:54:34,185:run_diverse_configs.py#L206:INFO]: Performance for config 5: 5.121239513391629
[2026-04-18 12:54:34,185:run_diverse_configs.py#L137:INFO]: Running config 6/10 for ssb_flat_tiny_269
[2026-04-18 12:54:34,186:MySQL_Database.py#L253:INFO]: Transpiling workload from PostgreSQL to MySQL syntax...
[2026-04-18 12:54:34,209:MySQL_Database.py#L81:INFO]: MySQL knobs persisted to mysqld-auto.cnf. Restarting to apply...
[2026-04-18 12:54:34,209:MySQL_Database.py#L200:INFO]: Restarting MySQL service...
[2026-04-18 12:54:42,350:MySQL_Database.py#L210:INFO]: Waiting for MySQL to become available...
[2026-04-18 12:54:42,416:MySQL_Database.py#L228:INFO]: MySQL is back up! (Took 0.07s)
[2026-04-18 12:54:42,416:MySQL_Database.py#L32:INFO]: Closed old MySQL connection.
[2026-04-18 12:54:42,478:MySQL_Database.py#L278:INFO]: Executing transpiled workload olap_workloads/ssb_flat_tiny_269.wg (8 queries)...
[2026-04-18 12:55:24,315:MySQL_Database.py#L305:INFO]: Workload olap_workloads/ssb_flat_tiny_269.wg executed successfully.
[2026-04-18 12:55:24,315:run_diverse_configs.py#L206:INFO]: Performance for config 6: 5.22945455100853
[2026-04-18 12:55:24,315:run_diverse_configs.py#L137:INFO]: Running config 7/10 for ssb_flat_tiny_269
[2026-04-18 12:55:24,315:MySQL_Database.py#L253:INFO]: Transpiling workload from PostgreSQL to MySQL syntax...
[2026-04-18 12:55:24,340:MySQL_Database.py#L81:INFO]: MySQL knobs persisted to mysqld-auto.cnf. Restarting to apply...
[2026-04-18 12:55:24,340:MySQL_Database.py#L200:INFO]: Restarting MySQL service...
[2026-04-18 12:55:32,884:MySQL_Database.py#L210:INFO]: Waiting for MySQL to become available...
[2026-04-18 12:55:32,948:MySQL_Database.py#L228:INFO]: MySQL is back up! (Took 0.06s)
[2026-04-18 12:55:32,948:MySQL_Database.py#L32:INFO]: Closed old MySQL connection.
[2026-04-18 12:55:33,010:MySQL_Database.py#L278:INFO]: Executing transpiled workload olap_workloads/ssb_flat_tiny_269.wg (8 queries)...
[2026-04-18 12:56:14,693:MySQL_Database.py#L305:INFO]: Workload olap_workloads/ssb_flat_tiny_269.wg executed successfully.
[2026-04-18 12:56:14,693:run_diverse_configs.py#L206:INFO]: Performance for config 7: 5.21034471236635
[2026-04-18 12:56:14,693:run_diverse_configs.py#L137:INFO]: Running config 8/10 for ssb_flat_tiny_269
[2026-04-18 12:56:14,694:MySQL_Database.py#L253:INFO]: Transpiling workload from PostgreSQL to MySQL syntax...
[2026-04-18 12:56:14,718:MySQL_Database.py#L81:INFO]: MySQL knobs persisted to mysqld-auto.cnf. Restarting to apply...
[2026-04-18 12:56:14,718:MySQL_Database.py#L200:INFO]: Restarting MySQL service...
[2026-04-18 12:56:23,264:MySQL_Database.py#L210:INFO]: Waiting for MySQL to become available...
[2026-04-18 12:56:23,376:MySQL_Database.py#L228:INFO]: MySQL is back up! (Took 0.11s)
[2026-04-18 12:56:23,376:MySQL_Database.py#L32:INFO]: Closed old MySQL connection.
[2026-04-18 12:56:23,462:MySQL_Database.py#L278:INFO]: Executing transpiled workload olap_workloads/ssb_flat_tiny_269.wg (8 queries)...
[2026-04-18 12:57:03,815:MySQL_Database.py#L305:INFO]: Workload olap_workloads/ssb_flat_tiny_269.wg executed successfully.
[2026-04-18 12:57:03,815:run_diverse_configs.py#L206:INFO]: Performance for config 8: 5.043947722297162
[2026-04-18 12:57:03,815:run_diverse_configs.py#L137:INFO]: Running config 9/10 for ssb_flat_tiny_269
[2026-04-18 12:57:03,815:MySQL_Database.py#L253:INFO]: Transpiling workload from PostgreSQL to MySQL syntax...
[2026-04-18 12:57:03,839:MySQL_Database.py#L81:INFO]: MySQL knobs persisted to mysqld-auto.cnf. Restarting to apply...
[2026-04-18 12:57:03,840:MySQL_Database.py#L200:INFO]: Restarting MySQL service...
[2026-04-18 12:57:12,192:MySQL_Database.py#L210:INFO]: Waiting for MySQL to become available...
[2026-04-18 12:57:12,272:MySQL_Database.py#L228:INFO]: MySQL is back up! (Took 0.08s)
[2026-04-18 12:57:12,272:MySQL_Database.py#L32:INFO]: Closed old MySQL connection.
[2026-04-18 12:57:12,334:MySQL_Database.py#L278:INFO]: Executing transpiled workload olap_workloads/ssb_flat_tiny_269.wg (8 queries)...
[2026-04-18 12:57:53,303:MySQL_Database.py#L305:INFO]: Workload olap_workloads/ssb_flat_tiny_269.wg executed successfully.
[2026-04-18 12:57:53,303:run_diverse_configs.py#L206:INFO]: Performance for config 9: 5.121045503998175
[2026-04-18 12:57:53,303:run_diverse_configs.py#L137:INFO]: Running config 10/10 for ssb_flat_tiny_269
[2026-04-18 12:57:53,304:MySQL_Database.py#L253:INFO]: Transpiling workload from PostgreSQL to MySQL syntax...
[2026-04-18 12:57:53,328:MySQL_Database.py#L81:INFO]: MySQL knobs persisted to mysqld-auto.cnf. Restarting to apply...
[2026-04-18 12:57:53,328:MySQL_Database.py#L200:INFO]: Restarting MySQL service...
[2026-04-18 12:58:01,520:MySQL_Database.py#L210:INFO]: Waiting for MySQL to become available...
[2026-04-18 12:58:01,645:MySQL_Database.py#L228:INFO]: MySQL is back up! (Took 0.12s)
[2026-04-18 12:58:01,645:MySQL_Database.py#L32:INFO]: Closed old MySQL connection.
[2026-04-18 12:58:01,766:MySQL_Database.py#L278:INFO]: Executing transpiled workload olap_workloads/ssb_flat_tiny_269.wg (8 queries)...
[2026-04-18 12:58:42,515:MySQL_Database.py#L305:INFO]: Workload olap_workloads/ssb_flat_tiny_269.wg executed successfully.
[2026-04-18 12:58:42,515:run_diverse_configs.py#L206:INFO]: Performance for config 10: 5.09356662700884
[2026-04-18 12:58:42,516:run_diverse_configs.py#L129:INFO]: Running 10 configs for ssb_flat_tiny_72
[2026-04-18 12:58:42,516:run_diverse_configs.py#L137:INFO]: Running config 1/10 for ssb_flat_tiny_72
[2026-04-18 12:58:42,522:MySQL_Database.py#L253:INFO]: Transpiling workload from PostgreSQL to MySQL syntax...
[2026-04-18 12:58:42,551:MySQL_Database.py#L81:INFO]: MySQL knobs persisted to mysqld-auto.cnf. Restarting to apply...
[2026-04-18 12:58:42,551:MySQL_Database.py#L200:INFO]: Restarting MySQL service...
[2026-04-18 12:58:51,050:MySQL_Database.py#L210:INFO]: Waiting for MySQL to become available...
[2026-04-18 12:58:51,122:MySQL_Database.py#L228:INFO]: MySQL is back up! (Took 0.07s)
[2026-04-18 12:58:51,122:MySQL_Database.py#L32:INFO]: Closed old MySQL connection.
[2026-04-18 12:58:51,182:MySQL_Database.py#L278:INFO]: Executing transpiled workload olap_workloads/ssb_flat_tiny_72.wg (10 queries)...
[2026-04-18 12:59:40,409:MySQL_Database.py#L305:INFO]: Workload olap_workloads/ssb_flat_tiny_72.wg executed successfully.
[2026-04-18 12:59:40,409:run_diverse_configs.py#L206:INFO]: Performance for config 1: 4.922628920292482
[2026-04-18 12:59:40,410:run_diverse_configs.py#L137:INFO]: Running config 2/10 for ssb_flat_tiny_72
[2026-04-18 12:59:40,410:MySQL_Database.py#L253:INFO]: Transpiling workload from PostgreSQL to MySQL syntax...
[2026-04-18 12:59:40,443:MySQL_Database.py#L81:INFO]: MySQL knobs persisted to mysqld-auto.cnf. Restarting to apply...
[2026-04-18 12:59:40,444:MySQL_Database.py#L200:INFO]: Restarting MySQL service...
[2026-04-18 12:59:48,536:MySQL_Database.py#L210:INFO]: Waiting for MySQL to become available...
[2026-04-18 12:59:48,605:MySQL_Database.py#L228:INFO]: MySQL is back up! (Took 0.07s)
[2026-04-18 12:59:48,606:MySQL_Database.py#L32:INFO]: Closed old MySQL connection.
[2026-04-18 12:59:48,727:MySQL_Database.py#L278:INFO]: Executing transpiled workload olap_workloads/ssb_flat_tiny_72.wg (10 queries)...
[2026-04-18 13:00:37,995:MySQL_Database.py#L305:INFO]: Workload olap_workloads/ssb_flat_tiny_72.wg executed successfully.
[2026-04-18 13:00:37,995:run_diverse_configs.py#L206:INFO]: Performance for config 2: 4.926693729916588
[2026-04-18 13:00:37,995:run_diverse_configs.py#L137:INFO]: Running config 3/10 for ssb_flat_tiny_72
[2026-04-18 13:00:37,996:MySQL_Database.py#L253:INFO]: Transpiling workload from PostgreSQL to MySQL syntax...
[2026-04-18 13:00:38,021:MySQL_Database.py#L81:INFO]: MySQL knobs persisted to mysqld-auto.cnf. Restarting to apply...
[2026-04-18 13:00:38,021:MySQL_Database.py#L200:INFO]: Restarting MySQL service...
[2026-04-18 13:00:46,015:MySQL_Database.py#L210:INFO]: Waiting for MySQL to become available...
[2026-04-18 13:00:46,080:MySQL_Database.py#L228:INFO]: MySQL is back up! (Took 0.06s)
[2026-04-18 13:00:46,080:MySQL_Database.py#L32:INFO]: Closed old MySQL connection.
[2026-04-18 13:00:46,142:MySQL_Database.py#L278:INFO]: Executing transpiled workload olap_workloads/ssb_flat_tiny_72.wg (10 queries)...
[2026-04-18 13:01:35,348:MySQL_Database.py#L305:INFO]: Workload olap_workloads/ssb_flat_tiny_72.wg executed successfully.
[2026-04-18 13:01:35,348:run_diverse_configs.py#L206:INFO]: Performance for config 3: 4.920569922076538
[2026-04-18 13:01:35,349:run_diverse_configs.py#L137:INFO]: Running config 4/10 for ssb_flat_tiny_72
[2026-04-18 13:01:35,349:MySQL_Database.py#L253:INFO]: Transpiling workload from PostgreSQL to MySQL syntax...
[2026-04-18 13:01:35,377:MySQL_Database.py#L81:INFO]: MySQL knobs persisted to mysqld-auto.cnf. Restarting to apply...
[2026-04-18 13:01:35,377:MySQL_Database.py#L200:INFO]: Restarting MySQL service...
[2026-04-18 13:01:43,625:MySQL_Database.py#L210:INFO]: Waiting for MySQL to become available...
[2026-04-18 13:01:43,695:MySQL_Database.py#L228:INFO]: MySQL is back up! (Took 0.07s)
[2026-04-18 13:01:43,696:MySQL_Database.py#L32:INFO]: Closed old MySQL connection.
[2026-04-18 13:01:43,756:MySQL_Database.py#L278:INFO]: Executing transpiled workload olap_workloads/ssb_flat_tiny_72.wg (10 queries)...
[2026-04-18 13:02:32,794:MySQL_Database.py#L305:INFO]: Workload olap_workloads/ssb_flat_tiny_72.wg executed successfully.
[2026-04-18 13:02:32,795:run_diverse_configs.py#L206:INFO]: Performance for config 4: 4.903781345393509
[2026-04-18 13:02:32,795:run_diverse_configs.py#L137:INFO]: Running config 5/10 for ssb_flat_tiny_72
[2026-04-18 13:02:32,795:MySQL_Database.py#L253:INFO]: Transpiling workload from PostgreSQL to MySQL syntax...
[2026-04-18 13:02:32,820:MySQL_Database.py#L81:INFO]: MySQL knobs persisted to mysqld-auto.cnf. Restarting to apply...
[2026-04-18 13:02:32,820:MySQL_Database.py#L200:INFO]: Restarting MySQL service...
[2026-04-18 13:02:40,911:MySQL_Database.py#L210:INFO]: Waiting for MySQL to become available...
[2026-04-18 13:02:41,019:MySQL_Database.py#L228:INFO]: MySQL is back up! (Took 0.11s)
[2026-04-18 13:02:41,020:MySQL_Database.py#L32:INFO]: Closed old MySQL connection.
[2026-04-18 13:02:41,081:MySQL_Database.py#L278:INFO]: Executing transpiled workload olap_workloads/ssb_flat_tiny_72.wg (10 queries)...
[2026-04-18 13:03:30,843:MySQL_Database.py#L305:INFO]: Workload olap_workloads/ssb_flat_tiny_72.wg executed successfully.
[2026-04-18 13:03:30,843:run_diverse_configs.py#L206:INFO]: Performance for config 5: 4.976109548797831
[2026-04-18 13:03:30,843:run_diverse_configs.py#L137:INFO]: Running config 6/10 for ssb_flat_tiny_72
[2026-04-18 13:03:30,843:MySQL_Database.py#L253:INFO]: Transpiling workload from PostgreSQL to MySQL syntax...
[2026-04-18 13:03:30,867:MySQL_Database.py#L81:INFO]: MySQL knobs persisted to mysqld-auto.cnf. Restarting to apply...
[2026-04-18 13:03:30,867:MySQL_Database.py#L200:INFO]: Restarting MySQL service...
[2026-04-18 13:03:39,613:MySQL_Database.py#L210:INFO]: Waiting for MySQL to become available...
[2026-04-18 13:03:39,720:MySQL_Database.py#L228:INFO]: MySQL is back up! (Took 0.11s)
[2026-04-18 13:03:39,720:MySQL_Database.py#L32:INFO]: Closed old MySQL connection.
[2026-04-18 13:03:39,782:MySQL_Database.py#L278:INFO]: Executing transpiled workload olap_workloads/ssb_flat_tiny_72.wg (10 queries)...
[2026-04-18 13:04:29,574:MySQL_Database.py#L305:INFO]: Workload olap_workloads/ssb_flat_tiny_72.wg executed successfully.
[2026-04-18 13:04:29,574:run_diverse_configs.py#L206:INFO]: Performance for config 6: 4.979072333220392
[2026-04-18 13:04:29,574:run_diverse_configs.py#L137:INFO]: Running config 7/10 for ssb_flat_tiny_72
[2026-04-18 13:04:29,574:MySQL_Database.py#L253:INFO]: Transpiling workload from PostgreSQL to MySQL syntax...
[2026-04-18 13:04:29,601:MySQL_Database.py#L81:INFO]: MySQL knobs persisted to mysqld-auto.cnf. Restarting to apply...
[2026-04-18 13:04:29,601:MySQL_Database.py#L200:INFO]: Restarting MySQL service...
[2026-04-18 13:04:38,050:MySQL_Database.py#L210:INFO]: Waiting for MySQL to become available...
[2026-04-18 13:04:38,120:MySQL_Database.py#L228:INFO]: MySQL is back up! (Took 0.07s)
[2026-04-18 13:04:38,120:MySQL_Database.py#L32:INFO]: Closed old MySQL connection.
[2026-04-18 13:04:38,184:MySQL_Database.py#L278:INFO]: Executing transpiled workload olap_workloads/ssb_flat_tiny_72.wg (10 queries)...
[2026-04-18 13:05:28,925:MySQL_Database.py#L305:INFO]: Workload olap_workloads/ssb_flat_tiny_72.wg executed successfully.
[2026-04-18 13:05:28,925:run_diverse_configs.py#L206:INFO]: Performance for config 7: 5.074097225768492
[2026-04-18 13:05:28,926:run_diverse_configs.py#L137:INFO]: Running config 8/10 for ssb_flat_tiny_72
[2026-04-18 13:05:28,926:MySQL_Database.py#L253:INFO]: Transpiling workload from PostgreSQL to MySQL syntax...
[2026-04-18 13:05:28,950:MySQL_Database.py#L81:INFO]: MySQL knobs persisted to mysqld-auto.cnf. Restarting to apply...
[2026-04-18 13:05:28,951:MySQL_Database.py#L200:INFO]: Restarting MySQL service...
[2026-04-18 13:05:37,395:MySQL_Database.py#L210:INFO]: Waiting for MySQL to become available...
[2026-04-18 13:05:37,460:MySQL_Database.py#L228:INFO]: MySQL is back up! (Took 0.06s)
[2026-04-18 13:05:37,460:MySQL_Database.py#L32:INFO]: Closed old MySQL connection.
[2026-04-18 13:05:37,521:MySQL_Database.py#L278:INFO]: Executing transpiled workload olap_workloads/ssb_flat_tiny_72.wg (10 queries)...
[2026-04-18 13:06:26,781:MySQL_Database.py#L305:INFO]: Workload olap_workloads/ssb_flat_tiny_72.wg executed successfully.
[2026-04-18 13:06:26,781:run_diverse_configs.py#L206:INFO]: Performance for config 8: 4.92599360239692
[2026-04-18 13:06:26,782:run_diverse_configs.py#L137:INFO]: Running config 9/10 for ssb_flat_tiny_72
[2026-04-18 13:06:26,782:MySQL_Database.py#L253:INFO]: Transpiling workload from PostgreSQL to MySQL syntax...
[2026-04-18 13:06:26,809:MySQL_Database.py#L81:INFO]: MySQL knobs persisted to mysqld-auto.cnf. Restarting to apply...
[2026-04-18 13:06:26,810:MySQL_Database.py#L200:INFO]: Restarting MySQL service...
[2026-04-18 13:06:34,901:MySQL_Database.py#L210:INFO]: Waiting for MySQL to become available...
[2026-04-18 13:06:34,971:MySQL_Database.py#L228:INFO]: MySQL is back up! (Took 0.07s)
[2026-04-18 13:06:34,972:MySQL_Database.py#L32:INFO]: Closed old MySQL connection.
[2026-04-18 13:06:35,071:MySQL_Database.py#L278:INFO]: Executing transpiled workload olap_workloads/ssb_flat_tiny_72.wg (10 queries)...
[2026-04-18 13:07:23,962:MySQL_Database.py#L305:INFO]: Workload olap_workloads/ssb_flat_tiny_72.wg executed successfully.
[2026-04-18 13:07:23,963:run_diverse_configs.py#L206:INFO]: Performance for config 9: 4.889075074996799
[2026-04-18 13:07:23,963:run_diverse_configs.py#L137:INFO]: Running config 10/10 for ssb_flat_tiny_72
[2026-04-18 13:07:23,963:MySQL_Database.py#L253:INFO]: Transpiling workload from PostgreSQL to MySQL syntax...
[2026-04-18 13:07:23,983:MySQL_Database.py#L81:INFO]: MySQL knobs persisted to mysqld-auto.cnf. Restarting to apply...
[2026-04-18 13:07:23,983:MySQL_Database.py#L200:INFO]: Restarting MySQL service...
[2026-04-18 13:07:32,428:MySQL_Database.py#L210:INFO]: Waiting for MySQL to become available...
[2026-04-18 13:07:32,554:MySQL_Database.py#L228:INFO]: MySQL is back up! (Took 0.13s)
[2026-04-18 13:07:32,554:MySQL_Database.py#L32:INFO]: Closed old MySQL connection.
[2026-04-18 13:07:32,676:MySQL_Database.py#L278:INFO]: Executing transpiled workload olap_workloads/ssb_flat_tiny_72.wg (10 queries)...
[2026-04-18 13:08:22,029:MySQL_Database.py#L305:INFO]: Workload olap_workloads/ssb_flat_tiny_72.wg executed successfully.
[2026-04-18 13:08:22,030:run_diverse_configs.py#L206:INFO]: Performance for config 10: 4.935312167089433
[2026-04-18 13:08:22,030:run_diverse_configs.py#L129:INFO]: Running 10 configs for ssb_flat_tiny_155
[2026-04-18 13:08:22,030:run_diverse_configs.py#L137:INFO]: Running config 1/10 for ssb_flat_tiny_155
[2026-04-18 13:08:22,036:MySQL_Database.py#L253:INFO]: Transpiling workload from PostgreSQL to MySQL syntax...
[2026-04-18 13:08:22,066:MySQL_Database.py#L81:INFO]: MySQL knobs persisted to mysqld-auto.cnf. Restarting to apply...
[2026-04-18 13:08:22,066:MySQL_Database.py#L200:INFO]: Restarting MySQL service...
[2026-04-18 13:08:29,857:MySQL_Database.py#L210:INFO]: Waiting for MySQL to become available...
[2026-04-18 13:08:29,965:MySQL_Database.py#L228:INFO]: MySQL is back up! (Took 0.11s)
[2026-04-18 13:08:29,965:MySQL_Database.py#L32:INFO]: Closed old MySQL connection.
[2026-04-18 13:08:30,044:MySQL_Database.py#L278:INFO]: Executing transpiled workload olap_workloads/ssb_flat_tiny_155.wg (10 queries)...
[2026-04-18 13:09:20,169:MySQL_Database.py#L305:INFO]: Workload olap_workloads/ssb_flat_tiny_155.wg executed successfully.
[2026-04-18 13:09:20,169:run_diverse_configs.py#L206:INFO]: Performance for config 1: 5.012447193916887
[2026-04-18 13:09:20,170:run_diverse_configs.py#L137:INFO]: Running config 2/10 for ssb_flat_tiny_155
[2026-04-18 13:09:20,170:MySQL_Database.py#L253:INFO]: Transpiling workload from PostgreSQL to MySQL syntax...
[2026-04-18 13:09:20,195:MySQL_Database.py#L81:INFO]: MySQL knobs persisted to mysqld-auto.cnf. Restarting to apply...
[2026-04-18 13:09:20,195:MySQL_Database.py#L200:INFO]: Restarting MySQL service...
[2026-04-18 13:09:28,284:MySQL_Database.py#L210:INFO]: Waiting for MySQL to become available...
[2026-04-18 13:09:28,348:MySQL_Database.py#L228:INFO]: MySQL is back up! (Took 0.06s)
[2026-04-18 13:09:28,349:MySQL_Database.py#L32:INFO]: Closed old MySQL connection.
[2026-04-18 13:09:28,410:MySQL_Database.py#L278:INFO]: Executing transpiled workload olap_workloads/ssb_flat_tiny_155.wg (10 queries)...
[2026-04-18 13:10:18,783:MySQL_Database.py#L305:INFO]: Workload olap_workloads/ssb_flat_tiny_155.wg executed successfully.
[2026-04-18 13:10:18,783:run_diverse_configs.py#L206:INFO]: Performance for config 2: 5.037176792090759
[2026-04-18 13:10:18,783:run_diverse_configs.py#L137:INFO]: Running config 3/10 for ssb_flat_tiny_155
[2026-04-18 13:10:18,784:MySQL_Database.py#L253:INFO]: Transpiling workload from PostgreSQL to MySQL syntax...
[2026-04-18 13:10:18,810:MySQL_Database.py#L81:INFO]: MySQL knobs persisted to mysqld-auto.cnf. Restarting to apply...
[2026-04-18 13:10:18,810:MySQL_Database.py#L200:INFO]: Restarting MySQL service...
[2026-04-18 13:10:26,705:MySQL_Database.py#L210:INFO]: Waiting for MySQL to become available...
[2026-04-18 13:10:26,770:MySQL_Database.py#L228:INFO]: MySQL is back up! (Took 0.06s)
[2026-04-18 13:10:26,771:MySQL_Database.py#L32:INFO]: Closed old MySQL connection.
[2026-04-18 13:10:26,832:MySQL_Database.py#L278:INFO]: Executing transpiled workload olap_workloads/ssb_flat_tiny_155.wg (10 queries)...
[2026-04-18 13:11:17,000:MySQL_Database.py#L305:INFO]: Workload olap_workloads/ssb_flat_tiny_155.wg executed successfully.
[2026-04-18 13:11:17,000:run_diverse_configs.py#L206:INFO]: Performance for config 3: 5.016701480513438
[2026-04-18 13:11:17,000:run_diverse_configs.py#L137:INFO]: Running config 4/10 for ssb_flat_tiny_155
[2026-04-18 13:11:17,001:MySQL_Database.py#L253:INFO]: Transpiling workload from PostgreSQL to MySQL syntax...
[2026-04-18 13:11:17,026:MySQL_Database.py#L81:INFO]: MySQL knobs persisted to mysqld-auto.cnf. Restarting to apply...
[2026-04-18 13:11:17,026:MySQL_Database.py#L200:INFO]: Restarting MySQL service...
[2026-04-18 13:11:25,068:MySQL_Database.py#L210:INFO]: Waiting for MySQL to become available...
[2026-04-18 13:11:25,138:MySQL_Database.py#L228:INFO]: MySQL is back up! (Took 0.07s)
[2026-04-18 13:11:25,139:MySQL_Database.py#L32:INFO]: Closed old MySQL connection.
[2026-04-18 13:11:25,200:MySQL_Database.py#L278:INFO]: Executing transpiled workload olap_workloads/ssb_flat_tiny_155.wg (10 queries)...
[2026-04-18 13:12:15,544:MySQL_Database.py#L305:INFO]: Workload olap_workloads/ssb_flat_tiny_155.wg executed successfully.
[2026-04-18 13:12:15,544:run_diverse_configs.py#L206:INFO]: Performance for config 4: 5.03431362900883
[2026-04-18 13:12:15,544:run_diverse_configs.py#L137:INFO]: Running config 5/10 for ssb_flat_tiny_155
[2026-04-18 13:12:15,545:MySQL_Database.py#L253:INFO]: Transpiling workload from PostgreSQL to MySQL syntax...
[2026-04-18 13:12:15,575:MySQL_Database.py#L81:INFO]: MySQL knobs persisted to mysqld-auto.cnf. Restarting to apply...
[2026-04-18 13:12:15,575:MySQL_Database.py#L200:INFO]: Restarting MySQL service...
[2026-04-18 13:12:23,416:MySQL_Database.py#L210:INFO]: Waiting for MySQL to become available...
[2026-04-18 13:12:23,488:MySQL_Database.py#L228:INFO]: MySQL is back up! (Took 0.07s)
[2026-04-18 13:12:23,488:MySQL_Database.py#L32:INFO]: Closed old MySQL connection.
[2026-04-18 13:12:23,551:MySQL_Database.py#L278:INFO]: Executing transpiled workload olap_workloads/ssb_flat_tiny_155.wg (10 queries)...
[2026-04-18 13:13:14,174:MySQL_Database.py#L305:INFO]: Workload olap_workloads/ssb_flat_tiny_155.wg executed successfully.
[2026-04-18 13:13:14,174:run_diverse_configs.py#L206:INFO]: Performance for config 5: 5.0622101906687025
[2026-04-18 13:13:14,174:run_diverse_configs.py#L137:INFO]: Running config 6/10 for ssb_flat_tiny_155
[2026-04-18 13:13:14,175:MySQL_Database.py#L253:INFO]: Transpiling workload from PostgreSQL to MySQL syntax...
[2026-04-18 13:13:14,207:MySQL_Database.py#L81:INFO]: MySQL knobs persisted to mysqld-auto.cnf. Restarting to apply...
[2026-04-18 13:13:14,208:MySQL_Database.py#L200:INFO]: Restarting MySQL service...
[2026-04-18 13:13:23,056:MySQL_Database.py#L210:INFO]: Waiting for MySQL to become available...
[2026-04-18 13:13:23,121:MySQL_Database.py#L228:INFO]: MySQL is back up! (Took 0.06s)
[2026-04-18 13:13:23,121:MySQL_Database.py#L32:INFO]: Closed old MySQL connection.
[2026-04-18 13:13:23,187:MySQL_Database.py#L278:INFO]: Executing transpiled workload olap_workloads/ssb_flat_tiny_155.wg (10 queries)...
[2026-04-18 13:14:13,061:MySQL_Database.py#L305:INFO]: Workload olap_workloads/ssb_flat_tiny_155.wg executed successfully.
[2026-04-18 13:14:13,062:run_diverse_configs.py#L206:INFO]: Performance for config 6: 4.987331954296678
[2026-04-18 13:14:13,062:run_diverse_configs.py#L137:INFO]: Running config 7/10 for ssb_flat_tiny_155
[2026-04-18 13:14:13,062:MySQL_Database.py#L253:INFO]: Transpiling workload from PostgreSQL to MySQL syntax...
[2026-04-18 13:14:13,083:MySQL_Database.py#L81:INFO]: MySQL knobs persisted to mysqld-auto.cnf. Restarting to apply...
[2026-04-18 13:14:13,083:MySQL_Database.py#L200:INFO]: Restarting MySQL service...
[2026-04-18 13:14:21,330:MySQL_Database.py#L210:INFO]: Waiting for MySQL to become available...
[2026-04-18 13:14:21,460:MySQL_Database.py#L228:INFO]: MySQL is back up! (Took 0.13s)
[2026-04-18 13:14:21,460:MySQL_Database.py#L32:INFO]: Closed old MySQL connection.
[2026-04-18 13:14:21,581:MySQL_Database.py#L278:INFO]: Executing transpiled workload olap_workloads/ssb_flat_tiny_155.wg (10 queries)...
[2026-04-18 13:15:12,599:MySQL_Database.py#L305:INFO]: Workload olap_workloads/ssb_flat_tiny_155.wg executed successfully.
[2026-04-18 13:15:12,599:run_diverse_configs.py#L206:INFO]: Performance for config 7: 5.101707390090451
[2026-04-18 13:15:12,600:run_diverse_configs.py#L137:INFO]: Running config 8/10 for ssb_flat_tiny_155
[2026-04-18 13:15:12,600:MySQL_Database.py#L253:INFO]: Transpiling workload from PostgreSQL to MySQL syntax...
[2026-04-18 13:15:12,625:MySQL_Database.py#L81:INFO]: MySQL knobs persisted to mysqld-auto.cnf. Restarting to apply...
[2026-04-18 13:15:12,625:MySQL_Database.py#L200:INFO]: Restarting MySQL service...
[2026-04-18 13:15:21,078:MySQL_Database.py#L210:INFO]: Waiting for MySQL to become available...
[2026-04-18 13:15:21,152:MySQL_Database.py#L228:INFO]: MySQL is back up! (Took 0.07s)
[2026-04-18 13:15:21,153:MySQL_Database.py#L32:INFO]: Closed old MySQL connection.
[2026-04-18 13:15:21,213:MySQL_Database.py#L278:INFO]: Executing transpiled workload olap_workloads/ssb_flat_tiny_155.wg (10 queries)...
[2026-04-18 13:16:11,443:MySQL_Database.py#L305:INFO]: Workload olap_workloads/ssb_flat_tiny_155.wg executed successfully.
[2026-04-18 13:16:11,443:run_diverse_configs.py#L206:INFO]: Performance for config 8: 5.022859763121232
[2026-04-18 13:16:11,443:run_diverse_configs.py#L137:INFO]: Running config 9/10 for ssb_flat_tiny_155
[2026-04-18 13:16:11,444:MySQL_Database.py#L253:INFO]: Transpiling workload from PostgreSQL to MySQL syntax...
[2026-04-18 13:16:11,469:MySQL_Database.py#L81:INFO]: MySQL knobs persisted to mysqld-auto.cnf. Restarting to apply...
[2026-04-18 13:16:11,469:MySQL_Database.py#L200:INFO]: Restarting MySQL service...
[2026-04-18 13:16:19,508:MySQL_Database.py#L210:INFO]: Waiting for MySQL to become available...
[2026-04-18 13:16:19,576:MySQL_Database.py#L228:INFO]: MySQL is back up! (Took 0.07s)
[2026-04-18 13:16:19,576:MySQL_Database.py#L32:INFO]: Closed old MySQL connection.
[2026-04-18 13:16:19,637:MySQL_Database.py#L278:INFO]: Executing transpiled workload olap_workloads/ssb_flat_tiny_155.wg (10 queries)...
[2026-04-18 13:17:16,848:MySQL_Database.py#L305:INFO]: Workload olap_workloads/ssb_flat_tiny_155.wg executed successfully.
[2026-04-18 13:17:16,848:run_diverse_configs.py#L206:INFO]: Performance for config 9: 5.721093499194831
[2026-04-18 13:17:16,849:run_diverse_configs.py#L137:INFO]: Running config 10/10 for ssb_flat_tiny_155
[2026-04-18 13:17:16,849:MySQL_Database.py#L253:INFO]: Transpiling workload from PostgreSQL to MySQL syntax...
[2026-04-18 13:17:16,874:MySQL_Database.py#L81:INFO]: MySQL knobs persisted to mysqld-auto.cnf. Restarting to apply...
[2026-04-18 13:17:16,874:MySQL_Database.py#L200:INFO]: Restarting MySQL service...
[2026-04-18 13:17:24,765:MySQL_Database.py#L210:INFO]: Waiting for MySQL to become available...
[2026-04-18 13:17:24,830:MySQL_Database.py#L228:INFO]: MySQL is back up! (Took 0.07s)
[2026-04-18 13:17:24,831:MySQL_Database.py#L32:INFO]: Closed old MySQL connection.
[2026-04-18 13:17:24,892:MySQL_Database.py#L278:INFO]: Executing transpiled workload olap_workloads/ssb_flat_tiny_155.wg (10 queries)...
[2026-04-18 13:18:16,714:MySQL_Database.py#L305:INFO]: Workload olap_workloads/ssb_flat_tiny_155.wg executed successfully.
[2026-04-18 13:18:16,714:run_diverse_configs.py#L206:INFO]: Performance for config 10: 5.182209059223533
[2026-04-18 13:18:16,715:run_diverse_configs.py#L129:INFO]: Running 10 configs for ssb_flat_tiny_161
[2026-04-18 13:18:16,715:run_diverse_configs.py#L137:INFO]: Running config 1/10 for ssb_flat_tiny_161
[2026-04-18 13:18:16,721:MySQL_Database.py#L253:INFO]: Transpiling workload from PostgreSQL to MySQL syntax...
[2026-04-18 13:18:16,756:MySQL_Database.py#L81:INFO]: MySQL knobs persisted to mysqld-auto.cnf. Restarting to apply...
[2026-04-18 13:18:16,756:MySQL_Database.py#L200:INFO]: Restarting MySQL service...
[2026-04-18 13:18:25,350:MySQL_Database.py#L210:INFO]: Waiting for MySQL to become available...
[2026-04-18 13:18:25,417:MySQL_Database.py#L228:INFO]: MySQL is back up! (Took 0.07s)
[2026-04-18 13:18:25,418:MySQL_Database.py#L32:INFO]: Closed old MySQL connection.
[2026-04-18 13:18:25,478:MySQL_Database.py#L278:INFO]: Executing transpiled workload olap_workloads/ssb_flat_tiny_161.wg (15 queries)...
[2026-04-18 13:19:38,307:MySQL_Database.py#L305:INFO]: Workload olap_workloads/ssb_flat_tiny_161.wg executed successfully.
[2026-04-18 13:19:38,307:run_diverse_configs.py#L206:INFO]: Performance for config 1: 4.855176665478696
[2026-04-18 13:19:38,307:run_diverse_configs.py#L137:INFO]: Running config 2/10 for ssb_flat_tiny_161
[2026-04-18 13:19:38,308:MySQL_Database.py#L253:INFO]: Transpiling workload from PostgreSQL to MySQL syntax...
[2026-04-18 13:19:38,337:MySQL_Database.py#L81:INFO]: MySQL knobs persisted to mysqld-auto.cnf. Restarting to apply...
[2026-04-18 13:19:38,337:MySQL_Database.py#L200:INFO]: Restarting MySQL service...
[2026-04-18 13:19:46,781:MySQL_Database.py#L210:INFO]: Waiting for MySQL to become available...
[2026-04-18 13:19:46,847:MySQL_Database.py#L228:INFO]: MySQL is back up! (Took 0.07s)
[2026-04-18 13:19:46,847:MySQL_Database.py#L32:INFO]: Closed old MySQL connection.
[2026-04-18 13:19:46,909:MySQL_Database.py#L278:INFO]: Executing transpiled workload olap_workloads/ssb_flat_tiny_161.wg (15 queries)...
[2026-04-18 13:20:55,677:MySQL_Database.py#L305:INFO]: Workload olap_workloads/ssb_flat_tiny_161.wg executed successfully.
[2026-04-18 13:20:55,677:run_diverse_configs.py#L206:INFO]: Performance for config 2: 4.584457273750256
[2026-04-18 13:20:55,677:run_diverse_configs.py#L137:INFO]: Running config 3/10 for ssb_flat_tiny_161
[2026-04-18 13:20:55,678:MySQL_Database.py#L253:INFO]: Transpiling workload from PostgreSQL to MySQL syntax...
[2026-04-18 13:20:55,701:MySQL_Database.py#L81:INFO]: MySQL knobs persisted to mysqld-auto.cnf. Restarting to apply...
[2026-04-18 13:20:55,701:MySQL_Database.py#L200:INFO]: Restarting MySQL service...
[2026-04-18 13:21:04,494:MySQL_Database.py#L210:INFO]: Waiting for MySQL to become available...
[2026-04-18 13:21:04,617:MySQL_Database.py#L228:INFO]: MySQL is back up! (Took 0.12s)
[2026-04-18 13:21:04,618:MySQL_Database.py#L32:INFO]: Closed old MySQL connection.
[2026-04-18 13:21:04,733:MySQL_Database.py#L278:INFO]: Executing transpiled workload olap_workloads/ssb_flat_tiny_161.wg (15 queries)...
[2026-04-18 13:22:13,445:MySQL_Database.py#L305:INFO]: Workload olap_workloads/ssb_flat_tiny_161.wg executed successfully.
[2026-04-18 13:22:13,445:run_diverse_configs.py#L206:INFO]: Performance for config 3: 4.5807069768197834
[2026-04-18 13:22:13,445:run_diverse_configs.py#L137:INFO]: Running config 4/10 for ssb_flat_tiny_161
[2026-04-18 13:22:13,445:MySQL_Database.py#L253:INFO]: Transpiling workload from PostgreSQL to MySQL syntax...
[2026-04-18 13:22:13,466:MySQL_Database.py#L81:INFO]: MySQL knobs persisted to mysqld-auto.cnf. Restarting to apply...
[2026-04-18 13:22:13,466:MySQL_Database.py#L200:INFO]: Restarting MySQL service...
[2026-04-18 13:22:21,858:MySQL_Database.py#L210:INFO]: Waiting for MySQL to become available...
[2026-04-18 13:22:21,951:MySQL_Database.py#L228:INFO]: MySQL is back up! (Took 0.09s)
[2026-04-18 13:22:21,951:MySQL_Database.py#L32:INFO]: Closed old MySQL connection.
[2026-04-18 13:22:22,067:MySQL_Database.py#L278:INFO]: Executing transpiled workload olap_workloads/ssb_flat_tiny_161.wg (15 queries)...
[2026-04-18 13:23:31,029:MySQL_Database.py#L305:INFO]: Workload olap_workloads/ssb_flat_tiny_161.wg executed successfully.
[2026-04-18 13:23:31,029:run_diverse_configs.py#L206:INFO]: Performance for config 4: 4.5974060726041595
[2026-04-18 13:23:31,029:run_diverse_configs.py#L137:INFO]: Running config 5/10 for ssb_flat_tiny_161
[2026-04-18 13:23:31,030:MySQL_Database.py#L253:INFO]: Transpiling workload from PostgreSQL to MySQL syntax...
[2026-04-18 13:23:31,060:MySQL_Database.py#L81:INFO]: MySQL knobs persisted to mysqld-auto.cnf. Restarting to apply...
[2026-04-18 13:23:31,060:MySQL_Database.py#L200:INFO]: Restarting MySQL service...
[2026-04-18 13:23:39,810:MySQL_Database.py#L210:INFO]: Waiting for MySQL to become available...
[2026-04-18 13:23:39,886:MySQL_Database.py#L228:INFO]: MySQL is back up! (Took 0.08s)
[2026-04-18 13:23:39,886:MySQL_Database.py#L32:INFO]: Closed old MySQL connection.
[2026-04-18 13:23:39,974:MySQL_Database.py#L278:INFO]: Executing transpiled workload olap_workloads/ssb_flat_tiny_161.wg (15 queries)...
[2026-04-18 13:24:48,186:MySQL_Database.py#L305:INFO]: Workload olap_workloads/ssb_flat_tiny_161.wg executed successfully.
[2026-04-18 13:24:48,186:run_diverse_configs.py#L206:INFO]: Performance for config 5: 4.547369167394936
[2026-04-18 13:24:48,186:run_diverse_configs.py#L137:INFO]: Running config 6/10 for ssb_flat_tiny_161
[2026-04-18 13:24:48,186:MySQL_Database.py#L253:INFO]: Transpiling workload from PostgreSQL to MySQL syntax...
[2026-04-18 13:24:48,216:MySQL_Database.py#L81:INFO]: MySQL knobs persisted to mysqld-auto.cnf. Restarting to apply...
[2026-04-18 13:24:48,217:MySQL_Database.py#L200:INFO]: Restarting MySQL service...
[2026-04-18 13:24:56,208:MySQL_Database.py#L210:INFO]: Waiting for MySQL to become available...
[2026-04-18 13:24:56,274:MySQL_Database.py#L228:INFO]: MySQL is back up! (Took 0.07s)
[2026-04-18 13:24:56,274:MySQL_Database.py#L32:INFO]: Closed old MySQL connection.
[2026-04-18 13:24:56,335:MySQL_Database.py#L278:INFO]: Executing transpiled workload olap_workloads/ssb_flat_tiny_161.wg (15 queries)...
[2026-04-18 13:26:05,813:MySQL_Database.py#L305:INFO]: Workload olap_workloads/ssb_flat_tiny_161.wg executed successfully.
[2026-04-18 13:26:05,813:run_diverse_configs.py#L206:INFO]: Performance for config 6: 4.631793041992933
[2026-04-18 13:26:05,813:run_diverse_configs.py#L137:INFO]: Running config 7/10 for ssb_flat_tiny_161
[2026-04-18 13:26:05,813:MySQL_Database.py#L253:INFO]: Transpiling workload from PostgreSQL to MySQL syntax...
[2026-04-18 13:26:05,845:MySQL_Database.py#L81:INFO]: MySQL knobs persisted to mysqld-auto.cnf. Restarting to apply...
[2026-04-18 13:26:05,845:MySQL_Database.py#L200:INFO]: Restarting MySQL service...
[2026-04-18 13:26:14,046:MySQL_Database.py#L210:INFO]: Waiting for MySQL to become available...
[2026-04-18 13:26:14,188:MySQL_Database.py#L228:INFO]: MySQL is back up! (Took 0.14s)
[2026-04-18 13:26:14,189:MySQL_Database.py#L32:INFO]: Closed old MySQL connection.
[2026-04-18 13:26:14,276:MySQL_Database.py#L278:INFO]: Executing transpiled workload olap_workloads/ssb_flat_tiny_161.wg (15 queries)...
[2026-04-18 13:27:23,020:MySQL_Database.py#L305:INFO]: Workload olap_workloads/ssb_flat_tiny_161.wg executed successfully.
[2026-04-18 13:27:23,020:run_diverse_configs.py#L206:INFO]: Performance for config 7: 4.582839067808042
[2026-04-18 13:27:23,020:run_diverse_configs.py#L137:INFO]: Running config 8/10 for ssb_flat_tiny_161
[2026-04-18 13:27:23,021:MySQL_Database.py#L253:INFO]: Transpiling workload from PostgreSQL to MySQL syntax...
[2026-04-18 13:27:23,048:MySQL_Database.py#L81:INFO]: MySQL knobs persisted to mysqld-auto.cnf. Restarting to apply...
[2026-04-18 13:27:23,048:MySQL_Database.py#L200:INFO]: Restarting MySQL service...
[2026-04-18 13:27:31,496:MySQL_Database.py#L210:INFO]: Waiting for MySQL to become available...
[2026-04-18 13:27:31,575:MySQL_Database.py#L228:INFO]: MySQL is back up! (Took 0.08s)
[2026-04-18 13:27:31,576:MySQL_Database.py#L32:INFO]: Closed old MySQL connection.
[2026-04-18 13:27:31,693:MySQL_Database.py#L278:INFO]: Executing transpiled workload olap_workloads/ssb_flat_tiny_161.wg (15 queries)...
[2026-04-18 13:28:38,938:MySQL_Database.py#L305:INFO]: Workload olap_workloads/ssb_flat_tiny_161.wg executed successfully.
[2026-04-18 13:28:38,939:run_diverse_configs.py#L206:INFO]: Performance for config 8: 4.483002159527192
[2026-04-18 13:28:38,939:run_diverse_configs.py#L137:INFO]: Running config 9/10 for ssb_flat_tiny_161
[2026-04-18 13:28:38,939:MySQL_Database.py#L253:INFO]: Transpiling workload from PostgreSQL to MySQL syntax...
[2026-04-18 13:28:38,969:MySQL_Database.py#L81:INFO]: MySQL knobs persisted to mysqld-auto.cnf. Restarting to apply...
[2026-04-18 13:28:38,969:MySQL_Database.py#L200:INFO]: Restarting MySQL service...
[2026-04-18 13:28:46,863:MySQL_Database.py#L210:INFO]: Waiting for MySQL to become available...
[2026-04-18 13:28:46,939:MySQL_Database.py#L228:INFO]: MySQL is back up! (Took 0.08s)
[2026-04-18 13:28:46,940:MySQL_Database.py#L32:INFO]: Closed old MySQL connection.
[2026-04-18 13:28:47,000:MySQL_Database.py#L278:INFO]: Executing transpiled workload olap_workloads/ssb_flat_tiny_161.wg (15 queries)...
[2026-04-18 13:29:54,162:MySQL_Database.py#L305:INFO]: Workload olap_workloads/ssb_flat_tiny_161.wg executed successfully.
[2026-04-18 13:29:54,162:run_diverse_configs.py#L206:INFO]: Performance for config 9: 4.477432696272929
[2026-04-18 13:29:54,163:run_diverse_configs.py#L137:INFO]: Running config 10/10 for ssb_flat_tiny_161
[2026-04-18 13:29:54,163:MySQL_Database.py#L253:INFO]: Transpiling workload from PostgreSQL to MySQL syntax...
[2026-04-18 13:29:54,194:MySQL_Database.py#L81:INFO]: MySQL knobs persisted to mysqld-auto.cnf. Restarting to apply...
[2026-04-18 13:29:54,194:MySQL_Database.py#L200:INFO]: Restarting MySQL service...
[2026-04-18 13:30:02,384:MySQL_Database.py#L210:INFO]: Waiting for MySQL to become available...
[2026-04-18 13:30:02,453:MySQL_Database.py#L228:INFO]: MySQL is back up! (Took 0.07s)
[2026-04-18 13:30:02,453:MySQL_Database.py#L32:INFO]: Closed old MySQL connection.
[2026-04-18 13:30:02,515:MySQL_Database.py#L278:INFO]: Executing transpiled workload olap_workloads/ssb_flat_tiny_161.wg (15 queries)...
[2026-04-18 13:31:13,208:MySQL_Database.py#L305:INFO]: Workload olap_workloads/ssb_flat_tiny_161.wg executed successfully.
[2026-04-18 13:31:13,208:run_diverse_configs.py#L206:INFO]: Performance for config 10: 4.712846626403431
[2026-04-18 13:31:13,209:run_diverse_configs.py#L129:INFO]: Running 10 configs for ssb_flat_tiny_229
[2026-04-18 13:31:13,209:run_diverse_configs.py#L137:INFO]: Running config 1/10 for ssb_flat_tiny_229
[2026-04-18 13:31:13,215:MySQL_Database.py#L253:INFO]: Transpiling workload from PostgreSQL to MySQL syntax...
[2026-04-18 13:31:13,244:MySQL_Database.py#L81:INFO]: MySQL knobs persisted to mysqld-auto.cnf. Restarting to apply...
[2026-04-18 13:31:13,244:MySQL_Database.py#L200:INFO]: Restarting MySQL service...
[2026-04-18 13:31:21,937:MySQL_Database.py#L210:INFO]: Waiting for MySQL to become available...
[2026-04-18 13:31:22,005:MySQL_Database.py#L228:INFO]: MySQL is back up! (Took 0.07s)
[2026-04-18 13:31:22,005:MySQL_Database.py#L32:INFO]: Closed old MySQL connection.
[2026-04-18 13:31:22,066:MySQL_Database.py#L278:INFO]: Executing transpiled workload olap_workloads/ssb_flat_tiny_229.wg (17 queries)...
[2026-04-18 13:32:54,138:MySQL_Database.py#L305:INFO]: Workload olap_workloads/ssb_flat_tiny_229.wg executed successfully.
[2026-04-18 13:32:54,138:run_diverse_configs.py#L206:INFO]: Performance for config 1: 5.41596819416565
[2026-04-18 13:32:54,138:run_diverse_configs.py#L137:INFO]: Running config 2/10 for ssb_flat_tiny_229
[2026-04-18 13:32:54,139:MySQL_Database.py#L253:INFO]: Transpiling workload from PostgreSQL to MySQL syntax...
[2026-04-18 13:32:54,168:MySQL_Database.py#L81:INFO]: MySQL knobs persisted to mysqld-auto.cnf. Restarting to apply...
[2026-04-18 13:32:54,168:MySQL_Database.py#L200:INFO]: Restarting MySQL service...
[2026-04-18 13:33:02,314:MySQL_Database.py#L210:INFO]: Waiting for MySQL to become available...
[2026-04-18 13:33:02,385:MySQL_Database.py#L228:INFO]: MySQL is back up! (Took 0.07s)
[2026-04-18 13:33:02,385:MySQL_Database.py#L32:INFO]: Closed old MySQL connection.
[2026-04-18 13:33:02,447:MySQL_Database.py#L278:INFO]: Executing transpiled workload olap_workloads/ssb_flat_tiny_229.wg (17 queries)...
[2026-04-18 13:34:34,641:MySQL_Database.py#L305:INFO]: Workload olap_workloads/ssb_flat_tiny_229.wg executed successfully.
[2026-04-18 13:34:34,641:run_diverse_configs.py#L206:INFO]: Performance for config 2: 5.423182526000721
[2026-04-18 13:34:34,642:run_diverse_configs.py#L137:INFO]: Running config 3/10 for ssb_flat_tiny_229
[2026-04-18 13:34:34,642:MySQL_Database.py#L253:INFO]: Transpiling workload from PostgreSQL to MySQL syntax...
[2026-04-18 13:34:34,672:MySQL_Database.py#L81:INFO]: MySQL knobs persisted to mysqld-auto.cnf. Restarting to apply...
[2026-04-18 13:34:34,672:MySQL_Database.py#L200:INFO]: Restarting MySQL service...
[2026-04-18 13:34:42,969:MySQL_Database.py#L210:INFO]: Waiting for MySQL to become available...
[2026-04-18 13:34:43,032:MySQL_Database.py#L228:INFO]: MySQL is back up! (Took 0.06s)
[2026-04-18 13:34:43,033:MySQL_Database.py#L32:INFO]: Closed old MySQL connection.
[2026-04-18 13:34:43,093:MySQL_Database.py#L278:INFO]: Executing transpiled workload olap_workloads/ssb_flat_tiny_229.wg (17 queries)...
[2026-04-18 13:36:14,756:MySQL_Database.py#L305:INFO]: Workload olap_workloads/ssb_flat_tiny_229.wg executed successfully.
[2026-04-18 13:36:14,756:run_diverse_configs.py#L206:INFO]: Performance for config 3: 5.39186696048059
[2026-04-18 13:36:14,756:run_diverse_configs.py#L137:INFO]: Running config 4/10 for ssb_flat_tiny_229
[2026-04-18 13:36:14,757:MySQL_Database.py#L253:INFO]: Transpiling workload from PostgreSQL to MySQL syntax...
[2026-04-18 13:36:14,786:MySQL_Database.py#L81:INFO]: MySQL knobs persisted to mysqld-auto.cnf. Restarting to apply...
[2026-04-18 13:36:14,786:MySQL_Database.py#L200:INFO]: Restarting MySQL service...
[2026-04-18 13:36:23,183:MySQL_Database.py#L210:INFO]: Waiting for MySQL to become available...
[2026-04-18 13:36:23,292:MySQL_Database.py#L228:INFO]: MySQL is back up! (Took 0.11s)
[2026-04-18 13:36:23,292:MySQL_Database.py#L32:INFO]: Closed old MySQL connection.
[2026-04-18 13:36:23,410:MySQL_Database.py#L278:INFO]: Executing transpiled workload olap_workloads/ssb_flat_tiny_229.wg (17 queries)...
[2026-04-18 13:37:54,684:MySQL_Database.py#L305:INFO]: Workload olap_workloads/ssb_flat_tiny_229.wg executed successfully.
[2026-04-18 13:37:54,685:run_diverse_configs.py#L206:INFO]: Performance for config 4: 5.369033208719509
[2026-04-18 13:37:54,685:run_diverse_configs.py#L137:INFO]: Running config 5/10 for ssb_flat_tiny_229
[2026-04-18 13:37:54,685:MySQL_Database.py#L253:INFO]: Transpiling workload from PostgreSQL to MySQL syntax...
[2026-04-18 13:37:54,714:MySQL_Database.py#L81:INFO]: MySQL knobs persisted to mysqld-auto.cnf. Restarting to apply...
[2026-04-18 13:37:54,714:MySQL_Database.py#L200:INFO]: Restarting MySQL service...
[2026-04-18 13:38:02,703:MySQL_Database.py#L210:INFO]: Waiting for MySQL to become available...
[2026-04-18 13:38:02,826:MySQL_Database.py#L228:INFO]: MySQL is back up! (Took 0.12s)
[2026-04-18 13:38:02,826:MySQL_Database.py#L32:INFO]: Closed old MySQL connection.
[2026-04-18 13:38:02,946:MySQL_Database.py#L278:INFO]: Executing transpiled workload olap_workloads/ssb_flat_tiny_229.wg (17 queries)...
[2026-04-18 13:39:34,139:MySQL_Database.py#L305:INFO]: Workload olap_workloads/ssb_flat_tiny_229.wg executed successfully.
[2026-04-18 13:39:34,139:run_diverse_configs.py#L206:INFO]: Performance for config 5: 5.36429051413913
[2026-04-18 13:39:34,140:run_diverse_configs.py#L137:INFO]: Running config 6/10 for ssb_flat_tiny_229
[2026-04-18 13:39:34,140:MySQL_Database.py#L253:INFO]: Transpiling workload from PostgreSQL to MySQL syntax...
[2026-04-18 13:39:34,171:MySQL_Database.py#L81:INFO]: MySQL knobs persisted to mysqld-auto.cnf. Restarting to apply...
[2026-04-18 13:39:34,171:MySQL_Database.py#L200:INFO]: Restarting MySQL service...
[2026-04-18 13:39:42,715:MySQL_Database.py#L210:INFO]: Waiting for MySQL to become available...
[2026-04-18 13:39:42,785:MySQL_Database.py#L228:INFO]: MySQL is back up! (Took 0.07s)
[2026-04-18 13:39:42,785:MySQL_Database.py#L32:INFO]: Closed old MySQL connection.
[2026-04-18 13:39:42,847:MySQL_Database.py#L278:INFO]: Executing transpiled workload olap_workloads/ssb_flat_tiny_229.wg (17 queries)...
[2026-04-18 13:41:14,663:MySQL_Database.py#L305:INFO]: Workload olap_workloads/ssb_flat_tiny_229.wg executed successfully.
[2026-04-18 13:41:14,664:run_diverse_configs.py#L206:INFO]: Performance for config 6: 5.400921113706906
[2026-04-18 13:41:14,664:run_diverse_configs.py#L137:INFO]: Running config 7/10 for ssb_flat_tiny_229
[2026-04-18 13:41:14,664:MySQL_Database.py#L253:INFO]: Transpiling workload from PostgreSQL to MySQL syntax...
[2026-04-18 13:41:14,694:MySQL_Database.py#L81:INFO]: MySQL knobs persisted to mysqld-auto.cnf. Restarting to apply...
[2026-04-18 13:41:14,694:MySQL_Database.py#L200:INFO]: Restarting MySQL service...
[2026-04-18 13:41:23,290:MySQL_Database.py#L210:INFO]: Waiting for MySQL to become available...
[2026-04-18 13:41:23,367:MySQL_Database.py#L228:INFO]: MySQL is back up! (Took 0.08s)
[2026-04-18 13:41:23,367:MySQL_Database.py#L32:INFO]: Closed old MySQL connection.
[2026-04-18 13:41:23,428:MySQL_Database.py#L278:INFO]: Executing transpiled workload olap_workloads/ssb_flat_tiny_229.wg (17 queries)...
[2026-04-18 13:42:55,039:MySQL_Database.py#L305:INFO]: Workload olap_workloads/ssb_flat_tiny_229.wg executed successfully.
[2026-04-18 13:42:55,039:run_diverse_configs.py#L206:INFO]: Performance for config 7: 5.388866273056277
[2026-04-18 13:42:55,039:run_diverse_configs.py#L137:INFO]: Running config 8/10 for ssb_flat_tiny_229
[2026-04-18 13:42:55,040:MySQL_Database.py#L253:INFO]: Transpiling workload from PostgreSQL to MySQL syntax...
[2026-04-18 13:42:55,069:MySQL_Database.py#L81:INFO]: MySQL knobs persisted to mysqld-auto.cnf. Restarting to apply...
[2026-04-18 13:42:55,069:MySQL_Database.py#L200:INFO]: Restarting MySQL service...
[2026-04-18 13:43:03,664:MySQL_Database.py#L210:INFO]: Waiting for MySQL to become available...
[2026-04-18 13:43:03,772:MySQL_Database.py#L228:INFO]: MySQL is back up! (Took 0.11s)
[2026-04-18 13:43:03,772:MySQL_Database.py#L32:INFO]: Closed old MySQL connection.
[2026-04-18 13:43:03,854:MySQL_Database.py#L278:INFO]: Executing transpiled workload olap_workloads/ssb_flat_tiny_229.wg (17 queries)...
[2026-04-18 13:44:35,014:MySQL_Database.py#L305:INFO]: Workload olap_workloads/ssb_flat_tiny_229.wg executed successfully.
[2026-04-18 13:44:35,014:run_diverse_configs.py#L206:INFO]: Performance for config 8: 5.362304530407795
[2026-04-18 13:44:35,015:run_diverse_configs.py#L137:INFO]: Running config 9/10 for ssb_flat_tiny_229
[2026-04-18 13:44:35,015:MySQL_Database.py#L253:INFO]: Transpiling workload from PostgreSQL to MySQL syntax...
[2026-04-18 13:44:35,045:MySQL_Database.py#L81:INFO]: MySQL knobs persisted to mysqld-auto.cnf. Restarting to apply...
[2026-04-18 13:44:35,046:MySQL_Database.py#L200:INFO]: Restarting MySQL service...
[2026-04-18 13:44:43,086:MySQL_Database.py#L210:INFO]: Waiting for MySQL to become available...
[2026-04-18 13:44:43,161:MySQL_Database.py#L228:INFO]: MySQL is back up! (Took 0.07s)
[2026-04-18 13:44:43,161:MySQL_Database.py#L32:INFO]: Closed old MySQL connection.
[2026-04-18 13:44:43,222:MySQL_Database.py#L278:INFO]: Executing transpiled workload olap_workloads/ssb_flat_tiny_229.wg (17 queries)...
[2026-04-18 13:46:15,676:MySQL_Database.py#L305:INFO]: Workload olap_workloads/ssb_flat_tiny_229.wg executed successfully.
[2026-04-18 13:46:15,677:run_diverse_configs.py#L206:INFO]: Performance for config 9: 5.438434878638124
[2026-04-18 13:46:15,677:run_diverse_configs.py#L137:INFO]: Running config 10/10 for ssb_flat_tiny_229
[2026-04-18 13:46:15,677:MySQL_Database.py#L253:INFO]: Transpiling workload from PostgreSQL to MySQL syntax...
[2026-04-18 13:46:15,711:MySQL_Database.py#L81:INFO]: MySQL knobs persisted to mysqld-auto.cnf. Restarting to apply...
[2026-04-18 13:46:15,711:MySQL_Database.py#L200:INFO]: Restarting MySQL service...
[2026-04-18 13:46:24,463:MySQL_Database.py#L210:INFO]: Waiting for MySQL to become available...
[2026-04-18 13:46:24,586:MySQL_Database.py#L228:INFO]: MySQL is back up! (Took 0.12s)
[2026-04-18 13:46:24,587:MySQL_Database.py#L32:INFO]: Closed old MySQL connection.
[2026-04-18 13:46:24,708:MySQL_Database.py#L278:INFO]: Executing transpiled workload olap_workloads/ssb_flat_tiny_229.wg (17 queries)...
[2026-04-18 13:47:55,762:MySQL_Database.py#L305:INFO]: Workload olap_workloads/ssb_flat_tiny_229.wg executed successfully.
[2026-04-18 13:47:55,762:run_diverse_configs.py#L206:INFO]: Performance for config 10: 5.356060004519189
[2026-04-18 13:47:55,763:run_diverse_configs.py#L129:INFO]: Running 10 configs for ssb_flat_tiny_43
[2026-04-18 13:47:55,763:run_diverse_configs.py#L137:INFO]: Running config 1/10 for ssb_flat_tiny_43
[2026-04-18 13:47:55,769:MySQL_Database.py#L253:INFO]: Transpiling workload from PostgreSQL to MySQL syntax...
[2026-04-18 13:47:55,801:MySQL_Database.py#L81:INFO]: MySQL knobs persisted to mysqld-auto.cnf. Restarting to apply...
[2026-04-18 13:47:55,801:MySQL_Database.py#L200:INFO]: Restarting MySQL service...
[2026-04-18 13:48:04,044:MySQL_Database.py#L210:INFO]: Waiting for MySQL to become available...
[2026-04-18 13:48:04,109:MySQL_Database.py#L228:INFO]: MySQL is back up! (Took 0.06s)
[2026-04-18 13:48:04,109:MySQL_Database.py#L32:INFO]: Closed old MySQL connection.
[2026-04-18 13:48:04,170:MySQL_Database.py#L278:INFO]: Executing transpiled workload olap_workloads/ssb_flat_tiny_43.wg (17 queries)...
[2026-04-18 13:49:26,417:MySQL_Database.py#L305:INFO]: Workload olap_workloads/ssb_flat_tiny_43.wg executed successfully.
[2026-04-18 13:49:26,417:run_diverse_configs.py#L206:INFO]: Performance for config 1: 4.838070991640801
[2026-04-18 13:49:26,418:run_diverse_configs.py#L137:INFO]: Running config 2/10 for ssb_flat_tiny_43
[2026-04-18 13:49:26,418:MySQL_Database.py#L253:INFO]: Transpiling workload from PostgreSQL to MySQL syntax...
[2026-04-18 13:49:26,448:MySQL_Database.py#L81:INFO]: MySQL knobs persisted to mysqld-auto.cnf. Restarting to apply...
[2026-04-18 13:49:26,448:MySQL_Database.py#L200:INFO]: Restarting MySQL service...
[2026-04-18 13:49:34,289:MySQL_Database.py#L210:INFO]: Waiting for MySQL to become available...
[2026-04-18 13:49:34,357:MySQL_Database.py#L228:INFO]: MySQL is back up! (Took 0.07s)
[2026-04-18 13:49:34,357:MySQL_Database.py#L32:INFO]: Closed old MySQL connection.
[2026-04-18 13:49:34,419:MySQL_Database.py#L278:INFO]: Executing transpiled workload olap_workloads/ssb_flat_tiny_43.wg (17 queries)...
[2026-04-18 13:50:57,857:MySQL_Database.py#L305:INFO]: Workload olap_workloads/ssb_flat_tiny_43.wg executed successfully.
[2026-04-18 13:50:57,858:run_diverse_configs.py#L206:INFO]: Performance for config 2: 4.908114233300747
[2026-04-18 13:50:57,858:run_diverse_configs.py#L137:INFO]: Running config 3/10 for ssb_flat_tiny_43
[2026-04-18 13:50:57,858:MySQL_Database.py#L253:INFO]: Transpiling workload from PostgreSQL to MySQL syntax...
[2026-04-18 13:50:57,881:MySQL_Database.py#L81:INFO]: MySQL knobs persisted to mysqld-auto.cnf. Restarting to apply...
[2026-04-18 13:50:57,881:MySQL_Database.py#L200:INFO]: Restarting MySQL service...
[2026-04-18 13:51:05,873:MySQL_Database.py#L210:INFO]: Waiting for MySQL to become available...
[2026-04-18 13:51:05,950:MySQL_Database.py#L228:INFO]: MySQL is back up! (Took 0.08s)
[2026-04-18 13:51:05,950:MySQL_Database.py#L32:INFO]: Closed old MySQL connection.
[2026-04-18 13:51:06,017:MySQL_Database.py#L278:INFO]: Executing transpiled workload olap_workloads/ssb_flat_tiny_43.wg (17 queries)...
[2026-04-18 13:52:28,301:MySQL_Database.py#L305:INFO]: Workload olap_workloads/ssb_flat_tiny_43.wg executed successfully.
[2026-04-18 13:52:28,302:run_diverse_configs.py#L206:INFO]: Performance for config 3: 4.840211364358445
[2026-04-18 13:52:28,312:run_diverse_configs.py#L137:INFO]: Running config 4/10 for ssb_flat_tiny_43
[2026-04-18 13:52:28,313:MySQL_Database.py#L253:INFO]: Transpiling workload from PostgreSQL to MySQL syntax...
[2026-04-18 13:52:28,332:MySQL_Database.py#L81:INFO]: MySQL knobs persisted to mysqld-auto.cnf. Restarting to apply...
[2026-04-18 13:52:28,332:MySQL_Database.py#L200:INFO]: Restarting MySQL service...
[2026-04-18 13:52:36,373:MySQL_Database.py#L210:INFO]: Waiting for MySQL to become available...
[2026-04-18 13:52:36,438:MySQL_Database.py#L228:INFO]: MySQL is back up! (Took 0.06s)
[2026-04-18 13:52:36,438:MySQL_Database.py#L32:INFO]: Closed old MySQL connection.
[2026-04-18 13:52:36,499:MySQL_Database.py#L278:INFO]: Executing transpiled workload olap_workloads/ssb_flat_tiny_43.wg (17 queries)...
[2026-04-18 13:53:59,409:MySQL_Database.py#L305:INFO]: Workload olap_workloads/ssb_flat_tiny_43.wg executed successfully.
[2026-04-18 13:53:59,409:run_diverse_configs.py#L206:INFO]: Performance for config 4: 4.877014050588889
[2026-04-18 13:53:59,410:run_diverse_configs.py#L137:INFO]: Running config 5/10 for ssb_flat_tiny_43
[2026-04-18 13:53:59,410:MySQL_Database.py#L253:INFO]: Transpiling workload from PostgreSQL to MySQL syntax...
[2026-04-18 13:53:59,443:MySQL_Database.py#L81:INFO]: MySQL knobs persisted to mysqld-auto.cnf. Restarting to apply...
[2026-04-18 13:53:59,443:MySQL_Database.py#L200:INFO]: Restarting MySQL service...
[2026-04-18 13:54:07,836:MySQL_Database.py#L210:INFO]: Waiting for MySQL to become available...
[2026-04-18 13:54:07,902:MySQL_Database.py#L228:INFO]: MySQL is back up! (Took 0.07s)
[2026-04-18 13:54:07,902:MySQL_Database.py#L32:INFO]: Closed old MySQL connection.
[2026-04-18 13:54:07,963:MySQL_Database.py#L278:INFO]: Executing transpiled workload olap_workloads/ssb_flat_tiny_43.wg (17 queries)...
[2026-04-18 13:55:30,019:MySQL_Database.py#L305:INFO]: Workload olap_workloads/ssb_flat_tiny_43.wg executed successfully.
[2026-04-18 13:55:30,019:run_diverse_configs.py#L206:INFO]: Performance for config 5: 4.826750794754309
[2026-04-18 13:55:30,019:run_diverse_configs.py#L137:INFO]: Running config 6/10 for ssb_flat_tiny_43
[2026-04-18 13:55:30,020:MySQL_Database.py#L253:INFO]: Transpiling workload from PostgreSQL to MySQL syntax...
[2026-04-18 13:55:30,049:MySQL_Database.py#L81:INFO]: MySQL knobs persisted to mysqld-auto.cnf. Restarting to apply...
[2026-04-18 13:55:30,049:MySQL_Database.py#L200:INFO]: Restarting MySQL service...
[2026-04-18 13:55:38,391:MySQL_Database.py#L210:INFO]: Waiting for MySQL to become available...
[2026-04-18 13:55:38,461:MySQL_Database.py#L228:INFO]: MySQL is back up! (Took 0.07s)
[2026-04-18 13:55:38,461:MySQL_Database.py#L32:INFO]: Closed old MySQL connection.
[2026-04-18 13:55:38,523:MySQL_Database.py#L278:INFO]: Executing transpiled workload olap_workloads/ssb_flat_tiny_43.wg (17 queries)...
[2026-04-18 13:57:00,706:MySQL_Database.py#L305:INFO]: Workload olap_workloads/ssb_flat_tiny_43.wg executed successfully.
[2026-04-18 13:57:00,706:run_diverse_configs.py#L206:INFO]: Performance for config 6: 4.834246638943167
[2026-04-18 13:57:00,706:run_diverse_configs.py#L137:INFO]: Running config 7/10 for ssb_flat_tiny_43
[2026-04-18 13:57:00,706:MySQL_Database.py#L253:INFO]: Transpiling workload from PostgreSQL to MySQL syntax...
[2026-04-18 13:57:00,737:MySQL_Database.py#L81:INFO]: MySQL knobs persisted to mysqld-auto.cnf. Restarting to apply...
[2026-04-18 13:57:00,737:MySQL_Database.py#L200:INFO]: Restarting MySQL service...
[2026-04-18 13:57:08,728:MySQL_Database.py#L210:INFO]: Waiting for MySQL to become available...
[2026-04-18 13:57:08,792:MySQL_Database.py#L228:INFO]: MySQL is back up! (Took 0.06s)
[2026-04-18 13:57:08,792:MySQL_Database.py#L32:INFO]: Closed old MySQL connection.
[2026-04-18 13:57:08,853:MySQL_Database.py#L278:INFO]: Executing transpiled workload olap_workloads/ssb_flat_tiny_43.wg (17 queries)...
[2026-04-18 13:58:31,209:MySQL_Database.py#L305:INFO]: Workload olap_workloads/ssb_flat_tiny_43.wg executed successfully.
[2026-04-18 13:58:31,209:run_diverse_configs.py#L206:INFO]: Performance for config 7: 4.844446537824457
[2026-04-18 13:58:31,210:run_diverse_configs.py#L137:INFO]: Running config 8/10 for ssb_flat_tiny_43
[2026-04-18 13:58:31,210:MySQL_Database.py#L253:INFO]: Transpiling workload from PostgreSQL to MySQL syntax...
[2026-04-18 13:58:31,247:MySQL_Database.py#L81:INFO]: MySQL knobs persisted to mysqld-auto.cnf. Restarting to apply...
[2026-04-18 13:58:31,247:MySQL_Database.py#L200:INFO]: Restarting MySQL service...
[2026-04-18 13:58:39,088:MySQL_Database.py#L210:INFO]: Waiting for MySQL to become available...
[2026-04-18 13:58:39,158:MySQL_Database.py#L228:INFO]: MySQL is back up! (Took 0.07s)
[2026-04-18 13:58:39,158:MySQL_Database.py#L32:INFO]: Closed old MySQL connection.
[2026-04-18 13:58:39,219:MySQL_Database.py#L278:INFO]: Executing transpiled workload olap_workloads/ssb_flat_tiny_43.wg (17 queries)...
[2026-04-18 14:00:01,832:MySQL_Database.py#L305:INFO]: Workload olap_workloads/ssb_flat_tiny_43.wg executed successfully.
[2026-04-18 14:00:01,833:run_diverse_configs.py#L206:INFO]: Performance for config 8: 4.859580197809812
[2026-04-18 14:00:01,833:run_diverse_configs.py#L137:INFO]: Running config 9/10 for ssb_flat_tiny_43
[2026-04-18 14:00:01,833:MySQL_Database.py#L253:INFO]: Transpiling workload from PostgreSQL to MySQL syntax...
[2026-04-18 14:00:01,862:MySQL_Database.py#L81:INFO]: MySQL knobs persisted to mysqld-auto.cnf. Restarting to apply...
[2026-04-18 14:00:01,862:MySQL_Database.py#L200:INFO]: Restarting MySQL service...
[2026-04-18 14:00:10,608:MySQL_Database.py#L210:INFO]: Waiting for MySQL to become available...
[2026-04-18 14:00:10,676:MySQL_Database.py#L228:INFO]: MySQL is back up! (Took 0.07s)
[2026-04-18 14:00:10,677:MySQL_Database.py#L32:INFO]: Closed old MySQL connection.
[2026-04-18 14:00:10,743:MySQL_Database.py#L278:INFO]: Executing transpiled workload olap_workloads/ssb_flat_tiny_43.wg (17 queries)...
[2026-04-18 14:01:35,325:MySQL_Database.py#L305:INFO]: Workload olap_workloads/ssb_flat_tiny_43.wg executed successfully.
[2026-04-18 14:01:35,325:run_diverse_configs.py#L206:INFO]: Performance for config 9: 4.975347089225098
[2026-04-18 14:01:35,325:run_diverse_configs.py#L137:INFO]: Running config 10/10 for ssb_flat_tiny_43
[2026-04-18 14:01:35,325:MySQL_Database.py#L253:INFO]: Transpiling workload from PostgreSQL to MySQL syntax...
[2026-04-18 14:01:35,355:MySQL_Database.py#L81:INFO]: MySQL knobs persisted to mysqld-auto.cnf. Restarting to apply...
[2026-04-18 14:01:35,355:MySQL_Database.py#L200:INFO]: Restarting MySQL service...
[2026-04-18 14:01:44,052:MySQL_Database.py#L210:INFO]: Waiting for MySQL to become available...
[2026-04-18 14:01:44,117:MySQL_Database.py#L228:INFO]: MySQL is back up! (Took 0.06s)
[2026-04-18 14:01:44,117:MySQL_Database.py#L32:INFO]: Closed old MySQL connection.
[2026-04-18 14:01:44,179:MySQL_Database.py#L278:INFO]: Executing transpiled workload olap_workloads/ssb_flat_tiny_43.wg (17 queries)...
[2026-04-18 14:03:08,888:MySQL_Database.py#L305:INFO]: Workload olap_workloads/ssb_flat_tiny_43.wg executed successfully.
[2026-04-18 14:03:08,888:run_diverse_configs.py#L206:INFO]: Performance for config 10: 4.982858720125959
[2026-04-18 14:03:08,889:run_diverse_configs.py#L129:INFO]: Running 10 configs for ssb_flat_tiny_154
[2026-04-18 14:03:08,889:run_diverse_configs.py#L137:INFO]: Running config 1/10 for ssb_flat_tiny_154
[2026-04-18 14:03:08,895:MySQL_Database.py#L253:INFO]: Transpiling workload from PostgreSQL to MySQL syntax...
[2026-04-18 14:03:08,927:MySQL_Database.py#L81:INFO]: MySQL knobs persisted to mysqld-auto.cnf. Restarting to apply...
[2026-04-18 14:03:08,928:MySQL_Database.py#L200:INFO]: Restarting MySQL service...
[2026-04-18 14:03:17,525:MySQL_Database.py#L210:INFO]: Waiting for MySQL to become available...
[2026-04-18 14:03:17,589:MySQL_Database.py#L228:INFO]: MySQL is back up! (Took 0.06s)
[2026-04-18 14:03:17,590:MySQL_Database.py#L32:INFO]: Closed old MySQL connection.
[2026-04-18 14:03:17,651:MySQL_Database.py#L278:INFO]: Executing transpiled workload olap_workloads/ssb_flat_tiny_154.wg (17 queries)...
[2026-04-18 14:05:20,079:MySQL_Database.py#L305:INFO]: Workload olap_workloads/ssb_flat_tiny_154.wg executed successfully.
[2026-04-18 14:05:20,079:run_diverse_configs.py#L206:INFO]: Performance for config 1: 7.2016530073631335
[2026-04-18 14:05:20,080:run_diverse_configs.py#L137:INFO]: Running config 2/10 for ssb_flat_tiny_154
[2026-04-18 14:05:20,080:MySQL_Database.py#L253:INFO]: Transpiling workload from PostgreSQL to MySQL syntax...
[2026-04-18 14:05:20,109:MySQL_Database.py#L81:INFO]: MySQL knobs persisted to mysqld-auto.cnf. Restarting to apply...
[2026-04-18 14:05:20,109:MySQL_Database.py#L200:INFO]: Restarting MySQL service...
[2026-04-18 14:05:27,949:MySQL_Database.py#L210:INFO]: Waiting for MySQL to become available...
[2026-04-18 14:05:28,055:MySQL_Database.py#L228:INFO]: MySQL is back up! (Took 0.11s)
[2026-04-18 14:05:28,056:MySQL_Database.py#L32:INFO]: Closed old MySQL connection.
[2026-04-18 14:05:28,173:MySQL_Database.py#L278:INFO]: Executing transpiled workload olap_workloads/ssb_flat_tiny_154.wg (17 queries)...
[2026-04-18 14:07:28,934:MySQL_Database.py#L305:INFO]: Workload olap_workloads/ssb_flat_tiny_154.wg executed successfully.
[2026-04-18 14:07:28,934:run_diverse_configs.py#L206:INFO]: Performance for config 2: 7.103526885949952
[2026-04-18 14:07:28,934:run_diverse_configs.py#L137:INFO]: Running config 3/10 for ssb_flat_tiny_154
[2026-04-18 14:07:28,935:MySQL_Database.py#L253:INFO]: Transpiling workload from PostgreSQL to MySQL syntax...
[2026-04-18 14:07:28,964:MySQL_Database.py#L81:INFO]: MySQL knobs persisted to mysqld-auto.cnf. Restarting to apply...
[2026-04-18 14:07:28,964:MySQL_Database.py#L200:INFO]: Restarting MySQL service...
[2026-04-18 14:07:37,257:MySQL_Database.py#L210:INFO]: Waiting for MySQL to become available...
[2026-04-18 14:07:37,333:MySQL_Database.py#L228:INFO]: MySQL is back up! (Took 0.08s)
[2026-04-18 14:07:37,334:MySQL_Database.py#L32:INFO]: Closed old MySQL connection.
[2026-04-18 14:07:37,395:MySQL_Database.py#L278:INFO]: Executing transpiled workload olap_workloads/ssb_flat_tiny_154.wg (17 queries)...
[2026-04-18 14:09:38,414:MySQL_Database.py#L305:INFO]: Workload olap_workloads/ssb_flat_tiny_154.wg executed successfully.
[2026-04-18 14:09:38,414:run_diverse_configs.py#L206:INFO]: Performance for config 3: 7.118738076129161
[2026-04-18 14:09:38,414:run_diverse_configs.py#L137:INFO]: Running config 4/10 for ssb_flat_tiny_154
[2026-04-18 14:09:38,415:MySQL_Database.py#L253:INFO]: Transpiling workload from PostgreSQL to MySQL syntax...
[2026-04-18 14:09:38,445:MySQL_Database.py#L81:INFO]: MySQL knobs persisted to mysqld-auto.cnf. Restarting to apply...
[2026-04-18 14:09:38,445:MySQL_Database.py#L200:INFO]: Restarting MySQL service...
[2026-04-18 14:09:46,589:MySQL_Database.py#L210:INFO]: Waiting for MySQL to become available...
[2026-04-18 14:09:46,657:MySQL_Database.py#L228:INFO]: MySQL is back up! (Took 0.07s)
[2026-04-18 14:09:46,657:MySQL_Database.py#L32:INFO]: Closed old MySQL connection.
[2026-04-18 14:09:46,720:MySQL_Database.py#L278:INFO]: Executing transpiled workload olap_workloads/ssb_flat_tiny_154.wg (17 queries)...
[2026-04-18 14:11:49,381:MySQL_Database.py#L305:INFO]: Workload olap_workloads/ssb_flat_tiny_154.wg executed successfully.
[2026-04-18 14:11:49,382:run_diverse_configs.py#L206:INFO]: Performance for config 4: 7.215369610417196
[2026-04-18 14:11:49,382:run_diverse_configs.py#L137:INFO]: Running config 5/10 for ssb_flat_tiny_154
[2026-04-18 14:11:49,382:MySQL_Database.py#L253:INFO]: Transpiling workload from PostgreSQL to MySQL syntax...
[2026-04-18 14:11:49,412:MySQL_Database.py#L81:INFO]: MySQL knobs persisted to mysqld-auto.cnf. Restarting to apply...
[2026-04-18 14:11:49,412:MySQL_Database.py#L200:INFO]: Restarting MySQL service...
[2026-04-18 14:11:58,111:MySQL_Database.py#L210:INFO]: Waiting for MySQL to become available...
[2026-04-18 14:11:58,178:MySQL_Database.py#L228:INFO]: MySQL is back up! (Took 0.07s)
[2026-04-18 14:11:58,178:MySQL_Database.py#L32:INFO]: Closed old MySQL connection.
[2026-04-18 14:11:58,238:MySQL_Database.py#L278:INFO]: Executing transpiled workload olap_workloads/ssb_flat_tiny_154.wg (17 queries)...
[2026-04-18 14:13:58,631:MySQL_Database.py#L305:INFO]: Workload olap_workloads/ssb_flat_tiny_154.wg executed successfully.
[2026-04-18 14:13:58,632:run_diverse_configs.py#L206:INFO]: Performance for config 5: 7.081904392251197
[2026-04-18 14:13:58,632:run_diverse_configs.py#L137:INFO]: Running config 6/10 for ssb_flat_tiny_154
[2026-04-18 14:13:58,632:MySQL_Database.py#L253:INFO]: Transpiling workload from PostgreSQL to MySQL syntax...
[2026-04-18 14:13:58,662:MySQL_Database.py#L81:INFO]: MySQL knobs persisted to mysqld-auto.cnf. Restarting to apply...
[2026-04-18 14:13:58,662:MySQL_Database.py#L200:INFO]: Restarting MySQL service...
[2026-04-18 14:14:06,503:MySQL_Database.py#L210:INFO]: Waiting for MySQL to become available...
[2026-04-18 14:14:06,611:MySQL_Database.py#L228:INFO]: MySQL is back up! (Took 0.11s)
[2026-04-18 14:14:06,612:MySQL_Database.py#L32:INFO]: Closed old MySQL connection.
[2026-04-18 14:14:06,672:MySQL_Database.py#L278:INFO]: Executing transpiled workload olap_workloads/ssb_flat_tiny_154.wg (17 queries)...
[2026-04-18 14:16:08,755:MySQL_Database.py#L305:INFO]: Workload olap_workloads/ssb_flat_tiny_154.wg executed successfully.
[2026-04-18 14:16:08,755:run_diverse_configs.py#L206:INFO]: Performance for config 6: 7.1813030427540925
[2026-04-18 14:16:08,755:run_diverse_configs.py#L137:INFO]: Running config 7/10 for ssb_flat_tiny_154
[2026-04-18 14:16:08,756:MySQL_Database.py#L253:INFO]: Transpiling workload from PostgreSQL to MySQL syntax...
[2026-04-18 14:16:08,786:MySQL_Database.py#L81:INFO]: MySQL knobs persisted to mysqld-auto.cnf. Restarting to apply...
[2026-04-18 14:16:08,786:MySQL_Database.py#L200:INFO]: Restarting MySQL service...
[2026-04-18 14:16:16,875:MySQL_Database.py#L210:INFO]: Waiting for MySQL to become available...
[2026-04-18 14:16:16,939:MySQL_Database.py#L228:INFO]: MySQL is back up! (Took 0.06s)
[2026-04-18 14:16:16,940:MySQL_Database.py#L32:INFO]: Closed old MySQL connection.
[2026-04-18 14:16:17,001:MySQL_Database.py#L278:INFO]: Executing transpiled workload olap_workloads/ssb_flat_tiny_154.wg (17 queries)...
[2026-04-18 14:18:17,955:MySQL_Database.py#L305:INFO]: Workload olap_workloads/ssb_flat_tiny_154.wg executed successfully.
[2026-04-18 14:18:17,956:run_diverse_configs.py#L206:INFO]: Performance for config 7: 7.1149300344781405
[2026-04-18 14:18:17,956:run_diverse_configs.py#L137:INFO]: Running config 8/10 for ssb_flat_tiny_154
[2026-04-18 14:18:17,956:MySQL_Database.py#L253:INFO]: Transpiling workload from PostgreSQL to MySQL syntax...
[2026-04-18 14:18:17,985:MySQL_Database.py#L81:INFO]: MySQL knobs persisted to mysqld-auto.cnf. Restarting to apply...
[2026-04-18 14:18:17,985:MySQL_Database.py#L200:INFO]: Restarting MySQL service...
[2026-04-18 14:18:26,226:MySQL_Database.py#L210:INFO]: Waiting for MySQL to become available...
[2026-04-18 14:18:26,299:MySQL_Database.py#L228:INFO]: MySQL is back up! (Took 0.07s)
[2026-04-18 14:18:26,299:MySQL_Database.py#L32:INFO]: Closed old MySQL connection.
[2026-04-18 14:18:26,360:MySQL_Database.py#L278:INFO]: Executing transpiled workload olap_workloads/ssb_flat_tiny_154.wg (17 queries)...
[2026-04-18 14:20:28,055:MySQL_Database.py#L305:INFO]: Workload olap_workloads/ssb_flat_tiny_154.wg executed successfully.
[2026-04-18 14:20:28,055:run_diverse_configs.py#L206:INFO]: Performance for config 8: 7.158479950472931
[2026-04-18 14:20:28,056:run_diverse_configs.py#L137:INFO]: Running config 9/10 for ssb_flat_tiny_154
[2026-04-18 14:20:28,056:MySQL_Database.py#L253:INFO]: Transpiling workload from PostgreSQL to MySQL syntax...
[2026-04-18 14:20:28,085:MySQL_Database.py#L81:INFO]: MySQL knobs persisted to mysqld-auto.cnf. Restarting to apply...
[2026-04-18 14:20:28,085:MySQL_Database.py#L200:INFO]: Restarting MySQL service...
[2026-04-18 14:20:36,582:MySQL_Database.py#L210:INFO]: Waiting for MySQL to become available...
[2026-04-18 14:20:36,647:MySQL_Database.py#L228:INFO]: MySQL is back up! (Took 0.06s)
[2026-04-18 14:20:36,647:MySQL_Database.py#L32:INFO]: Closed old MySQL connection.
[2026-04-18 14:20:36,709:MySQL_Database.py#L278:INFO]: Executing transpiled workload olap_workloads/ssb_flat_tiny_154.wg (17 queries)...
[2026-04-18 14:22:38,083:MySQL_Database.py#L305:INFO]: Workload olap_workloads/ssb_flat_tiny_154.wg executed successfully.
[2026-04-18 14:22:38,083:run_diverse_configs.py#L206:INFO]: Performance for config 9: 7.139599296620444
[2026-04-18 14:22:38,083:run_diverse_configs.py#L137:INFO]: Running config 10/10 for ssb_flat_tiny_154
[2026-04-18 14:22:38,084:MySQL_Database.py#L253:INFO]: Transpiling workload from PostgreSQL to MySQL syntax...
[2026-04-18 14:22:38,124:MySQL_Database.py#L81:INFO]: MySQL knobs persisted to mysqld-auto.cnf. Restarting to apply...
[2026-04-18 14:22:38,124:MySQL_Database.py#L200:INFO]: Restarting MySQL service...
[2026-04-18 14:22:46,123:MySQL_Database.py#L210:INFO]: Waiting for MySQL to become available...
[2026-04-18 14:22:46,189:MySQL_Database.py#L228:INFO]: MySQL is back up! (Took 0.07s)
[2026-04-18 14:22:46,189:MySQL_Database.py#L32:INFO]: Closed old MySQL connection.
[2026-04-18 14:22:46,294:MySQL_Database.py#L278:INFO]: Executing transpiled workload olap_workloads/ssb_flat_tiny_154.wg (17 queries)...
[2026-04-18 14:24:48,353:MySQL_Database.py#L305:INFO]: Workload olap_workloads/ssb_flat_tiny_154.wg executed successfully.
[2026-04-18 14:24:48,353:run_diverse_configs.py#L206:INFO]: Performance for config 10: 7.179946270415231
