[2026-04-17 18:52:39,722:run_diverse_configs.py#L82:INFO]: ====================================================================================================
[2026-04-17 18:52:39,722:run_diverse_configs.py#L83:INFO]: E2ETune: Running Diverse Configs for job
[2026-04-17 18:52:39,722:run_diverse_configs.py#L84:INFO]: ====================================================================================================
[2026-04-17 18:52:39,722:run_diverse_configs.py#L85:INFO]: Config: config/config.yaml
[2026-04-17 18:52:39,722:run_diverse_configs.py#L86:INFO]: Host: localhost  DB: imdb
[2026-04-17 18:52:39,722:run_diverse_configs.py#L87:INFO]: Benchmark: job  Type: olap
[2026-04-17 18:52:39,722:run_diverse_configs.py#L88:INFO]: Workload path: ./olap_workloads
[2026-04-17 18:52:39,722:run_diverse_configs.py#L89:INFO]: ====================================================================================================
[2026-04-17 18:52:42,202:run_diverse_configs.py#L129:INFO]: Running 10 configs for job_147
[2026-04-17 18:52:42,202:run_diverse_configs.py#L137:INFO]: Running config 1/10 for job_147
[2026-04-17 18:52:42,214:MySQL_Database.py#L253:INFO]: Transpiling workload from PostgreSQL to MySQL syntax...
[2026-04-17 18:52:42,239:MySQL_Database.py#L81:INFO]: MySQL knobs persisted to mysqld-auto.cnf. Restarting to apply...
[2026-04-17 18:52:42,239:MySQL_Database.py#L200:INFO]: Restarting MySQL service...
[2026-04-17 18:52:51,283:MySQL_Database.py#L210:INFO]: Waiting for MySQL to become available...
[2026-04-17 18:52:51,346:MySQL_Database.py#L228:INFO]: MySQL is back up! (Took 0.06s)
[2026-04-17 18:52:51,346:MySQL_Database.py#L32:INFO]: Closed old MySQL connection.
[2026-04-17 18:52:51,405:MySQL_Database.py#L278:INFO]: Executing transpiled workload olap_workloads/job_147.wg (2 queries)...
[2026-04-17 18:53:14,643:MySQL_Database.py#L305:INFO]: Workload olap_workloads/job_147.wg executed successfully.
[2026-04-17 18:53:14,643:run_diverse_configs.py#L206:INFO]: Performance for config 1: 11.618666414171457
[2026-04-17 18:53:14,649:run_diverse_configs.py#L137:INFO]: Running config 2/10 for job_147
[2026-04-17 18:53:14,650:MySQL_Database.py#L253:INFO]: Transpiling workload from PostgreSQL to MySQL syntax...
[2026-04-17 18:53:14,673:MySQL_Database.py#L81:INFO]: MySQL knobs persisted to mysqld-auto.cnf. Restarting to apply...
[2026-04-17 18:53:14,673:MySQL_Database.py#L200:INFO]: Restarting MySQL service...
[2026-04-17 18:53:22,666:MySQL_Database.py#L210:INFO]: Waiting for MySQL to become available...
[2026-04-17 18:53:22,716:MySQL_Database.py#L228:INFO]: MySQL is back up! (Took 0.05s)
[2026-04-17 18:53:22,716:MySQL_Database.py#L32:INFO]: Closed old MySQL connection.
[2026-04-17 18:53:22,776:MySQL_Database.py#L278:INFO]: Executing transpiled workload olap_workloads/job_147.wg (2 queries)...
[2026-04-17 18:53:48,699:MySQL_Database.py#L305:INFO]: Workload olap_workloads/job_147.wg executed successfully.
[2026-04-17 18:53:48,699:run_diverse_configs.py#L206:INFO]: Performance for config 2: 12.961135003017262
[2026-04-17 18:53:48,699:run_diverse_configs.py#L137:INFO]: Running config 3/10 for job_147
[2026-04-17 18:53:48,700:MySQL_Database.py#L253:INFO]: Transpiling workload from PostgreSQL to MySQL syntax...
[2026-04-17 18:53:48,725:MySQL_Database.py#L81:INFO]: MySQL knobs persisted to mysqld-auto.cnf. Restarting to apply...
[2026-04-17 18:53:48,725:MySQL_Database.py#L200:INFO]: Restarting MySQL service...
[2026-04-17 18:53:56,965:MySQL_Database.py#L210:INFO]: Waiting for MySQL to become available...
[2026-04-17 18:53:57,002:MySQL_Database.py#L228:INFO]: MySQL is back up! (Took 0.04s)
[2026-04-17 18:53:57,002:MySQL_Database.py#L32:INFO]: Closed old MySQL connection.
[2026-04-17 18:53:57,061:MySQL_Database.py#L278:INFO]: Executing transpiled workload olap_workloads/job_147.wg (2 queries)...
[2026-04-17 18:54:22,129:MySQL_Database.py#L305:INFO]: Workload olap_workloads/job_147.wg executed successfully.
[2026-04-17 18:54:22,129:run_diverse_configs.py#L206:INFO]: Performance for config 3: 12.533820162061602
[2026-04-17 18:54:22,130:run_diverse_configs.py#L137:INFO]: Running config 4/10 for job_147
[2026-04-17 18:54:22,130:MySQL_Database.py#L253:INFO]: Transpiling workload from PostgreSQL to MySQL syntax...
[2026-04-17 18:54:22,153:MySQL_Database.py#L81:INFO]: MySQL knobs persisted to mysqld-auto.cnf. Restarting to apply...
[2026-04-17 18:54:22,153:MySQL_Database.py#L200:INFO]: Restarting MySQL service...
[2026-04-17 18:54:30,341:MySQL_Database.py#L210:INFO]: Waiting for MySQL to become available...
[2026-04-17 18:54:30,384:MySQL_Database.py#L228:INFO]: MySQL is back up! (Took 0.04s)
[2026-04-17 18:54:30,385:MySQL_Database.py#L32:INFO]: Closed old MySQL connection.
[2026-04-17 18:54:30,448:MySQL_Database.py#L278:INFO]: Executing transpiled workload olap_workloads/job_147.wg (2 queries)...
[2026-04-17 18:54:55,485:MySQL_Database.py#L305:INFO]: Workload olap_workloads/job_147.wg executed successfully.
[2026-04-17 18:54:55,485:run_diverse_configs.py#L206:INFO]: Performance for config 4: 12.518410652410239
[2026-04-17 18:54:55,485:run_diverse_configs.py#L137:INFO]: Running config 5/10 for job_147
[2026-04-17 18:54:55,485:MySQL_Database.py#L253:INFO]: Transpiling workload from PostgreSQL to MySQL syntax...
[2026-04-17 18:54:55,502:MySQL_Database.py#L81:INFO]: MySQL knobs persisted to mysqld-auto.cnf. Restarting to apply...
[2026-04-17 18:54:55,502:MySQL_Database.py#L200:INFO]: Restarting MySQL service...
[2026-04-17 18:55:03,794:MySQL_Database.py#L210:INFO]: Waiting for MySQL to become available...
[2026-04-17 18:55:03,844:MySQL_Database.py#L228:INFO]: MySQL is back up! (Took 0.05s)
[2026-04-17 18:55:03,845:MySQL_Database.py#L32:INFO]: Closed old MySQL connection.
[2026-04-17 18:55:03,904:MySQL_Database.py#L278:INFO]: Executing transpiled workload olap_workloads/job_147.wg (2 queries)...
[2026-04-17 18:55:28,612:MySQL_Database.py#L305:INFO]: Workload olap_workloads/job_147.wg executed successfully.
[2026-04-17 18:55:28,612:run_diverse_configs.py#L206:INFO]: Performance for config 5: 12.353751043556258
[2026-04-17 18:55:28,612:run_diverse_configs.py#L137:INFO]: Running config 6/10 for job_147
[2026-04-17 18:55:28,613:MySQL_Database.py#L253:INFO]: Transpiling workload from PostgreSQL to MySQL syntax...
[2026-04-17 18:55:28,636:MySQL_Database.py#L81:INFO]: MySQL knobs persisted to mysqld-auto.cnf. Restarting to apply...
[2026-04-17 18:55:28,636:MySQL_Database.py#L200:INFO]: Restarting MySQL service...
[2026-04-17 18:55:36,979:MySQL_Database.py#L210:INFO]: Waiting for MySQL to become available...
[2026-04-17 18:55:37,016:MySQL_Database.py#L228:INFO]: MySQL is back up! (Took 0.04s)
[2026-04-17 18:55:37,016:MySQL_Database.py#L32:INFO]: Closed old MySQL connection.
[2026-04-17 18:55:37,076:MySQL_Database.py#L278:INFO]: Executing transpiled workload olap_workloads/job_147.wg (2 queries)...
[2026-04-17 18:56:01,903:MySQL_Database.py#L305:INFO]: Workload olap_workloads/job_147.wg executed successfully.
[2026-04-17 18:56:01,904:run_diverse_configs.py#L206:INFO]: Performance for config 6: 12.413540567969903
[2026-04-17 18:56:01,904:run_diverse_configs.py#L137:INFO]: Running config 7/10 for job_147
[2026-04-17 18:56:01,904:MySQL_Database.py#L253:INFO]: Transpiling workload from PostgreSQL to MySQL syntax...
[2026-04-17 18:56:01,927:MySQL_Database.py#L81:INFO]: MySQL knobs persisted to mysqld-auto.cnf. Restarting to apply...
[2026-04-17 18:56:01,927:MySQL_Database.py#L200:INFO]: Restarting MySQL service...
[2026-04-17 18:56:10,873:MySQL_Database.py#L210:INFO]: Waiting for MySQL to become available...
[2026-04-17 18:56:10,910:MySQL_Database.py#L228:INFO]: MySQL is back up! (Took 0.04s)
[2026-04-17 18:56:10,911:MySQL_Database.py#L32:INFO]: Closed old MySQL connection.
[2026-04-17 18:56:10,970:MySQL_Database.py#L278:INFO]: Executing transpiled workload olap_workloads/job_147.wg (2 queries)...
[2026-04-17 18:56:36,205:MySQL_Database.py#L305:INFO]: Workload olap_workloads/job_147.wg executed successfully.
[2026-04-17 18:56:36,205:run_diverse_configs.py#L206:INFO]: Performance for config 7: 12.617267093621194
[2026-04-17 18:56:36,205:run_diverse_configs.py#L137:INFO]: Running config 8/10 for job_147
[2026-04-17 18:56:36,206:MySQL_Database.py#L253:INFO]: Transpiling workload from PostgreSQL to MySQL syntax...
[2026-04-17 18:56:36,228:MySQL_Database.py#L81:INFO]: MySQL knobs persisted to mysqld-auto.cnf. Restarting to apply...
[2026-04-17 18:56:36,229:MySQL_Database.py#L200:INFO]: Restarting MySQL service...
[2026-04-17 18:56:44,170:MySQL_Database.py#L210:INFO]: Waiting for MySQL to become available...
[2026-04-17 18:56:44,207:MySQL_Database.py#L228:INFO]: MySQL is back up! (Took 0.04s)
[2026-04-17 18:56:44,207:MySQL_Database.py#L32:INFO]: Closed old MySQL connection.
[2026-04-17 18:56:44,267:MySQL_Database.py#L278:INFO]: Executing transpiled workload olap_workloads/job_147.wg (2 queries)...
[2026-04-17 18:57:09,809:MySQL_Database.py#L305:INFO]: Workload olap_workloads/job_147.wg executed successfully.
[2026-04-17 18:57:09,809:run_diverse_configs.py#L206:INFO]: Performance for config 8: 12.770792708965018
[2026-04-17 18:57:09,809:run_diverse_configs.py#L137:INFO]: Running config 9/10 for job_147
[2026-04-17 18:57:09,809:MySQL_Database.py#L253:INFO]: Transpiling workload from PostgreSQL to MySQL syntax...
[2026-04-17 18:57:09,834:MySQL_Database.py#L81:INFO]: MySQL knobs persisted to mysqld-auto.cnf. Restarting to apply...
[2026-04-17 18:57:09,834:MySQL_Database.py#L200:INFO]: Restarting MySQL service...
[2026-04-17 18:57:18,527:MySQL_Database.py#L210:INFO]: Waiting for MySQL to become available...
[2026-04-17 18:57:18,594:MySQL_Database.py#L228:INFO]: MySQL is back up! (Took 0.07s)
[2026-04-17 18:57:18,594:MySQL_Database.py#L32:INFO]: Closed old MySQL connection.
[2026-04-17 18:57:18,654:MySQL_Database.py#L278:INFO]: Executing transpiled workload olap_workloads/job_147.wg (2 queries)...
[2026-04-17 18:57:43,083:MySQL_Database.py#L305:INFO]: Workload olap_workloads/job_147.wg executed successfully.
[2026-04-17 18:57:43,083:run_diverse_configs.py#L206:INFO]: Performance for config 9: 12.214391855988652
[2026-04-17 18:57:43,083:run_diverse_configs.py#L137:INFO]: Running config 10/10 for job_147
[2026-04-17 18:57:43,083:MySQL_Database.py#L253:INFO]: Transpiling workload from PostgreSQL to MySQL syntax...
[2026-04-17 18:57:43,103:MySQL_Database.py#L81:INFO]: MySQL knobs persisted to mysqld-auto.cnf. Restarting to apply...
[2026-04-17 18:57:43,103:MySQL_Database.py#L200:INFO]: Restarting MySQL service...
[2026-04-17 18:57:50,791:MySQL_Database.py#L210:INFO]: Waiting for MySQL to become available...
[2026-04-17 18:57:50,827:MySQL_Database.py#L228:INFO]: MySQL is back up! (Took 0.04s)
[2026-04-17 18:57:50,827:MySQL_Database.py#L32:INFO]: Closed old MySQL connection.
[2026-04-17 18:57:50,887:MySQL_Database.py#L278:INFO]: Executing transpiled workload olap_workloads/job_147.wg (2 queries)...
[2026-04-17 18:58:15,499:MySQL_Database.py#L305:INFO]: Workload olap_workloads/job_147.wg executed successfully.
[2026-04-17 18:58:15,499:run_diverse_configs.py#L206:INFO]: Performance for config 10: 12.305892982054502
[2026-04-17 18:58:15,499:run_diverse_configs.py#L129:INFO]: Running 10 configs for job_64
[2026-04-17 18:58:15,499:run_diverse_configs.py#L137:INFO]: Running config 1/10 for job_64
[2026-04-17 18:58:15,505:MySQL_Database.py#L253:INFO]: Transpiling workload from PostgreSQL to MySQL syntax...
[2026-04-17 18:58:15,524:MySQL_Database.py#L81:INFO]: MySQL knobs persisted to mysqld-auto.cnf. Restarting to apply...
[2026-04-17 18:58:15,524:MySQL_Database.py#L200:INFO]: Restarting MySQL service...
[2026-04-17 18:58:24,169:MySQL_Database.py#L210:INFO]: Waiting for MySQL to become available...
[2026-04-17 18:58:24,208:MySQL_Database.py#L228:INFO]: MySQL is back up! (Took 0.04s)
[2026-04-17 18:58:24,209:MySQL_Database.py#L32:INFO]: Closed old MySQL connection.
[2026-04-17 18:58:24,269:MySQL_Database.py#L278:INFO]: Executing transpiled workload olap_workloads/job_64.wg (2 queries)...
[2026-04-17 18:58:30,280:MySQL_Database.py#L305:INFO]: Workload olap_workloads/job_64.wg executed successfully.
[2026-04-17 18:58:30,281:run_diverse_configs.py#L206:INFO]: Performance for config 1: 3.0055236741900444
[2026-04-17 18:58:30,287:run_diverse_configs.py#L137:INFO]: Running config 2/10 for job_64
[2026-04-17 18:58:30,287:MySQL_Database.py#L253:INFO]: Transpiling workload from PostgreSQL to MySQL syntax...
[2026-04-17 18:58:30,311:MySQL_Database.py#L81:INFO]: MySQL knobs persisted to mysqld-auto.cnf. Restarting to apply...
[2026-04-17 18:58:30,311:MySQL_Database.py#L200:INFO]: Restarting MySQL service...
[2026-04-17 18:58:38,610:MySQL_Database.py#L210:INFO]: Waiting for MySQL to become available...
[2026-04-17 18:58:38,677:MySQL_Database.py#L228:INFO]: MySQL is back up! (Took 0.07s)
[2026-04-17 18:58:38,677:MySQL_Database.py#L32:INFO]: Closed old MySQL connection.
[2026-04-17 18:58:38,797:MySQL_Database.py#L278:INFO]: Executing transpiled workload olap_workloads/job_64.wg (2 queries)...
[2026-04-17 18:58:44,947:MySQL_Database.py#L305:INFO]: Workload olap_workloads/job_64.wg executed successfully.
[2026-04-17 18:58:44,947:run_diverse_configs.py#L206:INFO]: Performance for config 2: 3.0751962692011148
[2026-04-17 18:58:44,948:run_diverse_configs.py#L137:INFO]: Running config 3/10 for job_64
[2026-04-17 18:58:44,948:MySQL_Database.py#L253:INFO]: Transpiling workload from PostgreSQL to MySQL syntax...
[2026-04-17 18:58:44,969:MySQL_Database.py#L81:INFO]: MySQL knobs persisted to mysqld-auto.cnf. Restarting to apply...
[2026-04-17 18:58:44,969:MySQL_Database.py#L200:INFO]: Restarting MySQL service...
[2026-04-17 18:58:52,961:MySQL_Database.py#L210:INFO]: Waiting for MySQL to become available...
[2026-04-17 18:58:53,000:MySQL_Database.py#L228:INFO]: MySQL is back up! (Took 0.04s)
[2026-04-17 18:58:53,000:MySQL_Database.py#L32:INFO]: Closed old MySQL connection.
[2026-04-17 18:58:53,060:MySQL_Database.py#L278:INFO]: Executing transpiled workload olap_workloads/job_64.wg (2 queries)...
[2026-04-17 18:58:59,129:MySQL_Database.py#L305:INFO]: Workload olap_workloads/job_64.wg executed successfully.
[2026-04-17 18:58:59,129:run_diverse_configs.py#L206:INFO]: Performance for config 3: 3.034140885574743
[2026-04-17 18:58:59,129:run_diverse_configs.py#L137:INFO]: Running config 4/10 for job_64
[2026-04-17 18:58:59,130:MySQL_Database.py#L253:INFO]: Transpiling workload from PostgreSQL to MySQL syntax...
[2026-04-17 18:58:59,153:MySQL_Database.py#L81:INFO]: MySQL knobs persisted to mysqld-auto.cnf. Restarting to apply...
[2026-04-17 18:58:59,153:MySQL_Database.py#L200:INFO]: Restarting MySQL service...
[2026-04-17 18:59:07,603:MySQL_Database.py#L210:INFO]: Waiting for MySQL to become available...
[2026-04-17 18:59:07,653:MySQL_Database.py#L228:INFO]: MySQL is back up! (Took 0.05s)
[2026-04-17 18:59:07,654:MySQL_Database.py#L32:INFO]: Closed old MySQL connection.
[2026-04-17 18:59:07,758:MySQL_Database.py#L278:INFO]: Executing transpiled workload olap_workloads/job_64.wg (2 queries)...
[2026-04-17 18:59:14,113:MySQL_Database.py#L305:INFO]: Workload olap_workloads/job_64.wg executed successfully.
[2026-04-17 18:59:14,114:run_diverse_configs.py#L206:INFO]: Performance for config 4: 3.1775205165613443
[2026-04-17 18:59:14,114:run_diverse_configs.py#L137:INFO]: Running config 5/10 for job_64
[2026-04-17 18:59:14,114:MySQL_Database.py#L253:INFO]: Transpiling workload from PostgreSQL to MySQL syntax...
[2026-04-17 18:59:14,142:MySQL_Database.py#L81:INFO]: MySQL knobs persisted to mysqld-auto.cnf. Restarting to apply...
[2026-04-17 18:59:14,142:MySQL_Database.py#L200:INFO]: Restarting MySQL service...
[2026-04-17 18:59:22,738:MySQL_Database.py#L210:INFO]: Waiting for MySQL to become available...
[2026-04-17 18:59:22,776:MySQL_Database.py#L228:INFO]: MySQL is back up! (Took 0.04s)
[2026-04-17 18:59:22,776:MySQL_Database.py#L32:INFO]: Closed old MySQL connection.
[2026-04-17 18:59:22,836:MySQL_Database.py#L278:INFO]: Executing transpiled workload olap_workloads/job_64.wg (2 queries)...
[2026-04-17 18:59:28,856:MySQL_Database.py#L305:INFO]: Workload olap_workloads/job_64.wg executed successfully.
[2026-04-17 18:59:28,856:run_diverse_configs.py#L206:INFO]: Performance for config 5: 3.0099738449789584
[2026-04-17 18:59:28,856:run_diverse_configs.py#L137:INFO]: Running config 6/10 for job_64
[2026-04-17 18:59:28,857:MySQL_Database.py#L253:INFO]: Transpiling workload from PostgreSQL to MySQL syntax...
[2026-04-17 18:59:28,885:MySQL_Database.py#L81:INFO]: MySQL knobs persisted to mysqld-auto.cnf. Restarting to apply...
[2026-04-17 18:59:28,885:MySQL_Database.py#L200:INFO]: Restarting MySQL service...
[2026-04-17 18:59:37,078:MySQL_Database.py#L210:INFO]: Waiting for MySQL to become available...
[2026-04-17 18:59:37,115:MySQL_Database.py#L228:INFO]: MySQL is back up! (Took 0.04s)
[2026-04-17 18:59:37,115:MySQL_Database.py#L32:INFO]: Closed old MySQL connection.
[2026-04-17 18:59:37,206:MySQL_Database.py#L278:INFO]: Executing transpiled workload olap_workloads/job_64.wg (2 queries)...
[2026-04-17 18:59:43,132:MySQL_Database.py#L305:INFO]: Workload olap_workloads/job_64.wg executed successfully.
[2026-04-17 18:59:43,132:run_diverse_configs.py#L206:INFO]: Performance for config 6: 2.9628266289364547
[2026-04-17 18:59:43,132:run_diverse_configs.py#L137:INFO]: Running config 7/10 for job_64
[2026-04-17 18:59:43,133:MySQL_Database.py#L253:INFO]: Transpiling workload from PostgreSQL to MySQL syntax...
[2026-04-17 18:59:43,156:MySQL_Database.py#L81:INFO]: MySQL knobs persisted to mysqld-auto.cnf. Restarting to apply...
[2026-04-17 18:59:43,156:MySQL_Database.py#L200:INFO]: Restarting MySQL service...
[2026-04-17 18:59:51,449:MySQL_Database.py#L210:INFO]: Waiting for MySQL to become available...
[2026-04-17 18:59:51,515:MySQL_Database.py#L228:INFO]: MySQL is back up! (Took 0.07s)
[2026-04-17 18:59:51,516:MySQL_Database.py#L32:INFO]: Closed old MySQL connection.
[2026-04-17 18:59:51,633:MySQL_Database.py#L278:INFO]: Executing transpiled workload olap_workloads/job_64.wg (2 queries)...
[2026-04-17 18:59:57,577:MySQL_Database.py#L305:INFO]: Workload olap_workloads/job_64.wg executed successfully.
[2026-04-17 18:59:57,577:run_diverse_configs.py#L206:INFO]: Performance for config 7: 2.971504930406809
[2026-04-17 18:59:57,577:run_diverse_configs.py#L137:INFO]: Running config 8/10 for job_64
[2026-04-17 18:59:57,577:MySQL_Database.py#L253:INFO]: Transpiling workload from PostgreSQL to MySQL syntax...
[2026-04-17 18:59:57,601:MySQL_Database.py#L81:INFO]: MySQL knobs persisted to mysqld-auto.cnf. Restarting to apply...
[2026-04-17 18:59:57,601:MySQL_Database.py#L200:INFO]: Restarting MySQL service...
[2026-04-17 19:00:05,801:MySQL_Database.py#L210:INFO]: Waiting for MySQL to become available...
[2026-04-17 19:00:05,839:MySQL_Database.py#L228:INFO]: MySQL is back up! (Took 0.04s)
[2026-04-17 19:00:05,840:MySQL_Database.py#L32:INFO]: Closed old MySQL connection.
[2026-04-17 19:00:05,899:MySQL_Database.py#L278:INFO]: Executing transpiled workload olap_workloads/job_64.wg (2 queries)...
[2026-04-17 19:00:12,002:MySQL_Database.py#L305:INFO]: Workload olap_workloads/job_64.wg executed successfully.
[2026-04-17 19:00:12,002:run_diverse_configs.py#L206:INFO]: Performance for config 8: 3.051568353548646
[2026-04-17 19:00:12,003:run_diverse_configs.py#L137:INFO]: Running config 9/10 for job_64
[2026-04-17 19:00:12,003:MySQL_Database.py#L253:INFO]: Transpiling workload from PostgreSQL to MySQL syntax...
[2026-04-17 19:00:12,027:MySQL_Database.py#L81:INFO]: MySQL knobs persisted to mysqld-auto.cnf. Restarting to apply...
[2026-04-17 19:00:12,027:MySQL_Database.py#L200:INFO]: Restarting MySQL service...
[2026-04-17 19:00:20,117:MySQL_Database.py#L210:INFO]: Waiting for MySQL to become available...
[2026-04-17 19:00:20,157:MySQL_Database.py#L228:INFO]: MySQL is back up! (Took 0.04s)
[2026-04-17 19:00:20,157:MySQL_Database.py#L32:INFO]: Closed old MySQL connection.
[2026-04-17 19:00:20,216:MySQL_Database.py#L278:INFO]: Executing transpiled workload olap_workloads/job_64.wg (2 queries)...
[2026-04-17 19:00:26,258:MySQL_Database.py#L305:INFO]: Workload olap_workloads/job_64.wg executed successfully.
[2026-04-17 19:00:26,258:run_diverse_configs.py#L206:INFO]: Performance for config 9: 3.0207144990563393
[2026-04-17 19:00:26,258:run_diverse_configs.py#L137:INFO]: Running config 10/10 for job_64
[2026-04-17 19:00:26,259:MySQL_Database.py#L253:INFO]: Transpiling workload from PostgreSQL to MySQL syntax...
[2026-04-17 19:00:26,281:MySQL_Database.py#L81:INFO]: MySQL knobs persisted to mysqld-auto.cnf. Restarting to apply...
[2026-04-17 19:00:26,282:MySQL_Database.py#L200:INFO]: Restarting MySQL service...
[2026-04-17 19:00:34,423:MySQL_Database.py#L210:INFO]: Waiting for MySQL to become available...
[2026-04-17 19:00:34,466:MySQL_Database.py#L228:INFO]: MySQL is back up! (Took 0.04s)
[2026-04-17 19:00:34,467:MySQL_Database.py#L32:INFO]: Closed old MySQL connection.
[2026-04-17 19:00:34,529:MySQL_Database.py#L278:INFO]: Executing transpiled workload olap_workloads/job_64.wg (2 queries)...
[2026-04-17 19:00:40,506:MySQL_Database.py#L305:INFO]: Workload olap_workloads/job_64.wg executed successfully.
[2026-04-17 19:00:40,506:run_diverse_configs.py#L206:INFO]: Performance for config 10: 2.9881270613987
[2026-04-17 19:00:40,506:run_diverse_configs.py#L129:INFO]: Running 10 configs for job_157
[2026-04-17 19:00:40,507:run_diverse_configs.py#L137:INFO]: Running config 1/10 for job_157
[2026-04-17 19:00:40,513:MySQL_Database.py#L253:INFO]: Transpiling workload from PostgreSQL to MySQL syntax...
[2026-04-17 19:00:40,541:MySQL_Database.py#L81:INFO]: MySQL knobs persisted to mysqld-auto.cnf. Restarting to apply...
[2026-04-17 19:00:40,541:MySQL_Database.py#L200:INFO]: Restarting MySQL service...
[2026-04-17 19:00:48,683:MySQL_Database.py#L210:INFO]: Waiting for MySQL to become available...
[2026-04-17 19:00:48,724:MySQL_Database.py#L228:INFO]: MySQL is back up! (Took 0.04s)
[2026-04-17 19:00:48,725:MySQL_Database.py#L32:INFO]: Closed old MySQL connection.
[2026-04-17 19:00:48,784:MySQL_Database.py#L278:INFO]: Executing transpiled workload olap_workloads/job_157.wg (12 queries)...
[2026-04-17 19:02:34,872:MySQL_Database.py#L305:INFO]: Workload olap_workloads/job_157.wg executed successfully.
[2026-04-17 19:02:34,872:run_diverse_configs.py#L206:INFO]: Performance for config 1: 8.840671906170124
[2026-04-17 19:02:34,878:run_diverse_configs.py#L137:INFO]: Running config 2/10 for job_157
[2026-04-17 19:02:34,879:MySQL_Database.py#L253:INFO]: Transpiling workload from PostgreSQL to MySQL syntax...
[2026-04-17 19:02:34,909:MySQL_Database.py#L81:INFO]: MySQL knobs persisted to mysqld-auto.cnf. Restarting to apply...
[2026-04-17 19:02:34,909:MySQL_Database.py#L200:INFO]: Restarting MySQL service...
[2026-04-17 19:02:43,758:MySQL_Database.py#L210:INFO]: Waiting for MySQL to become available...
[2026-04-17 19:02:43,794:MySQL_Database.py#L228:INFO]: MySQL is back up! (Took 0.04s)
[2026-04-17 19:02:43,794:MySQL_Database.py#L32:INFO]: Closed old MySQL connection.
[2026-04-17 19:02:43,853:MySQL_Database.py#L278:INFO]: Executing transpiled workload olap_workloads/job_157.wg (12 queries)...
[2026-04-17 19:04:28,864:MySQL_Database.py#L305:INFO]: Workload olap_workloads/job_157.wg executed successfully.
[2026-04-17 19:04:28,864:run_diverse_configs.py#L206:INFO]: Performance for config 2: 8.750870962239182
[2026-04-17 19:04:28,865:run_diverse_configs.py#L137:INFO]: Running config 3/10 for job_157
[2026-04-17 19:04:28,865:MySQL_Database.py#L253:INFO]: Transpiling workload from PostgreSQL to MySQL syntax...
[2026-04-17 19:04:28,898:MySQL_Database.py#L81:INFO]: MySQL knobs persisted to mysqld-auto.cnf. Restarting to apply...
[2026-04-17 19:04:28,898:MySQL_Database.py#L200:INFO]: Restarting MySQL service...
[2026-04-17 19:04:37,453:MySQL_Database.py#L210:INFO]: Waiting for MySQL to become available...
[2026-04-17 19:04:37,492:MySQL_Database.py#L228:INFO]: MySQL is back up! (Took 0.04s)
[2026-04-17 19:04:37,493:MySQL_Database.py#L32:INFO]: Closed old MySQL connection.
[2026-04-17 19:04:37,557:MySQL_Database.py#L278:INFO]: Executing transpiled workload olap_workloads/job_157.wg (12 queries)...
[2026-04-17 19:06:21,007:MySQL_Database.py#L305:INFO]: Workload olap_workloads/job_157.wg executed successfully.
[2026-04-17 19:06:21,007:run_diverse_configs.py#L206:INFO]: Performance for config 3: 8.620831920260875
[2026-04-17 19:06:21,008:run_diverse_configs.py#L137:INFO]: Running config 4/10 for job_157
[2026-04-17 19:06:21,008:MySQL_Database.py#L253:INFO]: Transpiling workload from PostgreSQL to MySQL syntax...
[2026-04-17 19:06:21,039:MySQL_Database.py#L81:INFO]: MySQL knobs persisted to mysqld-auto.cnf. Restarting to apply...
[2026-04-17 19:06:21,039:MySQL_Database.py#L200:INFO]: Restarting MySQL service...
[2026-04-17 19:06:29,844:MySQL_Database.py#L210:INFO]: Waiting for MySQL to become available...
[2026-04-17 19:06:29,910:MySQL_Database.py#L228:INFO]: MySQL is back up! (Took 0.07s)
[2026-04-17 19:06:29,911:MySQL_Database.py#L32:INFO]: Closed old MySQL connection.
[2026-04-17 19:06:30,017:MySQL_Database.py#L278:INFO]: Executing transpiled workload olap_workloads/job_157.wg (12 queries)...
[2026-04-17 19:08:14,501:MySQL_Database.py#L305:INFO]: Workload olap_workloads/job_157.wg executed successfully.
[2026-04-17 19:08:14,501:run_diverse_configs.py#L206:INFO]: Performance for config 4: 8.706989832998564
[2026-04-17 19:08:14,501:run_diverse_configs.py#L137:INFO]: Running config 5/10 for job_157
[2026-04-17 19:08:14,502:MySQL_Database.py#L253:INFO]: Transpiling workload from PostgreSQL to MySQL syntax...
[2026-04-17 19:08:14,526:MySQL_Database.py#L81:INFO]: MySQL knobs persisted to mysqld-auto.cnf. Restarting to apply...
[2026-04-17 19:08:14,526:MySQL_Database.py#L200:INFO]: Restarting MySQL service...
[2026-04-17 19:08:23,519:MySQL_Database.py#L210:INFO]: Waiting for MySQL to become available...
[2026-04-17 19:08:23,556:MySQL_Database.py#L228:INFO]: MySQL is back up! (Took 0.04s)
[2026-04-17 19:08:23,557:MySQL_Database.py#L32:INFO]: Closed old MySQL connection.
[2026-04-17 19:08:23,616:MySQL_Database.py#L278:INFO]: Executing transpiled workload olap_workloads/job_157.wg (12 queries)...
[2026-04-17 19:10:05,846:MySQL_Database.py#L305:INFO]: Workload olap_workloads/job_157.wg executed successfully.
[2026-04-17 19:10:05,846:run_diverse_configs.py#L206:INFO]: Performance for config 5: 8.519126815993028
[2026-04-17 19:10:05,847:run_diverse_configs.py#L137:INFO]: Running config 6/10 for job_157
[2026-04-17 19:10:05,847:MySQL_Database.py#L253:INFO]: Transpiling workload from PostgreSQL to MySQL syntax...
[2026-04-17 19:10:05,871:MySQL_Database.py#L81:INFO]: MySQL knobs persisted to mysqld-auto.cnf. Restarting to apply...
[2026-04-17 19:10:05,872:MySQL_Database.py#L200:INFO]: Restarting MySQL service...
[2026-04-17 19:10:13,911:MySQL_Database.py#L210:INFO]: Waiting for MySQL to become available...
[2026-04-17 19:10:13,950:MySQL_Database.py#L228:INFO]: MySQL is back up! (Took 0.04s)
[2026-04-17 19:10:13,950:MySQL_Database.py#L32:INFO]: Closed old MySQL connection.
[2026-04-17 19:10:14,012:MySQL_Database.py#L278:INFO]: Executing transpiled workload olap_workloads/job_157.wg (12 queries)...
[2026-04-17 19:11:59,105:MySQL_Database.py#L305:INFO]: Workload olap_workloads/job_157.wg executed successfully.
[2026-04-17 19:11:59,105:run_diverse_configs.py#L206:INFO]: Performance for config 6: 8.75774989882484
[2026-04-17 19:11:59,105:run_diverse_configs.py#L137:INFO]: Running config 7/10 for job_157
[2026-04-17 19:11:59,106:MySQL_Database.py#L253:INFO]: Transpiling workload from PostgreSQL to MySQL syntax...
[2026-04-17 19:11:59,136:MySQL_Database.py#L81:INFO]: MySQL knobs persisted to mysqld-auto.cnf. Restarting to apply...
[2026-04-17 19:11:59,136:MySQL_Database.py#L200:INFO]: Restarting MySQL service...
[2026-04-17 19:12:07,479:MySQL_Database.py#L210:INFO]: Waiting for MySQL to become available...
[2026-04-17 19:12:07,540:MySQL_Database.py#L228:INFO]: MySQL is back up! (Took 0.06s)
[2026-04-17 19:12:07,541:MySQL_Database.py#L32:INFO]: Closed old MySQL connection.
[2026-04-17 19:12:07,627:MySQL_Database.py#L278:INFO]: Executing transpiled workload olap_workloads/job_157.wg (12 queries)...
[2026-04-17 19:13:49,488:MySQL_Database.py#L305:INFO]: Workload olap_workloads/job_157.wg executed successfully.
[2026-04-17 19:13:49,488:run_diverse_configs.py#L206:INFO]: Performance for config 7: 8.48841249923377
[2026-04-17 19:13:49,488:run_diverse_configs.py#L137:INFO]: Running config 8/10 for job_157
[2026-04-17 19:13:49,489:MySQL_Database.py#L253:INFO]: Transpiling workload from PostgreSQL to MySQL syntax...
[2026-04-17 19:13:49,514:MySQL_Database.py#L81:INFO]: MySQL knobs persisted to mysqld-auto.cnf. Restarting to apply...
[2026-04-17 19:13:49,515:MySQL_Database.py#L200:INFO]: Restarting MySQL service...
[2026-04-17 19:13:58,110:MySQL_Database.py#L210:INFO]: Waiting for MySQL to become available...
[2026-04-17 19:13:58,147:MySQL_Database.py#L228:INFO]: MySQL is back up! (Took 0.04s)
[2026-04-17 19:13:58,147:MySQL_Database.py#L32:INFO]: Closed old MySQL connection.
[2026-04-17 19:13:58,207:MySQL_Database.py#L278:INFO]: Executing transpiled workload olap_workloads/job_157.wg (12 queries)...
[2026-04-17 19:15:43,415:MySQL_Database.py#L305:INFO]: Workload olap_workloads/job_157.wg executed successfully.
[2026-04-17 19:15:43,415:run_diverse_configs.py#L206:INFO]: Performance for config 8: 8.767319150734693
[2026-04-17 19:15:43,416:run_diverse_configs.py#L137:INFO]: Running config 9/10 for job_157
[2026-04-17 19:15:43,416:MySQL_Database.py#L253:INFO]: Transpiling workload from PostgreSQL to MySQL syntax...
[2026-04-17 19:15:43,441:MySQL_Database.py#L81:INFO]: MySQL knobs persisted to mysqld-auto.cnf. Restarting to apply...
[2026-04-17 19:15:43,441:MySQL_Database.py#L200:INFO]: Restarting MySQL service...
[2026-04-17 19:15:51,587:MySQL_Database.py#L210:INFO]: Waiting for MySQL to become available...
[2026-04-17 19:15:51,626:MySQL_Database.py#L228:INFO]: MySQL is back up! (Took 0.04s)
[2026-04-17 19:15:51,627:MySQL_Database.py#L32:INFO]: Closed old MySQL connection.
[2026-04-17 19:15:51,687:MySQL_Database.py#L278:INFO]: Executing transpiled workload olap_workloads/job_157.wg (12 queries)...
[2026-04-17 19:17:33,981:MySQL_Database.py#L305:INFO]: Workload olap_workloads/job_157.wg executed successfully.
[2026-04-17 19:17:33,981:run_diverse_configs.py#L206:INFO]: Performance for config 9: 8.524492464998426
[2026-04-17 19:17:33,982:run_diverse_configs.py#L137:INFO]: Running config 10/10 for job_157
[2026-04-17 19:17:33,982:MySQL_Database.py#L253:INFO]: Transpiling workload from PostgreSQL to MySQL syntax...
[2026-04-17 19:17:34,008:MySQL_Database.py#L81:INFO]: MySQL knobs persisted to mysqld-auto.cnf. Restarting to apply...
[2026-04-17 19:17:34,008:MySQL_Database.py#L200:INFO]: Restarting MySQL service...
[2026-04-17 19:17:42,152:MySQL_Database.py#L210:INFO]: Waiting for MySQL to become available...
[2026-04-17 19:17:42,199:MySQL_Database.py#L228:INFO]: MySQL is back up! (Took 0.05s)
[2026-04-17 19:17:42,200:MySQL_Database.py#L32:INFO]: Closed old MySQL connection.
[2026-04-17 19:17:42,259:MySQL_Database.py#L278:INFO]: Executing transpiled workload olap_workloads/job_157.wg (12 queries)...
[2026-04-17 19:19:27,743:MySQL_Database.py#L305:INFO]: Workload olap_workloads/job_157.wg executed successfully.
[2026-04-17 19:19:27,743:run_diverse_configs.py#L206:INFO]: Performance for config 10: 8.790273735571342
[2026-04-17 19:19:27,743:run_diverse_configs.py#L129:INFO]: Running 10 configs for job_154
[2026-04-17 19:19:27,743:run_diverse_configs.py#L137:INFO]: Running config 1/10 for job_154
[2026-04-17 19:19:27,749:MySQL_Database.py#L253:INFO]: Transpiling workload from PostgreSQL to MySQL syntax...
[2026-04-17 19:19:27,780:MySQL_Database.py#L81:INFO]: MySQL knobs persisted to mysqld-auto.cnf. Restarting to apply...
[2026-04-17 19:19:27,780:MySQL_Database.py#L200:INFO]: Restarting MySQL service...
[2026-04-17 19:19:36,726:MySQL_Database.py#L210:INFO]: Waiting for MySQL to become available...
[2026-04-17 19:19:36,763:MySQL_Database.py#L228:INFO]: MySQL is back up! (Took 0.04s)
[2026-04-17 19:19:36,763:MySQL_Database.py#L32:INFO]: Closed old MySQL connection.
[2026-04-17 19:19:36,823:MySQL_Database.py#L278:INFO]: Executing transpiled workload olap_workloads/job_154.wg (12 queries)...
[2026-04-17 19:27:52,777:MySQL_Database.py#L305:INFO]: Workload olap_workloads/job_154.wg executed successfully.
[2026-04-17 19:27:52,777:run_diverse_configs.py#L206:INFO]: Performance for config 1: 41.32953311584424
[2026-04-17 19:27:52,783:run_diverse_configs.py#L137:INFO]: Running config 2/10 for job_154
[2026-04-17 19:27:52,784:MySQL_Database.py#L253:INFO]: Transpiling workload from PostgreSQL to MySQL syntax...
[2026-04-17 19:27:52,820:MySQL_Database.py#L81:INFO]: MySQL knobs persisted to mysqld-auto.cnf. Restarting to apply...
[2026-04-17 19:27:52,821:MySQL_Database.py#L200:INFO]: Restarting MySQL service...
[2026-04-17 19:28:01,163:MySQL_Database.py#L210:INFO]: Waiting for MySQL to become available...
[2026-04-17 19:28:01,208:MySQL_Database.py#L228:INFO]: MySQL is back up! (Took 0.04s)
[2026-04-17 19:28:01,208:MySQL_Database.py#L32:INFO]: Closed old MySQL connection.
[2026-04-17 19:28:01,269:MySQL_Database.py#L278:INFO]: Executing transpiled workload olap_workloads/job_154.wg (12 queries)...
[2026-04-17 19:36:16,338:MySQL_Database.py#L305:INFO]: Workload olap_workloads/job_154.wg executed successfully.
[2026-04-17 19:36:16,338:run_diverse_configs.py#L206:INFO]: Performance for config 2: 41.25576069108987
[2026-04-17 19:36:16,338:run_diverse_configs.py#L137:INFO]: Running config 3/10 for job_154
[2026-04-17 19:36:16,339:MySQL_Database.py#L253:INFO]: Transpiling workload from PostgreSQL to MySQL syntax...
[2026-04-17 19:36:16,373:MySQL_Database.py#L81:INFO]: MySQL knobs persisted to mysqld-auto.cnf. Restarting to apply...
[2026-04-17 19:36:16,373:MySQL_Database.py#L200:INFO]: Restarting MySQL service...
[2026-04-17 19:36:24,668:MySQL_Database.py#L210:INFO]: Waiting for MySQL to become available...
[2026-04-17 19:36:24,706:MySQL_Database.py#L228:INFO]: MySQL is back up! (Took 0.04s)
[2026-04-17 19:36:24,706:MySQL_Database.py#L32:INFO]: Closed old MySQL connection.
[2026-04-17 19:36:24,766:MySQL_Database.py#L278:INFO]: Executing transpiled workload olap_workloads/job_154.wg (12 queries)...
[2026-04-17 19:44:43,482:MySQL_Database.py#L305:INFO]: Workload olap_workloads/job_154.wg executed successfully.
[2026-04-17 19:44:43,482:run_diverse_configs.py#L206:INFO]: Performance for config 3: 41.55961783998646
[2026-04-17 19:44:43,482:run_diverse_configs.py#L137:INFO]: Running config 4/10 for job_154
[2026-04-17 19:44:43,483:MySQL_Database.py#L253:INFO]: Transpiling workload from PostgreSQL to MySQL syntax...
[2026-04-17 19:44:43,507:MySQL_Database.py#L81:INFO]: MySQL knobs persisted to mysqld-auto.cnf. Restarting to apply...
[2026-04-17 19:44:43,507:MySQL_Database.py#L200:INFO]: Restarting MySQL service...
[2026-04-17 19:44:52,054:MySQL_Database.py#L210:INFO]: Waiting for MySQL to become available...
[2026-04-17 19:44:52,093:MySQL_Database.py#L228:INFO]: MySQL is back up! (Took 0.04s)
[2026-04-17 19:44:52,094:MySQL_Database.py#L32:INFO]: Closed old MySQL connection.
[2026-04-17 19:44:52,155:MySQL_Database.py#L278:INFO]: Executing transpiled workload olap_workloads/job_154.wg (12 queries)...
[2026-04-17 19:53:10,893:MySQL_Database.py#L305:INFO]: Workload olap_workloads/job_154.wg executed successfully.
[2026-04-17 19:53:10,893:run_diverse_configs.py#L206:INFO]: Performance for config 4: 41.561419612417616
[2026-04-17 19:53:10,893:run_diverse_configs.py#L137:INFO]: Running config 5/10 for job_154
[2026-04-17 19:53:10,894:MySQL_Database.py#L253:INFO]: Transpiling workload from PostgreSQL to MySQL syntax...
[2026-04-17 19:53:10,923:MySQL_Database.py#L81:INFO]: MySQL knobs persisted to mysqld-auto.cnf. Restarting to apply...
[2026-04-17 19:53:10,923:MySQL_Database.py#L200:INFO]: Restarting MySQL service...
[2026-04-17 19:53:19,720:MySQL_Database.py#L210:INFO]: Waiting for MySQL to become available...
[2026-04-17 19:53:19,758:MySQL_Database.py#L228:INFO]: MySQL is back up! (Took 0.04s)
[2026-04-17 19:53:19,759:MySQL_Database.py#L32:INFO]: Closed old MySQL connection.
[2026-04-17 19:53:19,879:MySQL_Database.py#L278:INFO]: Executing transpiled workload olap_workloads/job_154.wg (12 queries)...
[2026-04-17 20:01:33,235:MySQL_Database.py#L305:INFO]: Workload olap_workloads/job_154.wg executed successfully.
[2026-04-17 20:01:33,235:run_diverse_configs.py#L206:INFO]: Performance for config 5: 41.1129486632611
[2026-04-17 20:01:33,235:run_diverse_configs.py#L137:INFO]: Running config 6/10 for job_154
[2026-04-17 20:01:33,235:MySQL_Database.py#L253:INFO]: Transpiling workload from PostgreSQL to MySQL syntax...
[2026-04-17 20:01:33,265:MySQL_Database.py#L81:INFO]: MySQL knobs persisted to mysqld-auto.cnf. Restarting to apply...
[2026-04-17 20:01:33,265:MySQL_Database.py#L200:INFO]: Restarting MySQL service...
[2026-04-17 20:01:41,106:MySQL_Database.py#L210:INFO]: Waiting for MySQL to become available...
[2026-04-17 20:01:41,147:MySQL_Database.py#L228:INFO]: MySQL is back up! (Took 0.04s)
[2026-04-17 20:01:41,147:MySQL_Database.py#L32:INFO]: Closed old MySQL connection.
[2026-04-17 20:01:41,207:MySQL_Database.py#L278:INFO]: Executing transpiled workload olap_workloads/job_154.wg (12 queries)...
[2026-04-17 20:09:55,909:MySQL_Database.py#L305:INFO]: Workload olap_workloads/job_154.wg executed successfully.
[2026-04-17 20:09:55,909:run_diverse_configs.py#L206:INFO]: Performance for config 6: 41.22506612989431
[2026-04-17 20:09:55,909:run_diverse_configs.py#L137:INFO]: Running config 7/10 for job_154
[2026-04-17 20:09:55,909:MySQL_Database.py#L253:INFO]: Transpiling workload from PostgreSQL to MySQL syntax...
[2026-04-17 20:09:55,939:MySQL_Database.py#L81:INFO]: MySQL knobs persisted to mysqld-auto.cnf. Restarting to apply...
[2026-04-17 20:09:55,939:MySQL_Database.py#L200:INFO]: Restarting MySQL service...
[2026-04-17 20:10:04,687:MySQL_Database.py#L210:INFO]: Waiting for MySQL to become available...
[2026-04-17 20:10:04,730:MySQL_Database.py#L228:INFO]: MySQL is back up! (Took 0.04s)
[2026-04-17 20:10:04,730:MySQL_Database.py#L32:INFO]: Closed old MySQL connection.
[2026-04-17 20:10:04,790:MySQL_Database.py#L278:INFO]: Executing transpiled workload olap_workloads/job_154.wg (12 queries)...
[2026-04-17 20:18:26,966:MySQL_Database.py#L305:INFO]: Workload olap_workloads/job_154.wg executed successfully.
[2026-04-17 20:18:26,966:run_diverse_configs.py#L206:INFO]: Performance for config 7: 41.84795191294203
[2026-04-17 20:18:26,966:run_diverse_configs.py#L137:INFO]: Running config 8/10 for job_154
[2026-04-17 20:18:26,966:MySQL_Database.py#L253:INFO]: Transpiling workload from PostgreSQL to MySQL syntax...
[2026-04-17 20:18:26,995:MySQL_Database.py#L81:INFO]: MySQL knobs persisted to mysqld-auto.cnf. Restarting to apply...
[2026-04-17 20:18:26,995:MySQL_Database.py#L200:INFO]: Restarting MySQL service...
[2026-04-17 20:18:35,236:MySQL_Database.py#L210:INFO]: Waiting for MySQL to become available...
[2026-04-17 20:18:35,276:MySQL_Database.py#L228:INFO]: MySQL is back up! (Took 0.04s)
[2026-04-17 20:18:35,276:MySQL_Database.py#L32:INFO]: Closed old MySQL connection.
[2026-04-17 20:18:35,337:MySQL_Database.py#L278:INFO]: Executing transpiled workload olap_workloads/job_154.wg (12 queries)...
[2026-04-17 20:26:46,176:MySQL_Database.py#L305:INFO]: Workload olap_workloads/job_154.wg executed successfully.
[2026-04-17 20:26:46,176:run_diverse_configs.py#L206:INFO]: Performance for config 8: 40.90322705598859
[2026-04-17 20:26:46,177:run_diverse_configs.py#L137:INFO]: Running config 9/10 for job_154
[2026-04-17 20:26:46,177:MySQL_Database.py#L253:INFO]: Transpiling workload from PostgreSQL to MySQL syntax...
[2026-04-17 20:26:46,206:MySQL_Database.py#L81:INFO]: MySQL knobs persisted to mysqld-auto.cnf. Restarting to apply...
[2026-04-17 20:26:46,206:MySQL_Database.py#L200:INFO]: Restarting MySQL service...
[2026-04-17 20:26:54,599:MySQL_Database.py#L210:INFO]: Waiting for MySQL to become available...
[2026-04-17 20:26:54,644:MySQL_Database.py#L228:INFO]: MySQL is back up! (Took 0.05s)
[2026-04-17 20:26:54,645:MySQL_Database.py#L32:INFO]: Closed old MySQL connection.
[2026-04-17 20:26:54,704:MySQL_Database.py#L278:INFO]: Executing transpiled workload olap_workloads/job_154.wg (12 queries)...
[2026-04-17 20:35:09,147:MySQL_Database.py#L305:INFO]: Workload olap_workloads/job_154.wg executed successfully.
[2026-04-17 20:35:09,147:run_diverse_configs.py#L206:INFO]: Performance for config 9: 41.20358973233184
[2026-04-17 20:35:09,148:run_diverse_configs.py#L137:INFO]: Running config 10/10 for job_154
[2026-04-17 20:35:09,148:MySQL_Database.py#L253:INFO]: Transpiling workload from PostgreSQL to MySQL syntax...
[2026-04-17 20:35:09,177:MySQL_Database.py#L81:INFO]: MySQL knobs persisted to mysqld-auto.cnf. Restarting to apply...
[2026-04-17 20:35:09,177:MySQL_Database.py#L200:INFO]: Restarting MySQL service...
[2026-04-17 20:35:17,121:MySQL_Database.py#L210:INFO]: Waiting for MySQL to become available...
[2026-04-17 20:35:17,161:MySQL_Database.py#L228:INFO]: MySQL is back up! (Took 0.04s)
[2026-04-17 20:35:17,162:MySQL_Database.py#L32:INFO]: Closed old MySQL connection.
[2026-04-17 20:35:17,238:MySQL_Database.py#L278:INFO]: Executing transpiled workload olap_workloads/job_154.wg (12 queries)...
[2026-04-17 20:43:36,173:MySQL_Database.py#L305:INFO]: Workload olap_workloads/job_154.wg executed successfully.
[2026-04-17 20:43:36,173:run_diverse_configs.py#L206:INFO]: Performance for config 10: 41.5778421764262
[2026-04-17 20:43:36,173:run_diverse_configs.py#L129:INFO]: Running 10 configs for job_51
[2026-04-17 20:43:36,173:run_diverse_configs.py#L137:INFO]: Running config 1/10 for job_51
[2026-04-17 20:43:36,179:MySQL_Database.py#L253:INFO]: Transpiling workload from PostgreSQL to MySQL syntax...
[2026-04-17 20:43:36,211:MySQL_Database.py#L81:INFO]: MySQL knobs persisted to mysqld-auto.cnf. Restarting to apply...
[2026-04-17 20:43:36,212:MySQL_Database.py#L200:INFO]: Restarting MySQL service...
[2026-04-17 20:43:44,355:MySQL_Database.py#L210:INFO]: Waiting for MySQL to become available...
[2026-04-17 20:43:44,392:MySQL_Database.py#L228:INFO]: MySQL is back up! (Took 0.04s)
[2026-04-17 20:43:44,392:MySQL_Database.py#L32:INFO]: Closed old MySQL connection.
[2026-04-17 20:43:44,452:MySQL_Database.py#L278:INFO]: Executing transpiled workload olap_workloads/job_51.wg (13 queries)...
[2026-04-17 20:49:58,162:MySQL_Database.py#L305:INFO]: Workload olap_workloads/job_51.wg executed successfully.
[2026-04-17 20:49:58,162:run_diverse_configs.py#L206:INFO]: Performance for config 1: 28.7469358130788
[2026-04-17 20:49:58,168:run_diverse_configs.py#L137:INFO]: Running config 2/10 for job_51
[2026-04-17 20:49:58,169:MySQL_Database.py#L253:INFO]: Transpiling workload from PostgreSQL to MySQL syntax...
[2026-04-17 20:49:58,204:MySQL_Database.py#L81:INFO]: MySQL knobs persisted to mysqld-auto.cnf. Restarting to apply...
[2026-04-17 20:49:58,204:MySQL_Database.py#L200:INFO]: Restarting MySQL service...
[2026-04-17 20:50:06,946:MySQL_Database.py#L210:INFO]: Waiting for MySQL to become available...
[2026-04-17 20:50:06,982:MySQL_Database.py#L228:INFO]: MySQL is back up! (Took 0.04s)
[2026-04-17 20:50:06,982:MySQL_Database.py#L32:INFO]: Closed old MySQL connection.
[2026-04-17 20:50:07,043:MySQL_Database.py#L278:INFO]: Executing transpiled workload olap_workloads/job_51.wg (13 queries)...
[2026-04-17 20:56:18,424:MySQL_Database.py#L305:INFO]: Workload olap_workloads/job_51.wg executed successfully.
[2026-04-17 20:56:18,424:run_diverse_configs.py#L206:INFO]: Performance for config 2: 28.567791715694163
[2026-04-17 20:56:18,425:run_diverse_configs.py#L137:INFO]: Running config 3/10 for job_51
[2026-04-17 20:56:18,425:MySQL_Database.py#L253:INFO]: Transpiling workload from PostgreSQL to MySQL syntax...
[2026-04-17 20:56:18,457:MySQL_Database.py#L81:INFO]: MySQL knobs persisted to mysqld-auto.cnf. Restarting to apply...
[2026-04-17 20:56:18,457:MySQL_Database.py#L200:INFO]: Restarting MySQL service...
[2026-04-17 20:56:26,497:MySQL_Database.py#L210:INFO]: Waiting for MySQL to become available...
[2026-04-17 20:56:26,536:MySQL_Database.py#L228:INFO]: MySQL is back up! (Took 0.04s)
[2026-04-17 20:56:26,537:MySQL_Database.py#L32:INFO]: Closed old MySQL connection.
[2026-04-17 20:56:26,597:MySQL_Database.py#L278:INFO]: Executing transpiled workload olap_workloads/job_51.wg (13 queries)...
[2026-04-17 21:02:38,214:MySQL_Database.py#L305:INFO]: Workload olap_workloads/job_51.wg executed successfully.
[2026-04-17 21:02:38,214:run_diverse_configs.py#L206:INFO]: Performance for config 3: 28.585903205622273
[2026-04-17 21:02:38,215:run_diverse_configs.py#L137:INFO]: Running config 4/10 for job_51
[2026-04-17 21:02:38,215:MySQL_Database.py#L253:INFO]: Transpiling workload from PostgreSQL to MySQL syntax...
[2026-04-17 21:02:38,252:MySQL_Database.py#L81:INFO]: MySQL knobs persisted to mysqld-auto.cnf. Restarting to apply...
[2026-04-17 21:02:38,252:MySQL_Database.py#L200:INFO]: Restarting MySQL service...
[2026-04-17 21:02:47,197:MySQL_Database.py#L210:INFO]: Waiting for MySQL to become available...
[2026-04-17 21:02:47,243:MySQL_Database.py#L228:INFO]: MySQL is back up! (Took 0.05s)
[2026-04-17 21:02:47,244:MySQL_Database.py#L32:INFO]: Closed old MySQL connection.
[2026-04-17 21:02:47,303:MySQL_Database.py#L278:INFO]: Executing transpiled workload olap_workloads/job_51.wg (13 queries)...
[2026-04-17 21:08:58,172:MySQL_Database.py#L305:INFO]: Workload olap_workloads/job_51.wg executed successfully.
[2026-04-17 21:08:58,172:run_diverse_configs.py#L206:INFO]: Performance for config 4: 28.528339091294374
[2026-04-17 21:08:58,172:run_diverse_configs.py#L137:INFO]: Running config 5/10 for job_51
[2026-04-17 21:08:58,173:MySQL_Database.py#L253:INFO]: Transpiling workload from PostgreSQL to MySQL syntax...
[2026-04-17 21:08:58,200:MySQL_Database.py#L81:INFO]: MySQL knobs persisted to mysqld-auto.cnf. Restarting to apply...
[2026-04-17 21:08:58,200:MySQL_Database.py#L200:INFO]: Restarting MySQL service...
[2026-04-17 21:09:06,796:MySQL_Database.py#L210:INFO]: Waiting for MySQL to become available...
[2026-04-17 21:09:06,839:MySQL_Database.py#L228:INFO]: MySQL is back up! (Took 0.04s)
[2026-04-17 21:09:06,840:MySQL_Database.py#L32:INFO]: Closed old MySQL connection.
[2026-04-17 21:09:06,899:MySQL_Database.py#L278:INFO]: Executing transpiled workload olap_workloads/job_51.wg (13 queries)...
[2026-04-17 21:15:16,051:MySQL_Database.py#L305:INFO]: Workload olap_workloads/job_51.wg executed successfully.
[2026-04-17 21:15:16,051:run_diverse_configs.py#L206:INFO]: Performance for config 5: 28.396248092695785
[2026-04-17 21:15:16,052:run_diverse_configs.py#L137:INFO]: Running config 6/10 for job_51
[2026-04-17 21:15:16,052:MySQL_Database.py#L253:INFO]: Transpiling workload from PostgreSQL to MySQL syntax...
[2026-04-17 21:15:16,085:MySQL_Database.py#L81:INFO]: MySQL knobs persisted to mysqld-auto.cnf. Restarting to apply...
[2026-04-17 21:15:16,085:MySQL_Database.py#L200:INFO]: Restarting MySQL service...
[2026-04-17 21:15:24,383:MySQL_Database.py#L210:INFO]: Waiting for MySQL to become available...
[2026-04-17 21:15:24,420:MySQL_Database.py#L228:INFO]: MySQL is back up! (Took 0.04s)
[2026-04-17 21:15:24,420:MySQL_Database.py#L32:INFO]: Closed old MySQL connection.
[2026-04-17 21:15:24,480:MySQL_Database.py#L278:INFO]: Executing transpiled workload olap_workloads/job_51.wg (13 queries)...
[2026-04-17 21:21:36,924:MySQL_Database.py#L305:INFO]: Workload olap_workloads/job_51.wg executed successfully.
[2026-04-17 21:21:36,924:run_diverse_configs.py#L206:INFO]: Performance for config 6: 28.64955070675709
[2026-04-17 21:21:36,925:run_diverse_configs.py#L137:INFO]: Running config 7/10 for job_51
[2026-04-17 21:21:36,925:MySQL_Database.py#L253:INFO]: Transpiling workload from PostgreSQL to MySQL syntax...
[2026-04-17 21:21:36,957:MySQL_Database.py#L81:INFO]: MySQL knobs persisted to mysqld-auto.cnf. Restarting to apply...
[2026-04-17 21:21:36,957:MySQL_Database.py#L200:INFO]: Restarting MySQL service...
[2026-04-17 21:21:44,846:MySQL_Database.py#L210:INFO]: Waiting for MySQL to become available...
[2026-04-17 21:21:44,883:MySQL_Database.py#L228:INFO]: MySQL is back up! (Took 0.04s)
[2026-04-17 21:21:44,883:MySQL_Database.py#L32:INFO]: Closed old MySQL connection.
[2026-04-17 21:21:44,943:MySQL_Database.py#L278:INFO]: Executing transpiled workload olap_workloads/job_51.wg (13 queries)...
[2026-04-17 21:28:00,778:MySQL_Database.py#L305:INFO]: Workload olap_workloads/job_51.wg executed successfully.
[2026-04-17 21:28:00,778:run_diverse_configs.py#L206:INFO]: Performance for config 7: 28.910395968311395
[2026-04-17 21:28:00,779:run_diverse_configs.py#L137:INFO]: Running config 8/10 for job_51
[2026-04-17 21:28:00,779:MySQL_Database.py#L253:INFO]: Transpiling workload from PostgreSQL to MySQL syntax...
[2026-04-17 21:28:00,817:MySQL_Database.py#L81:INFO]: MySQL knobs persisted to mysqld-auto.cnf. Restarting to apply...
[2026-04-17 21:28:00,817:MySQL_Database.py#L200:INFO]: Restarting MySQL service...
[2026-04-17 21:28:09,264:MySQL_Database.py#L210:INFO]: Waiting for MySQL to become available...
[2026-04-17 21:28:09,307:MySQL_Database.py#L228:INFO]: MySQL is back up! (Took 0.04s)
[2026-04-17 21:28:09,308:MySQL_Database.py#L32:INFO]: Closed old MySQL connection.
[2026-04-17 21:28:09,380:MySQL_Database.py#L278:INFO]: Executing transpiled workload olap_workloads/job_51.wg (13 queries)...
[2026-04-17 21:34:21,765:MySQL_Database.py#L305:INFO]: Workload olap_workloads/job_51.wg executed successfully.
[2026-04-17 21:34:21,765:run_diverse_configs.py#L206:INFO]: Performance for config 8: 28.644966625393582
[2026-04-17 21:34:21,766:run_diverse_configs.py#L137:INFO]: Running config 9/10 for job_51
[2026-04-17 21:34:21,766:MySQL_Database.py#L253:INFO]: Transpiling workload from PostgreSQL to MySQL syntax...
[2026-04-17 21:34:21,789:MySQL_Database.py#L81:INFO]: MySQL knobs persisted to mysqld-auto.cnf. Restarting to apply...
[2026-04-17 21:34:21,789:MySQL_Database.py#L200:INFO]: Restarting MySQL service...
[2026-04-17 21:34:29,878:MySQL_Database.py#L210:INFO]: Waiting for MySQL to become available...
[2026-04-17 21:34:29,921:MySQL_Database.py#L228:INFO]: MySQL is back up! (Took 0.04s)
[2026-04-17 21:34:29,921:MySQL_Database.py#L32:INFO]: Closed old MySQL connection.
[2026-04-17 21:34:29,982:MySQL_Database.py#L278:INFO]: Executing transpiled workload olap_workloads/job_51.wg (13 queries)...
[2026-04-17 21:40:42,183:MySQL_Database.py#L305:INFO]: Workload olap_workloads/job_51.wg executed successfully.
[2026-04-17 21:40:42,183:run_diverse_configs.py#L206:INFO]: Performance for config 9: 28.630869075154457
[2026-04-17 21:40:42,184:run_diverse_configs.py#L137:INFO]: Running config 10/10 for job_51
[2026-04-17 21:40:42,184:MySQL_Database.py#L253:INFO]: Transpiling workload from PostgreSQL to MySQL syntax...
[2026-04-17 21:40:42,219:MySQL_Database.py#L81:INFO]: MySQL knobs persisted to mysqld-auto.cnf. Restarting to apply...
[2026-04-17 21:40:42,219:MySQL_Database.py#L200:INFO]: Restarting MySQL service...
[2026-04-17 21:40:50,361:MySQL_Database.py#L210:INFO]: Waiting for MySQL to become available...
[2026-04-17 21:40:50,399:MySQL_Database.py#L228:INFO]: MySQL is back up! (Took 0.04s)
[2026-04-17 21:40:50,399:MySQL_Database.py#L32:INFO]: Closed old MySQL connection.
[2026-04-17 21:40:50,458:MySQL_Database.py#L278:INFO]: Executing transpiled workload olap_workloads/job_51.wg (13 queries)...
[2026-04-17 21:47:03,700:MySQL_Database.py#L305:INFO]: Workload olap_workloads/job_51.wg executed successfully.
[2026-04-17 21:47:03,701:run_diverse_configs.py#L206:INFO]: Performance for config 10: 28.71091761554663
[2026-04-17 21:47:03,701:run_diverse_configs.py#L129:INFO]: Running 10 configs for job_1
[2026-04-17 21:47:03,701:run_diverse_configs.py#L137:INFO]: Running config 1/10 for job_1
[2026-04-17 21:47:03,702:MySQL_Database.py#L253:INFO]: Transpiling workload from PostgreSQL to MySQL syntax...
[2026-04-17 21:47:03,718:MySQL_Database.py#L81:INFO]: MySQL knobs persisted to mysqld-auto.cnf. Restarting to apply...
[2026-04-17 21:47:03,718:MySQL_Database.py#L200:INFO]: Restarting MySQL service...
[2026-04-17 21:47:11,810:MySQL_Database.py#L210:INFO]: Waiting for MySQL to become available...
[2026-04-17 21:47:11,846:MySQL_Database.py#L228:INFO]: MySQL is back up! (Took 0.04s)
[2026-04-17 21:47:11,847:MySQL_Database.py#L32:INFO]: Closed old MySQL connection.
[2026-04-17 21:47:11,906:MySQL_Database.py#L278:INFO]: Executing transpiled workload olap_workloads/job_1.wg (2 queries)...
[2026-04-17 21:47:23,016:MySQL_Database.py#L305:INFO]: Workload olap_workloads/job_1.wg executed successfully.
[2026-04-17 21:47:23,016:run_diverse_configs.py#L206:INFO]: Performance for config 1: 5.5547827335540205
[2026-04-17 21:47:23,023:run_diverse_configs.py#L137:INFO]: Running config 2/10 for job_1
[2026-04-17 21:47:23,023:MySQL_Database.py#L253:INFO]: Transpiling workload from PostgreSQL to MySQL syntax...
[2026-04-17 21:47:23,046:MySQL_Database.py#L81:INFO]: MySQL knobs persisted to mysqld-auto.cnf. Restarting to apply...
[2026-04-17 21:47:23,046:MySQL_Database.py#L200:INFO]: Restarting MySQL service...
[2026-04-17 21:47:31,288:MySQL_Database.py#L210:INFO]: Waiting for MySQL to become available...
[2026-04-17 21:47:31,346:MySQL_Database.py#L228:INFO]: MySQL is back up! (Took 0.06s)
[2026-04-17 21:47:31,347:MySQL_Database.py#L32:INFO]: Closed old MySQL connection.
[2026-04-17 21:47:31,406:MySQL_Database.py#L278:INFO]: Executing transpiled workload olap_workloads/job_1.wg (2 queries)...
[2026-04-17 21:47:41,994:MySQL_Database.py#L305:INFO]: Workload olap_workloads/job_1.wg executed successfully.
[2026-04-17 21:47:41,994:run_diverse_configs.py#L206:INFO]: Performance for config 2: 5.293750040465966
[2026-04-17 21:47:41,994:run_diverse_configs.py#L137:INFO]: Running config 3/10 for job_1
[2026-04-17 21:47:41,995:MySQL_Database.py#L253:INFO]: Transpiling workload from PostgreSQL to MySQL syntax...
[2026-04-17 21:47:42,019:MySQL_Database.py#L81:INFO]: MySQL knobs persisted to mysqld-auto.cnf. Restarting to apply...
[2026-04-17 21:47:42,020:MySQL_Database.py#L200:INFO]: Restarting MySQL service...
[2026-04-17 21:47:50,668:MySQL_Database.py#L210:INFO]: Waiting for MySQL to become available...
[2026-04-17 21:47:50,720:MySQL_Database.py#L228:INFO]: MySQL is back up! (Took 0.05s)
[2026-04-17 21:47:50,720:MySQL_Database.py#L32:INFO]: Closed old MySQL connection.
[2026-04-17 21:47:50,782:MySQL_Database.py#L278:INFO]: Executing transpiled workload olap_workloads/job_1.wg (2 queries)...
[2026-04-17 21:48:01,797:MySQL_Database.py#L305:INFO]: Workload olap_workloads/job_1.wg executed successfully.
[2026-04-17 21:48:01,797:run_diverse_configs.py#L206:INFO]: Performance for config 3: 5.50715865008533
[2026-04-17 21:48:01,797:run_diverse_configs.py#L137:INFO]: Running config 4/10 for job_1
[2026-04-17 21:48:01,798:MySQL_Database.py#L253:INFO]: Transpiling workload from PostgreSQL to MySQL syntax...
[2026-04-17 21:48:01,820:MySQL_Database.py#L81:INFO]: MySQL knobs persisted to mysqld-auto.cnf. Restarting to apply...
[2026-04-17 21:48:01,820:MySQL_Database.py#L200:INFO]: Restarting MySQL service...
[2026-04-17 21:48:10,013:MySQL_Database.py#L210:INFO]: Waiting for MySQL to become available...
[2026-04-17 21:48:10,049:MySQL_Database.py#L228:INFO]: MySQL is back up! (Took 0.04s)
[2026-04-17 21:48:10,049:MySQL_Database.py#L32:INFO]: Closed old MySQL connection.
[2026-04-17 21:48:10,108:MySQL_Database.py#L278:INFO]: Executing transpiled workload olap_workloads/job_1.wg (2 queries)...
[2026-04-17 21:48:20,187:MySQL_Database.py#L305:INFO]: Workload olap_workloads/job_1.wg executed successfully.
[2026-04-17 21:48:20,187:run_diverse_configs.py#L206:INFO]: Performance for config 4: 5.039180279942229
[2026-04-17 21:48:20,187:run_diverse_configs.py#L137:INFO]: Running config 5/10 for job_1
[2026-04-17 21:48:20,188:MySQL_Database.py#L253:INFO]: Transpiling workload from PostgreSQL to MySQL syntax...
[2026-04-17 21:48:20,211:MySQL_Database.py#L81:INFO]: MySQL knobs persisted to mysqld-auto.cnf. Restarting to apply...
[2026-04-17 21:48:20,211:MySQL_Database.py#L200:INFO]: Restarting MySQL service...
[2026-04-17 21:48:28,355:MySQL_Database.py#L210:INFO]: Waiting for MySQL to become available...
[2026-04-17 21:48:28,401:MySQL_Database.py#L228:INFO]: MySQL is back up! (Took 0.05s)
[2026-04-17 21:48:28,402:MySQL_Database.py#L32:INFO]: Closed old MySQL connection.
[2026-04-17 21:48:28,461:MySQL_Database.py#L278:INFO]: Executing transpiled workload olap_workloads/job_1.wg (2 queries)...
[2026-04-17 21:48:38,871:MySQL_Database.py#L305:INFO]: Workload olap_workloads/job_1.wg executed successfully.
[2026-04-17 21:48:38,871:run_diverse_configs.py#L206:INFO]: Performance for config 5: 5.204594683367759
[2026-04-17 21:48:38,871:run_diverse_configs.py#L137:INFO]: Running config 6/10 for job_1
[2026-04-17 21:48:38,872:MySQL_Database.py#L253:INFO]: Transpiling workload from PostgreSQL to MySQL syntax...
[2026-04-17 21:48:38,895:MySQL_Database.py#L81:INFO]: MySQL knobs persisted to mysqld-auto.cnf. Restarting to apply...
[2026-04-17 21:48:38,895:MySQL_Database.py#L200:INFO]: Restarting MySQL service...
[2026-04-17 21:48:46,583:MySQL_Database.py#L210:INFO]: Waiting for MySQL to become available...
[2026-04-17 21:48:46,621:MySQL_Database.py#L228:INFO]: MySQL is back up! (Took 0.04s)
[2026-04-17 21:48:46,622:MySQL_Database.py#L32:INFO]: Closed old MySQL connection.
[2026-04-17 21:48:46,742:MySQL_Database.py#L278:INFO]: Executing transpiled workload olap_workloads/job_1.wg (2 queries)...
[2026-04-17 21:48:56,809:MySQL_Database.py#L305:INFO]: Workload olap_workloads/job_1.wg executed successfully.
[2026-04-17 21:48:56,809:run_diverse_configs.py#L206:INFO]: Performance for config 6: 5.033299896167591
[2026-04-17 21:48:56,809:run_diverse_configs.py#L137:INFO]: Running config 7/10 for job_1
[2026-04-17 21:48:56,809:MySQL_Database.py#L253:INFO]: Transpiling workload from PostgreSQL to MySQL syntax...
[2026-04-17 21:48:56,837:MySQL_Database.py#L81:INFO]: MySQL knobs persisted to mysqld-auto.cnf. Restarting to apply...
[2026-04-17 21:48:56,837:MySQL_Database.py#L200:INFO]: Restarting MySQL service...
[2026-04-17 21:49:04,978:MySQL_Database.py#L210:INFO]: Waiting for MySQL to become available...
[2026-04-17 21:49:05,015:MySQL_Database.py#L228:INFO]: MySQL is back up! (Took 0.04s)
[2026-04-17 21:49:05,015:MySQL_Database.py#L32:INFO]: Closed old MySQL connection.
[2026-04-17 21:49:05,108:MySQL_Database.py#L278:INFO]: Executing transpiled workload olap_workloads/job_1.wg (2 queries)...
[2026-04-17 21:49:15,673:MySQL_Database.py#L305:INFO]: Workload olap_workloads/job_1.wg executed successfully.
[2026-04-17 21:49:15,673:run_diverse_configs.py#L206:INFO]: Performance for config 7: 5.282012740150094
[2026-04-17 21:49:15,673:run_diverse_configs.py#L137:INFO]: Running config 8/10 for job_1
[2026-04-17 21:49:15,674:MySQL_Database.py#L253:INFO]: Transpiling workload from PostgreSQL to MySQL syntax...
[2026-04-17 21:49:15,696:MySQL_Database.py#L81:INFO]: MySQL knobs persisted to mysqld-auto.cnf. Restarting to apply...
[2026-04-17 21:49:15,696:MySQL_Database.py#L200:INFO]: Restarting MySQL service...
[2026-04-17 21:49:24,201:MySQL_Database.py#L210:INFO]: Waiting for MySQL to become available...
[2026-04-17 21:49:24,250:MySQL_Database.py#L228:INFO]: MySQL is back up! (Took 0.05s)
[2026-04-17 21:49:24,251:MySQL_Database.py#L32:INFO]: Closed old MySQL connection.
[2026-04-17 21:49:24,311:MySQL_Database.py#L278:INFO]: Executing transpiled workload olap_workloads/job_1.wg (2 queries)...
[2026-04-17 21:49:34,989:MySQL_Database.py#L305:INFO]: Workload olap_workloads/job_1.wg executed successfully.
[2026-04-17 21:49:34,989:run_diverse_configs.py#L206:INFO]: Performance for config 8: 5.339201477356255
[2026-04-17 21:49:34,990:run_diverse_configs.py#L137:INFO]: Running config 9/10 for job_1
[2026-04-17 21:49:34,990:MySQL_Database.py#L253:INFO]: Transpiling workload from PostgreSQL to MySQL syntax...
[2026-04-17 21:49:35,012:MySQL_Database.py#L81:INFO]: MySQL knobs persisted to mysqld-auto.cnf. Restarting to apply...
[2026-04-17 21:49:35,012:MySQL_Database.py#L200:INFO]: Restarting MySQL service...
[2026-04-17 21:49:43,505:MySQL_Database.py#L210:INFO]: Waiting for MySQL to become available...
[2026-04-17 21:49:43,541:MySQL_Database.py#L228:INFO]: MySQL is back up! (Took 0.04s)
[2026-04-17 21:49:43,541:MySQL_Database.py#L32:INFO]: Closed old MySQL connection.
[2026-04-17 21:49:43,600:MySQL_Database.py#L278:INFO]: Executing transpiled workload olap_workloads/job_1.wg (2 queries)...
[2026-04-17 21:49:53,658:MySQL_Database.py#L305:INFO]: Workload olap_workloads/job_1.wg executed successfully.
[2026-04-17 21:49:53,658:run_diverse_configs.py#L206:INFO]: Performance for config 9: 5.0288498918525875
[2026-04-17 21:49:53,659:run_diverse_configs.py#L137:INFO]: Running config 10/10 for job_1
[2026-04-17 21:49:53,659:MySQL_Database.py#L253:INFO]: Transpiling workload from PostgreSQL to MySQL syntax...
[2026-04-17 21:49:53,684:MySQL_Database.py#L81:INFO]: MySQL knobs persisted to mysqld-auto.cnf. Restarting to apply...
[2026-04-17 21:49:53,684:MySQL_Database.py#L200:INFO]: Restarting MySQL service...
[2026-04-17 21:50:01,778:MySQL_Database.py#L210:INFO]: Waiting for MySQL to become available...
[2026-04-17 21:50:01,820:MySQL_Database.py#L228:INFO]: MySQL is back up! (Took 0.04s)
[2026-04-17 21:50:01,820:MySQL_Database.py#L32:INFO]: Closed old MySQL connection.
[2026-04-17 21:50:01,880:MySQL_Database.py#L278:INFO]: Executing transpiled workload olap_workloads/job_1.wg (2 queries)...
[2026-04-17 21:50:12,267:MySQL_Database.py#L305:INFO]: Workload olap_workloads/job_1.wg executed successfully.
[2026-04-17 21:50:12,268:run_diverse_configs.py#L206:INFO]: Performance for config 10: 5.193751539802179
[2026-04-17 21:50:12,268:run_diverse_configs.py#L129:INFO]: Running 10 configs for job_7
[2026-04-17 21:50:12,268:run_diverse_configs.py#L137:INFO]: Running config 1/10 for job_7
[2026-04-17 21:50:12,274:MySQL_Database.py#L253:INFO]: Transpiling workload from PostgreSQL to MySQL syntax...
[2026-04-17 21:50:12,311:MySQL_Database.py#L81:INFO]: MySQL knobs persisted to mysqld-auto.cnf. Restarting to apply...
[2026-04-17 21:50:12,311:MySQL_Database.py#L200:INFO]: Restarting MySQL service...
[2026-04-17 21:50:20,154:MySQL_Database.py#L210:INFO]: Waiting for MySQL to become available...
[2026-04-17 21:50:20,190:MySQL_Database.py#L228:INFO]: MySQL is back up! (Took 0.04s)
[2026-04-17 21:50:20,191:MySQL_Database.py#L32:INFO]: Closed old MySQL connection.
[2026-04-17 21:50:20,270:MySQL_Database.py#L278:INFO]: Executing transpiled workload olap_workloads/job_7.wg (20 queries)...
[2026-04-17 21:52:24,070:MySQL_Database.py#L305:INFO]: Workload olap_workloads/job_7.wg executed successfully.
[2026-04-17 21:52:24,070:run_diverse_configs.py#L206:INFO]: Performance for config 1: 6.189996679010801
[2026-04-17 21:52:24,076:run_diverse_configs.py#L137:INFO]: Running config 2/10 for job_7
[2026-04-17 21:52:24,077:MySQL_Database.py#L253:INFO]: Transpiling workload from PostgreSQL to MySQL syntax...
[2026-04-17 21:52:24,112:MySQL_Database.py#L81:INFO]: MySQL knobs persisted to mysqld-auto.cnf. Restarting to apply...
[2026-04-17 21:52:24,112:MySQL_Database.py#L200:INFO]: Restarting MySQL service...
[2026-04-17 21:52:32,658:MySQL_Database.py#L210:INFO]: Waiting for MySQL to become available...
[2026-04-17 21:52:32,694:MySQL_Database.py#L228:INFO]: MySQL is back up! (Took 0.04s)
[2026-04-17 21:52:32,694:MySQL_Database.py#L32:INFO]: Closed old MySQL connection.
[2026-04-17 21:52:32,754:MySQL_Database.py#L278:INFO]: Executing transpiled workload olap_workloads/job_7.wg (20 queries)...
[2026-04-17 21:54:33,578:MySQL_Database.py#L305:INFO]: Workload olap_workloads/job_7.wg executed successfully.
[2026-04-17 21:54:33,578:run_diverse_configs.py#L206:INFO]: Performance for config 2: 6.04115227770526
[2026-04-17 21:54:33,578:run_diverse_configs.py#L137:INFO]: Running config 3/10 for job_7
[2026-04-17 21:54:33,579:MySQL_Database.py#L253:INFO]: Transpiling workload from PostgreSQL to MySQL syntax...
[2026-04-17 21:54:33,616:MySQL_Database.py#L81:INFO]: MySQL knobs persisted to mysqld-auto.cnf. Restarting to apply...
[2026-04-17 21:54:33,616:MySQL_Database.py#L200:INFO]: Restarting MySQL service...
[2026-04-17 21:54:41,965:MySQL_Database.py#L210:INFO]: Waiting for MySQL to become available...
[2026-04-17 21:54:42,005:MySQL_Database.py#L228:INFO]: MySQL is back up! (Took 0.04s)
[2026-04-17 21:54:42,005:MySQL_Database.py#L32:INFO]: Closed old MySQL connection.
[2026-04-17 21:54:42,066:MySQL_Database.py#L278:INFO]: Executing transpiled workload olap_workloads/job_7.wg (20 queries)...
[2026-04-17 21:56:45,545:MySQL_Database.py#L305:INFO]: Workload olap_workloads/job_7.wg executed successfully.
[2026-04-17 21:56:45,545:run_diverse_configs.py#L206:INFO]: Performance for config 3: 6.173936567083001
[2026-04-17 21:56:45,546:run_diverse_configs.py#L137:INFO]: Running config 4/10 for job_7
[2026-04-17 21:56:45,546:MySQL_Database.py#L253:INFO]: Transpiling workload from PostgreSQL to MySQL syntax...
[2026-04-17 21:56:45,583:MySQL_Database.py#L81:INFO]: MySQL knobs persisted to mysqld-auto.cnf. Restarting to apply...
[2026-04-17 21:56:45,583:MySQL_Database.py#L200:INFO]: Restarting MySQL service...
[2026-04-17 21:56:53,627:MySQL_Database.py#L210:INFO]: Waiting for MySQL to become available...
[2026-04-17 21:56:53,663:MySQL_Database.py#L228:INFO]: MySQL is back up! (Took 0.04s)
[2026-04-17 21:56:53,663:MySQL_Database.py#L32:INFO]: Closed old MySQL connection.
[2026-04-17 21:56:53,723:MySQL_Database.py#L278:INFO]: Executing transpiled workload olap_workloads/job_7.wg (20 queries)...
[2026-04-17 21:58:56,248:MySQL_Database.py#L305:INFO]: Workload olap_workloads/job_7.wg executed successfully.
[2026-04-17 21:58:56,248:run_diverse_configs.py#L206:INFO]: Performance for config 4: 6.126237589190714
[2026-04-17 21:58:56,248:run_diverse_configs.py#L137:INFO]: Running config 5/10 for job_7
[2026-04-17 21:58:56,249:MySQL_Database.py#L253:INFO]: Transpiling workload from PostgreSQL to MySQL syntax...
[2026-04-17 21:58:56,287:MySQL_Database.py#L81:INFO]: MySQL knobs persisted to mysqld-auto.cnf. Restarting to apply...
[2026-04-17 21:58:56,287:MySQL_Database.py#L200:INFO]: Restarting MySQL service...
[2026-04-17 21:59:03,983:MySQL_Database.py#L210:INFO]: Waiting for MySQL to become available...
[2026-04-17 21:59:04,027:MySQL_Database.py#L228:INFO]: MySQL is back up! (Took 0.04s)
[2026-04-17 21:59:04,027:MySQL_Database.py#L32:INFO]: Closed old MySQL connection.
[2026-04-17 21:59:04,091:MySQL_Database.py#L278:INFO]: Executing transpiled workload olap_workloads/job_7.wg (20 queries)...
[2026-04-17 22:01:06,850:MySQL_Database.py#L305:INFO]: Workload olap_workloads/job_7.wg executed successfully.
[2026-04-17 22:01:06,851:run_diverse_configs.py#L206:INFO]: Performance for config 5: 6.1379397626966234
[2026-04-17 22:01:06,851:run_diverse_configs.py#L137:INFO]: Running config 6/10 for job_7
[2026-04-17 22:01:06,851:MySQL_Database.py#L253:INFO]: Transpiling workload from PostgreSQL to MySQL syntax...
[2026-04-17 22:01:06,893:MySQL_Database.py#L81:INFO]: MySQL knobs persisted to mysqld-auto.cnf. Restarting to apply...
[2026-04-17 22:01:06,893:MySQL_Database.py#L200:INFO]: Restarting MySQL service...
[2026-04-17 22:01:15,691:MySQL_Database.py#L210:INFO]: Waiting for MySQL to become available...
[2026-04-17 22:01:15,728:MySQL_Database.py#L228:INFO]: MySQL is back up! (Took 0.04s)
[2026-04-17 22:01:15,728:MySQL_Database.py#L32:INFO]: Closed old MySQL connection.
[2026-04-17 22:01:15,788:MySQL_Database.py#L278:INFO]: Executing transpiled workload olap_workloads/job_7.wg (20 queries)...
[2026-04-17 22:03:17,066:MySQL_Database.py#L305:INFO]: Workload olap_workloads/job_7.wg executed successfully.
[2026-04-17 22:03:17,066:run_diverse_configs.py#L206:INFO]: Performance for config 6: 6.06390644509811
[2026-04-17 22:03:17,066:run_diverse_configs.py#L137:INFO]: Running config 7/10 for job_7
[2026-04-17 22:03:17,067:MySQL_Database.py#L253:INFO]: Transpiling workload from PostgreSQL to MySQL syntax...
[2026-04-17 22:03:17,102:MySQL_Database.py#L81:INFO]: MySQL knobs persisted to mysqld-auto.cnf. Restarting to apply...
[2026-04-17 22:03:17,102:MySQL_Database.py#L200:INFO]: Restarting MySQL service...
[2026-04-17 22:03:24,844:MySQL_Database.py#L210:INFO]: Waiting for MySQL to become available...
[2026-04-17 22:03:24,913:MySQL_Database.py#L228:INFO]: MySQL is back up! (Took 0.07s)
[2026-04-17 22:03:24,914:MySQL_Database.py#L32:INFO]: Closed old MySQL connection.
[2026-04-17 22:03:25,034:MySQL_Database.py#L278:INFO]: Executing transpiled workload olap_workloads/job_7.wg (20 queries)...
[2026-04-17 22:05:25,568:MySQL_Database.py#L305:INFO]: Workload olap_workloads/job_7.wg executed successfully.
[2026-04-17 22:05:25,568:run_diverse_configs.py#L206:INFO]: Performance for config 7: 6.026685291994363
[2026-04-17 22:05:25,568:run_diverse_configs.py#L137:INFO]: Running config 8/10 for job_7
[2026-04-17 22:05:25,569:MySQL_Database.py#L253:INFO]: Transpiling workload from PostgreSQL to MySQL syntax...
[2026-04-17 22:05:25,613:MySQL_Database.py#L81:INFO]: MySQL knobs persisted to mysqld-auto.cnf. Restarting to apply...
[2026-04-17 22:05:25,613:MySQL_Database.py#L200:INFO]: Restarting MySQL service...
[2026-04-17 22:05:34,462:MySQL_Database.py#L210:INFO]: Waiting for MySQL to become available...
[2026-04-17 22:05:34,512:MySQL_Database.py#L228:INFO]: MySQL is back up! (Took 0.05s)
[2026-04-17 22:05:34,512:MySQL_Database.py#L32:INFO]: Closed old MySQL connection.
[2026-04-17 22:05:34,572:MySQL_Database.py#L278:INFO]: Executing transpiled workload olap_workloads/job_7.wg (20 queries)...
[2026-04-17 22:07:35,390:MySQL_Database.py#L305:INFO]: Workload olap_workloads/job_7.wg executed successfully.
[2026-04-17 22:07:35,390:run_diverse_configs.py#L206:INFO]: Performance for config 8: 6.040871135890484
[2026-04-17 22:07:35,391:run_diverse_configs.py#L137:INFO]: Running config 9/10 for job_7
[2026-04-17 22:07:35,391:MySQL_Database.py#L253:INFO]: Transpiling workload from PostgreSQL to MySQL syntax...
[2026-04-17 22:07:35,426:MySQL_Database.py#L81:INFO]: MySQL knobs persisted to mysqld-auto.cnf. Restarting to apply...
[2026-04-17 22:07:35,426:MySQL_Database.py#L200:INFO]: Restarting MySQL service...
[2026-04-17 22:07:43,970:MySQL_Database.py#L210:INFO]: Waiting for MySQL to become available...
[2026-04-17 22:07:44,033:MySQL_Database.py#L228:INFO]: MySQL is back up! (Took 0.06s)
[2026-04-17 22:07:44,033:MySQL_Database.py#L32:INFO]: Closed old MySQL connection.
[2026-04-17 22:07:44,098:MySQL_Database.py#L278:INFO]: Executing transpiled workload olap_workloads/job_7.wg (20 queries)...
[2026-04-17 22:09:44,449:MySQL_Database.py#L305:INFO]: Workload olap_workloads/job_7.wg executed successfully.
[2026-04-17 22:09:44,449:run_diverse_configs.py#L206:INFO]: Performance for config 9: 6.017535645398311
[2026-04-17 22:09:44,450:run_diverse_configs.py#L137:INFO]: Running config 10/10 for job_7
[2026-04-17 22:09:44,450:MySQL_Database.py#L253:INFO]: Transpiling workload from PostgreSQL to MySQL syntax...
[2026-04-17 22:09:44,485:MySQL_Database.py#L81:INFO]: MySQL knobs persisted to mysqld-auto.cnf. Restarting to apply...
[2026-04-17 22:09:44,485:MySQL_Database.py#L200:INFO]: Restarting MySQL service...
[2026-04-17 22:09:52,026:MySQL_Database.py#L210:INFO]: Waiting for MySQL to become available...
[2026-04-17 22:09:52,092:MySQL_Database.py#L228:INFO]: MySQL is back up! (Took 0.07s)
[2026-04-17 22:09:52,093:MySQL_Database.py#L32:INFO]: Closed old MySQL connection.
[2026-04-17 22:09:52,213:MySQL_Database.py#L278:INFO]: Executing transpiled workload olap_workloads/job_7.wg (20 queries)...
[2026-04-17 22:11:51,660:MySQL_Database.py#L305:INFO]: Workload olap_workloads/job_7.wg executed successfully.
[2026-04-17 22:11:51,660:run_diverse_configs.py#L206:INFO]: Performance for config 10: 5.972366141830571
[2026-04-17 22:11:51,661:run_diverse_configs.py#L129:INFO]: Running 10 configs for job_8
[2026-04-17 22:11:51,661:run_diverse_configs.py#L137:INFO]: Running config 1/10 for job_8
[2026-04-17 22:11:51,667:MySQL_Database.py#L253:INFO]: Transpiling workload from PostgreSQL to MySQL syntax...
[2026-04-17 22:11:51,702:MySQL_Database.py#L81:INFO]: MySQL knobs persisted to mysqld-auto.cnf. Restarting to apply...
[2026-04-17 22:11:51,703:MySQL_Database.py#L200:INFO]: Restarting MySQL service...
[2026-04-17 22:12:00,449:MySQL_Database.py#L210:INFO]: Waiting for MySQL to become available...
[2026-04-17 22:12:00,515:MySQL_Database.py#L228:INFO]: MySQL is back up! (Took 0.07s)
[2026-04-17 22:12:00,515:MySQL_Database.py#L32:INFO]: Closed old MySQL connection.
[2026-04-17 22:12:00,593:MySQL_Database.py#L278:INFO]: Executing transpiled workload olap_workloads/job_8.wg (16 queries)...
[2026-04-17 22:21:25,027:MySQL_Database.py#L305:INFO]: Workload olap_workloads/job_8.wg executed successfully.
[2026-04-17 22:21:25,028:run_diverse_configs.py#L206:INFO]: Performance for config 1: 35.277131205861224
[2026-04-17 22:21:25,034:run_diverse_configs.py#L137:INFO]: Running config 2/10 for job_8
[2026-04-17 22:21:25,034:MySQL_Database.py#L253:INFO]: Transpiling workload from PostgreSQL to MySQL syntax...
[2026-04-17 22:21:25,077:MySQL_Database.py#L81:INFO]: MySQL knobs persisted to mysqld-auto.cnf. Restarting to apply...
[2026-04-17 22:21:25,077:MySQL_Database.py#L200:INFO]: Restarting MySQL service...
[2026-04-17 22:21:33,019:MySQL_Database.py#L210:INFO]: Waiting for MySQL to become available...
[2026-04-17 22:21:33,060:MySQL_Database.py#L228:INFO]: MySQL is back up! (Took 0.04s)
[2026-04-17 22:21:33,060:MySQL_Database.py#L32:INFO]: Closed old MySQL connection.
[2026-04-17 22:21:33,123:MySQL_Database.py#L278:INFO]: Executing transpiled workload olap_workloads/job_8.wg (16 queries)...
[2026-04-17 22:30:59,454:MySQL_Database.py#L305:INFO]: Workload olap_workloads/job_8.wg executed successfully.
[2026-04-17 22:30:59,454:run_diverse_configs.py#L206:INFO]: Performance for config 2: 35.395667161181336
[2026-04-17 22:30:59,454:run_diverse_configs.py#L137:INFO]: Running config 3/10 for job_8
[2026-04-17 22:30:59,454:MySQL_Database.py#L253:INFO]: Transpiling workload from PostgreSQL to MySQL syntax...
[2026-04-17 22:30:59,497:MySQL_Database.py#L81:INFO]: MySQL knobs persisted to mysqld-auto.cnf. Restarting to apply...
[2026-04-17 22:30:59,497:MySQL_Database.py#L200:INFO]: Restarting MySQL service...
[2026-04-17 22:31:07,492:MySQL_Database.py#L210:INFO]: Waiting for MySQL to become available...
[2026-04-17 22:31:07,531:MySQL_Database.py#L228:INFO]: MySQL is back up! (Took 0.04s)
[2026-04-17 22:31:07,532:MySQL_Database.py#L32:INFO]: Closed old MySQL connection.
[2026-04-17 22:31:07,591:MySQL_Database.py#L278:INFO]: Executing transpiled workload olap_workloads/job_8.wg (16 queries)...
[2026-04-17 22:41:13,259:MySQL_Database.py#L305:INFO]: Workload olap_workloads/job_8.wg executed successfully.
[2026-04-17 22:41:13,259:run_diverse_configs.py#L206:INFO]: Performance for config 3: 37.8542600182991
[2026-04-17 22:41:13,260:run_diverse_configs.py#L137:INFO]: Running config 4/10 for job_8
[2026-04-17 22:41:13,260:MySQL_Database.py#L253:INFO]: Transpiling workload from PostgreSQL to MySQL syntax...
[2026-04-17 22:41:13,300:MySQL_Database.py#L81:INFO]: MySQL knobs persisted to mysqld-auto.cnf. Restarting to apply...
[2026-04-17 22:41:13,300:MySQL_Database.py#L200:INFO]: Restarting MySQL service...
[2026-04-17 22:41:21,646:MySQL_Database.py#L210:INFO]: Waiting for MySQL to become available...
[2026-04-17 22:41:21,683:MySQL_Database.py#L228:INFO]: MySQL is back up! (Took 0.04s)
[2026-04-17 22:41:21,683:MySQL_Database.py#L32:INFO]: Closed old MySQL connection.
[2026-04-17 22:41:21,742:MySQL_Database.py#L278:INFO]: Executing transpiled workload olap_workloads/job_8.wg (16 queries)...
[2026-04-17 22:50:44,932:MySQL_Database.py#L305:INFO]: Workload olap_workloads/job_8.wg executed successfully.
[2026-04-17 22:50:44,932:run_diverse_configs.py#L206:INFO]: Performance for config 4: 35.199355989927426
[2026-04-17 22:50:44,933:run_diverse_configs.py#L137:INFO]: Running config 5/10 for job_8
[2026-04-17 22:50:44,933:MySQL_Database.py#L253:INFO]: Transpiling workload from PostgreSQL to MySQL syntax...
[2026-04-17 22:50:44,975:MySQL_Database.py#L81:INFO]: MySQL knobs persisted to mysqld-auto.cnf. Restarting to apply...
[2026-04-17 22:50:44,975:MySQL_Database.py#L200:INFO]: Restarting MySQL service...
[2026-04-17 22:50:53,317:MySQL_Database.py#L210:INFO]: Waiting for MySQL to become available...
[2026-04-17 22:50:53,364:MySQL_Database.py#L228:INFO]: MySQL is back up! (Took 0.05s)
[2026-04-17 22:50:53,364:MySQL_Database.py#L32:INFO]: Closed old MySQL connection.
[2026-04-17 22:50:53,424:MySQL_Database.py#L278:INFO]: Executing transpiled workload olap_workloads/job_8.wg (16 queries)...
[2026-04-17 23:00:13,869:MySQL_Database.py#L305:INFO]: Workload olap_workloads/job_8.wg executed successfully.
[2026-04-17 23:00:13,869:run_diverse_configs.py#L206:INFO]: Performance for config 5: 35.027761470817495
[2026-04-17 23:00:13,869:run_diverse_configs.py#L137:INFO]: Running config 6/10 for job_8
[2026-04-17 23:00:13,870:MySQL_Database.py#L253:INFO]: Transpiling workload from PostgreSQL to MySQL syntax...
[2026-04-17 23:00:13,909:MySQL_Database.py#L81:INFO]: MySQL knobs persisted to mysqld-auto.cnf. Restarting to apply...
[2026-04-17 23:00:13,909:MySQL_Database.py#L200:INFO]: Restarting MySQL service...
[2026-04-17 23:00:22,803:MySQL_Database.py#L210:INFO]: Waiting for MySQL to become available...
[2026-04-17 23:00:22,840:MySQL_Database.py#L228:INFO]: MySQL is back up! (Took 0.04s)
[2026-04-17 23:00:22,841:MySQL_Database.py#L32:INFO]: Closed old MySQL connection.
[2026-04-17 23:00:22,900:MySQL_Database.py#L278:INFO]: Executing transpiled workload olap_workloads/job_8.wg (16 queries)...
[2026-04-17 23:09:44,243:MySQL_Database.py#L305:INFO]: Workload olap_workloads/job_8.wg executed successfully.
[2026-04-17 23:09:44,243:run_diverse_configs.py#L206:INFO]: Performance for config 6: 35.08388367368025
[2026-04-17 23:09:44,243:run_diverse_configs.py#L137:INFO]: Running config 7/10 for job_8
[2026-04-17 23:09:44,243:MySQL_Database.py#L253:INFO]: Transpiling workload from PostgreSQL to MySQL syntax...
[2026-04-17 23:09:44,288:MySQL_Database.py#L81:INFO]: MySQL knobs persisted to mysqld-auto.cnf. Restarting to apply...
[2026-04-17 23:09:44,288:MySQL_Database.py#L200:INFO]: Restarting MySQL service...
[2026-04-17 23:09:52,230:MySQL_Database.py#L210:INFO]: Waiting for MySQL to become available...
[2026-04-17 23:09:52,267:MySQL_Database.py#L228:INFO]: MySQL is back up! (Took 0.04s)
[2026-04-17 23:09:52,267:MySQL_Database.py#L32:INFO]: Closed old MySQL connection.
[2026-04-17 23:09:52,327:MySQL_Database.py#L278:INFO]: Executing transpiled workload olap_workloads/job_8.wg (16 queries)...
[2026-04-17 23:19:15,421:MySQL_Database.py#L305:INFO]: Workload olap_workloads/job_8.wg executed successfully.
[2026-04-17 23:19:15,421:run_diverse_configs.py#L206:INFO]: Performance for config 7: 35.19338518282166
[2026-04-17 23:19:15,421:run_diverse_configs.py#L137:INFO]: Running config 8/10 for job_8
[2026-04-17 23:19:15,422:MySQL_Database.py#L253:INFO]: Transpiling workload from PostgreSQL to MySQL syntax...
[2026-04-17 23:19:15,463:MySQL_Database.py#L81:INFO]: MySQL knobs persisted to mysqld-auto.cnf. Restarting to apply...
[2026-04-17 23:19:15,463:MySQL_Database.py#L200:INFO]: Restarting MySQL service...
[2026-04-17 23:19:23,707:MySQL_Database.py#L210:INFO]: Waiting for MySQL to become available...
[2026-04-17 23:19:23,756:MySQL_Database.py#L228:INFO]: MySQL is back up! (Took 0.05s)
[2026-04-17 23:19:23,756:MySQL_Database.py#L32:INFO]: Closed old MySQL connection.
[2026-04-17 23:19:23,872:MySQL_Database.py#L278:INFO]: Executing transpiled workload olap_workloads/job_8.wg (16 queries)...
[2026-04-17 23:28:50,426:MySQL_Database.py#L305:INFO]: Workload olap_workloads/job_8.wg executed successfully.
[2026-04-17 23:28:50,426:run_diverse_configs.py#L206:INFO]: Performance for config 8: 35.40959213979659
[2026-04-17 23:28:50,426:run_diverse_configs.py#L137:INFO]: Running config 9/10 for job_8
[2026-04-17 23:28:50,426:MySQL_Database.py#L253:INFO]: Transpiling workload from PostgreSQL to MySQL syntax...
[2026-04-17 23:28:50,465:MySQL_Database.py#L81:INFO]: MySQL knobs persisted to mysqld-auto.cnf. Restarting to apply...
[2026-04-17 23:28:50,465:MySQL_Database.py#L200:INFO]: Restarting MySQL service...
[2026-04-17 23:28:59,058:MySQL_Database.py#L210:INFO]: Waiting for MySQL to become available...
[2026-04-17 23:28:59,108:MySQL_Database.py#L228:INFO]: MySQL is back up! (Took 0.05s)
[2026-04-17 23:28:59,108:MySQL_Database.py#L32:INFO]: Closed old MySQL connection.
[2026-04-17 23:28:59,167:MySQL_Database.py#L278:INFO]: Executing transpiled workload olap_workloads/job_8.wg (16 queries)...
[2026-04-17 23:38:20,879:MySQL_Database.py#L305:INFO]: Workload olap_workloads/job_8.wg executed successfully.
[2026-04-17 23:38:20,879:run_diverse_configs.py#L206:INFO]: Performance for config 9: 35.10697370412527
[2026-04-17 23:38:20,879:run_diverse_configs.py#L137:INFO]: Running config 10/10 for job_8
[2026-04-17 23:38:20,880:MySQL_Database.py#L253:INFO]: Transpiling workload from PostgreSQL to MySQL syntax...
[2026-04-17 23:38:20,921:MySQL_Database.py#L81:INFO]: MySQL knobs persisted to mysqld-auto.cnf. Restarting to apply...
[2026-04-17 23:38:20,922:MySQL_Database.py#L200:INFO]: Restarting MySQL service...
[2026-04-17 23:38:29,669:MySQL_Database.py#L210:INFO]: Waiting for MySQL to become available...
[2026-04-17 23:38:29,705:MySQL_Database.py#L228:INFO]: MySQL is back up! (Took 0.04s)
[2026-04-17 23:38:29,705:MySQL_Database.py#L32:INFO]: Closed old MySQL connection.
[2026-04-17 23:38:29,764:MySQL_Database.py#L278:INFO]: Executing transpiled workload olap_workloads/job_8.wg (16 queries)...
[2026-04-17 23:47:53,685:MySQL_Database.py#L305:INFO]: Workload olap_workloads/job_8.wg executed successfully.
[2026-04-17 23:47:53,685:run_diverse_configs.py#L206:INFO]: Performance for config 10: 35.24502288896474
[2026-04-17 23:47:53,685:run_diverse_configs.py#L129:INFO]: Running 10 configs for job_97
[2026-04-17 23:47:53,685:run_diverse_configs.py#L137:INFO]: Running config 1/10 for job_97
[2026-04-17 23:47:53,692:MySQL_Database.py#L253:INFO]: Transpiling workload from PostgreSQL to MySQL syntax...
[2026-04-17 23:47:53,734:MySQL_Database.py#L81:INFO]: MySQL knobs persisted to mysqld-auto.cnf. Restarting to apply...
[2026-04-17 23:47:53,734:MySQL_Database.py#L200:INFO]: Restarting MySQL service...
[2026-04-17 23:48:02,129:MySQL_Database.py#L210:INFO]: Waiting for MySQL to become available...
[2026-04-17 23:48:02,171:MySQL_Database.py#L228:INFO]: MySQL is back up! (Took 0.04s)
[2026-04-17 23:48:02,172:MySQL_Database.py#L32:INFO]: Closed old MySQL connection.
[2026-04-17 23:48:02,231:MySQL_Database.py#L278:INFO]: Executing transpiled workload olap_workloads/job_97.wg (24 queries)...
[2026-04-17 23:51:28,349:MySQL_Database.py#L305:INFO]: Workload olap_workloads/job_97.wg executed successfully.
[2026-04-17 23:51:28,349:run_diverse_configs.py#L206:INFO]: Performance for config 1: 8.588256934308447
[2026-04-17 23:51:28,355:run_diverse_configs.py#L137:INFO]: Running config 2/10 for job_97
[2026-04-17 23:51:28,356:MySQL_Database.py#L253:INFO]: Transpiling workload from PostgreSQL to MySQL syntax...
[2026-04-17 23:51:28,399:MySQL_Database.py#L81:INFO]: MySQL knobs persisted to mysqld-auto.cnf. Restarting to apply...
[2026-04-17 23:51:28,399:MySQL_Database.py#L200:INFO]: Restarting MySQL service...
[2026-04-17 23:51:36,692:MySQL_Database.py#L210:INFO]: Waiting for MySQL to become available...
[2026-04-17 23:51:36,727:MySQL_Database.py#L228:INFO]: MySQL is back up! (Took 0.04s)
[2026-04-17 23:51:36,728:MySQL_Database.py#L32:INFO]: Closed old MySQL connection.
[2026-04-17 23:51:36,838:MySQL_Database.py#L278:INFO]: Executing transpiled workload olap_workloads/job_97.wg (24 queries)...
[2026-04-17 23:55:04,374:MySQL_Database.py#L305:INFO]: Workload olap_workloads/job_97.wg executed successfully.
[2026-04-17 23:55:04,374:run_diverse_configs.py#L206:INFO]: Performance for config 2: 8.6473054230446
[2026-04-17 23:55:04,374:run_diverse_configs.py#L137:INFO]: Running config 3/10 for job_97
[2026-04-17 23:55:04,375:MySQL_Database.py#L253:INFO]: Transpiling workload from PostgreSQL to MySQL syntax...
[2026-04-17 23:55:04,418:MySQL_Database.py#L81:INFO]: MySQL knobs persisted to mysqld-auto.cnf. Restarting to apply...
[2026-04-17 23:55:04,418:MySQL_Database.py#L200:INFO]: Restarting MySQL service...
[2026-04-17 23:55:13,165:MySQL_Database.py#L210:INFO]: Waiting for MySQL to become available...
[2026-04-17 23:55:13,208:MySQL_Database.py#L228:INFO]: MySQL is back up! (Took 0.04s)
[2026-04-17 23:55:13,208:MySQL_Database.py#L32:INFO]: Closed old MySQL connection.
[2026-04-17 23:55:13,268:MySQL_Database.py#L278:INFO]: Executing transpiled workload olap_workloads/job_97.wg (24 queries)...
[2026-04-17 23:58:44,837:MySQL_Database.py#L305:INFO]: Workload olap_workloads/job_97.wg executed successfully.
[2026-04-17 23:58:44,837:run_diverse_configs.py#L206:INFO]: Performance for config 3: 8.815385342032338
[2026-04-17 23:58:44,838:run_diverse_configs.py#L137:INFO]: Running config 4/10 for job_97
[2026-04-17 23:58:44,838:MySQL_Database.py#L253:INFO]: Transpiling workload from PostgreSQL to MySQL syntax...
[2026-04-17 23:58:44,882:MySQL_Database.py#L81:INFO]: MySQL knobs persisted to mysqld-auto.cnf. Restarting to apply...
[2026-04-17 23:58:44,882:MySQL_Database.py#L200:INFO]: Restarting MySQL service...
[2026-04-17 23:58:53,776:MySQL_Database.py#L210:INFO]: Waiting for MySQL to become available...
[2026-04-17 23:58:53,818:MySQL_Database.py#L228:INFO]: MySQL is back up! (Took 0.04s)
[2026-04-17 23:58:53,819:MySQL_Database.py#L32:INFO]: Closed old MySQL connection.
[2026-04-17 23:58:53,934:MySQL_Database.py#L278:INFO]: Executing transpiled workload olap_workloads/job_97.wg (24 queries)...
[2026-04-18 00:02:24,592:MySQL_Database.py#L305:INFO]: Workload olap_workloads/job_97.wg executed successfully.
[2026-04-18 00:02:24,592:run_diverse_configs.py#L206:INFO]: Performance for config 4: 8.777420230403854
[2026-04-18 00:02:24,593:run_diverse_configs.py#L137:INFO]: Running config 5/10 for job_97
[2026-04-18 00:02:24,593:MySQL_Database.py#L253:INFO]: Transpiling workload from PostgreSQL to MySQL syntax...
[2026-04-18 00:02:24,636:MySQL_Database.py#L81:INFO]: MySQL knobs persisted to mysqld-auto.cnf. Restarting to apply...
[2026-04-18 00:02:24,636:MySQL_Database.py#L200:INFO]: Restarting MySQL service...
[2026-04-18 00:02:33,132:MySQL_Database.py#L210:INFO]: Waiting for MySQL to become available...
[2026-04-18 00:02:33,169:MySQL_Database.py#L228:INFO]: MySQL is back up! (Took 0.04s)
[2026-04-18 00:02:33,169:MySQL_Database.py#L32:INFO]: Closed old MySQL connection.
[2026-04-18 00:02:33,229:MySQL_Database.py#L278:INFO]: Executing transpiled workload olap_workloads/job_97.wg (24 queries)...
[2026-04-18 00:06:07,026:MySQL_Database.py#L305:INFO]: Workload olap_workloads/job_97.wg executed successfully.
[2026-04-18 00:06:07,026:run_diverse_configs.py#L206:INFO]: Performance for config 5: 8.908187444632253
[2026-04-18 00:06:07,026:run_diverse_configs.py#L137:INFO]: Running config 6/10 for job_97
[2026-04-18 00:06:07,027:MySQL_Database.py#L253:INFO]: Transpiling workload from PostgreSQL to MySQL syntax...
[2026-04-18 00:06:07,065:MySQL_Database.py#L81:INFO]: MySQL knobs persisted to mysqld-auto.cnf. Restarting to apply...
[2026-04-18 00:06:07,065:MySQL_Database.py#L200:INFO]: Restarting MySQL service...
[2026-04-18 00:06:15,512:MySQL_Database.py#L210:INFO]: Waiting for MySQL to become available...
[2026-04-18 00:06:15,547:MySQL_Database.py#L228:INFO]: MySQL is back up! (Took 0.04s)
[2026-04-18 00:06:15,547:MySQL_Database.py#L32:INFO]: Closed old MySQL connection.
[2026-04-18 00:06:15,606:MySQL_Database.py#L278:INFO]: Executing transpiled workload olap_workloads/job_97.wg (24 queries)...
[2026-04-18 00:09:44,705:MySQL_Database.py#L305:INFO]: Workload olap_workloads/job_97.wg executed successfully.
[2026-04-18 00:09:44,705:run_diverse_configs.py#L206:INFO]: Performance for config 6: 8.7124462419888
[2026-04-18 00:09:44,706:run_diverse_configs.py#L137:INFO]: Running config 7/10 for job_97
[2026-04-18 00:09:44,706:MySQL_Database.py#L253:INFO]: Transpiling workload from PostgreSQL to MySQL syntax...
[2026-04-18 00:09:44,751:MySQL_Database.py#L81:INFO]: MySQL knobs persisted to mysqld-auto.cnf. Restarting to apply...
[2026-04-18 00:09:44,751:MySQL_Database.py#L200:INFO]: Restarting MySQL service...
[2026-04-18 00:09:52,994:MySQL_Database.py#L210:INFO]: Waiting for MySQL to become available...
[2026-04-18 00:09:53,060:MySQL_Database.py#L228:INFO]: MySQL is back up! (Took 0.07s)
[2026-04-18 00:09:53,061:MySQL_Database.py#L32:INFO]: Closed old MySQL connection.
[2026-04-18 00:09:53,180:MySQL_Database.py#L278:INFO]: Executing transpiled workload olap_workloads/job_97.wg (24 queries)...
[2026-04-18 00:13:21,744:MySQL_Database.py#L305:INFO]: Workload olap_workloads/job_97.wg executed successfully.
[2026-04-18 00:13:21,745:run_diverse_configs.py#L206:INFO]: Performance for config 7: 8.690162258824179
[2026-04-18 00:13:21,745:run_diverse_configs.py#L137:INFO]: Running config 8/10 for job_97
[2026-04-18 00:13:21,745:MySQL_Database.py#L253:INFO]: Transpiling workload from PostgreSQL to MySQL syntax...
[2026-04-18 00:13:21,788:MySQL_Database.py#L81:INFO]: MySQL knobs persisted to mysqld-auto.cnf. Restarting to apply...
[2026-04-18 00:13:21,788:MySQL_Database.py#L200:INFO]: Restarting MySQL service...
[2026-04-18 00:13:30,231:MySQL_Database.py#L210:INFO]: Waiting for MySQL to become available...
[2026-04-18 00:13:30,277:MySQL_Database.py#L228:INFO]: MySQL is back up! (Took 0.05s)
[2026-04-18 00:13:30,277:MySQL_Database.py#L32:INFO]: Closed old MySQL connection.
[2026-04-18 00:13:30,337:MySQL_Database.py#L278:INFO]: Executing transpiled workload olap_workloads/job_97.wg (24 queries)...
[2026-04-18 00:17:00,104:MySQL_Database.py#L305:INFO]: Workload olap_workloads/job_97.wg executed successfully.
[2026-04-18 00:17:00,104:run_diverse_configs.py#L206:INFO]: Performance for config 8: 8.740284314670134
[2026-04-18 00:17:00,104:run_diverse_configs.py#L137:INFO]: Running config 9/10 for job_97
[2026-04-18 00:17:00,105:MySQL_Database.py#L253:INFO]: Transpiling workload from PostgreSQL to MySQL syntax...
[2026-04-18 00:17:00,149:MySQL_Database.py#L81:INFO]: MySQL knobs persisted to mysqld-auto.cnf. Restarting to apply...
[2026-04-18 00:17:00,149:MySQL_Database.py#L200:INFO]: Restarting MySQL service...
[2026-04-18 00:17:08,892:MySQL_Database.py#L210:INFO]: Waiting for MySQL to become available...
[2026-04-18 00:17:08,947:MySQL_Database.py#L228:INFO]: MySQL is back up! (Took 0.05s)
[2026-04-18 00:17:08,947:MySQL_Database.py#L32:INFO]: Closed old MySQL connection.
[2026-04-18 00:17:09,007:MySQL_Database.py#L278:INFO]: Executing transpiled workload olap_workloads/job_97.wg (24 queries)...
[2026-04-18 00:20:36,772:MySQL_Database.py#L305:INFO]: Workload olap_workloads/job_97.wg executed successfully.
[2026-04-18 00:20:36,773:run_diverse_configs.py#L206:INFO]: Performance for config 9: 8.65686784304368
[2026-04-18 00:20:36,773:run_diverse_configs.py#L137:INFO]: Running config 10/10 for job_97
[2026-04-18 00:20:36,773:MySQL_Database.py#L253:INFO]: Transpiling workload from PostgreSQL to MySQL syntax...
[2026-04-18 00:20:36,816:MySQL_Database.py#L81:INFO]: MySQL knobs persisted to mysqld-auto.cnf. Restarting to apply...
[2026-04-18 00:20:36,817:MySQL_Database.py#L200:INFO]: Restarting MySQL service...
[2026-04-18 00:20:45,411:MySQL_Database.py#L210:INFO]: Waiting for MySQL to become available...
[2026-04-18 00:20:45,458:MySQL_Database.py#L228:INFO]: MySQL is back up! (Took 0.05s)
[2026-04-18 00:20:45,458:MySQL_Database.py#L32:INFO]: Closed old MySQL connection.
[2026-04-18 00:20:45,520:MySQL_Database.py#L278:INFO]: Executing transpiled workload olap_workloads/job_97.wg (24 queries)...
[2026-04-18 00:24:13,949:MySQL_Database.py#L305:INFO]: Workload olap_workloads/job_97.wg executed successfully.
[2026-04-18 00:24:13,949:run_diverse_configs.py#L206:INFO]: Performance for config 10: 8.684533610823564
[2026-04-18 00:24:13,949:run_diverse_configs.py#L129:INFO]: Running 10 configs for job_161
[2026-04-18 00:24:13,949:run_diverse_configs.py#L137:INFO]: Running config 1/10 for job_161
[2026-04-18 00:24:13,956:MySQL_Database.py#L253:INFO]: Transpiling workload from PostgreSQL to MySQL syntax...
[2026-04-18 00:24:13,991:MySQL_Database.py#L81:INFO]: MySQL knobs persisted to mysqld-auto.cnf. Restarting to apply...
[2026-04-18 00:24:13,991:MySQL_Database.py#L200:INFO]: Restarting MySQL service...
[2026-04-18 00:24:21,934:MySQL_Database.py#L210:INFO]: Waiting for MySQL to become available...
[2026-04-18 00:24:21,971:MySQL_Database.py#L228:INFO]: MySQL is back up! (Took 0.04s)
[2026-04-18 00:24:21,972:MySQL_Database.py#L32:INFO]: Closed old MySQL connection.
[2026-04-18 00:24:22,031:MySQL_Database.py#L278:INFO]: Executing transpiled workload olap_workloads/job_161.wg (13 queries)...
[2026-04-18 00:33:38,101:MySQL_Database.py#L305:INFO]: Workload olap_workloads/job_161.wg executed successfully.
[2026-04-18 00:33:38,101:run_diverse_configs.py#L206:INFO]: Performance for config 1: 42.77464676214955
[2026-04-18 00:33:38,107:run_diverse_configs.py#L137:INFO]: Running config 2/10 for job_161
[2026-04-18 00:33:38,108:MySQL_Database.py#L253:INFO]: Transpiling workload from PostgreSQL to MySQL syntax...
[2026-04-18 00:33:38,140:MySQL_Database.py#L81:INFO]: MySQL knobs persisted to mysqld-auto.cnf. Restarting to apply...
[2026-04-18 00:33:38,140:MySQL_Database.py#L200:INFO]: Restarting MySQL service...
[2026-04-18 00:33:46,538:MySQL_Database.py#L210:INFO]: Waiting for MySQL to become available...
[2026-04-18 00:33:46,575:MySQL_Database.py#L228:INFO]: MySQL is back up! (Took 0.04s)
[2026-04-18 00:33:46,576:MySQL_Database.py#L32:INFO]: Closed old MySQL connection.
[2026-04-18 00:33:46,635:MySQL_Database.py#L278:INFO]: Executing transpiled workload olap_workloads/job_161.wg (13 queries)...
[2026-04-18 00:43:07,793:MySQL_Database.py#L305:INFO]: Workload olap_workloads/job_161.wg executed successfully.
[2026-04-18 00:43:07,793:run_diverse_configs.py#L206:INFO]: Performance for config 2: 43.16596301179379
[2026-04-18 00:43:07,793:run_diverse_configs.py#L137:INFO]: Running config 3/10 for job_161
[2026-04-18 00:43:07,794:MySQL_Database.py#L253:INFO]: Transpiling workload from PostgreSQL to MySQL syntax...
[2026-04-18 00:43:07,826:MySQL_Database.py#L81:INFO]: MySQL knobs persisted to mysqld-auto.cnf. Restarting to apply...
[2026-04-18 00:43:07,826:MySQL_Database.py#L200:INFO]: Restarting MySQL service...
[2026-04-18 00:43:16,070:MySQL_Database.py#L210:INFO]: Waiting for MySQL to become available...
[2026-04-18 00:43:16,106:MySQL_Database.py#L228:INFO]: MySQL is back up! (Took 0.04s)
[2026-04-18 00:43:16,107:MySQL_Database.py#L32:INFO]: Closed old MySQL connection.
[2026-04-18 00:43:16,166:MySQL_Database.py#L278:INFO]: Executing transpiled workload olap_workloads/job_161.wg (13 queries)...
[2026-04-18 00:52:30,841:MySQL_Database.py#L305:INFO]: Workload olap_workloads/job_161.wg executed successfully.
[2026-04-18 00:52:30,841:run_diverse_configs.py#L206:INFO]: Performance for config 3: 42.66727451786686
[2026-04-18 00:52:30,841:run_diverse_configs.py#L137:INFO]: Running config 4/10 for job_161
[2026-04-18 00:52:30,842:MySQL_Database.py#L253:INFO]: Transpiling workload from PostgreSQL to MySQL syntax...
[2026-04-18 00:52:30,868:MySQL_Database.py#L81:INFO]: MySQL knobs persisted to mysqld-auto.cnf. Restarting to apply...
[2026-04-18 00:52:30,868:MySQL_Database.py#L200:INFO]: Restarting MySQL service...
[2026-04-18 00:52:39,611:MySQL_Database.py#L210:INFO]: Waiting for MySQL to become available...
[2026-04-18 00:52:39,647:MySQL_Database.py#L228:INFO]: MySQL is back up! (Took 0.04s)
[2026-04-18 00:52:39,648:MySQL_Database.py#L32:INFO]: Closed old MySQL connection.
[2026-04-18 00:52:39,707:MySQL_Database.py#L278:INFO]: Executing transpiled workload olap_workloads/job_161.wg (13 queries)...
[2026-04-18 01:01:59,105:MySQL_Database.py#L305:INFO]: Workload olap_workloads/job_161.wg executed successfully.
[2026-04-18 01:01:59,105:run_diverse_configs.py#L206:INFO]: Performance for config 4: 43.03058295037884
[2026-04-18 01:01:59,105:run_diverse_configs.py#L137:INFO]: Running config 5/10 for job_161
[2026-04-18 01:01:59,106:MySQL_Database.py#L253:INFO]: Transpiling workload from PostgreSQL to MySQL syntax...
[2026-04-18 01:01:59,141:MySQL_Database.py#L81:INFO]: MySQL knobs persisted to mysqld-auto.cnf. Restarting to apply...
[2026-04-18 01:01:59,142:MySQL_Database.py#L200:INFO]: Restarting MySQL service...
[2026-04-18 01:02:07,990:MySQL_Database.py#L210:INFO]: Waiting for MySQL to become available...
[2026-04-18 01:02:08,026:MySQL_Database.py#L228:INFO]: MySQL is back up! (Took 0.04s)
[2026-04-18 01:02:08,027:MySQL_Database.py#L32:INFO]: Closed old MySQL connection.
[2026-04-18 01:02:08,089:MySQL_Database.py#L278:INFO]: Executing transpiled workload olap_workloads/job_161.wg (13 queries)...
[2026-04-18 01:11:26,064:MySQL_Database.py#L305:INFO]: Workload olap_workloads/job_161.wg executed successfully.
[2026-04-18 01:11:26,064:run_diverse_configs.py#L206:INFO]: Performance for config 5: 42.921116169828636
[2026-04-18 01:11:26,064:run_diverse_configs.py#L137:INFO]: Running config 6/10 for job_161
[2026-04-18 01:11:26,065:MySQL_Database.py#L253:INFO]: Transpiling workload from PostgreSQL to MySQL syntax...
[2026-04-18 01:11:26,103:MySQL_Database.py#L81:INFO]: MySQL knobs persisted to mysqld-auto.cnf. Restarting to apply...
[2026-04-18 01:11:26,103:MySQL_Database.py#L200:INFO]: Restarting MySQL service...
[2026-04-18 01:11:34,444:MySQL_Database.py#L210:INFO]: Waiting for MySQL to become available...
[2026-04-18 01:11:34,480:MySQL_Database.py#L228:INFO]: MySQL is back up! (Took 0.04s)
[2026-04-18 01:11:34,480:MySQL_Database.py#L32:INFO]: Closed old MySQL connection.
[2026-04-18 01:11:34,540:MySQL_Database.py#L278:INFO]: Executing transpiled workload olap_workloads/job_161.wg (13 queries)...
[2026-04-18 01:20:50,455:MySQL_Database.py#L305:INFO]: Workload olap_workloads/job_161.wg executed successfully.
[2026-04-18 01:20:50,455:run_diverse_configs.py#L206:INFO]: Performance for config 6: 42.762645745936496
[2026-04-18 01:20:50,455:run_diverse_configs.py#L137:INFO]: Running config 7/10 for job_161
[2026-04-18 01:20:50,456:MySQL_Database.py#L253:INFO]: Transpiling workload from PostgreSQL to MySQL syntax...
[2026-04-18 01:20:50,491:MySQL_Database.py#L81:INFO]: MySQL knobs persisted to mysqld-auto.cnf. Restarting to apply...
[2026-04-18 01:20:50,492:MySQL_Database.py#L200:INFO]: Restarting MySQL service...
[2026-04-18 01:20:59,039:MySQL_Database.py#L210:INFO]: Waiting for MySQL to become available...
[2026-04-18 01:20:59,106:MySQL_Database.py#L228:INFO]: MySQL is back up! (Took 0.07s)
[2026-04-18 01:20:59,106:MySQL_Database.py#L32:INFO]: Closed old MySQL connection.
[2026-04-18 01:20:59,226:MySQL_Database.py#L278:INFO]: Executing transpiled workload olap_workloads/job_161.wg (13 queries)...
[2026-04-18 01:30:15,324:MySQL_Database.py#L305:INFO]: Workload olap_workloads/job_161.wg executed successfully.
[2026-04-18 01:30:15,324:run_diverse_configs.py#L206:INFO]: Performance for config 7: 42.776798421373734
[2026-04-18 01:30:15,325:run_diverse_configs.py#L137:INFO]: Running config 8/10 for job_161
[2026-04-18 01:30:15,325:MySQL_Database.py#L253:INFO]: Transpiling workload from PostgreSQL to MySQL syntax...
[2026-04-18 01:30:15,357:MySQL_Database.py#L81:INFO]: MySQL knobs persisted to mysqld-auto.cnf. Restarting to apply...
[2026-04-18 01:30:15,357:MySQL_Database.py#L200:INFO]: Restarting MySQL service...
[2026-04-18 01:30:23,604:MySQL_Database.py#L210:INFO]: Waiting for MySQL to become available...
[2026-04-18 01:30:23,649:MySQL_Database.py#L228:INFO]: MySQL is back up! (Took 0.05s)
[2026-04-18 01:30:23,650:MySQL_Database.py#L32:INFO]: Closed old MySQL connection.
[2026-04-18 01:30:23,709:MySQL_Database.py#L278:INFO]: Executing transpiled workload olap_workloads/job_161.wg (13 queries)...
[2026-04-18 01:39:38,608:MySQL_Database.py#L305:INFO]: Workload olap_workloads/job_161.wg executed successfully.
[2026-04-18 01:39:38,609:run_diverse_configs.py#L206:INFO]: Performance for config 8: 42.68452121761556
[2026-04-18 01:39:38,609:run_diverse_configs.py#L137:INFO]: Running config 9/10 for job_161
[2026-04-18 01:39:38,609:MySQL_Database.py#L253:INFO]: Transpiling workload from PostgreSQL to MySQL syntax...
[2026-04-18 01:39:38,644:MySQL_Database.py#L81:INFO]: MySQL knobs persisted to mysqld-auto.cnf. Restarting to apply...
[2026-04-18 01:39:38,644:MySQL_Database.py#L200:INFO]: Restarting MySQL service...
[2026-04-18 01:39:47,137:MySQL_Database.py#L210:INFO]: Waiting for MySQL to become available...
[2026-04-18 01:39:47,180:MySQL_Database.py#L228:INFO]: MySQL is back up! (Took 0.04s)
[2026-04-18 01:39:47,180:MySQL_Database.py#L32:INFO]: Closed old MySQL connection.
[2026-04-18 01:39:47,239:MySQL_Database.py#L278:INFO]: Executing transpiled workload olap_workloads/job_161.wg (13 queries)...
[2026-04-18 01:49:01,974:MySQL_Database.py#L305:INFO]: Workload olap_workloads/job_161.wg executed successfully.
[2026-04-18 01:49:01,974:run_diverse_configs.py#L206:INFO]: Performance for config 9: 42.67190548408633
[2026-04-18 01:49:01,975:run_diverse_configs.py#L137:INFO]: Running config 10/10 for job_161
[2026-04-18 01:49:01,975:MySQL_Database.py#L253:INFO]: Transpiling workload from PostgreSQL to MySQL syntax...
[2026-04-18 01:49:02,010:MySQL_Database.py#L81:INFO]: MySQL knobs persisted to mysqld-auto.cnf. Restarting to apply...
[2026-04-18 01:49:02,010:MySQL_Database.py#L200:INFO]: Restarting MySQL service...
[2026-04-18 01:49:10,553:MySQL_Database.py#L210:INFO]: Waiting for MySQL to become available...
[2026-04-18 01:49:10,620:MySQL_Database.py#L228:INFO]: MySQL is back up! (Took 0.07s)
[2026-04-18 01:49:10,620:MySQL_Database.py#L32:INFO]: Closed old MySQL connection.
[2026-04-18 01:49:10,739:MySQL_Database.py#L278:INFO]: Executing transpiled workload olap_workloads/job_161.wg (13 queries)...
[2026-04-18 01:58:31,890:MySQL_Database.py#L305:INFO]: Workload olap_workloads/job_161.wg executed successfully.
[2026-04-18 01:58:31,890:run_diverse_configs.py#L206:INFO]: Performance for config 10: 43.165430588755186
[2026-04-18 01:58:31,891:run_diverse_configs.py#L129:INFO]: Running 10 configs for job_68
[2026-04-18 01:58:31,891:run_diverse_configs.py#L137:INFO]: Running config 1/10 for job_68
[2026-04-18 01:58:31,897:MySQL_Database.py#L253:INFO]: Transpiling workload from PostgreSQL to MySQL syntax...
[2026-04-18 01:58:31,943:MySQL_Database.py#L81:INFO]: MySQL knobs persisted to mysqld-auto.cnf. Restarting to apply...
[2026-04-18 01:58:31,943:MySQL_Database.py#L200:INFO]: Restarting MySQL service...
[2026-04-18 01:58:40,134:MySQL_Database.py#L210:INFO]: Waiting for MySQL to become available...
[2026-04-18 01:58:40,188:MySQL_Database.py#L228:INFO]: MySQL is back up! (Took 0.05s)
[2026-04-18 01:58:40,189:MySQL_Database.py#L32:INFO]: Closed old MySQL connection.
[2026-04-18 01:58:40,248:MySQL_Database.py#L278:INFO]: Executing transpiled workload olap_workloads/job_68.wg (10 queries)...
[2026-04-18 02:05:29,997:MySQL_Database.py#L305:INFO]: Workload olap_workloads/job_68.wg executed successfully.
[2026-04-18 02:05:29,997:run_diverse_configs.py#L206:INFO]: Performance for config 1: 40.97487232461572
[2026-04-18 02:05:29,997:run_diverse_configs.py#L137:INFO]: Running config 2/10 for job_68
[2026-04-18 02:05:29,998:MySQL_Database.py#L253:INFO]: Transpiling workload from PostgreSQL to MySQL syntax...
[2026-04-18 02:05:30,021:MySQL_Database.py#L81:INFO]: MySQL knobs persisted to mysqld-auto.cnf. Restarting to apply...
[2026-04-18 02:05:30,021:MySQL_Database.py#L200:INFO]: Restarting MySQL service...
[2026-04-18 02:05:38,466:MySQL_Database.py#L210:INFO]: Waiting for MySQL to become available...
[2026-04-18 02:05:38,509:MySQL_Database.py#L228:INFO]: MySQL is back up! (Took 0.04s)
[2026-04-18 02:05:38,509:MySQL_Database.py#L32:INFO]: Closed old MySQL connection.
[2026-04-18 02:05:38,568:MySQL_Database.py#L278:INFO]: Executing transpiled workload olap_workloads/job_68.wg (10 queries)...
[2026-04-18 02:12:32,130:MySQL_Database.py#L305:INFO]: Workload olap_workloads/job_68.wg executed successfully.
[2026-04-18 02:12:32,130:run_diverse_configs.py#L206:INFO]: Performance for config 2: 41.35619797799736
[2026-04-18 02:12:32,130:run_diverse_configs.py#L137:INFO]: Running config 3/10 for job_68
[2026-04-18 02:12:32,131:MySQL_Database.py#L253:INFO]: Transpiling workload from PostgreSQL to MySQL syntax...
[2026-04-18 02:12:32,160:MySQL_Database.py#L81:INFO]: MySQL knobs persisted to mysqld-auto.cnf. Restarting to apply...
[2026-04-18 02:12:32,160:MySQL_Database.py#L200:INFO]: Restarting MySQL service...
[2026-04-18 02:12:40,602:MySQL_Database.py#L210:INFO]: Waiting for MySQL to become available...
[2026-04-18 02:12:40,640:MySQL_Database.py#L228:INFO]: MySQL is back up! (Took 0.04s)
[2026-04-18 02:12:40,640:MySQL_Database.py#L32:INFO]: Closed old MySQL connection.
[2026-04-18 02:12:40,699:MySQL_Database.py#L278:INFO]: Executing transpiled workload olap_workloads/job_68.wg (10 queries)...
[2026-04-18 02:19:30,879:MySQL_Database.py#L305:INFO]: Workload olap_workloads/job_68.wg executed successfully.
[2026-04-18 02:19:30,879:run_diverse_configs.py#L206:INFO]: Performance for config 3: 41.01792453122325
[2026-04-18 02:19:30,879:run_diverse_configs.py#L137:INFO]: Running config 4/10 for job_68
[2026-04-18 02:19:30,880:MySQL_Database.py#L253:INFO]: Transpiling workload from PostgreSQL to MySQL syntax...
[2026-04-18 02:19:30,904:MySQL_Database.py#L81:INFO]: MySQL knobs persisted to mysqld-auto.cnf. Restarting to apply...
[2026-04-18 02:19:30,904:MySQL_Database.py#L200:INFO]: Restarting MySQL service...
[2026-04-18 02:19:39,003:MySQL_Database.py#L210:INFO]: Waiting for MySQL to become available...
[2026-04-18 02:19:39,043:MySQL_Database.py#L228:INFO]: MySQL is back up! (Took 0.04s)
[2026-04-18 02:19:39,043:MySQL_Database.py#L32:INFO]: Closed old MySQL connection.
[2026-04-18 02:19:39,101:MySQL_Database.py#L278:INFO]: Executing transpiled workload olap_workloads/job_68.wg (10 queries)...
[2026-04-18 02:26:29,960:MySQL_Database.py#L305:INFO]: Workload olap_workloads/job_68.wg executed successfully.
[2026-04-18 02:26:29,960:run_diverse_configs.py#L206:INFO]: Performance for config 4: 41.085833981214094
[2026-04-18 02:26:29,960:run_diverse_configs.py#L137:INFO]: Running config 5/10 for job_68
[2026-04-18 02:26:29,960:MySQL_Database.py#L253:INFO]: Transpiling workload from PostgreSQL to MySQL syntax...
[2026-04-18 02:26:29,989:MySQL_Database.py#L81:INFO]: MySQL knobs persisted to mysqld-auto.cnf. Restarting to apply...
[2026-04-18 02:26:29,990:MySQL_Database.py#L200:INFO]: Restarting MySQL service...
[2026-04-18 02:26:38,483:MySQL_Database.py#L210:INFO]: Waiting for MySQL to become available...
[2026-04-18 02:26:38,555:MySQL_Database.py#L228:INFO]: MySQL is back up! (Took 0.07s)
[2026-04-18 02:26:38,555:MySQL_Database.py#L32:INFO]: Closed old MySQL connection.
[2026-04-18 02:26:38,614:MySQL_Database.py#L278:INFO]: Executing transpiled workload olap_workloads/job_68.wg (10 queries)...
[2026-04-18 02:33:27,271:MySQL_Database.py#L305:INFO]: Workload olap_workloads/job_68.wg executed successfully.
[2026-04-18 02:33:27,271:run_diverse_configs.py#L206:INFO]: Performance for config 5: 40.865635606879366
[2026-04-18 02:33:27,271:run_diverse_configs.py#L137:INFO]: Running config 6/10 for job_68
[2026-04-18 02:33:27,271:MySQL_Database.py#L253:INFO]: Transpiling workload from PostgreSQL to MySQL syntax...
[2026-04-18 02:33:27,301:MySQL_Database.py#L81:INFO]: MySQL knobs persisted to mysqld-auto.cnf. Restarting to apply...
[2026-04-18 02:33:27,301:MySQL_Database.py#L200:INFO]: Restarting MySQL service...
[2026-04-18 02:33:35,947:MySQL_Database.py#L210:INFO]: Waiting for MySQL to become available...
[2026-04-18 02:33:35,986:MySQL_Database.py#L228:INFO]: MySQL is back up! (Took 0.04s)
[2026-04-18 02:33:35,987:MySQL_Database.py#L32:INFO]: Closed old MySQL connection.
[2026-04-18 02:33:36,046:MySQL_Database.py#L278:INFO]: Executing transpiled workload olap_workloads/job_68.wg (10 queries)...
[2026-04-18 02:40:24,736:MySQL_Database.py#L305:INFO]: Workload olap_workloads/job_68.wg executed successfully.
[2026-04-18 02:40:24,736:run_diverse_configs.py#L206:INFO]: Performance for config 6: 40.86902686380781
[2026-04-18 02:40:24,736:run_diverse_configs.py#L137:INFO]: Running config 7/10 for job_68
[2026-04-18 02:40:24,737:MySQL_Database.py#L253:INFO]: Transpiling workload from PostgreSQL to MySQL syntax...
[2026-04-18 02:40:24,766:MySQL_Database.py#L81:INFO]: MySQL knobs persisted to mysqld-auto.cnf. Restarting to apply...
[2026-04-18 02:40:24,766:MySQL_Database.py#L200:INFO]: Restarting MySQL service...
[2026-04-18 02:40:33,059:MySQL_Database.py#L210:INFO]: Waiting for MySQL to become available...
[2026-04-18 02:40:33,096:MySQL_Database.py#L228:INFO]: MySQL is back up! (Took 0.04s)
[2026-04-18 02:40:33,096:MySQL_Database.py#L32:INFO]: Closed old MySQL connection.
[2026-04-18 02:40:33,160:MySQL_Database.py#L278:INFO]: Executing transpiled workload olap_workloads/job_68.wg (10 queries)...
[2026-04-18 02:47:19,172:MySQL_Database.py#L305:INFO]: Workload olap_workloads/job_68.wg executed successfully.
[2026-04-18 02:47:19,173:run_diverse_configs.py#L206:INFO]: Performance for config 7: 40.60124013158493
[2026-04-18 02:47:19,173:run_diverse_configs.py#L137:INFO]: Running config 8/10 for job_68
[2026-04-18 02:47:19,173:MySQL_Database.py#L253:INFO]: Transpiling workload from PostgreSQL to MySQL syntax...
[2026-04-18 02:47:19,193:MySQL_Database.py#L81:INFO]: MySQL knobs persisted to mysqld-auto.cnf. Restarting to apply...
[2026-04-18 02:47:19,194:MySQL_Database.py#L200:INFO]: Restarting MySQL service...
[2026-04-18 02:47:27,535:MySQL_Database.py#L210:INFO]: Waiting for MySQL to become available...
[2026-04-18 02:47:27,571:MySQL_Database.py#L228:INFO]: MySQL is back up! (Took 0.04s)
[2026-04-18 02:47:27,571:MySQL_Database.py#L32:INFO]: Closed old MySQL connection.
[2026-04-18 02:47:27,630:MySQL_Database.py#L278:INFO]: Executing transpiled workload olap_workloads/job_68.wg (10 queries)...
[2026-04-18 02:54:17,144:MySQL_Database.py#L305:INFO]: Workload olap_workloads/job_68.wg executed successfully.
[2026-04-18 02:54:17,144:run_diverse_configs.py#L206:INFO]: Performance for config 8: 40.95143589680083
[2026-04-18 02:54:17,145:run_diverse_configs.py#L137:INFO]: Running config 9/10 for job_68
[2026-04-18 02:54:17,145:MySQL_Database.py#L253:INFO]: Transpiling workload from PostgreSQL to MySQL syntax...
[2026-04-18 02:54:17,176:MySQL_Database.py#L81:INFO]: MySQL knobs persisted to mysqld-auto.cnf. Restarting to apply...
[2026-04-18 02:54:17,176:MySQL_Database.py#L200:INFO]: Restarting MySQL service...
[2026-04-18 02:54:26,070:MySQL_Database.py#L210:INFO]: Waiting for MySQL to become available...
[2026-04-18 02:54:26,136:MySQL_Database.py#L228:INFO]: MySQL is back up! (Took 0.07s)
[2026-04-18 02:54:26,136:MySQL_Database.py#L32:INFO]: Closed old MySQL connection.
[2026-04-18 02:54:26,256:MySQL_Database.py#L278:INFO]: Executing transpiled workload olap_workloads/job_68.wg (10 queries)...
[2026-04-18 03:01:20,060:MySQL_Database.py#L305:INFO]: Workload olap_workloads/job_68.wg executed successfully.
[2026-04-18 03:01:20,060:run_diverse_configs.py#L206:INFO]: Performance for config 9: 41.38041961179115
[2026-04-18 03:01:20,061:run_diverse_configs.py#L137:INFO]: Running config 10/10 for job_68
[2026-04-18 03:01:20,061:MySQL_Database.py#L253:INFO]: Transpiling workload from PostgreSQL to MySQL syntax...
[2026-04-18 03:01:20,084:MySQL_Database.py#L81:INFO]: MySQL knobs persisted to mysqld-auto.cnf. Restarting to apply...
[2026-04-18 03:01:20,084:MySQL_Database.py#L200:INFO]: Restarting MySQL service...
[2026-04-18 03:01:28,425:MySQL_Database.py#L210:INFO]: Waiting for MySQL to become available...
[2026-04-18 03:01:28,485:MySQL_Database.py#L228:INFO]: MySQL is back up! (Took 0.06s)
[2026-04-18 03:01:28,486:MySQL_Database.py#L32:INFO]: Closed old MySQL connection.
[2026-04-18 03:01:28,596:MySQL_Database.py#L278:INFO]: Executing transpiled workload olap_workloads/job_68.wg (10 queries)...
[2026-04-18 03:08:15,989:MySQL_Database.py#L305:INFO]: Workload olap_workloads/job_68.wg executed successfully.
[2026-04-18 03:08:15,989:run_diverse_configs.py#L206:INFO]: Performance for config 10: 40.73929585921578
[2026-04-18 03:08:15,989:run_diverse_configs.py#L129:INFO]: Running 10 configs for job_134
[2026-04-18 03:08:15,989:run_diverse_configs.py#L137:INFO]: Running config 1/10 for job_134
[2026-04-18 03:08:15,995:MySQL_Database.py#L253:INFO]: Transpiling workload from PostgreSQL to MySQL syntax...
[2026-04-18 03:08:16,028:MySQL_Database.py#L81:INFO]: MySQL knobs persisted to mysqld-auto.cnf. Restarting to apply...
[2026-04-18 03:08:16,028:MySQL_Database.py#L200:INFO]: Restarting MySQL service...
[2026-04-18 03:08:23,865:MySQL_Database.py#L210:INFO]: Waiting for MySQL to become available...
[2026-04-18 03:08:23,931:MySQL_Database.py#L228:INFO]: MySQL is back up! (Took 0.07s)
[2026-04-18 03:08:23,931:MySQL_Database.py#L32:INFO]: Closed old MySQL connection.
[2026-04-18 03:08:23,994:MySQL_Database.py#L278:INFO]: Executing transpiled workload olap_workloads/job_134.wg (14 queries)...
[2026-04-18 03:17:24,987:MySQL_Database.py#L305:INFO]: Workload olap_workloads/job_134.wg executed successfully.
[2026-04-18 03:17:24,987:run_diverse_configs.py#L206:INFO]: Performance for config 1: 38.64235957721913
[2026-04-18 03:17:24,993:run_diverse_configs.py#L137:INFO]: Running config 2/10 for job_134
[2026-04-18 03:17:24,994:MySQL_Database.py#L253:INFO]: Transpiling workload from PostgreSQL to MySQL syntax...
[2026-04-18 03:17:25,028:MySQL_Database.py#L81:INFO]: MySQL knobs persisted to mysqld-auto.cnf. Restarting to apply...
[2026-04-18 03:17:25,028:MySQL_Database.py#L200:INFO]: Restarting MySQL service...
[2026-04-18 03:17:33,575:MySQL_Database.py#L210:INFO]: Waiting for MySQL to become available...
[2026-04-18 03:17:33,617:MySQL_Database.py#L228:INFO]: MySQL is back up! (Took 0.04s)
[2026-04-18 03:17:33,618:MySQL_Database.py#L32:INFO]: Closed old MySQL connection.
[2026-04-18 03:17:33,678:MySQL_Database.py#L278:INFO]: Executing transpiled workload olap_workloads/job_134.wg (14 queries)...
[2026-04-18 03:26:25,802:MySQL_Database.py#L305:INFO]: Workload olap_workloads/job_134.wg executed successfully.
[2026-04-18 03:26:25,802:run_diverse_configs.py#L206:INFO]: Performance for config 2: 38.00889597320929
[2026-04-18 03:26:25,813:run_diverse_configs.py#L137:INFO]: Running config 3/10 for job_134
[2026-04-18 03:26:25,814:MySQL_Database.py#L253:INFO]: Transpiling workload from PostgreSQL to MySQL syntax...
[2026-04-18 03:26:25,835:MySQL_Database.py#L81:INFO]: MySQL knobs persisted to mysqld-auto.cnf. Restarting to apply...
[2026-04-18 03:26:25,835:MySQL_Database.py#L200:INFO]: Restarting MySQL service...
[2026-04-18 03:26:34,126:MySQL_Database.py#L210:INFO]: Waiting for MySQL to become available...
[2026-04-18 03:26:34,171:MySQL_Database.py#L228:INFO]: MySQL is back up! (Took 0.05s)
[2026-04-18 03:26:34,172:MySQL_Database.py#L32:INFO]: Closed old MySQL connection.
[2026-04-18 03:26:34,230:MySQL_Database.py#L278:INFO]: Executing transpiled workload olap_workloads/job_134.wg (14 queries)...
[2026-04-18 03:35:31,151:MySQL_Database.py#L305:INFO]: Workload olap_workloads/job_134.wg executed successfully.
[2026-04-18 03:35:31,151:run_diverse_configs.py#L206:INFO]: Performance for config 3: 38.35142589214125
[2026-04-18 03:35:31,151:run_diverse_configs.py#L137:INFO]: Running config 4/10 for job_134
[2026-04-18 03:35:31,151:MySQL_Database.py#L253:INFO]: Transpiling workload from PostgreSQL to MySQL syntax...
[2026-04-18 03:35:31,179:MySQL_Database.py#L81:INFO]: MySQL knobs persisted to mysqld-auto.cnf. Restarting to apply...
[2026-04-18 03:35:31,179:MySQL_Database.py#L200:INFO]: Restarting MySQL service...
[2026-04-18 03:35:39,723:MySQL_Database.py#L210:INFO]: Waiting for MySQL to become available...
[2026-04-18 03:35:39,759:MySQL_Database.py#L228:INFO]: MySQL is back up! (Took 0.04s)
[2026-04-18 03:35:39,759:MySQL_Database.py#L32:INFO]: Closed old MySQL connection.
[2026-04-18 03:35:39,817:MySQL_Database.py#L278:INFO]: Executing transpiled workload olap_workloads/job_134.wg (14 queries)...
[2026-04-18 03:44:33,625:MySQL_Database.py#L305:INFO]: Workload olap_workloads/job_134.wg executed successfully.
[2026-04-18 03:44:33,625:run_diverse_configs.py#L206:INFO]: Performance for config 4: 38.12910347076
[2026-04-18 03:44:33,636:run_diverse_configs.py#L137:INFO]: Running config 5/10 for job_134
[2026-04-18 03:44:33,637:MySQL_Database.py#L253:INFO]: Transpiling workload from PostgreSQL to MySQL syntax...
[2026-04-18 03:44:33,657:MySQL_Database.py#L81:INFO]: MySQL knobs persisted to mysqld-auto.cnf. Restarting to apply...
[2026-04-18 03:44:33,657:MySQL_Database.py#L200:INFO]: Restarting MySQL service...
[2026-04-18 03:44:42,599:MySQL_Database.py#L210:INFO]: Waiting for MySQL to become available...
[2026-04-18 03:44:42,635:MySQL_Database.py#L228:INFO]: MySQL is back up! (Took 0.04s)
[2026-04-18 03:44:42,636:MySQL_Database.py#L32:INFO]: Closed old MySQL connection.
[2026-04-18 03:44:42,696:MySQL_Database.py#L278:INFO]: Executing transpiled workload olap_workloads/job_134.wg (14 queries)...
[2026-04-18 03:53:41,774:MySQL_Database.py#L305:INFO]: Workload olap_workloads/job_134.wg executed successfully.
[2026-04-18 03:53:41,774:run_diverse_configs.py#L206:INFO]: Performance for config 5: 38.50553921214305
[2026-04-18 03:53:41,774:run_diverse_configs.py#L137:INFO]: Running config 6/10 for job_134
[2026-04-18 03:53:41,774:MySQL_Database.py#L253:INFO]: Transpiling workload from PostgreSQL to MySQL syntax...
[2026-04-18 03:53:41,799:MySQL_Database.py#L81:INFO]: MySQL knobs persisted to mysqld-auto.cnf. Restarting to apply...
[2026-04-18 03:53:41,799:MySQL_Database.py#L200:INFO]: Restarting MySQL service...
[2026-04-18 03:53:50,291:MySQL_Database.py#L210:INFO]: Waiting for MySQL to become available...
[2026-04-18 03:53:50,363:MySQL_Database.py#L228:INFO]: MySQL is back up! (Took 0.07s)
[2026-04-18 03:53:50,364:MySQL_Database.py#L32:INFO]: Closed old MySQL connection.
[2026-04-18 03:53:50,483:MySQL_Database.py#L278:INFO]: Executing transpiled workload olap_workloads/job_134.wg (14 queries)...
[2026-04-18 04:02:38,247:MySQL_Database.py#L305:INFO]: Workload olap_workloads/job_134.wg executed successfully.
[2026-04-18 04:02:38,247:run_diverse_configs.py#L206:INFO]: Performance for config 6: 37.69743483200936
[2026-04-18 04:02:38,248:run_diverse_configs.py#L137:INFO]: Running config 7/10 for job_134
[2026-04-18 04:02:38,248:MySQL_Database.py#L253:INFO]: Transpiling workload from PostgreSQL to MySQL syntax...
[2026-04-18 04:02:38,279:MySQL_Database.py#L81:INFO]: MySQL knobs persisted to mysqld-auto.cnf. Restarting to apply...
[2026-04-18 04:02:38,279:MySQL_Database.py#L200:INFO]: Restarting MySQL service...
[2026-04-18 04:02:46,921:MySQL_Database.py#L210:INFO]: Waiting for MySQL to become available...
[2026-04-18 04:02:46,957:MySQL_Database.py#L228:INFO]: MySQL is back up! (Took 0.04s)
[2026-04-18 04:02:46,958:MySQL_Database.py#L32:INFO]: Closed old MySQL connection.
[2026-04-18 04:02:47,017:MySQL_Database.py#L278:INFO]: Executing transpiled workload olap_workloads/job_134.wg (14 queries)...
[2026-04-18 04:11:45,885:MySQL_Database.py#L305:INFO]: Workload olap_workloads/job_134.wg executed successfully.
[2026-04-18 04:11:45,885:run_diverse_configs.py#L206:INFO]: Performance for config 7: 38.49057890421578
[2026-04-18 04:11:45,898:run_diverse_configs.py#L137:INFO]: Running config 8/10 for job_134
[2026-04-18 04:11:45,899:MySQL_Database.py#L253:INFO]: Transpiling workload from PostgreSQL to MySQL syntax...
[2026-04-18 04:11:45,919:MySQL_Database.py#L81:INFO]: MySQL knobs persisted to mysqld-auto.cnf. Restarting to apply...
[2026-04-18 04:11:45,920:MySQL_Database.py#L200:INFO]: Restarting MySQL service...
[2026-04-18 04:11:54,409:MySQL_Database.py#L210:INFO]: Waiting for MySQL to become available...
[2026-04-18 04:11:54,449:MySQL_Database.py#L228:INFO]: MySQL is back up! (Took 0.04s)
[2026-04-18 04:11:54,450:MySQL_Database.py#L32:INFO]: Closed old MySQL connection.
[2026-04-18 04:11:54,509:MySQL_Database.py#L278:INFO]: Executing transpiled workload olap_workloads/job_134.wg (14 queries)...
[2026-04-18 04:20:47,654:MySQL_Database.py#L305:INFO]: Workload olap_workloads/job_134.wg executed successfully.
[2026-04-18 04:20:47,654:run_diverse_configs.py#L206:INFO]: Performance for config 8: 38.08178795963925
[2026-04-18 04:20:47,655:run_diverse_configs.py#L137:INFO]: Running config 9/10 for job_134
[2026-04-18 04:20:47,655:MySQL_Database.py#L253:INFO]: Transpiling workload from PostgreSQL to MySQL syntax...
[2026-04-18 04:20:47,685:MySQL_Database.py#L81:INFO]: MySQL knobs persisted to mysqld-auto.cnf. Restarting to apply...
[2026-04-18 04:20:47,685:MySQL_Database.py#L200:INFO]: Restarting MySQL service...
[2026-04-18 04:20:56,028:MySQL_Database.py#L210:INFO]: Waiting for MySQL to become available...
[2026-04-18 04:20:56,064:MySQL_Database.py#L228:INFO]: MySQL is back up! (Took 0.04s)
[2026-04-18 04:20:56,065:MySQL_Database.py#L32:INFO]: Closed old MySQL connection.
[2026-04-18 04:20:56,123:MySQL_Database.py#L278:INFO]: Executing transpiled workload olap_workloads/job_134.wg (14 queries)...
[2026-04-18 04:29:56,398:MySQL_Database.py#L305:INFO]: Workload olap_workloads/job_134.wg executed successfully.
[2026-04-18 04:29:56,398:run_diverse_configs.py#L206:INFO]: Performance for config 9: 38.59103041311859
[2026-04-18 04:29:56,398:run_diverse_configs.py#L137:INFO]: Running config 10/10 for job_134
[2026-04-18 04:29:56,398:MySQL_Database.py#L253:INFO]: Transpiling workload from PostgreSQL to MySQL syntax...
[2026-04-18 04:29:56,420:MySQL_Database.py#L81:INFO]: MySQL knobs persisted to mysqld-auto.cnf. Restarting to apply...
[2026-04-18 04:29:56,420:MySQL_Database.py#L200:INFO]: Restarting MySQL service...
[2026-04-18 04:30:04,615:MySQL_Database.py#L210:INFO]: Waiting for MySQL to become available...
[2026-04-18 04:30:04,654:MySQL_Database.py#L228:INFO]: MySQL is back up! (Took 0.04s)
[2026-04-18 04:30:04,654:MySQL_Database.py#L32:INFO]: Closed old MySQL connection.
[2026-04-18 04:30:04,713:MySQL_Database.py#L278:INFO]: Executing transpiled workload olap_workloads/job_134.wg (14 queries)...
[2026-04-18 04:38:56,255:MySQL_Database.py#L305:INFO]: Workload olap_workloads/job_134.wg executed successfully.
[2026-04-18 04:38:56,256:run_diverse_configs.py#L206:INFO]: Performance for config 10: 37.9672680840761
