[2026-04-04 23:52:39,767:run_diverse_configs.py#L82:INFO]: ====================================================================================================
[2026-04-04 23:52:39,767:run_diverse_configs.py#L83:INFO]: E2ETune: Running Diverse Configs for ssb
[2026-04-04 23:52:39,767:run_diverse_configs.py#L84:INFO]: ====================================================================================================
[2026-04-04 23:52:39,767:run_diverse_configs.py#L85:INFO]: Config: config/config.yaml
[2026-04-04 23:52:39,767:run_diverse_configs.py#L86:INFO]: Host: localhost  DB: ssb
[2026-04-04 23:52:39,767:run_diverse_configs.py#L87:INFO]: Benchmark: ssb  Type: olap
[2026-04-04 23:52:39,767:run_diverse_configs.py#L88:INFO]: Workload path: ./olap_workloads
[2026-04-04 23:52:39,768:run_diverse_configs.py#L89:INFO]: ====================================================================================================
[2026-04-04 23:52:41,817:run_diverse_configs.py#L129:INFO]: Running 10 configs for ssb_104
[2026-04-04 23:52:41,817:run_diverse_configs.py#L137:INFO]: Running config 1/10 for ssb_104
[2026-04-04 23:52:41,818:MySQL_Database.py#L242:INFO]: Transpiling workload from PostgreSQL to MySQL syntax...
[2026-04-04 23:52:41,911:MySQL_Database.py#L79:INFO]: MySQL knobs persisted to mysqld-auto.cnf. Restarting to apply...
[2026-04-04 23:52:41,911:MySQL_Database.py#L189:INFO]: Restarting MySQL service...
[2026-04-04 23:52:46,499:MySQL_Database.py#L199:INFO]: Waiting for MySQL to become available...
[2026-04-04 23:52:46,552:MySQL_Database.py#L217:INFO]: MySQL is back up! (Took 0.05s)
[2026-04-04 23:52:46,552:MySQL_Database.py#L32:INFO]: Closed old MySQL connection.
[2026-04-04 23:52:46,622:MySQL_Database.py#L267:INFO]: Executing transpiled workload olap_workloads/ssb_104.wg (2 queries)...
[2026-04-04 23:53:08,827:MySQL_Database.py#L303:ERROR]: Error executing workload: 1054 (42S22): Unknown column 'p.p_brand' in 'field list'
[2026-04-04 23:53:08,827:run_diverse_configs.py#L206:INFO]: Performance for config 1: inf
[2026-04-04 23:53:08,827:run_diverse_configs.py#L137:INFO]: Running config 2/10 for ssb_104
[2026-04-04 23:53:08,828:MySQL_Database.py#L242:INFO]: Transpiling workload from PostgreSQL to MySQL syntax...
[2026-04-04 23:53:09,022:MySQL_Database.py#L79:INFO]: MySQL knobs persisted to mysqld-auto.cnf. Restarting to apply...
[2026-04-04 23:53:09,023:MySQL_Database.py#L189:INFO]: Restarting MySQL service...
[2026-04-04 23:53:13,554:MySQL_Database.py#L199:INFO]: Waiting for MySQL to become available...
[2026-04-04 23:53:13,585:MySQL_Database.py#L217:INFO]: MySQL is back up! (Took 0.03s)
[2026-04-04 23:53:13,585:MySQL_Database.py#L32:INFO]: Closed old MySQL connection.
[2026-04-04 23:53:13,641:MySQL_Database.py#L267:INFO]: Executing transpiled workload olap_workloads/ssb_104.wg (2 queries)...
[2026-04-04 23:53:17,378:MySQL_Database.py#L303:ERROR]: Error executing workload: 1054 (42S22): Unknown column 'p.p_brand' in 'field list'
[2026-04-04 23:53:17,378:run_diverse_configs.py#L206:INFO]: Performance for config 2: inf
[2026-04-04 23:53:17,379:run_diverse_configs.py#L137:INFO]: Running config 3/10 for ssb_104
[2026-04-04 23:53:17,379:MySQL_Database.py#L242:INFO]: Transpiling workload from PostgreSQL to MySQL syntax...
[2026-04-04 23:53:17,484:MySQL_Database.py#L79:INFO]: MySQL knobs persisted to mysqld-auto.cnf. Restarting to apply...
[2026-04-04 23:53:17,485:MySQL_Database.py#L189:INFO]: Restarting MySQL service...
[2026-04-04 23:53:22,619:MySQL_Database.py#L199:INFO]: Waiting for MySQL to become available...
[2026-04-04 23:53:22,652:MySQL_Database.py#L217:INFO]: MySQL is back up! (Took 0.03s)
[2026-04-04 23:53:22,652:MySQL_Database.py#L32:INFO]: Closed old MySQL connection.
[2026-04-04 23:53:22,707:MySQL_Database.py#L267:INFO]: Executing transpiled workload olap_workloads/ssb_104.wg (2 queries)...
[2026-04-04 23:53:26,443:MySQL_Database.py#L303:ERROR]: Error executing workload: 1054 (42S22): Unknown column 'p.p_brand' in 'field list'
[2026-04-04 23:53:26,443:run_diverse_configs.py#L206:INFO]: Performance for config 3: inf
[2026-04-04 23:53:26,443:run_diverse_configs.py#L137:INFO]: Running config 4/10 for ssb_104
[2026-04-04 23:53:26,444:MySQL_Database.py#L242:INFO]: Transpiling workload from PostgreSQL to MySQL syntax...
[2026-04-04 23:53:26,514:MySQL_Database.py#L79:INFO]: MySQL knobs persisted to mysqld-auto.cnf. Restarting to apply...
[2026-04-04 23:53:26,514:MySQL_Database.py#L189:INFO]: Restarting MySQL service...
[2026-04-04 23:53:31,546:MySQL_Database.py#L199:INFO]: Waiting for MySQL to become available...
[2026-04-04 23:53:31,592:MySQL_Database.py#L217:INFO]: MySQL is back up! (Took 0.05s)
[2026-04-04 23:53:31,593:MySQL_Database.py#L32:INFO]: Closed old MySQL connection.
[2026-04-04 23:53:31,648:MySQL_Database.py#L267:INFO]: Executing transpiled workload olap_workloads/ssb_104.wg (2 queries)...
[2026-04-04 23:53:35,384:MySQL_Database.py#L303:ERROR]: Error executing workload: 1054 (42S22): Unknown column 'p.p_brand' in 'field list'
[2026-04-04 23:53:35,385:run_diverse_configs.py#L206:INFO]: Performance for config 4: inf
[2026-04-04 23:53:35,385:run_diverse_configs.py#L137:INFO]: Running config 5/10 for ssb_104
[2026-04-04 23:53:35,385:MySQL_Database.py#L242:INFO]: Transpiling workload from PostgreSQL to MySQL syntax...
[2026-04-04 23:53:35,465:MySQL_Database.py#L79:INFO]: MySQL knobs persisted to mysqld-auto.cnf. Restarting to apply...
[2026-04-04 23:53:35,465:MySQL_Database.py#L189:INFO]: Restarting MySQL service...
[2026-04-04 23:53:40,550:MySQL_Database.py#L199:INFO]: Waiting for MySQL to become available...
[2026-04-04 23:53:40,602:MySQL_Database.py#L217:INFO]: MySQL is back up! (Took 0.05s)
[2026-04-04 23:53:40,602:MySQL_Database.py#L32:INFO]: Closed old MySQL connection.
[2026-04-04 23:53:40,715:MySQL_Database.py#L267:INFO]: Executing transpiled workload olap_workloads/ssb_104.wg (2 queries)...
[2026-04-04 23:53:44,435:MySQL_Database.py#L303:ERROR]: Error executing workload: 1054 (42S22): Unknown column 'p.p_brand' in 'field list'
[2026-04-04 23:53:44,436:run_diverse_configs.py#L206:INFO]: Performance for config 5: inf
[2026-04-04 23:53:44,436:run_diverse_configs.py#L137:INFO]: Running config 6/10 for ssb_104
[2026-04-04 23:53:44,436:MySQL_Database.py#L242:INFO]: Transpiling workload from PostgreSQL to MySQL syntax...
[2026-04-04 23:53:44,511:MySQL_Database.py#L79:INFO]: MySQL knobs persisted to mysqld-auto.cnf. Restarting to apply...
[2026-04-04 23:53:44,511:MySQL_Database.py#L189:INFO]: Restarting MySQL service...
[2026-04-04 23:53:49,345:MySQL_Database.py#L199:INFO]: Waiting for MySQL to become available...
[2026-04-04 23:53:49,397:MySQL_Database.py#L217:INFO]: MySQL is back up! (Took 0.05s)
[2026-04-04 23:53:49,398:MySQL_Database.py#L32:INFO]: Closed old MySQL connection.
[2026-04-04 23:53:49,510:MySQL_Database.py#L267:INFO]: Executing transpiled workload olap_workloads/ssb_104.wg (2 queries)...
[2026-04-04 23:53:53,392:MySQL_Database.py#L303:ERROR]: Error executing workload: 1054 (42S22): Unknown column 'p.p_brand' in 'field list'
[2026-04-04 23:53:53,392:run_diverse_configs.py#L206:INFO]: Performance for config 6: inf
[2026-04-04 23:53:53,392:run_diverse_configs.py#L137:INFO]: Running config 7/10 for ssb_104
[2026-04-04 23:53:53,393:MySQL_Database.py#L242:INFO]: Transpiling workload from PostgreSQL to MySQL syntax...
[2026-04-04 23:53:53,471:MySQL_Database.py#L79:INFO]: MySQL knobs persisted to mysqld-auto.cnf. Restarting to apply...
[2026-04-04 23:53:53,471:MySQL_Database.py#L189:INFO]: Restarting MySQL service...
[2026-04-04 23:53:58,706:MySQL_Database.py#L199:INFO]: Waiting for MySQL to become available...
[2026-04-04 23:53:58,741:MySQL_Database.py#L217:INFO]: MySQL is back up! (Took 0.03s)
[2026-04-04 23:53:58,741:MySQL_Database.py#L32:INFO]: Closed old MySQL connection.
[2026-04-04 23:53:58,797:MySQL_Database.py#L267:INFO]: Executing transpiled workload olap_workloads/ssb_104.wg (2 queries)...
[2026-04-04 23:54:02,070:MySQL_Database.py#L303:ERROR]: Error executing workload: 1054 (42S22): Unknown column 'p.p_brand' in 'field list'
[2026-04-04 23:54:02,070:run_diverse_configs.py#L206:INFO]: Performance for config 7: inf
[2026-04-04 23:54:02,070:run_diverse_configs.py#L137:INFO]: Running config 8/10 for ssb_104
[2026-04-04 23:54:02,071:MySQL_Database.py#L242:INFO]: Transpiling workload from PostgreSQL to MySQL syntax...
[2026-04-04 23:54:02,157:MySQL_Database.py#L79:INFO]: MySQL knobs persisted to mysqld-auto.cnf. Restarting to apply...
[2026-04-04 23:54:02,157:MySQL_Database.py#L189:INFO]: Restarting MySQL service...
[2026-04-04 23:54:06,888:MySQL_Database.py#L199:INFO]: Waiting for MySQL to become available...
[2026-04-04 23:54:06,922:MySQL_Database.py#L217:INFO]: MySQL is back up! (Took 0.03s)
[2026-04-04 23:54:06,922:MySQL_Database.py#L32:INFO]: Closed old MySQL connection.
[2026-04-04 23:54:06,978:MySQL_Database.py#L267:INFO]: Executing transpiled workload olap_workloads/ssb_104.wg (2 queries)...
[2026-04-04 23:54:10,955:MySQL_Database.py#L303:ERROR]: Error executing workload: 1054 (42S22): Unknown column 'p.p_brand' in 'field list'
[2026-04-04 23:54:10,955:run_diverse_configs.py#L206:INFO]: Performance for config 8: inf
[2026-04-04 23:54:10,955:run_diverse_configs.py#L137:INFO]: Running config 9/10 for ssb_104
[2026-04-04 23:54:10,956:MySQL_Database.py#L242:INFO]: Transpiling workload from PostgreSQL to MySQL syntax...
[2026-04-04 23:54:11,038:MySQL_Database.py#L79:INFO]: MySQL knobs persisted to mysqld-auto.cnf. Restarting to apply...
[2026-04-04 23:54:11,038:MySQL_Database.py#L189:INFO]: Restarting MySQL service...
[2026-04-04 23:54:15,622:MySQL_Database.py#L199:INFO]: Waiting for MySQL to become available...
[2026-04-04 23:54:15,653:MySQL_Database.py#L217:INFO]: MySQL is back up! (Took 0.03s)
[2026-04-04 23:54:15,653:MySQL_Database.py#L32:INFO]: Closed old MySQL connection.
[2026-04-04 23:54:15,709:MySQL_Database.py#L267:INFO]: Executing transpiled workload olap_workloads/ssb_104.wg (2 queries)...
[2026-04-04 23:54:20,869:MySQL_Database.py#L303:ERROR]: Error executing workload: 1054 (42S22): Unknown column 'p.p_brand' in 'field list'
[2026-04-04 23:54:20,870:run_diverse_configs.py#L206:INFO]: Performance for config 9: inf
[2026-04-04 23:54:20,870:run_diverse_configs.py#L137:INFO]: Running config 10/10 for ssb_104
[2026-04-04 23:54:20,870:MySQL_Database.py#L242:INFO]: Transpiling workload from PostgreSQL to MySQL syntax...
[2026-04-04 23:54:20,950:MySQL_Database.py#L79:INFO]: MySQL knobs persisted to mysqld-auto.cnf. Restarting to apply...
[2026-04-04 23:54:20,950:MySQL_Database.py#L189:INFO]: Restarting MySQL service...
[2026-04-04 23:54:25,482:MySQL_Database.py#L199:INFO]: Waiting for MySQL to become available...
[2026-04-04 23:54:25,514:MySQL_Database.py#L217:INFO]: MySQL is back up! (Took 0.03s)
[2026-04-04 23:54:25,515:MySQL_Database.py#L32:INFO]: Closed old MySQL connection.
[2026-04-04 23:54:25,571:MySQL_Database.py#L267:INFO]: Executing transpiled workload olap_workloads/ssb_104.wg (2 queries)...
[2026-04-04 23:54:29,167:MySQL_Database.py#L303:ERROR]: Error executing workload: 1054 (42S22): Unknown column 'p.p_brand' in 'field list'
[2026-04-04 23:54:29,167:run_diverse_configs.py#L206:INFO]: Performance for config 10: inf
[2026-04-04 23:54:29,167:run_diverse_configs.py#L129:INFO]: Running 10 configs for ssb_21
[2026-04-04 23:54:29,167:run_diverse_configs.py#L137:INFO]: Running config 1/10 for ssb_21
[2026-04-04 23:54:29,168:MySQL_Database.py#L242:INFO]: Transpiling workload from PostgreSQL to MySQL syntax...
[2026-04-04 23:54:29,246:MySQL_Database.py#L79:INFO]: MySQL knobs persisted to mysqld-auto.cnf. Restarting to apply...
[2026-04-04 23:54:29,246:MySQL_Database.py#L189:INFO]: Restarting MySQL service...
[2026-04-04 23:54:34,630:MySQL_Database.py#L199:INFO]: Waiting for MySQL to become available...
[2026-04-04 23:54:34,666:MySQL_Database.py#L217:INFO]: MySQL is back up! (Took 0.04s)
[2026-04-04 23:54:34,666:MySQL_Database.py#L32:INFO]: Closed old MySQL connection.
[2026-04-04 23:54:34,721:MySQL_Database.py#L267:INFO]: Executing transpiled workload olap_workloads/ssb_21.wg (2 queries)...
[2026-04-04 23:54:34,729:MySQL_Database.py#L303:ERROR]: Error executing workload: 1146 (42S02): Table 'ssb.date_dim' doesn't exist
[2026-04-04 23:54:34,729:run_diverse_configs.py#L206:INFO]: Performance for config 1: inf
[2026-04-04 23:54:34,730:run_diverse_configs.py#L137:INFO]: Running config 2/10 for ssb_21
[2026-04-04 23:54:34,730:MySQL_Database.py#L242:INFO]: Transpiling workload from PostgreSQL to MySQL syntax...
[2026-04-04 23:54:34,802:MySQL_Database.py#L79:INFO]: MySQL knobs persisted to mysqld-auto.cnf. Restarting to apply...
[2026-04-04 23:54:34,802:MySQL_Database.py#L189:INFO]: Restarting MySQL service...
[2026-04-04 23:54:39,887:MySQL_Database.py#L199:INFO]: Waiting for MySQL to become available...
[2026-04-04 23:54:39,945:MySQL_Database.py#L217:INFO]: MySQL is back up! (Took 0.06s)
[2026-04-04 23:54:39,946:MySQL_Database.py#L32:INFO]: Closed old MySQL connection.
[2026-04-04 23:54:40,059:MySQL_Database.py#L267:INFO]: Executing transpiled workload olap_workloads/ssb_21.wg (2 queries)...
[2026-04-04 23:54:40,067:MySQL_Database.py#L303:ERROR]: Error executing workload: 1146 (42S02): Table 'ssb.date_dim' doesn't exist
[2026-04-04 23:54:40,068:run_diverse_configs.py#L206:INFO]: Performance for config 2: inf
[2026-04-04 23:54:40,068:run_diverse_configs.py#L137:INFO]: Running config 3/10 for ssb_21
[2026-04-04 23:54:40,068:MySQL_Database.py#L242:INFO]: Transpiling workload from PostgreSQL to MySQL syntax...
[2026-04-04 23:54:40,140:MySQL_Database.py#L79:INFO]: MySQL knobs persisted to mysqld-auto.cnf. Restarting to apply...
[2026-04-04 23:54:40,140:MySQL_Database.py#L189:INFO]: Restarting MySQL service...
[2026-04-04 23:54:44,621:MySQL_Database.py#L199:INFO]: Waiting for MySQL to become available...
[2026-04-04 23:54:44,651:MySQL_Database.py#L217:INFO]: MySQL is back up! (Took 0.03s)
[2026-04-04 23:54:44,652:MySQL_Database.py#L32:INFO]: Closed old MySQL connection.
[2026-04-04 23:54:44,707:MySQL_Database.py#L267:INFO]: Executing transpiled workload olap_workloads/ssb_21.wg (2 queries)...
[2026-04-04 23:54:44,715:MySQL_Database.py#L303:ERROR]: Error executing workload: 1146 (42S02): Table 'ssb.date_dim' doesn't exist
[2026-04-04 23:54:44,715:run_diverse_configs.py#L206:INFO]: Performance for config 3: inf
[2026-04-04 23:54:44,715:run_diverse_configs.py#L137:INFO]: Running config 4/10 for ssb_21
[2026-04-04 23:54:44,716:MySQL_Database.py#L242:INFO]: Transpiling workload from PostgreSQL to MySQL syntax...
[2026-04-04 23:54:44,785:MySQL_Database.py#L79:INFO]: MySQL knobs persisted to mysqld-auto.cnf. Restarting to apply...
[2026-04-04 23:54:44,785:MySQL_Database.py#L189:INFO]: Restarting MySQL service...
[2026-04-04 23:54:49,114:MySQL_Database.py#L199:INFO]: Waiting for MySQL to become available...
[2026-04-04 23:54:49,145:MySQL_Database.py#L217:INFO]: MySQL is back up! (Took 0.03s)
[2026-04-04 23:54:49,146:MySQL_Database.py#L32:INFO]: Closed old MySQL connection.
[2026-04-04 23:54:49,253:MySQL_Database.py#L267:INFO]: Executing transpiled workload olap_workloads/ssb_21.wg (2 queries)...
[2026-04-04 23:54:49,261:MySQL_Database.py#L303:ERROR]: Error executing workload: 1146 (42S02): Table 'ssb.date_dim' doesn't exist
[2026-04-04 23:54:49,262:run_diverse_configs.py#L206:INFO]: Performance for config 4: inf
[2026-04-04 23:54:49,262:run_diverse_configs.py#L137:INFO]: Running config 5/10 for ssb_21
[2026-04-04 23:54:49,263:MySQL_Database.py#L242:INFO]: Transpiling workload from PostgreSQL to MySQL syntax...
[2026-04-04 23:54:49,335:MySQL_Database.py#L79:INFO]: MySQL knobs persisted to mysqld-auto.cnf. Restarting to apply...
[2026-04-04 23:54:49,335:MySQL_Database.py#L189:INFO]: Restarting MySQL service...
[2026-04-04 23:54:53,966:MySQL_Database.py#L199:INFO]: Waiting for MySQL to become available...
[2026-04-04 23:54:54,025:MySQL_Database.py#L217:INFO]: MySQL is back up! (Took 0.06s)
[2026-04-04 23:54:54,025:MySQL_Database.py#L32:INFO]: Closed old MySQL connection.
[2026-04-04 23:54:54,138:MySQL_Database.py#L267:INFO]: Executing transpiled workload olap_workloads/ssb_21.wg (2 queries)...
[2026-04-04 23:54:54,146:MySQL_Database.py#L303:ERROR]: Error executing workload: 1146 (42S02): Table 'ssb.date_dim' doesn't exist
[2026-04-04 23:54:54,146:run_diverse_configs.py#L206:INFO]: Performance for config 5: inf
[2026-04-04 23:54:54,146:run_diverse_configs.py#L137:INFO]: Running config 6/10 for ssb_21
[2026-04-04 23:54:54,147:MySQL_Database.py#L242:INFO]: Transpiling workload from PostgreSQL to MySQL syntax...
[2026-04-04 23:54:54,222:MySQL_Database.py#L79:INFO]: MySQL knobs persisted to mysqld-auto.cnf. Restarting to apply...
[2026-04-04 23:54:54,222:MySQL_Database.py#L189:INFO]: Restarting MySQL service...
[2026-04-04 23:54:59,155:MySQL_Database.py#L199:INFO]: Waiting for MySQL to become available...
[2026-04-04 23:54:59,210:MySQL_Database.py#L217:INFO]: MySQL is back up! (Took 0.06s)
[2026-04-04 23:54:59,211:MySQL_Database.py#L32:INFO]: Closed old MySQL connection.
[2026-04-04 23:54:59,322:MySQL_Database.py#L267:INFO]: Executing transpiled workload olap_workloads/ssb_21.wg (2 queries)...
[2026-04-04 23:54:59,329:MySQL_Database.py#L303:ERROR]: Error executing workload: 1146 (42S02): Table 'ssb.date_dim' doesn't exist
[2026-04-04 23:54:59,330:run_diverse_configs.py#L206:INFO]: Performance for config 6: inf
[2026-04-04 23:54:59,330:run_diverse_configs.py#L137:INFO]: Running config 7/10 for ssb_21
[2026-04-04 23:54:59,331:MySQL_Database.py#L242:INFO]: Transpiling workload from PostgreSQL to MySQL syntax...
[2026-04-04 23:54:59,405:MySQL_Database.py#L79:INFO]: MySQL knobs persisted to mysqld-auto.cnf. Restarting to apply...
[2026-04-04 23:54:59,405:MySQL_Database.py#L189:INFO]: Restarting MySQL service...
[2026-04-04 23:55:04,288:MySQL_Database.py#L199:INFO]: Waiting for MySQL to become available...
[2026-04-04 23:55:04,319:MySQL_Database.py#L217:INFO]: MySQL is back up! (Took 0.03s)
[2026-04-04 23:55:04,319:MySQL_Database.py#L32:INFO]: Closed old MySQL connection.
[2026-04-04 23:55:04,375:MySQL_Database.py#L267:INFO]: Executing transpiled workload olap_workloads/ssb_21.wg (2 queries)...
[2026-04-04 23:55:04,382:MySQL_Database.py#L303:ERROR]: Error executing workload: 1146 (42S02): Table 'ssb.date_dim' doesn't exist
[2026-04-04 23:55:04,383:run_diverse_configs.py#L206:INFO]: Performance for config 7: inf
[2026-04-04 23:55:04,383:run_diverse_configs.py#L137:INFO]: Running config 8/10 for ssb_21
[2026-04-04 23:55:04,383:MySQL_Database.py#L242:INFO]: Transpiling workload from PostgreSQL to MySQL syntax...
[2026-04-04 23:55:04,458:MySQL_Database.py#L79:INFO]: MySQL knobs persisted to mysqld-auto.cnf. Restarting to apply...
[2026-04-04 23:55:04,458:MySQL_Database.py#L189:INFO]: Restarting MySQL service...
[2026-04-04 23:55:09,443:MySQL_Database.py#L199:INFO]: Waiting for MySQL to become available...
[2026-04-04 23:55:09,474:MySQL_Database.py#L217:INFO]: MySQL is back up! (Took 0.03s)
[2026-04-04 23:55:09,474:MySQL_Database.py#L32:INFO]: Closed old MySQL connection.
[2026-04-04 23:55:09,530:MySQL_Database.py#L267:INFO]: Executing transpiled workload olap_workloads/ssb_21.wg (2 queries)...
[2026-04-04 23:55:09,537:MySQL_Database.py#L303:ERROR]: Error executing workload: 1146 (42S02): Table 'ssb.date_dim' doesn't exist
[2026-04-04 23:55:09,538:run_diverse_configs.py#L206:INFO]: Performance for config 8: inf
[2026-04-04 23:55:09,538:run_diverse_configs.py#L137:INFO]: Running config 9/10 for ssb_21
[2026-04-04 23:55:09,538:MySQL_Database.py#L242:INFO]: Transpiling workload from PostgreSQL to MySQL syntax...
[2026-04-04 23:55:09,607:MySQL_Database.py#L79:INFO]: MySQL knobs persisted to mysqld-auto.cnf. Restarting to apply...
[2026-04-04 23:55:09,607:MySQL_Database.py#L189:INFO]: Restarting MySQL service...
[2026-04-04 23:55:14,691:MySQL_Database.py#L199:INFO]: Waiting for MySQL to become available...
[2026-04-04 23:55:14,721:MySQL_Database.py#L217:INFO]: MySQL is back up! (Took 0.03s)
[2026-04-04 23:55:14,722:MySQL_Database.py#L32:INFO]: Closed old MySQL connection.
[2026-04-04 23:55:14,779:MySQL_Database.py#L267:INFO]: Executing transpiled workload olap_workloads/ssb_21.wg (2 queries)...
[2026-04-04 23:55:14,786:MySQL_Database.py#L303:ERROR]: Error executing workload: 1146 (42S02): Table 'ssb.date_dim' doesn't exist
[2026-04-04 23:55:14,787:run_diverse_configs.py#L206:INFO]: Performance for config 9: inf
[2026-04-04 23:55:14,787:run_diverse_configs.py#L137:INFO]: Running config 10/10 for ssb_21
[2026-04-04 23:55:14,787:MySQL_Database.py#L242:INFO]: Transpiling workload from PostgreSQL to MySQL syntax...
[2026-04-04 23:55:14,883:MySQL_Database.py#L79:INFO]: MySQL knobs persisted to mysqld-auto.cnf. Restarting to apply...
[2026-04-04 23:55:14,883:MySQL_Database.py#L189:INFO]: Restarting MySQL service...
[2026-04-04 23:55:19,965:MySQL_Database.py#L199:INFO]: Waiting for MySQL to become available...
[2026-04-04 23:55:19,996:MySQL_Database.py#L217:INFO]: MySQL is back up! (Took 0.03s)
[2026-04-04 23:55:19,997:MySQL_Database.py#L32:INFO]: Closed old MySQL connection.
[2026-04-04 23:55:20,052:MySQL_Database.py#L267:INFO]: Executing transpiled workload olap_workloads/ssb_21.wg (2 queries)...
[2026-04-04 23:55:20,061:MySQL_Database.py#L303:ERROR]: Error executing workload: 1146 (42S02): Table 'ssb.date_dim' doesn't exist
[2026-04-04 23:55:20,061:run_diverse_configs.py#L206:INFO]: Performance for config 10: inf
[2026-04-04 23:55:20,062:run_diverse_configs.py#L129:INFO]: Running 10 configs for ssb_59
[2026-04-04 23:55:20,062:run_diverse_configs.py#L137:INFO]: Running config 1/10 for ssb_59
[2026-04-04 23:55:20,062:MySQL_Database.py#L242:INFO]: Transpiling workload from PostgreSQL to MySQL syntax...
[2026-04-04 23:55:20,160:MySQL_Database.py#L79:INFO]: MySQL knobs persisted to mysqld-auto.cnf. Restarting to apply...
[2026-04-04 23:55:20,161:MySQL_Database.py#L189:INFO]: Restarting MySQL service...
[2026-04-04 23:55:25,143:MySQL_Database.py#L199:INFO]: Waiting for MySQL to become available...
[2026-04-04 23:55:25,173:MySQL_Database.py#L217:INFO]: MySQL is back up! (Took 0.03s)
[2026-04-04 23:55:25,173:MySQL_Database.py#L32:INFO]: Closed old MySQL connection.
[2026-04-04 23:55:25,228:MySQL_Database.py#L267:INFO]: Executing transpiled workload olap_workloads/ssb_59.wg (2 queries)...
[2026-04-04 23:55:25,236:MySQL_Database.py#L303:ERROR]: Error executing workload: 1146 (42S02): Table 'ssb.date_dim' doesn't exist
[2026-04-04 23:55:25,236:run_diverse_configs.py#L206:INFO]: Performance for config 1: inf
[2026-04-04 23:55:25,237:run_diverse_configs.py#L137:INFO]: Running config 2/10 for ssb_59
[2026-04-04 23:55:25,237:MySQL_Database.py#L242:INFO]: Transpiling workload from PostgreSQL to MySQL syntax...
[2026-04-04 23:55:25,327:MySQL_Database.py#L79:INFO]: MySQL knobs persisted to mysqld-auto.cnf. Restarting to apply...
[2026-04-04 23:55:25,328:MySQL_Database.py#L189:INFO]: Restarting MySQL service...
[2026-04-04 23:55:30,216:MySQL_Database.py#L199:INFO]: Waiting for MySQL to become available...
[2026-04-04 23:55:30,246:MySQL_Database.py#L217:INFO]: MySQL is back up! (Took 0.03s)
[2026-04-04 23:55:30,246:MySQL_Database.py#L32:INFO]: Closed old MySQL connection.
[2026-04-04 23:55:30,301:MySQL_Database.py#L267:INFO]: Executing transpiled workload olap_workloads/ssb_59.wg (2 queries)...
[2026-04-04 23:55:30,309:MySQL_Database.py#L303:ERROR]: Error executing workload: 1146 (42S02): Table 'ssb.date_dim' doesn't exist
[2026-04-04 23:55:30,310:run_diverse_configs.py#L206:INFO]: Performance for config 2: inf
[2026-04-04 23:55:30,310:run_diverse_configs.py#L137:INFO]: Running config 3/10 for ssb_59
[2026-04-04 23:55:30,310:MySQL_Database.py#L242:INFO]: Transpiling workload from PostgreSQL to MySQL syntax...
[2026-04-04 23:55:30,413:MySQL_Database.py#L79:INFO]: MySQL knobs persisted to mysqld-auto.cnf. Restarting to apply...
[2026-04-04 23:55:30,413:MySQL_Database.py#L189:INFO]: Restarting MySQL service...
[2026-04-04 23:55:35,198:MySQL_Database.py#L199:INFO]: Waiting for MySQL to become available...
[2026-04-04 23:55:35,228:MySQL_Database.py#L217:INFO]: MySQL is back up! (Took 0.03s)
[2026-04-04 23:55:35,228:MySQL_Database.py#L32:INFO]: Closed old MySQL connection.
[2026-04-04 23:55:35,284:MySQL_Database.py#L267:INFO]: Executing transpiled workload olap_workloads/ssb_59.wg (2 queries)...
[2026-04-04 23:55:35,292:MySQL_Database.py#L303:ERROR]: Error executing workload: 1146 (42S02): Table 'ssb.date_dim' doesn't exist
[2026-04-04 23:55:35,292:run_diverse_configs.py#L206:INFO]: Performance for config 3: inf
[2026-04-04 23:55:35,292:run_diverse_configs.py#L137:INFO]: Running config 4/10 for ssb_59
[2026-04-04 23:55:35,293:MySQL_Database.py#L242:INFO]: Transpiling workload from PostgreSQL to MySQL syntax...
[2026-04-04 23:55:35,363:MySQL_Database.py#L79:INFO]: MySQL knobs persisted to mysqld-auto.cnf. Restarting to apply...
[2026-04-04 23:55:35,363:MySQL_Database.py#L189:INFO]: Restarting MySQL service...
[2026-04-04 23:55:40,144:MySQL_Database.py#L199:INFO]: Waiting for MySQL to become available...
[2026-04-04 23:55:40,205:MySQL_Database.py#L217:INFO]: MySQL is back up! (Took 0.06s)
[2026-04-04 23:55:40,205:MySQL_Database.py#L32:INFO]: Closed old MySQL connection.
[2026-04-04 23:55:40,305:MySQL_Database.py#L267:INFO]: Executing transpiled workload olap_workloads/ssb_59.wg (2 queries)...
[2026-04-04 23:55:40,313:MySQL_Database.py#L303:ERROR]: Error executing workload: 1146 (42S02): Table 'ssb.date_dim' doesn't exist
[2026-04-04 23:55:40,313:run_diverse_configs.py#L206:INFO]: Performance for config 4: inf
[2026-04-04 23:55:40,313:run_diverse_configs.py#L137:INFO]: Running config 5/10 for ssb_59
[2026-04-04 23:55:40,314:MySQL_Database.py#L242:INFO]: Transpiling workload from PostgreSQL to MySQL syntax...
[2026-04-04 23:55:40,383:MySQL_Database.py#L79:INFO]: MySQL knobs persisted to mysqld-auto.cnf. Restarting to apply...
[2026-04-04 23:55:40,383:MySQL_Database.py#L189:INFO]: Restarting MySQL service...
[2026-04-04 23:55:45,265:MySQL_Database.py#L199:INFO]: Waiting for MySQL to become available...
[2026-04-04 23:55:45,329:MySQL_Database.py#L217:INFO]: MySQL is back up! (Took 0.06s)
[2026-04-04 23:55:45,330:MySQL_Database.py#L32:INFO]: Closed old MySQL connection.
[2026-04-04 23:55:45,387:MySQL_Database.py#L267:INFO]: Executing transpiled workload olap_workloads/ssb_59.wg (2 queries)...
[2026-04-04 23:55:45,394:MySQL_Database.py#L303:ERROR]: Error executing workload: 1146 (42S02): Table 'ssb.date_dim' doesn't exist
[2026-04-04 23:55:45,395:run_diverse_configs.py#L206:INFO]: Performance for config 5: inf
[2026-04-04 23:55:45,395:run_diverse_configs.py#L137:INFO]: Running config 6/10 for ssb_59
[2026-04-04 23:55:45,395:MySQL_Database.py#L242:INFO]: Transpiling workload from PostgreSQL to MySQL syntax...
[2026-04-04 23:55:45,484:MySQL_Database.py#L79:INFO]: MySQL knobs persisted to mysqld-auto.cnf. Restarting to apply...
[2026-04-04 23:55:45,484:MySQL_Database.py#L189:INFO]: Restarting MySQL service...
[2026-04-04 23:55:50,517:MySQL_Database.py#L199:INFO]: Waiting for MySQL to become available...
[2026-04-04 23:55:50,547:MySQL_Database.py#L217:INFO]: MySQL is back up! (Took 0.03s)
[2026-04-04 23:55:50,547:MySQL_Database.py#L32:INFO]: Closed old MySQL connection.
[2026-04-04 23:55:50,602:MySQL_Database.py#L267:INFO]: Executing transpiled workload olap_workloads/ssb_59.wg (2 queries)...
[2026-04-04 23:55:50,610:MySQL_Database.py#L303:ERROR]: Error executing workload: 1146 (42S02): Table 'ssb.date_dim' doesn't exist
[2026-04-04 23:55:50,611:run_diverse_configs.py#L206:INFO]: Performance for config 6: inf
[2026-04-04 23:55:50,611:run_diverse_configs.py#L137:INFO]: Running config 7/10 for ssb_59
[2026-04-04 23:55:50,611:MySQL_Database.py#L242:INFO]: Transpiling workload from PostgreSQL to MySQL syntax...
[2026-04-04 23:55:50,699:MySQL_Database.py#L79:INFO]: MySQL knobs persisted to mysqld-auto.cnf. Restarting to apply...
[2026-04-04 23:55:50,700:MySQL_Database.py#L189:INFO]: Restarting MySQL service...
[2026-04-04 23:55:55,532:MySQL_Database.py#L199:INFO]: Waiting for MySQL to become available...
[2026-04-04 23:55:55,565:MySQL_Database.py#L217:INFO]: MySQL is back up! (Took 0.03s)
[2026-04-04 23:55:55,566:MySQL_Database.py#L32:INFO]: Closed old MySQL connection.
[2026-04-04 23:55:55,626:MySQL_Database.py#L267:INFO]: Executing transpiled workload olap_workloads/ssb_59.wg (2 queries)...
[2026-04-04 23:55:55,634:MySQL_Database.py#L303:ERROR]: Error executing workload: 1146 (42S02): Table 'ssb.date_dim' doesn't exist
[2026-04-04 23:55:55,634:run_diverse_configs.py#L206:INFO]: Performance for config 7: inf
[2026-04-04 23:55:55,634:run_diverse_configs.py#L137:INFO]: Running config 8/10 for ssb_59
[2026-04-04 23:55:55,635:MySQL_Database.py#L242:INFO]: Transpiling workload from PostgreSQL to MySQL syntax...
[2026-04-04 23:55:55,730:MySQL_Database.py#L79:INFO]: MySQL knobs persisted to mysqld-auto.cnf. Restarting to apply...
[2026-04-04 23:55:55,731:MySQL_Database.py#L189:INFO]: Restarting MySQL service...
[2026-04-04 23:56:00,615:MySQL_Database.py#L199:INFO]: Waiting for MySQL to become available...
[2026-04-04 23:56:00,649:MySQL_Database.py#L217:INFO]: MySQL is back up! (Took 0.03s)
[2026-04-04 23:56:00,649:MySQL_Database.py#L32:INFO]: Closed old MySQL connection.
[2026-04-04 23:56:00,706:MySQL_Database.py#L267:INFO]: Executing transpiled workload olap_workloads/ssb_59.wg (2 queries)...
[2026-04-04 23:56:00,714:MySQL_Database.py#L303:ERROR]: Error executing workload: 1146 (42S02): Table 'ssb.date_dim' doesn't exist
[2026-04-04 23:56:00,714:run_diverse_configs.py#L206:INFO]: Performance for config 8: inf
[2026-04-04 23:56:00,714:run_diverse_configs.py#L137:INFO]: Running config 9/10 for ssb_59
[2026-04-04 23:56:00,715:MySQL_Database.py#L242:INFO]: Transpiling workload from PostgreSQL to MySQL syntax...
[2026-04-04 23:56:00,791:MySQL_Database.py#L79:INFO]: MySQL knobs persisted to mysqld-auto.cnf. Restarting to apply...
[2026-04-04 23:56:00,791:MySQL_Database.py#L189:INFO]: Restarting MySQL service...
[2026-04-04 23:56:05,624:MySQL_Database.py#L199:INFO]: Waiting for MySQL to become available...
[2026-04-04 23:56:05,655:MySQL_Database.py#L217:INFO]: MySQL is back up! (Took 0.03s)
[2026-04-04 23:56:05,655:MySQL_Database.py#L32:INFO]: Closed old MySQL connection.
[2026-04-04 23:56:05,710:MySQL_Database.py#L267:INFO]: Executing transpiled workload olap_workloads/ssb_59.wg (2 queries)...
[2026-04-04 23:56:05,718:MySQL_Database.py#L303:ERROR]: Error executing workload: 1146 (42S02): Table 'ssb.date_dim' doesn't exist
[2026-04-04 23:56:05,718:run_diverse_configs.py#L206:INFO]: Performance for config 9: inf
[2026-04-04 23:56:05,718:run_diverse_configs.py#L137:INFO]: Running config 10/10 for ssb_59
[2026-04-04 23:56:05,719:MySQL_Database.py#L242:INFO]: Transpiling workload from PostgreSQL to MySQL syntax...
[2026-04-04 23:56:05,799:MySQL_Database.py#L79:INFO]: MySQL knobs persisted to mysqld-auto.cnf. Restarting to apply...
[2026-04-04 23:56:05,799:MySQL_Database.py#L189:INFO]: Restarting MySQL service...
[2026-04-04 23:56:10,433:MySQL_Database.py#L199:INFO]: Waiting for MySQL to become available...
[2026-04-04 23:56:10,463:MySQL_Database.py#L217:INFO]: MySQL is back up! (Took 0.03s)
[2026-04-04 23:56:10,464:MySQL_Database.py#L32:INFO]: Closed old MySQL connection.
[2026-04-04 23:56:10,519:MySQL_Database.py#L267:INFO]: Executing transpiled workload olap_workloads/ssb_59.wg (2 queries)...
[2026-04-04 23:56:10,528:MySQL_Database.py#L303:ERROR]: Error executing workload: 1146 (42S02): Table 'ssb.date_dim' doesn't exist
[2026-04-04 23:56:10,529:run_diverse_configs.py#L206:INFO]: Performance for config 10: inf
[2026-04-04 23:56:10,529:run_diverse_configs.py#L129:INFO]: Running 10 configs for ssb_198
[2026-04-04 23:56:10,529:run_diverse_configs.py#L137:INFO]: Running config 1/10 for ssb_198
[2026-04-04 23:56:10,530:MySQL_Database.py#L242:INFO]: Transpiling workload from PostgreSQL to MySQL syntax...
[2026-04-04 23:56:10,608:MySQL_Database.py#L79:INFO]: MySQL knobs persisted to mysqld-auto.cnf. Restarting to apply...
[2026-04-04 23:56:10,608:MySQL_Database.py#L189:INFO]: Restarting MySQL service...
[2026-04-04 23:56:15,391:MySQL_Database.py#L199:INFO]: Waiting for MySQL to become available...
[2026-04-04 23:56:15,421:MySQL_Database.py#L217:INFO]: MySQL is back up! (Took 0.03s)
[2026-04-04 23:56:15,422:MySQL_Database.py#L32:INFO]: Closed old MySQL connection.
[2026-04-04 23:56:15,477:MySQL_Database.py#L267:INFO]: Executing transpiled workload olap_workloads/ssb_198.wg (3 queries)...
[2026-04-04 23:56:19,932:MySQL_Database.py#L303:ERROR]: Error executing workload: 1054 (42S22): Unknown column 'p.p_brand' in 'field list'
[2026-04-04 23:56:19,932:run_diverse_configs.py#L206:INFO]: Performance for config 1: inf
[2026-04-04 23:56:19,932:run_diverse_configs.py#L137:INFO]: Running config 2/10 for ssb_198
[2026-04-04 23:56:19,933:MySQL_Database.py#L242:INFO]: Transpiling workload from PostgreSQL to MySQL syntax...
[2026-04-04 23:56:20,011:MySQL_Database.py#L79:INFO]: MySQL knobs persisted to mysqld-auto.cnf. Restarting to apply...
[2026-04-04 23:56:20,011:MySQL_Database.py#L189:INFO]: Restarting MySQL service...
[2026-04-04 23:56:24,540:MySQL_Database.py#L199:INFO]: Waiting for MySQL to become available...
[2026-04-04 23:56:24,570:MySQL_Database.py#L217:INFO]: MySQL is back up! (Took 0.03s)
[2026-04-04 23:56:24,571:MySQL_Database.py#L32:INFO]: Closed old MySQL connection.
[2026-04-04 23:56:24,626:MySQL_Database.py#L267:INFO]: Executing transpiled workload olap_workloads/ssb_198.wg (3 queries)...
[2026-04-04 23:56:28,760:MySQL_Database.py#L303:ERROR]: Error executing workload: 1054 (42S22): Unknown column 'p.p_brand' in 'field list'
[2026-04-04 23:56:28,760:run_diverse_configs.py#L206:INFO]: Performance for config 2: inf
[2026-04-04 23:56:28,760:run_diverse_configs.py#L137:INFO]: Running config 3/10 for ssb_198
[2026-04-04 23:56:28,761:MySQL_Database.py#L242:INFO]: Transpiling workload from PostgreSQL to MySQL syntax...
[2026-04-04 23:56:28,847:MySQL_Database.py#L79:INFO]: MySQL knobs persisted to mysqld-auto.cnf. Restarting to apply...
[2026-04-04 23:56:28,847:MySQL_Database.py#L189:INFO]: Restarting MySQL service...
[2026-04-04 23:56:33,729:MySQL_Database.py#L199:INFO]: Waiting for MySQL to become available...
[2026-04-04 23:56:33,759:MySQL_Database.py#L217:INFO]: MySQL is back up! (Took 0.03s)
[2026-04-04 23:56:33,759:MySQL_Database.py#L32:INFO]: Closed old MySQL connection.
[2026-04-04 23:56:33,815:MySQL_Database.py#L267:INFO]: Executing transpiled workload olap_workloads/ssb_198.wg (3 queries)...
[2026-04-04 23:56:38,051:MySQL_Database.py#L303:ERROR]: Error executing workload: 1054 (42S22): Unknown column 'p.p_brand' in 'field list'
[2026-04-04 23:56:38,051:run_diverse_configs.py#L206:INFO]: Performance for config 3: inf
[2026-04-04 23:56:38,052:run_diverse_configs.py#L137:INFO]: Running config 4/10 for ssb_198
[2026-04-04 23:56:38,052:MySQL_Database.py#L242:INFO]: Transpiling workload from PostgreSQL to MySQL syntax...
[2026-04-04 23:56:38,136:MySQL_Database.py#L79:INFO]: MySQL knobs persisted to mysqld-auto.cnf. Restarting to apply...
[2026-04-04 23:56:38,136:MySQL_Database.py#L189:INFO]: Restarting MySQL service...
[2026-04-04 23:56:42,919:MySQL_Database.py#L199:INFO]: Waiting for MySQL to become available...
[2026-04-04 23:56:42,958:MySQL_Database.py#L217:INFO]: MySQL is back up! (Took 0.04s)
[2026-04-04 23:56:42,958:MySQL_Database.py#L32:INFO]: Closed old MySQL connection.
[2026-04-04 23:56:43,014:MySQL_Database.py#L267:INFO]: Executing transpiled workload olap_workloads/ssb_198.wg (3 queries)...
[2026-04-04 23:56:46,536:MySQL_Database.py#L303:ERROR]: Error executing workload: 1054 (42S22): Unknown column 'p.p_brand' in 'field list'
[2026-04-04 23:56:46,536:run_diverse_configs.py#L206:INFO]: Performance for config 4: inf
[2026-04-04 23:56:46,536:run_diverse_configs.py#L137:INFO]: Running config 5/10 for ssb_198
[2026-04-04 23:56:46,537:MySQL_Database.py#L242:INFO]: Transpiling workload from PostgreSQL to MySQL syntax...
[2026-04-04 23:56:46,619:MySQL_Database.py#L79:INFO]: MySQL knobs persisted to mysqld-auto.cnf. Restarting to apply...
[2026-04-04 23:56:46,619:MySQL_Database.py#L189:INFO]: Restarting MySQL service...
[2026-04-04 23:56:52,103:MySQL_Database.py#L199:INFO]: Waiting for MySQL to become available...
[2026-04-04 23:56:52,138:MySQL_Database.py#L217:INFO]: MySQL is back up! (Took 0.04s)
[2026-04-04 23:56:52,139:MySQL_Database.py#L32:INFO]: Closed old MySQL connection.
[2026-04-04 23:56:52,246:MySQL_Database.py#L267:INFO]: Executing transpiled workload olap_workloads/ssb_198.wg (3 queries)...
[2026-04-04 23:56:55,905:MySQL_Database.py#L303:ERROR]: Error executing workload: 1054 (42S22): Unknown column 'p.p_brand' in 'field list'
[2026-04-04 23:56:55,906:run_diverse_configs.py#L206:INFO]: Performance for config 5: inf
[2026-04-04 23:56:55,906:run_diverse_configs.py#L137:INFO]: Running config 6/10 for ssb_198
[2026-04-04 23:56:55,906:MySQL_Database.py#L242:INFO]: Transpiling workload from PostgreSQL to MySQL syntax...
[2026-04-04 23:56:56,000:MySQL_Database.py#L79:INFO]: MySQL knobs persisted to mysqld-auto.cnf. Restarting to apply...
[2026-04-04 23:56:56,001:MySQL_Database.py#L189:INFO]: Restarting MySQL service...
[2026-04-04 23:57:01,235:MySQL_Database.py#L199:INFO]: Waiting for MySQL to become available...
[2026-04-04 23:57:01,267:MySQL_Database.py#L217:INFO]: MySQL is back up! (Took 0.03s)
[2026-04-04 23:57:01,267:MySQL_Database.py#L32:INFO]: Closed old MySQL connection.
[2026-04-04 23:57:01,324:MySQL_Database.py#L267:INFO]: Executing transpiled workload olap_workloads/ssb_198.wg (3 queries)...
[2026-04-04 23:57:05,287:MySQL_Database.py#L303:ERROR]: Error executing workload: 1054 (42S22): Unknown column 'p.p_brand' in 'field list'
[2026-04-04 23:57:05,287:run_diverse_configs.py#L206:INFO]: Performance for config 6: inf
[2026-04-04 23:57:05,288:run_diverse_configs.py#L137:INFO]: Running config 7/10 for ssb_198
[2026-04-04 23:57:05,288:MySQL_Database.py#L242:INFO]: Transpiling workload from PostgreSQL to MySQL syntax...
[2026-04-04 23:57:05,375:MySQL_Database.py#L79:INFO]: MySQL knobs persisted to mysqld-auto.cnf. Restarting to apply...
[2026-04-04 23:57:05,375:MySQL_Database.py#L189:INFO]: Restarting MySQL service...
[2026-04-04 23:57:10,260:MySQL_Database.py#L199:INFO]: Waiting for MySQL to become available...
[2026-04-04 23:57:10,294:MySQL_Database.py#L217:INFO]: MySQL is back up! (Took 0.03s)
[2026-04-04 23:57:10,294:MySQL_Database.py#L32:INFO]: Closed old MySQL connection.
[2026-04-04 23:57:10,350:MySQL_Database.py#L267:INFO]: Executing transpiled workload olap_workloads/ssb_198.wg (3 queries)...
[2026-04-04 23:57:14,107:MySQL_Database.py#L303:ERROR]: Error executing workload: 1054 (42S22): Unknown column 'p.p_brand' in 'field list'
[2026-04-04 23:57:14,107:run_diverse_configs.py#L206:INFO]: Performance for config 7: inf
[2026-04-04 23:57:14,107:run_diverse_configs.py#L137:INFO]: Running config 8/10 for ssb_198
[2026-04-04 23:57:14,108:MySQL_Database.py#L242:INFO]: Transpiling workload from PostgreSQL to MySQL syntax...
[2026-04-04 23:57:14,186:MySQL_Database.py#L79:INFO]: MySQL knobs persisted to mysqld-auto.cnf. Restarting to apply...
[2026-04-04 23:57:14,186:MySQL_Database.py#L189:INFO]: Restarting MySQL service...
[2026-04-04 23:57:19,119:MySQL_Database.py#L199:INFO]: Waiting for MySQL to become available...
[2026-04-04 23:57:19,150:MySQL_Database.py#L217:INFO]: MySQL is back up! (Took 0.03s)
[2026-04-04 23:57:19,150:MySQL_Database.py#L32:INFO]: Closed old MySQL connection.
[2026-04-04 23:57:19,206:MySQL_Database.py#L267:INFO]: Executing transpiled workload olap_workloads/ssb_198.wg (3 queries)...
[2026-04-04 23:57:23,212:MySQL_Database.py#L303:ERROR]: Error executing workload: 1054 (42S22): Unknown column 'p.p_brand' in 'field list'
[2026-04-04 23:57:23,213:run_diverse_configs.py#L206:INFO]: Performance for config 8: inf
[2026-04-04 23:57:23,213:run_diverse_configs.py#L137:INFO]: Running config 9/10 for ssb_198
[2026-04-04 23:57:23,213:MySQL_Database.py#L242:INFO]: Transpiling workload from PostgreSQL to MySQL syntax...
[2026-04-04 23:57:23,296:MySQL_Database.py#L79:INFO]: MySQL knobs persisted to mysqld-auto.cnf. Restarting to apply...
[2026-04-04 23:57:23,296:MySQL_Database.py#L189:INFO]: Restarting MySQL service...
[2026-04-04 23:57:27,978:MySQL_Database.py#L199:INFO]: Waiting for MySQL to become available...
[2026-04-04 23:57:28,017:MySQL_Database.py#L217:INFO]: MySQL is back up! (Took 0.04s)
[2026-04-04 23:57:28,017:MySQL_Database.py#L32:INFO]: Closed old MySQL connection.
[2026-04-04 23:57:28,072:MySQL_Database.py#L267:INFO]: Executing transpiled workload olap_workloads/ssb_198.wg (3 queries)...
[2026-04-04 23:57:30,798:MySQL_Database.py#L303:ERROR]: Error executing workload: 1054 (42S22): Unknown column 'p.p_brand' in 'field list'
[2026-04-04 23:57:30,798:run_diverse_configs.py#L206:INFO]: Performance for config 9: inf
[2026-04-04 23:57:30,798:run_diverse_configs.py#L137:INFO]: Running config 10/10 for ssb_198
[2026-04-04 23:57:30,799:MySQL_Database.py#L242:INFO]: Transpiling workload from PostgreSQL to MySQL syntax...
[2026-04-04 23:57:30,876:MySQL_Database.py#L79:INFO]: MySQL knobs persisted to mysqld-auto.cnf. Restarting to apply...
[2026-04-04 23:57:30,877:MySQL_Database.py#L189:INFO]: Restarting MySQL service...
[2026-04-04 23:57:35,810:MySQL_Database.py#L199:INFO]: Waiting for MySQL to become available...
[2026-04-04 23:57:35,853:MySQL_Database.py#L217:INFO]: MySQL is back up! (Took 0.04s)
[2026-04-04 23:57:35,853:MySQL_Database.py#L32:INFO]: Closed old MySQL connection.
[2026-04-04 23:57:35,909:MySQL_Database.py#L267:INFO]: Executing transpiled workload olap_workloads/ssb_198.wg (3 queries)...
[2026-04-04 23:57:39,825:MySQL_Database.py#L303:ERROR]: Error executing workload: 1054 (42S22): Unknown column 'p.p_brand' in 'field list'
[2026-04-04 23:57:39,825:run_diverse_configs.py#L206:INFO]: Performance for config 10: inf
[2026-04-04 23:57:39,825:run_diverse_configs.py#L129:INFO]: Running 10 configs for ssb_100
[2026-04-04 23:57:39,826:run_diverse_configs.py#L137:INFO]: Running config 1/10 for ssb_100
[2026-04-04 23:57:39,826:MySQL_Database.py#L242:INFO]: Transpiling workload from PostgreSQL to MySQL syntax...
[2026-04-04 23:57:39,903:MySQL_Database.py#L79:INFO]: MySQL knobs persisted to mysqld-auto.cnf. Restarting to apply...
[2026-04-04 23:57:39,903:MySQL_Database.py#L189:INFO]: Restarting MySQL service...
[2026-04-04 23:57:44,584:MySQL_Database.py#L199:INFO]: Waiting for MySQL to become available...
[2026-04-04 23:57:44,616:MySQL_Database.py#L217:INFO]: MySQL is back up! (Took 0.03s)
[2026-04-04 23:57:44,616:MySQL_Database.py#L32:INFO]: Closed old MySQL connection.
[2026-04-04 23:57:44,672:MySQL_Database.py#L267:INFO]: Executing transpiled workload olap_workloads/ssb_100.wg (2 queries)...
[2026-04-04 23:57:44,679:MySQL_Database.py#L303:ERROR]: Error executing workload: 1146 (42S02): Table 'ssb.date_dim' doesn't exist
[2026-04-04 23:57:44,680:run_diverse_configs.py#L206:INFO]: Performance for config 1: inf
[2026-04-04 23:57:44,680:run_diverse_configs.py#L137:INFO]: Running config 2/10 for ssb_100
[2026-04-04 23:57:44,681:MySQL_Database.py#L242:INFO]: Transpiling workload from PostgreSQL to MySQL syntax...
[2026-04-04 23:57:44,765:MySQL_Database.py#L79:INFO]: MySQL knobs persisted to mysqld-auto.cnf. Restarting to apply...
[2026-04-04 23:57:44,765:MySQL_Database.py#L189:INFO]: Restarting MySQL service...
[2026-04-04 23:57:49,346:MySQL_Database.py#L199:INFO]: Waiting for MySQL to become available...
[2026-04-04 23:57:49,389:MySQL_Database.py#L217:INFO]: MySQL is back up! (Took 0.04s)
[2026-04-04 23:57:49,390:MySQL_Database.py#L32:INFO]: Closed old MySQL connection.
[2026-04-04 23:57:49,446:MySQL_Database.py#L267:INFO]: Executing transpiled workload olap_workloads/ssb_100.wg (2 queries)...
[2026-04-04 23:57:49,453:MySQL_Database.py#L303:ERROR]: Error executing workload: 1146 (42S02): Table 'ssb.date_dim' doesn't exist
[2026-04-04 23:57:49,454:run_diverse_configs.py#L206:INFO]: Performance for config 2: inf
[2026-04-04 23:57:49,454:run_diverse_configs.py#L137:INFO]: Running config 3/10 for ssb_100
[2026-04-04 23:57:49,454:MySQL_Database.py#L242:INFO]: Transpiling workload from PostgreSQL to MySQL syntax...
[2026-04-04 23:57:49,534:MySQL_Database.py#L79:INFO]: MySQL knobs persisted to mysqld-auto.cnf. Restarting to apply...
[2026-04-04 23:57:49,534:MySQL_Database.py#L189:INFO]: Restarting MySQL service...
[2026-04-04 23:57:53,967:MySQL_Database.py#L199:INFO]: Waiting for MySQL to become available...
[2026-04-04 23:57:53,997:MySQL_Database.py#L217:INFO]: MySQL is back up! (Took 0.03s)
[2026-04-04 23:57:53,998:MySQL_Database.py#L32:INFO]: Closed old MySQL connection.
[2026-04-04 23:57:54,053:MySQL_Database.py#L267:INFO]: Executing transpiled workload olap_workloads/ssb_100.wg (2 queries)...
[2026-04-04 23:57:54,061:MySQL_Database.py#L303:ERROR]: Error executing workload: 1146 (42S02): Table 'ssb.date_dim' doesn't exist
[2026-04-04 23:57:54,061:run_diverse_configs.py#L206:INFO]: Performance for config 3: inf
[2026-04-04 23:57:54,061:run_diverse_configs.py#L137:INFO]: Running config 4/10 for ssb_100
[2026-04-04 23:57:54,062:MySQL_Database.py#L242:INFO]: Transpiling workload from PostgreSQL to MySQL syntax...
[2026-04-04 23:57:54,136:MySQL_Database.py#L79:INFO]: MySQL knobs persisted to mysqld-auto.cnf. Restarting to apply...
[2026-04-04 23:57:54,137:MySQL_Database.py#L189:INFO]: Restarting MySQL service...
[2026-04-04 23:57:59,069:MySQL_Database.py#L199:INFO]: Waiting for MySQL to become available...
[2026-04-04 23:57:59,099:MySQL_Database.py#L217:INFO]: MySQL is back up! (Took 0.03s)
[2026-04-04 23:57:59,099:MySQL_Database.py#L32:INFO]: Closed old MySQL connection.
[2026-04-04 23:57:59,154:MySQL_Database.py#L267:INFO]: Executing transpiled workload olap_workloads/ssb_100.wg (2 queries)...
[2026-04-04 23:57:59,162:MySQL_Database.py#L303:ERROR]: Error executing workload: 1146 (42S02): Table 'ssb.date_dim' doesn't exist
[2026-04-04 23:57:59,162:run_diverse_configs.py#L206:INFO]: Performance for config 4: inf
[2026-04-04 23:57:59,162:run_diverse_configs.py#L137:INFO]: Running config 5/10 for ssb_100
[2026-04-04 23:57:59,163:MySQL_Database.py#L242:INFO]: Transpiling workload from PostgreSQL to MySQL syntax...
[2026-04-04 23:57:59,252:MySQL_Database.py#L79:INFO]: MySQL knobs persisted to mysqld-auto.cnf. Restarting to apply...
[2026-04-04 23:57:59,252:MySQL_Database.py#L189:INFO]: Restarting MySQL service...
[2026-04-04 23:58:04,138:MySQL_Database.py#L199:INFO]: Waiting for MySQL to become available...
[2026-04-04 23:58:04,168:MySQL_Database.py#L217:INFO]: MySQL is back up! (Took 0.03s)
[2026-04-04 23:58:04,168:MySQL_Database.py#L32:INFO]: Closed old MySQL connection.
[2026-04-04 23:58:04,224:MySQL_Database.py#L267:INFO]: Executing transpiled workload olap_workloads/ssb_100.wg (2 queries)...
[2026-04-04 23:58:04,231:MySQL_Database.py#L303:ERROR]: Error executing workload: 1146 (42S02): Table 'ssb.date_dim' doesn't exist
[2026-04-04 23:58:04,232:run_diverse_configs.py#L206:INFO]: Performance for config 5: inf
[2026-04-04 23:58:04,232:run_diverse_configs.py#L137:INFO]: Running config 6/10 for ssb_100
[2026-04-04 23:58:04,232:MySQL_Database.py#L242:INFO]: Transpiling workload from PostgreSQL to MySQL syntax...
[2026-04-04 23:58:04,328:MySQL_Database.py#L79:INFO]: MySQL knobs persisted to mysqld-auto.cnf. Restarting to apply...
[2026-04-04 23:58:04,328:MySQL_Database.py#L189:INFO]: Restarting MySQL service...
[2026-04-04 23:58:09,314:MySQL_Database.py#L199:INFO]: Waiting for MySQL to become available...
[2026-04-04 23:58:09,345:MySQL_Database.py#L217:INFO]: MySQL is back up! (Took 0.03s)
[2026-04-04 23:58:09,346:MySQL_Database.py#L32:INFO]: Closed old MySQL connection.
[2026-04-04 23:58:09,401:MySQL_Database.py#L267:INFO]: Executing transpiled workload olap_workloads/ssb_100.wg (2 queries)...
[2026-04-04 23:58:09,409:MySQL_Database.py#L303:ERROR]: Error executing workload: 1146 (42S02): Table 'ssb.date_dim' doesn't exist
[2026-04-04 23:58:09,409:run_diverse_configs.py#L206:INFO]: Performance for config 6: inf
[2026-04-04 23:58:09,409:run_diverse_configs.py#L137:INFO]: Running config 7/10 for ssb_100
[2026-04-04 23:58:09,410:MySQL_Database.py#L242:INFO]: Transpiling workload from PostgreSQL to MySQL syntax...
[2026-04-04 23:58:09,477:MySQL_Database.py#L79:INFO]: MySQL knobs persisted to mysqld-auto.cnf. Restarting to apply...
[2026-04-04 23:58:09,477:MySQL_Database.py#L189:INFO]: Restarting MySQL service...
[2026-04-04 23:58:14,058:MySQL_Database.py#L199:INFO]: Waiting for MySQL to become available...
[2026-04-04 23:58:14,117:MySQL_Database.py#L217:INFO]: MySQL is back up! (Took 0.06s)
[2026-04-04 23:58:14,118:MySQL_Database.py#L32:INFO]: Closed old MySQL connection.
[2026-04-04 23:58:14,236:MySQL_Database.py#L267:INFO]: Executing transpiled workload olap_workloads/ssb_100.wg (2 queries)...
[2026-04-04 23:58:14,244:MySQL_Database.py#L303:ERROR]: Error executing workload: 1146 (42S02): Table 'ssb.date_dim' doesn't exist
[2026-04-04 23:58:14,244:run_diverse_configs.py#L206:INFO]: Performance for config 7: inf
[2026-04-04 23:58:14,244:run_diverse_configs.py#L137:INFO]: Running config 8/10 for ssb_100
[2026-04-04 23:58:14,245:MySQL_Database.py#L242:INFO]: Transpiling workload from PostgreSQL to MySQL syntax...
[2026-04-04 23:58:14,311:MySQL_Database.py#L79:INFO]: MySQL knobs persisted to mysqld-auto.cnf. Restarting to apply...
[2026-04-04 23:58:14,311:MySQL_Database.py#L189:INFO]: Restarting MySQL service...
[2026-04-04 23:58:18,942:MySQL_Database.py#L199:INFO]: Waiting for MySQL to become available...
[2026-04-04 23:58:18,972:MySQL_Database.py#L217:INFO]: MySQL is back up! (Took 0.03s)
[2026-04-04 23:58:18,973:MySQL_Database.py#L32:INFO]: Closed old MySQL connection.
[2026-04-04 23:58:19,029:MySQL_Database.py#L267:INFO]: Executing transpiled workload olap_workloads/ssb_100.wg (2 queries)...
[2026-04-04 23:58:19,037:MySQL_Database.py#L303:ERROR]: Error executing workload: 1146 (42S02): Table 'ssb.date_dim' doesn't exist
[2026-04-04 23:58:19,037:run_diverse_configs.py#L206:INFO]: Performance for config 8: inf
[2026-04-04 23:58:19,037:run_diverse_configs.py#L137:INFO]: Running config 9/10 for ssb_100
[2026-04-04 23:58:19,038:MySQL_Database.py#L242:INFO]: Transpiling workload from PostgreSQL to MySQL syntax...
[2026-04-04 23:58:19,110:MySQL_Database.py#L79:INFO]: MySQL knobs persisted to mysqld-auto.cnf. Restarting to apply...
[2026-04-04 23:58:19,111:MySQL_Database.py#L189:INFO]: Restarting MySQL service...
[2026-04-04 23:58:23,942:MySQL_Database.py#L199:INFO]: Waiting for MySQL to become available...
[2026-04-04 23:58:23,982:MySQL_Database.py#L217:INFO]: MySQL is back up! (Took 0.04s)
[2026-04-04 23:58:23,982:MySQL_Database.py#L32:INFO]: Closed old MySQL connection.
[2026-04-04 23:58:24,037:MySQL_Database.py#L267:INFO]: Executing transpiled workload olap_workloads/ssb_100.wg (2 queries)...
[2026-04-04 23:58:24,045:MySQL_Database.py#L303:ERROR]: Error executing workload: 1146 (42S02): Table 'ssb.date_dim' doesn't exist
[2026-04-04 23:58:24,045:run_diverse_configs.py#L206:INFO]: Performance for config 9: inf
[2026-04-04 23:58:24,046:run_diverse_configs.py#L137:INFO]: Running config 10/10 for ssb_100
[2026-04-04 23:58:24,046:MySQL_Database.py#L242:INFO]: Transpiling workload from PostgreSQL to MySQL syntax...
[2026-04-04 23:58:24,120:MySQL_Database.py#L79:INFO]: MySQL knobs persisted to mysqld-auto.cnf. Restarting to apply...
[2026-04-04 23:58:24,120:MySQL_Database.py#L189:INFO]: Restarting MySQL service...
[2026-04-04 23:58:29,053:MySQL_Database.py#L199:INFO]: Waiting for MySQL to become available...
[2026-04-04 23:58:29,082:MySQL_Database.py#L217:INFO]: MySQL is back up! (Took 0.03s)
[2026-04-04 23:58:29,083:MySQL_Database.py#L32:INFO]: Closed old MySQL connection.
[2026-04-04 23:58:29,138:MySQL_Database.py#L267:INFO]: Executing transpiled workload olap_workloads/ssb_100.wg (2 queries)...
[2026-04-04 23:58:29,146:MySQL_Database.py#L303:ERROR]: Error executing workload: 1146 (42S02): Table 'ssb.date_dim' doesn't exist
[2026-04-04 23:58:29,146:run_diverse_configs.py#L206:INFO]: Performance for config 10: inf
[2026-04-04 23:58:29,147:run_diverse_configs.py#L129:INFO]: Running 10 configs for ssb_114
[2026-04-04 23:58:29,147:run_diverse_configs.py#L137:INFO]: Running config 1/10 for ssb_114
[2026-04-04 23:58:29,148:MySQL_Database.py#L242:INFO]: Transpiling workload from PostgreSQL to MySQL syntax...
[2026-04-04 23:58:29,244:MySQL_Database.py#L79:INFO]: MySQL knobs persisted to mysqld-auto.cnf. Restarting to apply...
[2026-04-04 23:58:29,244:MySQL_Database.py#L189:INFO]: Restarting MySQL service...
[2026-04-04 23:58:33,724:MySQL_Database.py#L199:INFO]: Waiting for MySQL to become available...
[2026-04-04 23:58:33,755:MySQL_Database.py#L217:INFO]: MySQL is back up! (Took 0.03s)
[2026-04-04 23:58:33,756:MySQL_Database.py#L32:INFO]: Closed old MySQL connection.
[2026-04-04 23:58:33,811:MySQL_Database.py#L267:INFO]: Executing transpiled workload olap_workloads/ssb_114.wg (2 queries)...
[2026-04-04 23:58:33,818:MySQL_Database.py#L303:ERROR]: Error executing workload: 1146 (42S02): Table 'ssb.date_dim' doesn't exist
[2026-04-04 23:58:33,818:run_diverse_configs.py#L206:INFO]: Performance for config 1: inf
[2026-04-04 23:58:33,819:run_diverse_configs.py#L137:INFO]: Running config 2/10 for ssb_114
[2026-04-04 23:58:33,819:MySQL_Database.py#L242:INFO]: Transpiling workload from PostgreSQL to MySQL syntax...
[2026-04-04 23:58:33,934:MySQL_Database.py#L79:INFO]: MySQL knobs persisted to mysqld-auto.cnf. Restarting to apply...
[2026-04-04 23:58:33,934:MySQL_Database.py#L189:INFO]: Restarting MySQL service...
[2026-04-04 23:58:38,215:MySQL_Database.py#L199:INFO]: Waiting for MySQL to become available...
[2026-04-04 23:58:38,249:MySQL_Database.py#L217:INFO]: MySQL is back up! (Took 0.03s)
[2026-04-04 23:58:38,250:MySQL_Database.py#L32:INFO]: Closed old MySQL connection.
[2026-04-04 23:58:38,305:MySQL_Database.py#L267:INFO]: Executing transpiled workload olap_workloads/ssb_114.wg (2 queries)...
[2026-04-04 23:58:38,313:MySQL_Database.py#L303:ERROR]: Error executing workload: 1146 (42S02): Table 'ssb.date_dim' doesn't exist
[2026-04-04 23:58:38,313:run_diverse_configs.py#L206:INFO]: Performance for config 2: inf
[2026-04-04 23:58:38,314:run_diverse_configs.py#L137:INFO]: Running config 3/10 for ssb_114
[2026-04-04 23:58:38,314:MySQL_Database.py#L242:INFO]: Transpiling workload from PostgreSQL to MySQL syntax...
[2026-04-04 23:58:38,396:MySQL_Database.py#L79:INFO]: MySQL knobs persisted to mysqld-auto.cnf. Restarting to apply...
[2026-04-04 23:58:38,396:MySQL_Database.py#L189:INFO]: Restarting MySQL service...
[2026-04-04 23:58:42,629:MySQL_Database.py#L199:INFO]: Waiting for MySQL to become available...
[2026-04-04 23:58:42,659:MySQL_Database.py#L217:INFO]: MySQL is back up! (Took 0.03s)
[2026-04-04 23:58:42,660:MySQL_Database.py#L32:INFO]: Closed old MySQL connection.
[2026-04-04 23:58:42,715:MySQL_Database.py#L267:INFO]: Executing transpiled workload olap_workloads/ssb_114.wg (2 queries)...
[2026-04-04 23:58:42,723:MySQL_Database.py#L303:ERROR]: Error executing workload: 1146 (42S02): Table 'ssb.date_dim' doesn't exist
[2026-04-04 23:58:42,724:run_diverse_configs.py#L206:INFO]: Performance for config 3: inf
[2026-04-04 23:58:42,724:run_diverse_configs.py#L137:INFO]: Running config 4/10 for ssb_114
[2026-04-04 23:58:42,724:MySQL_Database.py#L242:INFO]: Transpiling workload from PostgreSQL to MySQL syntax...
[2026-04-04 23:58:42,803:MySQL_Database.py#L79:INFO]: MySQL knobs persisted to mysqld-auto.cnf. Restarting to apply...
[2026-04-04 23:58:42,803:MySQL_Database.py#L189:INFO]: Restarting MySQL service...
[2026-04-04 23:58:47,134:MySQL_Database.py#L199:INFO]: Waiting for MySQL to become available...
[2026-04-04 23:58:47,165:MySQL_Database.py#L217:INFO]: MySQL is back up! (Took 0.03s)
[2026-04-04 23:58:47,165:MySQL_Database.py#L32:INFO]: Closed old MySQL connection.
[2026-04-04 23:58:47,220:MySQL_Database.py#L267:INFO]: Executing transpiled workload olap_workloads/ssb_114.wg (2 queries)...
[2026-04-04 23:58:47,228:MySQL_Database.py#L303:ERROR]: Error executing workload: 1146 (42S02): Table 'ssb.date_dim' doesn't exist
[2026-04-04 23:58:47,228:run_diverse_configs.py#L206:INFO]: Performance for config 4: inf
[2026-04-04 23:58:47,228:run_diverse_configs.py#L137:INFO]: Running config 5/10 for ssb_114
[2026-04-04 23:58:47,229:MySQL_Database.py#L242:INFO]: Transpiling workload from PostgreSQL to MySQL syntax...
[2026-04-04 23:58:47,307:MySQL_Database.py#L79:INFO]: MySQL knobs persisted to mysqld-auto.cnf. Restarting to apply...
[2026-04-04 23:58:47,307:MySQL_Database.py#L189:INFO]: Restarting MySQL service...
[2026-04-04 23:58:52,040:MySQL_Database.py#L199:INFO]: Waiting for MySQL to become available...
[2026-04-04 23:58:52,071:MySQL_Database.py#L217:INFO]: MySQL is back up! (Took 0.03s)
[2026-04-04 23:58:52,072:MySQL_Database.py#L32:INFO]: Closed old MySQL connection.
[2026-04-04 23:58:52,127:MySQL_Database.py#L267:INFO]: Executing transpiled workload olap_workloads/ssb_114.wg (2 queries)...
[2026-04-04 23:58:52,135:MySQL_Database.py#L303:ERROR]: Error executing workload: 1146 (42S02): Table 'ssb.date_dim' doesn't exist
[2026-04-04 23:58:52,135:run_diverse_configs.py#L206:INFO]: Performance for config 5: inf
[2026-04-04 23:58:52,135:run_diverse_configs.py#L137:INFO]: Running config 6/10 for ssb_114
[2026-04-04 23:58:52,136:MySQL_Database.py#L242:INFO]: Transpiling workload from PostgreSQL to MySQL syntax...
[2026-04-04 23:58:52,205:MySQL_Database.py#L79:INFO]: MySQL knobs persisted to mysqld-auto.cnf. Restarting to apply...
[2026-04-04 23:58:52,205:MySQL_Database.py#L189:INFO]: Restarting MySQL service...
[2026-04-04 23:58:57,139:MySQL_Database.py#L199:INFO]: Waiting for MySQL to become available...
[2026-04-04 23:58:57,170:MySQL_Database.py#L217:INFO]: MySQL is back up! (Took 0.03s)
[2026-04-04 23:58:57,170:MySQL_Database.py#L32:INFO]: Closed old MySQL connection.
[2026-04-04 23:58:57,225:MySQL_Database.py#L267:INFO]: Executing transpiled workload olap_workloads/ssb_114.wg (2 queries)...
[2026-04-04 23:58:57,234:MySQL_Database.py#L303:ERROR]: Error executing workload: 1146 (42S02): Table 'ssb.date_dim' doesn't exist
[2026-04-04 23:58:57,235:run_diverse_configs.py#L206:INFO]: Performance for config 6: inf
[2026-04-04 23:58:57,235:run_diverse_configs.py#L137:INFO]: Running config 7/10 for ssb_114
[2026-04-04 23:58:57,235:MySQL_Database.py#L242:INFO]: Transpiling workload from PostgreSQL to MySQL syntax...
[2026-04-04 23:58:57,308:MySQL_Database.py#L79:INFO]: MySQL knobs persisted to mysqld-auto.cnf. Restarting to apply...
[2026-04-04 23:58:57,308:MySQL_Database.py#L189:INFO]: Restarting MySQL service...
[2026-04-04 23:59:01,788:MySQL_Database.py#L199:INFO]: Waiting for MySQL to become available...
[2026-04-04 23:59:01,822:MySQL_Database.py#L217:INFO]: MySQL is back up! (Took 0.03s)
[2026-04-04 23:59:01,822:MySQL_Database.py#L32:INFO]: Closed old MySQL connection.
[2026-04-04 23:59:01,879:MySQL_Database.py#L267:INFO]: Executing transpiled workload olap_workloads/ssb_114.wg (2 queries)...
[2026-04-04 23:59:01,886:MySQL_Database.py#L303:ERROR]: Error executing workload: 1146 (42S02): Table 'ssb.date_dim' doesn't exist
[2026-04-04 23:59:01,886:run_diverse_configs.py#L206:INFO]: Performance for config 7: inf
[2026-04-04 23:59:01,887:run_diverse_configs.py#L137:INFO]: Running config 8/10 for ssb_114
[2026-04-04 23:59:01,887:MySQL_Database.py#L242:INFO]: Transpiling workload from PostgreSQL to MySQL syntax...
[2026-04-04 23:59:01,962:MySQL_Database.py#L79:INFO]: MySQL knobs persisted to mysqld-auto.cnf. Restarting to apply...
[2026-04-04 23:59:01,962:MySQL_Database.py#L189:INFO]: Restarting MySQL service...
[2026-04-04 23:59:06,744:MySQL_Database.py#L199:INFO]: Waiting for MySQL to become available...
[2026-04-04 23:59:06,773:MySQL_Database.py#L217:INFO]: MySQL is back up! (Took 0.03s)
[2026-04-04 23:59:06,774:MySQL_Database.py#L32:INFO]: Closed old MySQL connection.
[2026-04-04 23:59:06,829:MySQL_Database.py#L267:INFO]: Executing transpiled workload olap_workloads/ssb_114.wg (2 queries)...
[2026-04-04 23:59:06,838:MySQL_Database.py#L303:ERROR]: Error executing workload: 1146 (42S02): Table 'ssb.date_dim' doesn't exist
[2026-04-04 23:59:06,838:run_diverse_configs.py#L206:INFO]: Performance for config 8: inf
[2026-04-04 23:59:06,838:run_diverse_configs.py#L137:INFO]: Running config 9/10 for ssb_114
[2026-04-04 23:59:06,839:MySQL_Database.py#L242:INFO]: Transpiling workload from PostgreSQL to MySQL syntax...
[2026-04-04 23:59:06,910:MySQL_Database.py#L79:INFO]: MySQL knobs persisted to mysqld-auto.cnf. Restarting to apply...
[2026-04-04 23:59:06,910:MySQL_Database.py#L189:INFO]: Restarting MySQL service...
[2026-04-04 23:59:12,091:MySQL_Database.py#L199:INFO]: Waiting for MySQL to become available...
[2026-04-04 23:59:12,121:MySQL_Database.py#L217:INFO]: MySQL is back up! (Took 0.03s)
[2026-04-04 23:59:12,121:MySQL_Database.py#L32:INFO]: Closed old MySQL connection.
[2026-04-04 23:59:12,176:MySQL_Database.py#L267:INFO]: Executing transpiled workload olap_workloads/ssb_114.wg (2 queries)...
[2026-04-04 23:59:12,184:MySQL_Database.py#L303:ERROR]: Error executing workload: 1146 (42S02): Table 'ssb.date_dim' doesn't exist
[2026-04-04 23:59:12,184:run_diverse_configs.py#L206:INFO]: Performance for config 9: inf
[2026-04-04 23:59:12,185:run_diverse_configs.py#L137:INFO]: Running config 10/10 for ssb_114
[2026-04-04 23:59:12,185:MySQL_Database.py#L242:INFO]: Transpiling workload from PostgreSQL to MySQL syntax...
[2026-04-04 23:59:12,253:MySQL_Database.py#L79:INFO]: MySQL knobs persisted to mysqld-auto.cnf. Restarting to apply...
[2026-04-04 23:59:12,253:MySQL_Database.py#L189:INFO]: Restarting MySQL service...
[2026-04-04 23:59:16,783:MySQL_Database.py#L199:INFO]: Waiting for MySQL to become available...
[2026-04-04 23:59:16,813:MySQL_Database.py#L217:INFO]: MySQL is back up! (Took 0.03s)
[2026-04-04 23:59:16,814:MySQL_Database.py#L32:INFO]: Closed old MySQL connection.
[2026-04-04 23:59:16,870:MySQL_Database.py#L267:INFO]: Executing transpiled workload olap_workloads/ssb_114.wg (2 queries)...
[2026-04-04 23:59:16,878:MySQL_Database.py#L303:ERROR]: Error executing workload: 1146 (42S02): Table 'ssb.date_dim' doesn't exist
[2026-04-04 23:59:16,879:run_diverse_configs.py#L206:INFO]: Performance for config 10: inf
[2026-04-04 23:59:16,879:run_diverse_configs.py#L129:INFO]: Running 10 configs for ssb_188
[2026-04-04 23:59:16,879:run_diverse_configs.py#L137:INFO]: Running config 1/10 for ssb_188
[2026-04-04 23:59:16,880:MySQL_Database.py#L242:INFO]: Transpiling workload from PostgreSQL to MySQL syntax...
[2026-04-04 23:59:16,967:MySQL_Database.py#L79:INFO]: MySQL knobs persisted to mysqld-auto.cnf. Restarting to apply...
[2026-04-04 23:59:16,967:MySQL_Database.py#L189:INFO]: Restarting MySQL service...
[2026-04-04 23:59:22,000:MySQL_Database.py#L199:INFO]: Waiting for MySQL to become available...
[2026-04-04 23:59:22,059:MySQL_Database.py#L217:INFO]: MySQL is back up! (Took 0.06s)
[2026-04-04 23:59:22,060:MySQL_Database.py#L32:INFO]: Closed old MySQL connection.
[2026-04-04 23:59:22,173:MySQL_Database.py#L267:INFO]: Executing transpiled workload olap_workloads/ssb_188.wg (2 queries)...
[2026-04-04 23:59:30,823:MySQL_Database.py#L294:INFO]: Workload olap_workloads/ssb_188.wg executed successfully.
[2026-04-04 23:59:30,823:run_diverse_configs.py#L206:INFO]: Performance for config 1: 4.324796773995331
[2026-04-04 23:59:30,823:run_diverse_configs.py#L137:INFO]: Running config 2/10 for ssb_188
[2026-04-04 23:59:30,824:MySQL_Database.py#L242:INFO]: Transpiling workload from PostgreSQL to MySQL syntax...
[2026-04-04 23:59:30,910:MySQL_Database.py#L79:INFO]: MySQL knobs persisted to mysqld-auto.cnf. Restarting to apply...
[2026-04-04 23:59:30,910:MySQL_Database.py#L189:INFO]: Restarting MySQL service...
[2026-04-04 23:59:36,445:MySQL_Database.py#L199:INFO]: Waiting for MySQL to become available...
[2026-04-04 23:59:36,478:MySQL_Database.py#L217:INFO]: MySQL is back up! (Took 0.03s)
[2026-04-04 23:59:36,478:MySQL_Database.py#L32:INFO]: Closed old MySQL connection.
[2026-04-04 23:59:36,534:MySQL_Database.py#L267:INFO]: Executing transpiled workload olap_workloads/ssb_188.wg (2 queries)...
[2026-04-04 23:59:43,412:MySQL_Database.py#L294:INFO]: Workload olap_workloads/ssb_188.wg executed successfully.
[2026-04-04 23:59:43,412:run_diverse_configs.py#L206:INFO]: Performance for config 2: 3.438585398995201
[2026-04-04 23:59:43,412:run_diverse_configs.py#L137:INFO]: Running config 3/10 for ssb_188
[2026-04-04 23:59:43,412:MySQL_Database.py#L242:INFO]: Transpiling workload from PostgreSQL to MySQL syntax...
[2026-04-04 23:59:43,496:MySQL_Database.py#L79:INFO]: MySQL knobs persisted to mysqld-auto.cnf. Restarting to apply...
[2026-04-04 23:59:43,496:MySQL_Database.py#L189:INFO]: Restarting MySQL service...
[2026-04-04 23:59:49,079:MySQL_Database.py#L199:INFO]: Waiting for MySQL to become available...
[2026-04-04 23:59:49,119:MySQL_Database.py#L217:INFO]: MySQL is back up! (Took 0.04s)
[2026-04-04 23:59:49,119:MySQL_Database.py#L32:INFO]: Closed old MySQL connection.
[2026-04-04 23:59:49,178:MySQL_Database.py#L267:INFO]: Executing transpiled workload olap_workloads/ssb_188.wg (2 queries)...
[2026-04-04 23:59:55,369:MySQL_Database.py#L294:INFO]: Workload olap_workloads/ssb_188.wg executed successfully.
[2026-04-04 23:59:55,369:run_diverse_configs.py#L206:INFO]: Performance for config 3: 3.0954660909992526
[2026-04-04 23:59:55,370:run_diverse_configs.py#L137:INFO]: Running config 4/10 for ssb_188
[2026-04-04 23:59:55,370:MySQL_Database.py#L242:INFO]: Transpiling workload from PostgreSQL to MySQL syntax...
[2026-04-04 23:59:55,458:MySQL_Database.py#L79:INFO]: MySQL knobs persisted to mysqld-auto.cnf. Restarting to apply...
[2026-04-04 23:59:55,459:MySQL_Database.py#L189:INFO]: Restarting MySQL service...
[2026-04-05 00:00:00,240:MySQL_Database.py#L199:INFO]: Waiting for MySQL to become available...
[2026-04-05 00:00:00,298:MySQL_Database.py#L217:INFO]: MySQL is back up! (Took 0.06s)
[2026-04-05 00:00:00,299:MySQL_Database.py#L32:INFO]: Closed old MySQL connection.
[2026-04-05 00:00:00,362:MySQL_Database.py#L267:INFO]: Executing transpiled workload olap_workloads/ssb_188.wg (2 queries)...
[2026-04-05 00:00:07,377:MySQL_Database.py#L294:INFO]: Workload olap_workloads/ssb_188.wg executed successfully.
[2026-04-05 00:00:07,377:run_diverse_configs.py#L206:INFO]: Performance for config 4: 3.507456082996214
[2026-04-05 00:00:07,377:run_diverse_configs.py#L137:INFO]: Running config 5/10 for ssb_188
[2026-04-05 00:00:07,378:MySQL_Database.py#L242:INFO]: Transpiling workload from PostgreSQL to MySQL syntax...
[2026-04-05 00:00:07,491:MySQL_Database.py#L79:INFO]: MySQL knobs persisted to mysqld-auto.cnf. Restarting to apply...
[2026-04-05 00:00:07,491:MySQL_Database.py#L189:INFO]: Restarting MySQL service...
[2026-04-05 00:00:12,064:MySQL_Database.py#L199:INFO]: Waiting for MySQL to become available...
[2026-04-05 00:00:12,096:MySQL_Database.py#L217:INFO]: MySQL is back up! (Took 0.03s)
[2026-04-05 00:00:12,096:MySQL_Database.py#L32:INFO]: Closed old MySQL connection.
[2026-04-05 00:00:12,201:MySQL_Database.py#L267:INFO]: Executing transpiled workload olap_workloads/ssb_188.wg (2 queries)...
[2026-04-05 00:00:20,649:MySQL_Database.py#L294:INFO]: Workload olap_workloads/ssb_188.wg executed successfully.
[2026-04-05 00:00:20,650:run_diverse_configs.py#L206:INFO]: Performance for config 5: 4.223864590501762
[2026-04-05 00:00:20,650:run_diverse_configs.py#L137:INFO]: Running config 6/10 for ssb_188
[2026-04-05 00:00:20,650:MySQL_Database.py#L242:INFO]: Transpiling workload from PostgreSQL to MySQL syntax...
[2026-04-05 00:00:20,755:MySQL_Database.py#L79:INFO]: MySQL knobs persisted to mysqld-auto.cnf. Restarting to apply...
[2026-04-05 00:00:20,755:MySQL_Database.py#L189:INFO]: Restarting MySQL service...
[2026-04-05 00:00:25,383:MySQL_Database.py#L199:INFO]: Waiting for MySQL to become available...
[2026-04-05 00:00:25,466:MySQL_Database.py#L217:INFO]: MySQL is back up! (Took 0.08s)
[2026-04-05 00:00:25,466:MySQL_Database.py#L32:INFO]: Closed old MySQL connection.
[2026-04-05 00:00:25,527:MySQL_Database.py#L267:INFO]: Executing transpiled workload olap_workloads/ssb_188.wg (2 queries)...
[2026-04-05 00:00:33,283:MySQL_Database.py#L294:INFO]: Workload olap_workloads/ssb_188.wg executed successfully.
[2026-04-05 00:00:33,283:run_diverse_configs.py#L206:INFO]: Performance for config 6: 3.878057349502342
[2026-04-05 00:00:33,283:run_diverse_configs.py#L137:INFO]: Running config 7/10 for ssb_188
[2026-04-05 00:00:33,284:MySQL_Database.py#L242:INFO]: Transpiling workload from PostgreSQL to MySQL syntax...
[2026-04-05 00:00:36,297:MySQL_Database.py#L79:INFO]: MySQL knobs persisted to mysqld-auto.cnf. Restarting to apply...
[2026-04-05 00:00:36,297:MySQL_Database.py#L189:INFO]: Restarting MySQL service...
[2026-04-05 00:00:56,645:MySQL_Database.py#L199:INFO]: Waiting for MySQL to become available...
[2026-04-05 00:00:56,678:MySQL_Database.py#L217:INFO]: MySQL is back up! (Took 0.03s)
[2026-04-05 00:00:56,678:MySQL_Database.py#L32:INFO]: Closed old MySQL connection.
[2026-04-05 00:00:56,736:MySQL_Database.py#L267:INFO]: Executing transpiled workload olap_workloads/ssb_188.wg (2 queries)...
[2026-04-05 00:01:04,721:MySQL_Database.py#L294:INFO]: Workload olap_workloads/ssb_188.wg executed successfully.
[2026-04-05 00:01:04,721:run_diverse_configs.py#L206:INFO]: Performance for config 7: 3.9927189650043147
[2026-04-05 00:01:04,722:run_diverse_configs.py#L137:INFO]: Running config 8/10 for ssb_188
[2026-04-05 00:01:04,722:MySQL_Database.py#L242:INFO]: Transpiling workload from PostgreSQL to MySQL syntax...
[2026-04-05 00:01:07,271:MySQL_Database.py#L79:INFO]: MySQL knobs persisted to mysqld-auto.cnf. Restarting to apply...
[2026-04-05 00:01:07,271:MySQL_Database.py#L189:INFO]: Restarting MySQL service...
[2026-04-05 00:01:13,401:MySQL_Database.py#L199:INFO]: Waiting for MySQL to become available...
[2026-04-05 00:01:13,434:MySQL_Database.py#L217:INFO]: MySQL is back up! (Took 0.03s)
[2026-04-05 00:01:13,434:MySQL_Database.py#L32:INFO]: Closed old MySQL connection.
[2026-04-05 00:01:13,494:MySQL_Database.py#L267:INFO]: Executing transpiled workload olap_workloads/ssb_188.wg (2 queries)...
[2026-04-05 00:01:21,430:MySQL_Database.py#L294:INFO]: Workload olap_workloads/ssb_188.wg executed successfully.
[2026-04-05 00:01:21,430:run_diverse_configs.py#L206:INFO]: Performance for config 8: 3.967598764000286
[2026-04-05 00:01:21,430:run_diverse_configs.py#L137:INFO]: Running config 9/10 for ssb_188
[2026-04-05 00:01:21,430:MySQL_Database.py#L242:INFO]: Transpiling workload from PostgreSQL to MySQL syntax...
[2026-04-05 00:01:24,393:MySQL_Database.py#L79:INFO]: MySQL knobs persisted to mysqld-auto.cnf. Restarting to apply...
[2026-04-05 00:01:24,394:MySQL_Database.py#L189:INFO]: Restarting MySQL service...
[2026-04-05 00:01:42,469:MySQL_Database.py#L199:INFO]: Waiting for MySQL to become available...
[2026-04-05 00:01:42,500:MySQL_Database.py#L217:INFO]: MySQL is back up! (Took 0.03s)
[2026-04-05 00:01:42,501:MySQL_Database.py#L32:INFO]: Closed old MySQL connection.
[2026-04-05 00:01:42,581:MySQL_Database.py#L267:INFO]: Executing transpiled workload olap_workloads/ssb_188.wg (2 queries)...
[2026-04-05 00:02:07,840:MySQL_Database.py#L294:INFO]: Workload olap_workloads/ssb_188.wg executed successfully.
[2026-04-05 00:02:07,840:run_diverse_configs.py#L206:INFO]: Performance for config 9: 12.629094762502064
[2026-04-05 00:02:07,840:run_diverse_configs.py#L137:INFO]: Running config 10/10 for ssb_188
[2026-04-05 00:02:07,840:MySQL_Database.py#L242:INFO]: Transpiling workload from PostgreSQL to MySQL syntax...
[2026-04-05 00:02:08,228:MySQL_Database.py#L79:INFO]: MySQL knobs persisted to mysqld-auto.cnf. Restarting to apply...
[2026-04-05 00:02:08,228:MySQL_Database.py#L189:INFO]: Restarting MySQL service...
[2026-04-05 00:02:32,738:MySQL_Database.py#L199:INFO]: Waiting for MySQL to become available...
[2026-04-05 00:02:32,770:MySQL_Database.py#L217:INFO]: MySQL is back up! (Took 0.03s)
[2026-04-05 00:02:32,770:MySQL_Database.py#L32:INFO]: Closed old MySQL connection.
[2026-04-05 00:02:32,870:MySQL_Database.py#L267:INFO]: Executing transpiled workload olap_workloads/ssb_188.wg (2 queries)...
[2026-04-05 00:02:54,629:MySQL_Database.py#L294:INFO]: Workload olap_workloads/ssb_188.wg executed successfully.
[2026-04-05 00:02:54,629:run_diverse_configs.py#L206:INFO]: Performance for config 10: 10.879383500003314
[2026-04-05 00:02:54,629:run_diverse_configs.py#L129:INFO]: Running 10 configs for ssb_223
[2026-04-05 00:02:54,630:run_diverse_configs.py#L137:INFO]: Running config 1/10 for ssb_223
[2026-04-05 00:02:54,640:MySQL_Database.py#L242:INFO]: Transpiling workload from PostgreSQL to MySQL syntax...
[2026-04-05 00:02:57,361:MySQL_Database.py#L79:INFO]: MySQL knobs persisted to mysqld-auto.cnf. Restarting to apply...
[2026-04-05 00:02:57,362:MySQL_Database.py#L189:INFO]: Restarting MySQL service...
[2026-04-05 00:03:05,757:MySQL_Database.py#L199:INFO]: Waiting for MySQL to become available...
[2026-04-05 00:03:05,789:MySQL_Database.py#L217:INFO]: MySQL is back up! (Took 0.03s)
[2026-04-05 00:03:05,790:MySQL_Database.py#L32:INFO]: Closed old MySQL connection.
[2026-04-05 00:03:05,847:MySQL_Database.py#L267:INFO]: Executing transpiled workload olap_workloads/ssb_223.wg (2 queries)...
[2026-04-05 00:03:05,863:MySQL_Database.py#L303:ERROR]: Error executing workload: 1146 (42S02): Table 'ssb.date_dim' doesn't exist
[2026-04-05 00:03:05,864:run_diverse_configs.py#L206:INFO]: Performance for config 1: inf
[2026-04-05 00:03:05,864:run_diverse_configs.py#L137:INFO]: Running config 2/10 for ssb_223
[2026-04-05 00:03:05,865:MySQL_Database.py#L242:INFO]: Transpiling workload from PostgreSQL to MySQL syntax...
[2026-04-05 00:03:06,283:MySQL_Database.py#L79:INFO]: MySQL knobs persisted to mysqld-auto.cnf. Restarting to apply...
[2026-04-05 00:03:06,283:MySQL_Database.py#L189:INFO]: Restarting MySQL service...
[2026-04-05 00:03:23,313:MySQL_Database.py#L199:INFO]: Waiting for MySQL to become available...
[2026-04-05 00:03:23,365:MySQL_Database.py#L217:INFO]: MySQL is back up! (Took 0.05s)
[2026-04-05 00:03:23,366:MySQL_Database.py#L32:INFO]: Closed old MySQL connection.
[2026-04-05 00:03:23,424:MySQL_Database.py#L267:INFO]: Executing transpiled workload olap_workloads/ssb_223.wg (2 queries)...
[2026-04-05 00:03:23,432:MySQL_Database.py#L303:ERROR]: Error executing workload: 1146 (42S02): Table 'ssb.date_dim' doesn't exist
[2026-04-05 00:03:23,433:run_diverse_configs.py#L206:INFO]: Performance for config 2: inf
[2026-04-05 00:03:23,433:run_diverse_configs.py#L137:INFO]: Running config 3/10 for ssb_223
[2026-04-05 00:03:23,433:MySQL_Database.py#L242:INFO]: Transpiling workload from PostgreSQL to MySQL syntax...
[2026-04-05 00:03:23,780:MySQL_Database.py#L79:INFO]: MySQL knobs persisted to mysqld-auto.cnf. Restarting to apply...
[2026-04-05 00:03:23,781:MySQL_Database.py#L189:INFO]: Restarting MySQL service...
[2026-04-05 00:03:29,111:MySQL_Database.py#L199:INFO]: Waiting for MySQL to become available...
[2026-04-05 00:03:29,171:MySQL_Database.py#L217:INFO]: MySQL is back up! (Took 0.06s)
[2026-04-05 00:03:29,171:MySQL_Database.py#L32:INFO]: Closed old MySQL connection.
[2026-04-05 00:03:29,241:MySQL_Database.py#L267:INFO]: Executing transpiled workload olap_workloads/ssb_223.wg (2 queries)...
[2026-04-05 00:03:29,250:MySQL_Database.py#L303:ERROR]: Error executing workload: 1146 (42S02): Table 'ssb.date_dim' doesn't exist
[2026-04-05 00:03:29,250:run_diverse_configs.py#L206:INFO]: Performance for config 3: inf
[2026-04-05 00:03:29,250:run_diverse_configs.py#L137:INFO]: Running config 4/10 for ssb_223
[2026-04-05 00:03:29,251:MySQL_Database.py#L242:INFO]: Transpiling workload from PostgreSQL to MySQL syntax...
[2026-04-05 00:03:29,726:MySQL_Database.py#L79:INFO]: MySQL knobs persisted to mysqld-auto.cnf. Restarting to apply...
[2026-04-05 00:03:29,726:MySQL_Database.py#L189:INFO]: Restarting MySQL service...
[2026-04-05 00:03:56,936:MySQL_Database.py#L199:INFO]: Waiting for MySQL to become available...
[2026-04-05 00:03:56,968:MySQL_Database.py#L217:INFO]: MySQL is back up! (Took 0.03s)
[2026-04-05 00:03:56,968:MySQL_Database.py#L32:INFO]: Closed old MySQL connection.
[2026-04-05 00:03:57,025:MySQL_Database.py#L267:INFO]: Executing transpiled workload olap_workloads/ssb_223.wg (2 queries)...
[2026-04-05 00:03:57,286:MySQL_Database.py#L303:ERROR]: Error executing workload: 1146 (42S02): Table 'ssb.date_dim' doesn't exist
[2026-04-05 00:03:57,286:run_diverse_configs.py#L206:INFO]: Performance for config 4: inf
[2026-04-05 00:03:57,287:run_diverse_configs.py#L137:INFO]: Running config 5/10 for ssb_223
[2026-04-05 00:03:57,288:MySQL_Database.py#L242:INFO]: Transpiling workload from PostgreSQL to MySQL syntax...
[2026-04-05 00:04:04,994:MySQL_Database.py#L79:INFO]: MySQL knobs persisted to mysqld-auto.cnf. Restarting to apply...
[2026-04-05 00:04:04,994:MySQL_Database.py#L189:INFO]: Restarting MySQL service...
[2026-04-05 00:04:12,336:MySQL_Database.py#L199:INFO]: Waiting for MySQL to become available...
[2026-04-05 00:04:12,367:MySQL_Database.py#L217:INFO]: MySQL is back up! (Took 0.03s)
[2026-04-05 00:04:12,368:MySQL_Database.py#L32:INFO]: Closed old MySQL connection.
[2026-04-05 00:04:12,426:MySQL_Database.py#L267:INFO]: Executing transpiled workload olap_workloads/ssb_223.wg (2 queries)...
[2026-04-05 00:04:12,436:MySQL_Database.py#L303:ERROR]: Error executing workload: 1146 (42S02): Table 'ssb.date_dim' doesn't exist
[2026-04-05 00:04:12,436:run_diverse_configs.py#L206:INFO]: Performance for config 5: inf
[2026-04-05 00:04:12,436:run_diverse_configs.py#L137:INFO]: Running config 6/10 for ssb_223
[2026-04-05 00:04:12,437:MySQL_Database.py#L242:INFO]: Transpiling workload from PostgreSQL to MySQL syntax...
[2026-04-05 00:04:19,480:MySQL_Database.py#L79:INFO]: MySQL knobs persisted to mysqld-auto.cnf. Restarting to apply...
[2026-04-05 00:04:19,480:MySQL_Database.py#L189:INFO]: Restarting MySQL service...
[2026-04-05 00:04:40,984:MySQL_Database.py#L199:INFO]: Waiting for MySQL to become available...
[2026-04-05 00:04:41,020:MySQL_Database.py#L217:INFO]: MySQL is back up! (Took 0.04s)
[2026-04-05 00:04:41,021:MySQL_Database.py#L32:INFO]: Closed old MySQL connection.
[2026-04-05 00:04:41,078:MySQL_Database.py#L267:INFO]: Executing transpiled workload olap_workloads/ssb_223.wg (2 queries)...
[2026-04-05 00:04:41,086:MySQL_Database.py#L303:ERROR]: Error executing workload: 1146 (42S02): Table 'ssb.date_dim' doesn't exist
[2026-04-05 00:04:41,086:run_diverse_configs.py#L206:INFO]: Performance for config 6: inf
[2026-04-05 00:04:41,087:run_diverse_configs.py#L137:INFO]: Running config 7/10 for ssb_223
[2026-04-05 00:04:41,087:MySQL_Database.py#L242:INFO]: Transpiling workload from PostgreSQL to MySQL syntax...
[2026-04-05 00:04:41,643:MySQL_Database.py#L79:INFO]: MySQL knobs persisted to mysqld-auto.cnf. Restarting to apply...
[2026-04-05 00:04:41,643:MySQL_Database.py#L189:INFO]: Restarting MySQL service...
[2026-04-05 00:04:48,526:MySQL_Database.py#L199:INFO]: Waiting for MySQL to become available...
[2026-04-05 00:04:48,559:MySQL_Database.py#L217:INFO]: MySQL is back up! (Took 0.03s)
[2026-04-05 00:04:48,560:MySQL_Database.py#L32:INFO]: Closed old MySQL connection.
[2026-04-05 00:04:48,621:MySQL_Database.py#L267:INFO]: Executing transpiled workload olap_workloads/ssb_223.wg (2 queries)...
[2026-04-05 00:04:48,629:MySQL_Database.py#L303:ERROR]: Error executing workload: 1146 (42S02): Table 'ssb.date_dim' doesn't exist
[2026-04-05 00:04:48,629:run_diverse_configs.py#L206:INFO]: Performance for config 7: inf
[2026-04-05 00:04:48,630:run_diverse_configs.py#L137:INFO]: Running config 8/10 for ssb_223
[2026-04-05 00:04:48,630:MySQL_Database.py#L242:INFO]: Transpiling workload from PostgreSQL to MySQL syntax...
[2026-04-05 00:04:49,150:MySQL_Database.py#L79:INFO]: MySQL knobs persisted to mysqld-auto.cnf. Restarting to apply...
[2026-04-05 00:04:49,151:MySQL_Database.py#L189:INFO]: Restarting MySQL service...
[2026-04-05 00:05:14,361:MySQL_Database.py#L199:INFO]: Waiting for MySQL to become available...
[2026-04-05 00:05:14,396:MySQL_Database.py#L217:INFO]: MySQL is back up! (Took 0.04s)
[2026-04-05 00:05:14,397:MySQL_Database.py#L32:INFO]: Closed old MySQL connection.
[2026-04-05 00:05:14,453:MySQL_Database.py#L267:INFO]: Executing transpiled workload olap_workloads/ssb_223.wg (2 queries)...
[2026-04-05 00:05:14,461:MySQL_Database.py#L303:ERROR]: Error executing workload: 1146 (42S02): Table 'ssb.date_dim' doesn't exist
[2026-04-05 00:05:14,461:run_diverse_configs.py#L206:INFO]: Performance for config 8: inf
[2026-04-05 00:05:14,461:run_diverse_configs.py#L137:INFO]: Running config 9/10 for ssb_223
[2026-04-05 00:05:14,462:MySQL_Database.py#L242:INFO]: Transpiling workload from PostgreSQL to MySQL syntax...
[2026-04-05 00:05:21,199:MySQL_Database.py#L79:INFO]: MySQL knobs persisted to mysqld-auto.cnf. Restarting to apply...
[2026-04-05 00:05:21,199:MySQL_Database.py#L189:INFO]: Restarting MySQL service...
[2026-04-05 00:05:55,140:MySQL_Database.py#L199:INFO]: Waiting for MySQL to become available...
[2026-04-05 00:05:55,171:MySQL_Database.py#L217:INFO]: MySQL is back up! (Took 0.03s)
[2026-04-05 00:05:55,182:MySQL_Database.py#L32:INFO]: Closed old MySQL connection.
[2026-04-05 00:05:55,295:MySQL_Database.py#L267:INFO]: Executing transpiled workload olap_workloads/ssb_223.wg (2 queries)...
[2026-04-05 00:05:55,303:MySQL_Database.py#L303:ERROR]: Error executing workload: 1146 (42S02): Table 'ssb.date_dim' doesn't exist
[2026-04-05 00:05:55,303:run_diverse_configs.py#L206:INFO]: Performance for config 9: inf
[2026-04-05 00:05:55,303:run_diverse_configs.py#L137:INFO]: Running config 10/10 for ssb_223
[2026-04-05 00:05:55,304:MySQL_Database.py#L242:INFO]: Transpiling workload from PostgreSQL to MySQL syntax...
[2026-04-05 00:05:58,972:MySQL_Database.py#L79:INFO]: MySQL knobs persisted to mysqld-auto.cnf. Restarting to apply...
[2026-04-05 00:05:58,973:MySQL_Database.py#L189:INFO]: Restarting MySQL service...
[2026-04-05 00:06:45,965:MySQL_Database.py#L199:INFO]: Waiting for MySQL to become available...
[2026-04-05 00:06:46,026:MySQL_Database.py#L217:INFO]: MySQL is back up! (Took 0.06s)
[2026-04-05 00:06:46,027:MySQL_Database.py#L32:INFO]: Closed old MySQL connection.
[2026-04-05 00:06:46,143:MySQL_Database.py#L267:INFO]: Executing transpiled workload olap_workloads/ssb_223.wg (2 queries)...
[2026-04-05 00:06:46,152:MySQL_Database.py#L303:ERROR]: Error executing workload: 1146 (42S02): Table 'ssb.date_dim' doesn't exist
[2026-04-05 00:06:46,152:run_diverse_configs.py#L206:INFO]: Performance for config 10: inf
[2026-04-05 00:06:46,152:run_diverse_configs.py#L129:INFO]: Running 10 configs for ssb_65
[2026-04-05 00:06:46,152:run_diverse_configs.py#L137:INFO]: Running config 1/10 for ssb_65
[2026-04-05 00:06:46,153:MySQL_Database.py#L242:INFO]: Transpiling workload from PostgreSQL to MySQL syntax...
[2026-04-05 00:06:46,537:MySQL_Database.py#L79:INFO]: MySQL knobs persisted to mysqld-auto.cnf. Restarting to apply...
[2026-04-05 00:06:46,537:MySQL_Database.py#L189:INFO]: Restarting MySQL service...
[2026-04-05 00:07:32,240:MySQL_Database.py#L199:INFO]: Waiting for MySQL to become available...
[2026-04-05 00:07:32,271:MySQL_Database.py#L217:INFO]: MySQL is back up! (Took 0.03s)
[2026-04-05 00:07:32,271:MySQL_Database.py#L32:INFO]: Closed old MySQL connection.
[2026-04-05 00:07:32,385:MySQL_Database.py#L267:INFO]: Executing transpiled workload olap_workloads/ssb_65.wg (2 queries)...
[2026-04-05 00:07:32,393:MySQL_Database.py#L303:ERROR]: Error executing workload: 1146 (42S02): Table 'ssb.date_dim' doesn't exist
[2026-04-05 00:07:32,393:run_diverse_configs.py#L206:INFO]: Performance for config 1: inf
[2026-04-05 00:07:32,393:run_diverse_configs.py#L137:INFO]: Running config 2/10 for ssb_65
[2026-04-05 00:07:32,394:MySQL_Database.py#L242:INFO]: Transpiling workload from PostgreSQL to MySQL syntax...
[2026-04-05 00:07:34,724:MySQL_Database.py#L79:INFO]: MySQL knobs persisted to mysqld-auto.cnf. Restarting to apply...
[2026-04-05 00:07:34,724:MySQL_Database.py#L189:INFO]: Restarting MySQL service...
[2026-04-05 00:08:06,052:MySQL_Database.py#L199:INFO]: Waiting for MySQL to become available...
[2026-04-05 00:08:06,082:MySQL_Database.py#L217:INFO]: MySQL is back up! (Took 0.03s)
[2026-04-05 00:08:06,082:MySQL_Database.py#L32:INFO]: Closed old MySQL connection.
[2026-04-05 00:08:06,138:MySQL_Database.py#L267:INFO]: Executing transpiled workload olap_workloads/ssb_65.wg (2 queries)...
[2026-04-05 00:08:06,146:MySQL_Database.py#L303:ERROR]: Error executing workload: 1146 (42S02): Table 'ssb.date_dim' doesn't exist
[2026-04-05 00:08:06,146:run_diverse_configs.py#L206:INFO]: Performance for config 2: inf
[2026-04-05 00:08:06,147:run_diverse_configs.py#L137:INFO]: Running config 3/10 for ssb_65
[2026-04-05 00:08:06,147:MySQL_Database.py#L242:INFO]: Transpiling workload from PostgreSQL to MySQL syntax...
[2026-04-05 00:08:15,682:MySQL_Database.py#L79:INFO]: MySQL knobs persisted to mysqld-auto.cnf. Restarting to apply...
[2026-04-05 00:08:15,682:MySQL_Database.py#L189:INFO]: Restarting MySQL service...
[2026-04-05 00:08:29,604:MySQL_Database.py#L199:INFO]: Waiting for MySQL to become available...
[2026-04-05 00:08:29,661:MySQL_Database.py#L217:INFO]: MySQL is back up! (Took 0.06s)
[2026-04-05 00:08:29,661:MySQL_Database.py#L32:INFO]: Closed old MySQL connection.
[2026-04-05 00:08:29,722:MySQL_Database.py#L267:INFO]: Executing transpiled workload olap_workloads/ssb_65.wg (2 queries)...
[2026-04-05 00:08:29,730:MySQL_Database.py#L303:ERROR]: Error executing workload: 1146 (42S02): Table 'ssb.date_dim' doesn't exist
[2026-04-05 00:08:29,730:run_diverse_configs.py#L206:INFO]: Performance for config 3: inf
[2026-04-05 00:08:29,730:run_diverse_configs.py#L137:INFO]: Running config 4/10 for ssb_65
[2026-04-05 00:08:29,731:MySQL_Database.py#L242:INFO]: Transpiling workload from PostgreSQL to MySQL syntax...
[2026-04-05 00:08:30,325:MySQL_Database.py#L79:INFO]: MySQL knobs persisted to mysqld-auto.cnf. Restarting to apply...
[2026-04-05 00:08:30,326:MySQL_Database.py#L189:INFO]: Restarting MySQL service...
[2026-04-05 00:09:01,469:MySQL_Database.py#L199:INFO]: Waiting for MySQL to become available...
[2026-04-05 00:09:01,514:MySQL_Database.py#L217:INFO]: MySQL is back up! (Took 0.04s)
[2026-04-05 00:09:01,514:MySQL_Database.py#L32:INFO]: Closed old MySQL connection.
[2026-04-05 00:09:01,626:MySQL_Database.py#L267:INFO]: Executing transpiled workload olap_workloads/ssb_65.wg (2 queries)...
[2026-04-05 00:09:01,635:MySQL_Database.py#L303:ERROR]: Error executing workload: 1146 (42S02): Table 'ssb.date_dim' doesn't exist
[2026-04-05 00:09:01,636:run_diverse_configs.py#L206:INFO]: Performance for config 4: inf
[2026-04-05 00:09:01,636:run_diverse_configs.py#L137:INFO]: Running config 5/10 for ssb_65
[2026-04-05 00:09:01,637:MySQL_Database.py#L242:INFO]: Transpiling workload from PostgreSQL to MySQL syntax...
[2026-04-05 00:09:02,032:MySQL_Database.py#L79:INFO]: MySQL knobs persisted to mysqld-auto.cnf. Restarting to apply...
[2026-04-05 00:09:02,033:MySQL_Database.py#L189:INFO]: Restarting MySQL service...
[2026-04-05 00:09:08,468:MySQL_Database.py#L199:INFO]: Waiting for MySQL to become available...
[2026-04-05 00:09:08,500:MySQL_Database.py#L217:INFO]: MySQL is back up! (Took 0.03s)
[2026-04-05 00:09:08,500:MySQL_Database.py#L32:INFO]: Closed old MySQL connection.
[2026-04-05 00:09:08,558:MySQL_Database.py#L267:INFO]: Executing transpiled workload olap_workloads/ssb_65.wg (2 queries)...
[2026-04-05 00:09:08,569:MySQL_Database.py#L303:ERROR]: Error executing workload: 1146 (42S02): Table 'ssb.date_dim' doesn't exist
[2026-04-05 00:09:08,570:run_diverse_configs.py#L206:INFO]: Performance for config 5: inf
[2026-04-05 00:09:08,570:run_diverse_configs.py#L137:INFO]: Running config 6/10 for ssb_65
[2026-04-05 00:09:08,571:MySQL_Database.py#L242:INFO]: Transpiling workload from PostgreSQL to MySQL syntax...
[2026-04-05 00:09:09,109:MySQL_Database.py#L79:INFO]: MySQL knobs persisted to mysqld-auto.cnf. Restarting to apply...
[2026-04-05 00:09:09,109:MySQL_Database.py#L189:INFO]: Restarting MySQL service...
[2026-04-05 00:09:55,602:MySQL_Database.py#L199:INFO]: Waiting for MySQL to become available...
[2026-04-05 00:09:55,667:MySQL_Database.py#L217:INFO]: MySQL is back up! (Took 0.06s)
[2026-04-05 00:09:55,667:MySQL_Database.py#L32:INFO]: Closed old MySQL connection.
[2026-04-05 00:09:55,748:MySQL_Database.py#L267:INFO]: Executing transpiled workload olap_workloads/ssb_65.wg (2 queries)...
[2026-04-05 00:09:55,756:MySQL_Database.py#L303:ERROR]: Error executing workload: 1146 (42S02): Table 'ssb.date_dim' doesn't exist
[2026-04-05 00:09:55,756:run_diverse_configs.py#L206:INFO]: Performance for config 6: inf
[2026-04-05 00:09:55,757:run_diverse_configs.py#L137:INFO]: Running config 7/10 for ssb_65
[2026-04-05 00:09:55,757:MySQL_Database.py#L242:INFO]: Transpiling workload from PostgreSQL to MySQL syntax...
[2026-04-05 00:10:06,494:MySQL_Database.py#L79:INFO]: MySQL knobs persisted to mysqld-auto.cnf. Restarting to apply...
[2026-04-05 00:10:06,495:MySQL_Database.py#L189:INFO]: Restarting MySQL service...
[2026-04-05 00:10:51,890:MySQL_Database.py#L199:INFO]: Waiting for MySQL to become available...
[2026-04-05 00:10:51,922:MySQL_Database.py#L217:INFO]: MySQL is back up! (Took 0.03s)
[2026-04-05 00:10:51,923:MySQL_Database.py#L32:INFO]: Closed old MySQL connection.
[2026-04-05 00:10:51,981:MySQL_Database.py#L267:INFO]: Executing transpiled workload olap_workloads/ssb_65.wg (2 queries)...
[2026-04-05 00:10:51,989:MySQL_Database.py#L303:ERROR]: Error executing workload: 1146 (42S02): Table 'ssb.date_dim' doesn't exist
[2026-04-05 00:10:51,989:run_diverse_configs.py#L206:INFO]: Performance for config 7: inf
[2026-04-05 00:10:51,989:run_diverse_configs.py#L137:INFO]: Running config 8/10 for ssb_65
[2026-04-05 00:10:51,990:MySQL_Database.py#L242:INFO]: Transpiling workload from PostgreSQL to MySQL syntax...
[2026-04-05 00:10:52,419:MySQL_Database.py#L79:INFO]: MySQL knobs persisted to mysqld-auto.cnf. Restarting to apply...
[2026-04-05 00:10:52,419:MySQL_Database.py#L189:INFO]: Restarting MySQL service...
[2026-04-05 00:11:20,238:MySQL_Database.py#L199:INFO]: Waiting for MySQL to become available...
[2026-04-05 00:11:20,296:MySQL_Database.py#L217:INFO]: MySQL is back up! (Took 0.06s)
[2026-04-05 00:11:20,296:MySQL_Database.py#L32:INFO]: Closed old MySQL connection.
[2026-04-05 00:11:20,410:MySQL_Database.py#L267:INFO]: Executing transpiled workload olap_workloads/ssb_65.wg (2 queries)...
[2026-04-05 00:11:20,418:MySQL_Database.py#L303:ERROR]: Error executing workload: 1146 (42S02): Table 'ssb.date_dim' doesn't exist
[2026-04-05 00:11:20,418:run_diverse_configs.py#L206:INFO]: Performance for config 8: inf
[2026-04-05 00:11:20,418:run_diverse_configs.py#L137:INFO]: Running config 9/10 for ssb_65
[2026-04-05 00:11:20,419:MySQL_Database.py#L242:INFO]: Transpiling workload from PostgreSQL to MySQL syntax...
[2026-04-05 00:11:29,817:MySQL_Database.py#L79:INFO]: MySQL knobs persisted to mysqld-auto.cnf. Restarting to apply...
[2026-04-05 00:11:29,817:MySQL_Database.py#L189:INFO]: Restarting MySQL service...
[2026-04-05 00:11:53,315:MySQL_Database.py#L199:INFO]: Waiting for MySQL to become available...
[2026-04-05 00:11:53,346:MySQL_Database.py#L217:INFO]: MySQL is back up! (Took 0.03s)
[2026-04-05 00:11:53,347:MySQL_Database.py#L32:INFO]: Closed old MySQL connection.
[2026-04-05 00:11:53,404:MySQL_Database.py#L267:INFO]: Executing transpiled workload olap_workloads/ssb_65.wg (2 queries)...
[2026-04-05 00:11:53,412:MySQL_Database.py#L303:ERROR]: Error executing workload: 1146 (42S02): Table 'ssb.date_dim' doesn't exist
[2026-04-05 00:11:53,412:run_diverse_configs.py#L206:INFO]: Performance for config 9: inf
[2026-04-05 00:11:53,413:run_diverse_configs.py#L137:INFO]: Running config 10/10 for ssb_65
[2026-04-05 00:11:53,413:MySQL_Database.py#L242:INFO]: Transpiling workload from PostgreSQL to MySQL syntax...
[2026-04-05 00:11:53,921:MySQL_Database.py#L79:INFO]: MySQL knobs persisted to mysqld-auto.cnf. Restarting to apply...
[2026-04-05 00:11:53,921:MySQL_Database.py#L189:INFO]: Restarting MySQL service...
[2026-04-05 00:12:32,695:MySQL_Database.py#L199:INFO]: Waiting for MySQL to become available...
[2026-04-05 00:12:32,725:MySQL_Database.py#L217:INFO]: MySQL is back up! (Took 0.03s)
[2026-04-05 00:12:32,725:MySQL_Database.py#L32:INFO]: Closed old MySQL connection.
[2026-04-05 00:12:32,781:MySQL_Database.py#L267:INFO]: Executing transpiled workload olap_workloads/ssb_65.wg (2 queries)...
[2026-04-05 00:12:32,789:MySQL_Database.py#L303:ERROR]: Error executing workload: 1146 (42S02): Table 'ssb.date_dim' doesn't exist
[2026-04-05 00:12:32,793:run_diverse_configs.py#L206:INFO]: Performance for config 10: inf
[2026-04-05 00:12:32,793:run_diverse_configs.py#L129:INFO]: Running 10 configs for ssb_190
[2026-04-05 00:12:32,793:run_diverse_configs.py#L137:INFO]: Running config 1/10 for ssb_190
[2026-04-05 00:12:32,822:MySQL_Database.py#L242:INFO]: Transpiling workload from PostgreSQL to MySQL syntax...
[2026-04-05 00:12:47,386:MySQL_Database.py#L79:INFO]: MySQL knobs persisted to mysqld-auto.cnf. Restarting to apply...
[2026-04-05 00:12:47,386:MySQL_Database.py#L189:INFO]: Restarting MySQL service...
[2026-04-05 00:13:20,431:MySQL_Database.py#L199:INFO]: Waiting for MySQL to become available...
[2026-04-05 00:13:20,487:MySQL_Database.py#L217:INFO]: MySQL is back up! (Took 0.06s)
[2026-04-05 00:13:20,488:MySQL_Database.py#L32:INFO]: Closed old MySQL connection.
[2026-04-05 00:13:20,591:MySQL_Database.py#L267:INFO]: Executing transpiled workload olap_workloads/ssb_190.wg (2 queries)...
[2026-04-05 00:13:20,695:MySQL_Database.py#L303:ERROR]: Error executing workload: 1146 (42S02): Table 'ssb.date_dim' doesn't exist
[2026-04-05 00:13:20,695:run_diverse_configs.py#L206:INFO]: Performance for config 1: inf
[2026-04-05 00:13:20,696:run_diverse_configs.py#L137:INFO]: Running config 2/10 for ssb_190
[2026-04-05 00:13:20,696:MySQL_Database.py#L242:INFO]: Transpiling workload from PostgreSQL to MySQL syntax...
[2026-04-05 00:13:33,584:MySQL_Database.py#L79:INFO]: MySQL knobs persisted to mysqld-auto.cnf. Restarting to apply...
[2026-04-05 00:13:33,584:MySQL_Database.py#L189:INFO]: Restarting MySQL service...
[2026-04-05 00:13:40,919:MySQL_Database.py#L199:INFO]: Waiting for MySQL to become available...
[2026-04-05 00:13:40,955:MySQL_Database.py#L217:INFO]: MySQL is back up! (Took 0.04s)
[2026-04-05 00:13:40,956:MySQL_Database.py#L32:INFO]: Closed old MySQL connection.
[2026-04-05 00:13:41,018:MySQL_Database.py#L267:INFO]: Executing transpiled workload olap_workloads/ssb_190.wg (2 queries)...
[2026-04-05 00:13:41,028:MySQL_Database.py#L303:ERROR]: Error executing workload: 1146 (42S02): Table 'ssb.date_dim' doesn't exist
[2026-04-05 00:13:41,028:run_diverse_configs.py#L206:INFO]: Performance for config 2: inf
[2026-04-05 00:13:41,028:run_diverse_configs.py#L137:INFO]: Running config 3/10 for ssb_190
[2026-04-05 00:13:41,029:MySQL_Database.py#L242:INFO]: Transpiling workload from PostgreSQL to MySQL syntax...
[2026-04-05 00:13:41,639:MySQL_Database.py#L79:INFO]: MySQL knobs persisted to mysqld-auto.cnf. Restarting to apply...
[2026-04-05 00:13:41,640:MySQL_Database.py#L189:INFO]: Restarting MySQL service...
[2026-04-05 00:14:40,422:MySQL_Database.py#L199:INFO]: Waiting for MySQL to become available...
[2026-04-05 00:14:40,458:MySQL_Database.py#L217:INFO]: MySQL is back up! (Took 0.04s)
[2026-04-05 00:14:40,541:MySQL_Database.py#L32:INFO]: Closed old MySQL connection.
[2026-04-05 00:14:40,638:MySQL_Database.py#L267:INFO]: Executing transpiled workload olap_workloads/ssb_190.wg (2 queries)...
[2026-04-05 00:14:40,709:MySQL_Database.py#L303:ERROR]: Error executing workload: 1146 (42S02): Table 'ssb.date_dim' doesn't exist
[2026-04-05 00:14:40,710:run_diverse_configs.py#L206:INFO]: Performance for config 3: inf
[2026-04-05 00:14:40,710:run_diverse_configs.py#L137:INFO]: Running config 4/10 for ssb_190
[2026-04-05 00:14:40,711:MySQL_Database.py#L242:INFO]: Transpiling workload from PostgreSQL to MySQL syntax...
[2026-04-05 00:14:47,534:MySQL_Database.py#L79:INFO]: MySQL knobs persisted to mysqld-auto.cnf. Restarting to apply...
[2026-04-05 00:14:47,534:MySQL_Database.py#L189:INFO]: Restarting MySQL service...
[2026-04-05 00:15:20,430:MySQL_Database.py#L199:INFO]: Waiting for MySQL to become available...
[2026-04-05 00:15:20,469:MySQL_Database.py#L217:INFO]: MySQL is back up! (Took 0.04s)
[2026-04-05 00:15:20,469:MySQL_Database.py#L32:INFO]: Closed old MySQL connection.
[2026-04-05 00:15:20,581:MySQL_Database.py#L267:INFO]: Executing transpiled workload olap_workloads/ssb_190.wg (2 queries)...
[2026-04-05 00:15:20,590:MySQL_Database.py#L303:ERROR]: Error executing workload: 1146 (42S02): Table 'ssb.date_dim' doesn't exist
[2026-04-05 00:15:20,590:run_diverse_configs.py#L206:INFO]: Performance for config 4: inf
[2026-04-05 00:15:20,590:run_diverse_configs.py#L137:INFO]: Running config 5/10 for ssb_190
[2026-04-05 00:15:20,591:MySQL_Database.py#L242:INFO]: Transpiling workload from PostgreSQL to MySQL syntax...
[2026-04-05 00:15:30,284:MySQL_Database.py#L79:INFO]: MySQL knobs persisted to mysqld-auto.cnf. Restarting to apply...
[2026-04-05 00:15:30,285:MySQL_Database.py#L189:INFO]: Restarting MySQL service...
[2026-04-05 00:16:16,377:MySQL_Database.py#L199:INFO]: Waiting for MySQL to become available...
[2026-04-05 00:16:16,408:MySQL_Database.py#L217:INFO]: MySQL is back up! (Took 0.03s)
[2026-04-05 00:16:16,408:MySQL_Database.py#L32:INFO]: Closed old MySQL connection.
[2026-04-05 00:16:16,464:MySQL_Database.py#L267:INFO]: Executing transpiled workload olap_workloads/ssb_190.wg (2 queries)...
[2026-04-05 00:16:16,519:MySQL_Database.py#L303:ERROR]: Error executing workload: 1146 (42S02): Table 'ssb.date_dim' doesn't exist
[2026-04-05 00:16:16,550:run_diverse_configs.py#L206:INFO]: Performance for config 5: inf
[2026-04-05 00:16:16,550:run_diverse_configs.py#L137:INFO]: Running config 6/10 for ssb_190
[2026-04-05 00:16:16,550:MySQL_Database.py#L242:INFO]: Transpiling workload from PostgreSQL to MySQL syntax...
[2026-04-05 00:16:33,468:MySQL_Database.py#L79:INFO]: MySQL knobs persisted to mysqld-auto.cnf. Restarting to apply...
[2026-04-05 00:16:33,468:MySQL_Database.py#L189:INFO]: Restarting MySQL service...
[2026-04-05 00:17:09,625:MySQL_Database.py#L199:INFO]: Waiting for MySQL to become available...
[2026-04-05 00:17:09,655:MySQL_Database.py#L217:INFO]: MySQL is back up! (Took 0.03s)
[2026-04-05 00:17:09,655:MySQL_Database.py#L32:INFO]: Closed old MySQL connection.
[2026-04-05 00:17:09,710:MySQL_Database.py#L267:INFO]: Executing transpiled workload olap_workloads/ssb_190.wg (2 queries)...
[2026-04-05 00:17:09,718:MySQL_Database.py#L303:ERROR]: Error executing workload: 1146 (42S02): Table 'ssb.date_dim' doesn't exist
[2026-04-05 00:17:09,718:run_diverse_configs.py#L206:INFO]: Performance for config 6: inf
[2026-04-05 00:17:09,719:run_diverse_configs.py#L137:INFO]: Running config 7/10 for ssb_190
[2026-04-05 00:17:09,719:MySQL_Database.py#L242:INFO]: Transpiling workload from PostgreSQL to MySQL syntax...
[2026-04-05 00:17:19,453:MySQL_Database.py#L79:INFO]: MySQL knobs persisted to mysqld-auto.cnf. Restarting to apply...
[2026-04-05 00:17:19,453:MySQL_Database.py#L189:INFO]: Restarting MySQL service...
[2026-04-05 00:17:50,394:MySQL_Database.py#L199:INFO]: Waiting for MySQL to become available...
[2026-04-05 00:17:50,425:MySQL_Database.py#L217:INFO]: MySQL is back up! (Took 0.03s)
[2026-04-05 00:17:50,425:MySQL_Database.py#L32:INFO]: Closed old MySQL connection.
[2026-04-05 00:17:50,482:MySQL_Database.py#L267:INFO]: Executing transpiled workload olap_workloads/ssb_190.wg (2 queries)...
[2026-04-05 00:17:50,490:MySQL_Database.py#L303:ERROR]: Error executing workload: 1146 (42S02): Table 'ssb.date_dim' doesn't exist
[2026-04-05 00:17:50,490:run_diverse_configs.py#L206:INFO]: Performance for config 7: inf
[2026-04-05 00:17:50,490:run_diverse_configs.py#L137:INFO]: Running config 8/10 for ssb_190
[2026-04-05 00:17:50,491:MySQL_Database.py#L242:INFO]: Transpiling workload from PostgreSQL to MySQL syntax...
[2026-04-05 00:18:00,693:MySQL_Database.py#L79:INFO]: MySQL knobs persisted to mysqld-auto.cnf. Restarting to apply...
[2026-04-05 00:18:00,693:MySQL_Database.py#L189:INFO]: Restarting MySQL service...
[2026-04-05 00:18:43,169:MySQL_Database.py#L199:INFO]: Waiting for MySQL to become available...
[2026-04-05 00:18:43,199:MySQL_Database.py#L217:INFO]: MySQL is back up! (Took 0.03s)
[2026-04-05 00:18:43,199:MySQL_Database.py#L32:INFO]: Closed old MySQL connection.
[2026-04-05 00:18:43,255:MySQL_Database.py#L267:INFO]: Executing transpiled workload olap_workloads/ssb_190.wg (2 queries)...
[2026-04-05 00:18:43,263:MySQL_Database.py#L303:ERROR]: Error executing workload: 1146 (42S02): Table 'ssb.date_dim' doesn't exist
[2026-04-05 00:18:43,263:run_diverse_configs.py#L206:INFO]: Performance for config 8: inf
[2026-04-05 00:18:43,263:run_diverse_configs.py#L137:INFO]: Running config 9/10 for ssb_190
[2026-04-05 00:18:43,264:MySQL_Database.py#L242:INFO]: Transpiling workload from PostgreSQL to MySQL syntax...
[2026-04-05 00:18:51,322:MySQL_Database.py#L79:INFO]: MySQL knobs persisted to mysqld-auto.cnf. Restarting to apply...
[2026-04-05 00:18:51,323:MySQL_Database.py#L189:INFO]: Restarting MySQL service...
[2026-04-05 00:19:29,698:MySQL_Database.py#L199:INFO]: Waiting for MySQL to become available...
[2026-04-05 00:19:29,729:MySQL_Database.py#L217:INFO]: MySQL is back up! (Took 0.03s)
[2026-04-05 00:19:29,729:MySQL_Database.py#L32:INFO]: Closed old MySQL connection.
[2026-04-05 00:19:29,786:MySQL_Database.py#L267:INFO]: Executing transpiled workload olap_workloads/ssb_190.wg (2 queries)...
[2026-04-05 00:19:29,797:MySQL_Database.py#L303:ERROR]: Error executing workload: 1146 (42S02): Table 'ssb.date_dim' doesn't exist
[2026-04-05 00:19:29,797:run_diverse_configs.py#L206:INFO]: Performance for config 9: inf
[2026-04-05 00:19:29,798:run_diverse_configs.py#L137:INFO]: Running config 10/10 for ssb_190
[2026-04-05 00:19:29,798:MySQL_Database.py#L242:INFO]: Transpiling workload from PostgreSQL to MySQL syntax...
[2026-04-05 00:19:30,206:MySQL_Database.py#L79:INFO]: MySQL knobs persisted to mysqld-auto.cnf. Restarting to apply...
[2026-04-05 00:19:30,206:MySQL_Database.py#L189:INFO]: Restarting MySQL service...
[2026-04-05 00:20:02,602:MySQL_Database.py#L199:INFO]: Waiting for MySQL to become available...
[2026-04-05 00:20:02,640:MySQL_Database.py#L217:INFO]: MySQL is back up! (Took 0.04s)
[2026-04-05 00:20:02,641:MySQL_Database.py#L32:INFO]: Closed old MySQL connection.
[2026-04-05 00:20:02,696:MySQL_Database.py#L267:INFO]: Executing transpiled workload olap_workloads/ssb_190.wg (2 queries)...
[2026-04-05 00:20:02,704:MySQL_Database.py#L303:ERROR]: Error executing workload: 1146 (42S02): Table 'ssb.date_dim' doesn't exist
[2026-04-05 00:20:02,704:run_diverse_configs.py#L206:INFO]: Performance for config 10: inf
[2026-04-05 00:20:02,705:run_diverse_configs.py#L129:INFO]: Running 10 configs for ssb_155
[2026-04-05 00:20:02,705:run_diverse_configs.py#L137:INFO]: Running config 1/10 for ssb_155
[2026-04-05 00:20:02,797:MySQL_Database.py#L242:INFO]: Transpiling workload from PostgreSQL to MySQL syntax...
[2026-04-05 00:20:12,592:MySQL_Database.py#L79:INFO]: MySQL knobs persisted to mysqld-auto.cnf. Restarting to apply...
[2026-04-05 00:20:12,592:MySQL_Database.py#L189:INFO]: Restarting MySQL service...
[2026-04-05 00:20:20,887:MySQL_Database.py#L199:INFO]: Waiting for MySQL to become available...
[2026-04-05 00:20:20,918:MySQL_Database.py#L217:INFO]: MySQL is back up! (Took 0.03s)
[2026-04-05 00:20:20,919:MySQL_Database.py#L32:INFO]: Closed old MySQL connection.
[2026-04-05 00:20:20,976:MySQL_Database.py#L267:INFO]: Executing transpiled workload olap_workloads/ssb_155.wg (2 queries)...
[2026-04-05 00:20:20,977:MySQL_Database.py#L303:ERROR]: Error executing workload: 1146 (42S02): Table 'ssb.date_dim' doesn't exist
[2026-04-05 00:20:20,978:run_diverse_configs.py#L206:INFO]: Performance for config 1: inf
[2026-04-05 00:20:20,978:run_diverse_configs.py#L137:INFO]: Running config 2/10 for ssb_155
[2026-04-05 00:20:20,978:MySQL_Database.py#L242:INFO]: Transpiling workload from PostgreSQL to MySQL syntax...
[2026-04-05 00:20:21,650:MySQL_Database.py#L79:INFO]: MySQL knobs persisted to mysqld-auto.cnf. Restarting to apply...
[2026-04-05 00:20:21,650:MySQL_Database.py#L189:INFO]: Restarting MySQL service...
[2026-04-05 00:20:33,455:MySQL_Database.py#L199:INFO]: Waiting for MySQL to become available...
[2026-04-05 00:20:33,486:MySQL_Database.py#L217:INFO]: MySQL is back up! (Took 0.03s)
[2026-04-05 00:20:33,486:MySQL_Database.py#L32:INFO]: Closed old MySQL connection.
[2026-04-05 00:20:33,544:MySQL_Database.py#L267:INFO]: Executing transpiled workload olap_workloads/ssb_155.wg (2 queries)...
[2026-04-05 00:20:33,619:MySQL_Database.py#L303:ERROR]: Error executing workload: 1146 (42S02): Table 'ssb.date_dim' doesn't exist
[2026-04-05 00:20:33,619:run_diverse_configs.py#L206:INFO]: Performance for config 2: inf
[2026-04-05 00:20:33,620:run_diverse_configs.py#L137:INFO]: Running config 3/10 for ssb_155
[2026-04-05 00:20:33,621:MySQL_Database.py#L242:INFO]: Transpiling workload from PostgreSQL to MySQL syntax...
[2026-04-05 00:21:30,732:MySQL_Database.py#L79:INFO]: MySQL knobs persisted to mysqld-auto.cnf. Restarting to apply...
[2026-04-05 00:21:30,732:MySQL_Database.py#L189:INFO]: Restarting MySQL service...
[2026-04-05 00:21:36,963:MySQL_Database.py#L199:INFO]: Waiting for MySQL to become available...
[2026-04-05 00:21:36,993:MySQL_Database.py#L217:INFO]: MySQL is back up! (Took 0.03s)
[2026-04-05 00:21:36,994:MySQL_Database.py#L32:INFO]: Closed old MySQL connection.
[2026-04-05 00:21:37,050:MySQL_Database.py#L267:INFO]: Executing transpiled workload olap_workloads/ssb_155.wg (2 queries)...
[2026-04-05 00:21:37,051:MySQL_Database.py#L303:ERROR]: Error executing workload: 1146 (42S02): Table 'ssb.date_dim' doesn't exist
[2026-04-05 00:21:37,052:run_diverse_configs.py#L206:INFO]: Performance for config 3: inf
[2026-04-05 00:21:37,052:run_diverse_configs.py#L137:INFO]: Running config 4/10 for ssb_155
[2026-04-05 00:21:37,052:MySQL_Database.py#L242:INFO]: Transpiling workload from PostgreSQL to MySQL syntax...
[2026-04-05 00:21:37,656:MySQL_Database.py#L79:INFO]: MySQL knobs persisted to mysqld-auto.cnf. Restarting to apply...
[2026-04-05 00:21:37,656:MySQL_Database.py#L189:INFO]: Restarting MySQL service...
[2026-04-05 00:21:43,796:MySQL_Database.py#L199:INFO]: Waiting for MySQL to become available...
[2026-04-05 00:21:43,826:MySQL_Database.py#L217:INFO]: MySQL is back up! (Took 0.03s)
[2026-04-05 00:21:43,827:MySQL_Database.py#L32:INFO]: Closed old MySQL connection.
[2026-04-05 00:21:43,882:MySQL_Database.py#L267:INFO]: Executing transpiled workload olap_workloads/ssb_155.wg (2 queries)...
[2026-04-05 00:21:43,884:MySQL_Database.py#L303:ERROR]: Error executing workload: 1146 (42S02): Table 'ssb.date_dim' doesn't exist
[2026-04-05 00:21:43,884:run_diverse_configs.py#L206:INFO]: Performance for config 4: inf
[2026-04-05 00:21:43,884:run_diverse_configs.py#L137:INFO]: Running config 5/10 for ssb_155
[2026-04-05 00:21:43,885:MySQL_Database.py#L242:INFO]: Transpiling workload from PostgreSQL to MySQL syntax...
[2026-04-05 00:21:44,424:MySQL_Database.py#L79:INFO]: MySQL knobs persisted to mysqld-auto.cnf. Restarting to apply...
[2026-04-05 00:21:44,425:MySQL_Database.py#L189:INFO]: Restarting MySQL service...
[2026-04-05 00:21:51,164:MySQL_Database.py#L199:INFO]: Waiting for MySQL to become available...
[2026-04-05 00:21:51,195:MySQL_Database.py#L217:INFO]: MySQL is back up! (Took 0.03s)
[2026-04-05 00:21:51,196:MySQL_Database.py#L32:INFO]: Closed old MySQL connection.
[2026-04-05 00:21:51,251:MySQL_Database.py#L267:INFO]: Executing transpiled workload olap_workloads/ssb_155.wg (2 queries)...
[2026-04-05 00:21:51,252:MySQL_Database.py#L303:ERROR]: Error executing workload: 1146 (42S02): Table 'ssb.date_dim' doesn't exist
[2026-04-05 00:21:51,253:run_diverse_configs.py#L206:INFO]: Performance for config 5: inf
[2026-04-05 00:21:51,253:run_diverse_configs.py#L137:INFO]: Running config 6/10 for ssb_155
[2026-04-05 00:21:51,253:MySQL_Database.py#L242:INFO]: Transpiling workload from PostgreSQL to MySQL syntax...
[2026-04-05 00:21:51,748:MySQL_Database.py#L79:INFO]: MySQL knobs persisted to mysqld-auto.cnf. Restarting to apply...
[2026-04-05 00:21:51,748:MySQL_Database.py#L189:INFO]: Restarting MySQL service...
[2026-04-05 00:21:58,090:MySQL_Database.py#L199:INFO]: Waiting for MySQL to become available...
[2026-04-05 00:21:58,120:MySQL_Database.py#L217:INFO]: MySQL is back up! (Took 0.03s)
[2026-04-05 00:21:58,120:MySQL_Database.py#L32:INFO]: Closed old MySQL connection.
[2026-04-05 00:21:58,176:MySQL_Database.py#L267:INFO]: Executing transpiled workload olap_workloads/ssb_155.wg (2 queries)...
[2026-04-05 00:21:58,177:MySQL_Database.py#L303:ERROR]: Error executing workload: 1146 (42S02): Table 'ssb.date_dim' doesn't exist
[2026-04-05 00:21:58,177:run_diverse_configs.py#L206:INFO]: Performance for config 6: inf
[2026-04-05 00:21:58,177:run_diverse_configs.py#L137:INFO]: Running config 7/10 for ssb_155
[2026-04-05 00:21:58,178:MySQL_Database.py#L242:INFO]: Transpiling workload from PostgreSQL to MySQL syntax...
[2026-04-05 00:21:58,738:MySQL_Database.py#L79:INFO]: MySQL knobs persisted to mysqld-auto.cnf. Restarting to apply...
[2026-04-05 00:21:58,738:MySQL_Database.py#L189:INFO]: Restarting MySQL service...
[2026-04-05 00:22:04,980:MySQL_Database.py#L199:INFO]: Waiting for MySQL to become available...
[2026-04-05 00:22:05,010:MySQL_Database.py#L217:INFO]: MySQL is back up! (Took 0.03s)
[2026-04-05 00:22:05,010:MySQL_Database.py#L32:INFO]: Closed old MySQL connection.
[2026-04-05 00:22:05,065:MySQL_Database.py#L267:INFO]: Executing transpiled workload olap_workloads/ssb_155.wg (2 queries)...
[2026-04-05 00:22:05,067:MySQL_Database.py#L303:ERROR]: Error executing workload: 1146 (42S02): Table 'ssb.date_dim' doesn't exist
[2026-04-05 00:22:05,067:run_diverse_configs.py#L206:INFO]: Performance for config 7: inf
[2026-04-05 00:22:05,067:run_diverse_configs.py#L137:INFO]: Running config 8/10 for ssb_155
[2026-04-05 00:22:05,067:MySQL_Database.py#L242:INFO]: Transpiling workload from PostgreSQL to MySQL syntax...
[2026-04-05 00:22:05,577:MySQL_Database.py#L79:INFO]: MySQL knobs persisted to mysqld-auto.cnf. Restarting to apply...
[2026-04-05 00:22:05,577:MySQL_Database.py#L189:INFO]: Restarting MySQL service...
[2026-04-05 00:22:12,068:MySQL_Database.py#L199:INFO]: Waiting for MySQL to become available...
[2026-04-05 00:22:12,098:MySQL_Database.py#L217:INFO]: MySQL is back up! (Took 0.03s)
[2026-04-05 00:22:12,099:MySQL_Database.py#L32:INFO]: Closed old MySQL connection.
[2026-04-05 00:22:12,154:MySQL_Database.py#L267:INFO]: Executing transpiled workload olap_workloads/ssb_155.wg (2 queries)...
[2026-04-05 00:22:12,155:MySQL_Database.py#L303:ERROR]: Error executing workload: 1146 (42S02): Table 'ssb.date_dim' doesn't exist
[2026-04-05 00:22:12,155:run_diverse_configs.py#L206:INFO]: Performance for config 8: inf
[2026-04-05 00:22:12,156:run_diverse_configs.py#L137:INFO]: Running config 9/10 for ssb_155
[2026-04-05 00:22:12,156:MySQL_Database.py#L242:INFO]: Transpiling workload from PostgreSQL to MySQL syntax...
[2026-04-05 00:22:12,740:MySQL_Database.py#L79:INFO]: MySQL knobs persisted to mysqld-auto.cnf. Restarting to apply...
[2026-04-05 00:22:12,741:MySQL_Database.py#L189:INFO]: Restarting MySQL service...
[2026-04-05 00:22:18,729:MySQL_Database.py#L199:INFO]: Waiting for MySQL to become available...
[2026-04-05 00:22:18,768:MySQL_Database.py#L217:INFO]: MySQL is back up! (Took 0.04s)
[2026-04-05 00:22:18,769:MySQL_Database.py#L32:INFO]: Closed old MySQL connection.
[2026-04-05 00:22:18,824:MySQL_Database.py#L267:INFO]: Executing transpiled workload olap_workloads/ssb_155.wg (2 queries)...
[2026-04-05 00:22:18,826:MySQL_Database.py#L303:ERROR]: Error executing workload: 1146 (42S02): Table 'ssb.date_dim' doesn't exist
[2026-04-05 00:22:18,826:run_diverse_configs.py#L206:INFO]: Performance for config 9: inf
[2026-04-05 00:22:18,826:run_diverse_configs.py#L137:INFO]: Running config 10/10 for ssb_155
[2026-04-05 00:22:18,826:MySQL_Database.py#L242:INFO]: Transpiling workload from PostgreSQL to MySQL syntax...
[2026-04-05 00:22:19,344:MySQL_Database.py#L79:INFO]: MySQL knobs persisted to mysqld-auto.cnf. Restarting to apply...
[2026-04-05 00:22:19,345:MySQL_Database.py#L189:INFO]: Restarting MySQL service...
[2026-04-05 00:22:26,235:MySQL_Database.py#L199:INFO]: Waiting for MySQL to become available...
[2026-04-05 00:22:26,270:MySQL_Database.py#L217:INFO]: MySQL is back up! (Took 0.03s)
[2026-04-05 00:22:26,270:MySQL_Database.py#L32:INFO]: Closed old MySQL connection.
[2026-04-05 00:22:26,329:MySQL_Database.py#L267:INFO]: Executing transpiled workload olap_workloads/ssb_155.wg (2 queries)...
[2026-04-05 00:22:26,330:MySQL_Database.py#L303:ERROR]: Error executing workload: 1146 (42S02): Table 'ssb.date_dim' doesn't exist
[2026-04-05 00:22:26,331:run_diverse_configs.py#L206:INFO]: Performance for config 10: inf
[2026-04-05 00:22:26,331:run_diverse_configs.py#L129:INFO]: Running 10 configs for ssb_11
[2026-04-05 00:22:26,331:run_diverse_configs.py#L137:INFO]: Running config 1/10 for ssb_11
[2026-04-05 00:22:26,332:MySQL_Database.py#L242:INFO]: Transpiling workload from PostgreSQL to MySQL syntax...
[2026-04-05 00:22:26,797:MySQL_Database.py#L79:INFO]: MySQL knobs persisted to mysqld-auto.cnf. Restarting to apply...
[2026-04-05 00:22:26,797:MySQL_Database.py#L189:INFO]: Restarting MySQL service...
[2026-04-05 00:22:33,238:MySQL_Database.py#L199:INFO]: Waiting for MySQL to become available...
[2026-04-05 00:22:33,274:MySQL_Database.py#L217:INFO]: MySQL is back up! (Took 0.04s)
[2026-04-05 00:22:33,274:MySQL_Database.py#L32:INFO]: Closed old MySQL connection.
[2026-04-05 00:22:33,330:MySQL_Database.py#L267:INFO]: Executing transpiled workload olap_workloads/ssb_11.wg (2 queries)...
[2026-04-05 00:22:57,851:MySQL_Database.py#L303:ERROR]: Error executing workload: 1146 (42S02): Table 'ssb.date_dim' doesn't exist
[2026-04-05 00:22:57,852:run_diverse_configs.py#L206:INFO]: Performance for config 1: inf
[2026-04-05 00:22:57,862:run_diverse_configs.py#L137:INFO]: Running config 2/10 for ssb_11
[2026-04-05 00:22:57,863:MySQL_Database.py#L242:INFO]: Transpiling workload from PostgreSQL to MySQL syntax...
[2026-04-05 00:22:58,259:MySQL_Database.py#L79:INFO]: MySQL knobs persisted to mysqld-auto.cnf. Restarting to apply...
[2026-04-05 00:22:58,260:MySQL_Database.py#L189:INFO]: Restarting MySQL service...
[2026-04-05 00:23:04,299:MySQL_Database.py#L199:INFO]: Waiting for MySQL to become available...
[2026-04-05 00:23:04,329:MySQL_Database.py#L217:INFO]: MySQL is back up! (Took 0.03s)
[2026-04-05 00:23:04,329:MySQL_Database.py#L32:INFO]: Closed old MySQL connection.
[2026-04-05 00:23:04,384:MySQL_Database.py#L267:INFO]: Executing transpiled workload olap_workloads/ssb_11.wg (2 queries)...
[2026-04-05 00:23:08,648:MySQL_Database.py#L303:ERROR]: Error executing workload: 1146 (42S02): Table 'ssb.date_dim' doesn't exist
[2026-04-05 00:23:08,648:run_diverse_configs.py#L206:INFO]: Performance for config 2: inf
[2026-04-05 00:23:08,649:run_diverse_configs.py#L137:INFO]: Running config 3/10 for ssb_11
[2026-04-05 00:23:08,649:MySQL_Database.py#L242:INFO]: Transpiling workload from PostgreSQL to MySQL syntax...
[2026-04-05 00:23:09,117:MySQL_Database.py#L79:INFO]: MySQL knobs persisted to mysqld-auto.cnf. Restarting to apply...
[2026-04-05 00:23:09,117:MySQL_Database.py#L189:INFO]: Restarting MySQL service...
[2026-04-05 00:23:15,306:MySQL_Database.py#L199:INFO]: Waiting for MySQL to become available...
[2026-04-05 00:23:15,336:MySQL_Database.py#L217:INFO]: MySQL is back up! (Took 0.03s)
[2026-04-05 00:23:15,336:MySQL_Database.py#L32:INFO]: Closed old MySQL connection.
[2026-04-05 00:23:15,392:MySQL_Database.py#L267:INFO]: Executing transpiled workload olap_workloads/ssb_11.wg (2 queries)...
[2026-04-05 00:23:19,618:MySQL_Database.py#L303:ERROR]: Error executing workload: 1146 (42S02): Table 'ssb.date_dim' doesn't exist
[2026-04-05 00:23:19,619:run_diverse_configs.py#L206:INFO]: Performance for config 3: inf
[2026-04-05 00:23:19,619:run_diverse_configs.py#L137:INFO]: Running config 4/10 for ssb_11
[2026-04-05 00:23:19,620:MySQL_Database.py#L242:INFO]: Transpiling workload from PostgreSQL to MySQL syntax...
[2026-04-05 00:23:19,980:MySQL_Database.py#L79:INFO]: MySQL knobs persisted to mysqld-auto.cnf. Restarting to apply...
[2026-04-05 00:23:19,980:MySQL_Database.py#L189:INFO]: Restarting MySQL service...
[2026-04-05 00:23:26,221:MySQL_Database.py#L199:INFO]: Waiting for MySQL to become available...
[2026-04-05 00:23:26,252:MySQL_Database.py#L217:INFO]: MySQL is back up! (Took 0.03s)
[2026-04-05 00:23:26,253:MySQL_Database.py#L32:INFO]: Closed old MySQL connection.
[2026-04-05 00:23:26,308:MySQL_Database.py#L267:INFO]: Executing transpiled workload olap_workloads/ssb_11.wg (2 queries)...
[2026-04-05 00:23:30,545:MySQL_Database.py#L303:ERROR]: Error executing workload: 1146 (42S02): Table 'ssb.date_dim' doesn't exist
[2026-04-05 00:23:30,546:run_diverse_configs.py#L206:INFO]: Performance for config 4: inf
[2026-04-05 00:23:30,546:run_diverse_configs.py#L137:INFO]: Running config 5/10 for ssb_11
[2026-04-05 00:23:30,547:MySQL_Database.py#L242:INFO]: Transpiling workload from PostgreSQL to MySQL syntax...
[2026-04-05 00:23:30,916:MySQL_Database.py#L79:INFO]: MySQL knobs persisted to mysqld-auto.cnf. Restarting to apply...
[2026-04-05 00:23:30,916:MySQL_Database.py#L189:INFO]: Restarting MySQL service...
[2026-04-05 00:23:37,054:MySQL_Database.py#L199:INFO]: Waiting for MySQL to become available...
[2026-04-05 00:23:37,095:MySQL_Database.py#L217:INFO]: MySQL is back up! (Took 0.04s)
[2026-04-05 00:23:37,095:MySQL_Database.py#L32:INFO]: Closed old MySQL connection.
[2026-04-05 00:23:37,150:MySQL_Database.py#L267:INFO]: Executing transpiled workload olap_workloads/ssb_11.wg (2 queries)...
[2026-04-05 00:23:41,405:MySQL_Database.py#L303:ERROR]: Error executing workload: 1146 (42S02): Table 'ssb.date_dim' doesn't exist
[2026-04-05 00:23:41,406:run_diverse_configs.py#L206:INFO]: Performance for config 5: inf
[2026-04-05 00:23:41,406:run_diverse_configs.py#L137:INFO]: Running config 6/10 for ssb_11
[2026-04-05 00:23:41,407:MySQL_Database.py#L242:INFO]: Transpiling workload from PostgreSQL to MySQL syntax...
[2026-04-05 00:23:41,780:MySQL_Database.py#L79:INFO]: MySQL knobs persisted to mysqld-auto.cnf. Restarting to apply...
[2026-04-05 00:23:41,780:MySQL_Database.py#L189:INFO]: Restarting MySQL service...
[2026-04-05 00:23:47,467:MySQL_Database.py#L199:INFO]: Waiting for MySQL to become available...
[2026-04-05 00:23:47,497:MySQL_Database.py#L217:INFO]: MySQL is back up! (Took 0.03s)
[2026-04-05 00:23:47,498:MySQL_Database.py#L32:INFO]: Closed old MySQL connection.
[2026-04-05 00:23:47,553:MySQL_Database.py#L267:INFO]: Executing transpiled workload olap_workloads/ssb_11.wg (2 queries)...
[2026-04-05 00:23:51,415:MySQL_Database.py#L303:ERROR]: Error executing workload: 1146 (42S02): Table 'ssb.date_dim' doesn't exist
[2026-04-05 00:23:51,416:run_diverse_configs.py#L206:INFO]: Performance for config 6: inf
[2026-04-05 00:23:51,416:run_diverse_configs.py#L137:INFO]: Running config 7/10 for ssb_11
[2026-04-05 00:23:51,416:MySQL_Database.py#L242:INFO]: Transpiling workload from PostgreSQL to MySQL syntax...
[2026-04-05 00:23:51,705:MySQL_Database.py#L79:INFO]: MySQL knobs persisted to mysqld-auto.cnf. Restarting to apply...
[2026-04-05 00:23:51,705:MySQL_Database.py#L189:INFO]: Restarting MySQL service...
[2026-04-05 00:23:57,642:MySQL_Database.py#L199:INFO]: Waiting for MySQL to become available...
[2026-04-05 00:23:57,672:MySQL_Database.py#L217:INFO]: MySQL is back up! (Took 0.03s)
[2026-04-05 00:23:57,672:MySQL_Database.py#L32:INFO]: Closed old MySQL connection.
[2026-04-05 00:23:57,727:MySQL_Database.py#L267:INFO]: Executing transpiled workload olap_workloads/ssb_11.wg (2 queries)...
[2026-04-05 00:24:01,050:MySQL_Database.py#L303:ERROR]: Error executing workload: 1146 (42S02): Table 'ssb.date_dim' doesn't exist
[2026-04-05 00:24:01,050:run_diverse_configs.py#L206:INFO]: Performance for config 7: inf
[2026-04-05 00:24:01,050:run_diverse_configs.py#L137:INFO]: Running config 8/10 for ssb_11
[2026-04-05 00:24:01,051:MySQL_Database.py#L242:INFO]: Transpiling workload from PostgreSQL to MySQL syntax...
[2026-04-05 00:24:01,382:MySQL_Database.py#L79:INFO]: MySQL knobs persisted to mysqld-auto.cnf. Restarting to apply...
[2026-04-05 00:24:01,382:MySQL_Database.py#L189:INFO]: Restarting MySQL service...
[2026-04-05 00:24:07,721:MySQL_Database.py#L199:INFO]: Waiting for MySQL to become available...
[2026-04-05 00:24:07,751:MySQL_Database.py#L217:INFO]: MySQL is back up! (Took 0.03s)
[2026-04-05 00:24:07,752:MySQL_Database.py#L32:INFO]: Closed old MySQL connection.
[2026-04-05 00:24:07,807:MySQL_Database.py#L267:INFO]: Executing transpiled workload olap_workloads/ssb_11.wg (2 queries)...
[2026-04-05 00:24:11,431:MySQL_Database.py#L303:ERROR]: Error executing workload: 1146 (42S02): Table 'ssb.date_dim' doesn't exist
[2026-04-05 00:24:11,432:run_diverse_configs.py#L206:INFO]: Performance for config 8: inf
[2026-04-05 00:24:11,433:run_diverse_configs.py#L137:INFO]: Running config 9/10 for ssb_11
[2026-04-05 00:24:11,433:MySQL_Database.py#L242:INFO]: Transpiling workload from PostgreSQL to MySQL syntax...
[2026-04-05 00:24:11,803:MySQL_Database.py#L79:INFO]: MySQL knobs persisted to mysqld-auto.cnf. Restarting to apply...
[2026-04-05 00:24:11,803:MySQL_Database.py#L189:INFO]: Restarting MySQL service...
[2026-04-05 00:24:17,188:MySQL_Database.py#L199:INFO]: Waiting for MySQL to become available...
[2026-04-05 00:24:17,218:MySQL_Database.py#L217:INFO]: MySQL is back up! (Took 0.03s)
[2026-04-05 00:24:17,218:MySQL_Database.py#L32:INFO]: Closed old MySQL connection.
[2026-04-05 00:24:17,274:MySQL_Database.py#L267:INFO]: Executing transpiled workload olap_workloads/ssb_11.wg (2 queries)...
[2026-04-05 00:24:22,355:MySQL_Database.py#L303:ERROR]: Error executing workload: 1146 (42S02): Table 'ssb.date_dim' doesn't exist
[2026-04-05 00:24:22,356:run_diverse_configs.py#L206:INFO]: Performance for config 9: inf
[2026-04-05 00:24:22,356:run_diverse_configs.py#L137:INFO]: Running config 10/10 for ssb_11
[2026-04-05 00:24:22,356:MySQL_Database.py#L242:INFO]: Transpiling workload from PostgreSQL to MySQL syntax...
[2026-04-05 00:24:22,689:MySQL_Database.py#L79:INFO]: MySQL knobs persisted to mysqld-auto.cnf. Restarting to apply...
[2026-04-05 00:24:22,689:MySQL_Database.py#L189:INFO]: Restarting MySQL service...
[2026-04-05 00:24:28,977:MySQL_Database.py#L199:INFO]: Waiting for MySQL to become available...
[2026-04-05 00:24:29,008:MySQL_Database.py#L217:INFO]: MySQL is back up! (Took 0.03s)
[2026-04-05 00:24:29,008:MySQL_Database.py#L32:INFO]: Closed old MySQL connection.
[2026-04-05 00:24:29,065:MySQL_Database.py#L267:INFO]: Executing transpiled workload olap_workloads/ssb_11.wg (2 queries)...
[2026-04-05 00:24:32,510:MySQL_Database.py#L303:ERROR]: Error executing workload: 1146 (42S02): Table 'ssb.date_dim' doesn't exist
[2026-04-05 00:24:32,511:run_diverse_configs.py#L206:INFO]: Performance for config 10: inf
