[2026-04-06 10:48:51,970:run_diverse_configs.py#L82:INFO]: ====================================================================================================
[2026-04-06 10:48:51,970:run_diverse_configs.py#L83:INFO]: E2ETune: Running Diverse Configs for tpcds
[2026-04-06 10:48:51,970:run_diverse_configs.py#L84:INFO]: ====================================================================================================
[2026-04-06 10:48:51,970:run_diverse_configs.py#L85:INFO]: Config: config/config.yaml
[2026-04-06 10:48:51,970:run_diverse_configs.py#L86:INFO]: Host: localhost  DB: tpcds
[2026-04-06 10:48:51,970:run_diverse_configs.py#L87:INFO]: Benchmark: tpcds  Type: olap
[2026-04-06 10:48:51,970:run_diverse_configs.py#L88:INFO]: Workload path: ./olap_workloads
[2026-04-06 10:48:51,970:run_diverse_configs.py#L89:INFO]: ====================================================================================================
[2026-04-06 10:48:52,025:run_diverse_configs.py#L129:INFO]: Running 10 configs for tpcds_182
[2026-04-06 10:48:52,026:run_diverse_configs.py#L137:INFO]: Running config 1/10 for tpcds_182
[2026-04-06 10:48:52,026:MySQL_Database.py#L242:INFO]: Transpiling workload from PostgreSQL to MySQL syntax...
[2026-04-06 10:48:52,124:MySQL_Database.py#L79:INFO]: MySQL knobs persisted to mysqld-auto.cnf. Restarting to apply...
[2026-04-06 10:48:52,124:MySQL_Database.py#L189:INFO]: Restarting MySQL service...
[2026-04-06 10:48:56,155:MySQL_Database.py#L199:INFO]: Waiting for MySQL to become available...
[2026-04-06 10:48:56,186:MySQL_Database.py#L217:INFO]: MySQL is back up! (Took 0.03s)
[2026-04-06 10:48:56,186:MySQL_Database.py#L32:INFO]: Closed old MySQL connection.
[2026-04-06 10:48:56,241:MySQL_Database.py#L267:INFO]: Executing transpiled workload olap_workloads/tpcds_182.wg (6 queries)...
[2026-04-06 10:49:10,886:MySQL_Database.py#L294:INFO]: Workload olap_workloads/tpcds_182.wg executed successfully.
[2026-04-06 10:49:10,887:run_diverse_configs.py#L206:INFO]: Performance for config 1: 2.4408415540043884
[2026-04-06 10:49:10,887:run_diverse_configs.py#L137:INFO]: Running config 2/10 for tpcds_182
[2026-04-06 10:49:10,888:MySQL_Database.py#L242:INFO]: Transpiling workload from PostgreSQL to MySQL syntax...
[2026-04-06 10:49:11,014:MySQL_Database.py#L79:INFO]: MySQL knobs persisted to mysqld-auto.cnf. Restarting to apply...
[2026-04-06 10:49:11,015:MySQL_Database.py#L189:INFO]: Restarting MySQL service...
[2026-04-06 10:49:15,647:MySQL_Database.py#L199:INFO]: Waiting for MySQL to become available...
[2026-04-06 10:49:15,677:MySQL_Database.py#L217:INFO]: MySQL is back up! (Took 0.03s)
[2026-04-06 10:49:15,677:MySQL_Database.py#L32:INFO]: Closed old MySQL connection.
[2026-04-06 10:49:15,733:MySQL_Database.py#L267:INFO]: Executing transpiled workload olap_workloads/tpcds_182.wg (6 queries)...
[2026-04-06 10:49:20,848:MySQL_Database.py#L294:INFO]: Workload olap_workloads/tpcds_182.wg executed successfully.
[2026-04-06 10:49:20,848:run_diverse_configs.py#L206:INFO]: Performance for config 2: 0.8524507745023584
[2026-04-06 10:49:20,849:run_diverse_configs.py#L137:INFO]: Running config 3/10 for tpcds_182
[2026-04-06 10:49:20,849:MySQL_Database.py#L242:INFO]: Transpiling workload from PostgreSQL to MySQL syntax...
[2026-04-06 10:49:20,934:MySQL_Database.py#L79:INFO]: MySQL knobs persisted to mysqld-auto.cnf. Restarting to apply...
[2026-04-06 10:49:20,935:MySQL_Database.py#L189:INFO]: Restarting MySQL service...
[2026-04-06 10:49:25,117:MySQL_Database.py#L199:INFO]: Waiting for MySQL to become available...
[2026-04-06 10:49:25,148:MySQL_Database.py#L217:INFO]: MySQL is back up! (Took 0.03s)
[2026-04-06 10:49:25,148:MySQL_Database.py#L32:INFO]: Closed old MySQL connection.
[2026-04-06 10:49:25,205:MySQL_Database.py#L267:INFO]: Executing transpiled workload olap_workloads/tpcds_182.wg (6 queries)...
[2026-04-06 10:49:30,363:MySQL_Database.py#L294:INFO]: Workload olap_workloads/tpcds_182.wg executed successfully.
[2026-04-06 10:49:30,363:run_diverse_configs.py#L206:INFO]: Performance for config 3: 0.8596718025025135
[2026-04-06 10:49:30,363:run_diverse_configs.py#L137:INFO]: Running config 4/10 for tpcds_182
[2026-04-06 10:49:30,364:MySQL_Database.py#L242:INFO]: Transpiling workload from PostgreSQL to MySQL syntax...
[2026-04-06 10:49:30,453:MySQL_Database.py#L79:INFO]: MySQL knobs persisted to mysqld-auto.cnf. Restarting to apply...
[2026-04-06 10:49:30,453:MySQL_Database.py#L189:INFO]: Restarting MySQL service...
[2026-04-06 10:49:34,683:MySQL_Database.py#L199:INFO]: Waiting for MySQL to become available...
[2026-04-06 10:49:34,714:MySQL_Database.py#L217:INFO]: MySQL is back up! (Took 0.03s)
[2026-04-06 10:49:34,714:MySQL_Database.py#L32:INFO]: Closed old MySQL connection.
[2026-04-06 10:49:34,769:MySQL_Database.py#L267:INFO]: Executing transpiled workload olap_workloads/tpcds_182.wg (6 queries)...
[2026-04-06 10:49:39,924:MySQL_Database.py#L294:INFO]: Workload olap_workloads/tpcds_182.wg executed successfully.
[2026-04-06 10:49:39,924:run_diverse_configs.py#L206:INFO]: Performance for config 4: 0.8590450708337206
[2026-04-06 10:49:39,924:run_diverse_configs.py#L137:INFO]: Running config 5/10 for tpcds_182
[2026-04-06 10:49:39,924:MySQL_Database.py#L242:INFO]: Transpiling workload from PostgreSQL to MySQL syntax...
[2026-04-06 10:49:40,017:MySQL_Database.py#L79:INFO]: MySQL knobs persisted to mysqld-auto.cnf. Restarting to apply...
[2026-04-06 10:49:40,017:MySQL_Database.py#L189:INFO]: Restarting MySQL service...
[2026-04-06 10:49:44,299:MySQL_Database.py#L199:INFO]: Waiting for MySQL to become available...
[2026-04-06 10:49:44,355:MySQL_Database.py#L217:INFO]: MySQL is back up! (Took 0.06s)
[2026-04-06 10:49:44,356:MySQL_Database.py#L32:INFO]: Closed old MySQL connection.
[2026-04-06 10:49:44,411:MySQL_Database.py#L267:INFO]: Executing transpiled workload olap_workloads/tpcds_182.wg (6 queries)...
[2026-04-06 10:49:49,537:MySQL_Database.py#L294:INFO]: Workload olap_workloads/tpcds_182.wg executed successfully.
[2026-04-06 10:49:49,537:run_diverse_configs.py#L206:INFO]: Performance for config 5: 0.8542807873309357
[2026-04-06 10:49:49,537:run_diverse_configs.py#L137:INFO]: Running config 6/10 for tpcds_182
[2026-04-06 10:49:49,538:MySQL_Database.py#L242:INFO]: Transpiling workload from PostgreSQL to MySQL syntax...
[2026-04-06 10:49:49,631:MySQL_Database.py#L79:INFO]: MySQL knobs persisted to mysqld-auto.cnf. Restarting to apply...
[2026-04-06 10:49:49,631:MySQL_Database.py#L189:INFO]: Restarting MySQL service...
[2026-04-06 10:49:54,667:MySQL_Database.py#L199:INFO]: Waiting for MySQL to become available...
[2026-04-06 10:49:54,697:MySQL_Database.py#L217:INFO]: MySQL is back up! (Took 0.03s)
[2026-04-06 10:49:54,698:MySQL_Database.py#L32:INFO]: Closed old MySQL connection.
[2026-04-06 10:49:54,754:MySQL_Database.py#L267:INFO]: Executing transpiled workload olap_workloads/tpcds_182.wg (6 queries)...
[2026-04-06 10:50:00,222:MySQL_Database.py#L294:INFO]: Workload olap_workloads/tpcds_182.wg executed successfully.
[2026-04-06 10:50:00,222:run_diverse_configs.py#L206:INFO]: Performance for config 6: 0.9113133456655002
[2026-04-06 10:50:00,222:run_diverse_configs.py#L137:INFO]: Running config 7/10 for tpcds_182
[2026-04-06 10:50:00,222:MySQL_Database.py#L242:INFO]: Transpiling workload from PostgreSQL to MySQL syntax...
[2026-04-06 10:50:00,313:MySQL_Database.py#L79:INFO]: MySQL knobs persisted to mysqld-auto.cnf. Restarting to apply...
[2026-04-06 10:50:00,313:MySQL_Database.py#L189:INFO]: Restarting MySQL service...
[2026-04-06 10:50:05,095:MySQL_Database.py#L199:INFO]: Waiting for MySQL to become available...
[2026-04-06 10:50:05,130:MySQL_Database.py#L217:INFO]: MySQL is back up! (Took 0.03s)
[2026-04-06 10:50:05,130:MySQL_Database.py#L32:INFO]: Closed old MySQL connection.
[2026-04-06 10:50:05,185:MySQL_Database.py#L267:INFO]: Executing transpiled workload olap_workloads/tpcds_182.wg (6 queries)...
[2026-04-06 10:50:10,388:MySQL_Database.py#L294:INFO]: Workload olap_workloads/tpcds_182.wg executed successfully.
[2026-04-06 10:50:10,388:run_diverse_configs.py#L206:INFO]: Performance for config 7: 0.8669792091677664
[2026-04-06 10:50:10,388:run_diverse_configs.py#L137:INFO]: Running config 8/10 for tpcds_182
[2026-04-06 10:50:10,388:MySQL_Database.py#L242:INFO]: Transpiling workload from PostgreSQL to MySQL syntax...
[2026-04-06 10:50:10,482:MySQL_Database.py#L79:INFO]: MySQL knobs persisted to mysqld-auto.cnf. Restarting to apply...
[2026-04-06 10:50:10,483:MySQL_Database.py#L189:INFO]: Restarting MySQL service...
[2026-04-06 10:50:15,064:MySQL_Database.py#L199:INFO]: Waiting for MySQL to become available...
[2026-04-06 10:50:15,095:MySQL_Database.py#L217:INFO]: MySQL is back up! (Took 0.03s)
[2026-04-06 10:50:15,096:MySQL_Database.py#L32:INFO]: Closed old MySQL connection.
[2026-04-06 10:50:15,152:MySQL_Database.py#L267:INFO]: Executing transpiled workload olap_workloads/tpcds_182.wg (6 queries)...
[2026-04-06 10:50:20,284:MySQL_Database.py#L294:INFO]: Workload olap_workloads/tpcds_182.wg executed successfully.
[2026-04-06 10:50:20,285:run_diverse_configs.py#L206:INFO]: Performance for config 8: 0.8554046566666026
[2026-04-06 10:50:20,285:run_diverse_configs.py#L137:INFO]: Running config 9/10 for tpcds_182
[2026-04-06 10:50:20,285:MySQL_Database.py#L242:INFO]: Transpiling workload from PostgreSQL to MySQL syntax...
[2026-04-06 10:50:20,391:MySQL_Database.py#L79:INFO]: MySQL knobs persisted to mysqld-auto.cnf. Restarting to apply...
[2026-04-06 10:50:20,391:MySQL_Database.py#L189:INFO]: Restarting MySQL service...
[2026-04-06 10:50:24,673:MySQL_Database.py#L199:INFO]: Waiting for MySQL to become available...
[2026-04-06 10:50:24,704:MySQL_Database.py#L217:INFO]: MySQL is back up! (Took 0.03s)
[2026-04-06 10:50:24,704:MySQL_Database.py#L32:INFO]: Closed old MySQL connection.
[2026-04-06 10:50:24,760:MySQL_Database.py#L267:INFO]: Executing transpiled workload olap_workloads/tpcds_182.wg (6 queries)...
[2026-04-06 10:50:29,995:MySQL_Database.py#L294:INFO]: Workload olap_workloads/tpcds_182.wg executed successfully.
[2026-04-06 10:50:29,995:run_diverse_configs.py#L206:INFO]: Performance for config 9: 0.8723511653370224
[2026-04-06 10:50:29,995:run_diverse_configs.py#L137:INFO]: Running config 10/10 for tpcds_182
[2026-04-06 10:50:29,995:MySQL_Database.py#L242:INFO]: Transpiling workload from PostgreSQL to MySQL syntax...
[2026-04-06 10:50:30,076:MySQL_Database.py#L79:INFO]: MySQL knobs persisted to mysqld-auto.cnf. Restarting to apply...
[2026-04-06 10:50:30,076:MySQL_Database.py#L189:INFO]: Restarting MySQL service...
[2026-04-06 10:50:34,457:MySQL_Database.py#L199:INFO]: Waiting for MySQL to become available...
[2026-04-06 10:50:34,490:MySQL_Database.py#L217:INFO]: MySQL is back up! (Took 0.03s)
[2026-04-06 10:50:34,490:MySQL_Database.py#L32:INFO]: Closed old MySQL connection.
[2026-04-06 10:50:34,548:MySQL_Database.py#L267:INFO]: Executing transpiled workload olap_workloads/tpcds_182.wg (6 queries)...
[2026-04-06 10:50:39,778:MySQL_Database.py#L294:INFO]: Workload olap_workloads/tpcds_182.wg executed successfully.
[2026-04-06 10:50:39,779:run_diverse_configs.py#L206:INFO]: Performance for config 10: 0.8717663834977429
[2026-04-06 10:50:39,779:run_diverse_configs.py#L129:INFO]: Running 10 configs for tpcds_158
[2026-04-06 10:50:39,779:run_diverse_configs.py#L137:INFO]: Running config 1/10 for tpcds_158
[2026-04-06 10:50:39,780:MySQL_Database.py#L242:INFO]: Transpiling workload from PostgreSQL to MySQL syntax...
[2026-04-06 10:50:39,866:MySQL_Database.py#L79:INFO]: MySQL knobs persisted to mysqld-auto.cnf. Restarting to apply...
[2026-04-06 10:50:39,866:MySQL_Database.py#L189:INFO]: Restarting MySQL service...
[2026-04-06 10:50:44,146:MySQL_Database.py#L199:INFO]: Waiting for MySQL to become available...
[2026-04-06 10:50:44,183:MySQL_Database.py#L217:INFO]: MySQL is back up! (Took 0.04s)
[2026-04-06 10:50:44,183:MySQL_Database.py#L32:INFO]: Closed old MySQL connection.
[2026-04-06 10:50:44,240:MySQL_Database.py#L267:INFO]: Executing transpiled workload olap_workloads/tpcds_158.wg (7 queries)...
[2026-04-06 10:50:56,412:MySQL_Database.py#L294:INFO]: Workload olap_workloads/tpcds_158.wg executed successfully.
[2026-04-06 10:50:56,412:run_diverse_configs.py#L206:INFO]: Performance for config 1: 1.7387667987163045
[2026-04-06 10:50:56,412:run_diverse_configs.py#L137:INFO]: Running config 2/10 for tpcds_158
[2026-04-06 10:50:56,413:MySQL_Database.py#L242:INFO]: Transpiling workload from PostgreSQL to MySQL syntax...
[2026-04-06 10:50:56,502:MySQL_Database.py#L79:INFO]: MySQL knobs persisted to mysqld-auto.cnf. Restarting to apply...
[2026-04-06 10:50:56,503:MySQL_Database.py#L189:INFO]: Restarting MySQL service...
[2026-04-06 10:51:00,582:MySQL_Database.py#L199:INFO]: Waiting for MySQL to become available...
[2026-04-06 10:51:00,613:MySQL_Database.py#L217:INFO]: MySQL is back up! (Took 0.03s)
[2026-04-06 10:51:00,613:MySQL_Database.py#L32:INFO]: Closed old MySQL connection.
[2026-04-06 10:51:00,670:MySQL_Database.py#L267:INFO]: Executing transpiled workload olap_workloads/tpcds_158.wg (7 queries)...
[2026-04-06 10:51:10,369:MySQL_Database.py#L294:INFO]: Workload olap_workloads/tpcds_158.wg executed successfully.
[2026-04-06 10:51:10,369:run_diverse_configs.py#L206:INFO]: Performance for config 2: 1.3855100197127155
[2026-04-06 10:51:10,369:run_diverse_configs.py#L137:INFO]: Running config 3/10 for tpcds_158
[2026-04-06 10:51:10,370:MySQL_Database.py#L242:INFO]: Transpiling workload from PostgreSQL to MySQL syntax...
[2026-04-06 10:51:10,451:MySQL_Database.py#L79:INFO]: MySQL knobs persisted to mysqld-auto.cnf. Restarting to apply...
[2026-04-06 10:51:10,451:MySQL_Database.py#L189:INFO]: Restarting MySQL service...
[2026-04-06 10:51:14,933:MySQL_Database.py#L199:INFO]: Waiting for MySQL to become available...
[2026-04-06 10:51:14,966:MySQL_Database.py#L217:INFO]: MySQL is back up! (Took 0.03s)
[2026-04-06 10:51:14,966:MySQL_Database.py#L32:INFO]: Closed old MySQL connection.
[2026-04-06 10:51:15,022:MySQL_Database.py#L267:INFO]: Executing transpiled workload olap_workloads/tpcds_158.wg (7 queries)...
[2026-04-06 10:51:24,562:MySQL_Database.py#L294:INFO]: Workload olap_workloads/tpcds_158.wg executed successfully.
[2026-04-06 10:51:24,562:run_diverse_configs.py#L206:INFO]: Performance for config 3: 1.3627967435708601
[2026-04-06 10:51:24,562:run_diverse_configs.py#L137:INFO]: Running config 4/10 for tpcds_158
[2026-04-06 10:51:24,563:MySQL_Database.py#L242:INFO]: Transpiling workload from PostgreSQL to MySQL syntax...
[2026-04-06 10:51:24,643:MySQL_Database.py#L79:INFO]: MySQL knobs persisted to mysqld-auto.cnf. Restarting to apply...
[2026-04-06 10:51:24,643:MySQL_Database.py#L189:INFO]: Restarting MySQL service...
[2026-04-06 10:51:28,574:MySQL_Database.py#L199:INFO]: Waiting for MySQL to become available...
[2026-04-06 10:51:28,607:MySQL_Database.py#L217:INFO]: MySQL is back up! (Took 0.03s)
[2026-04-06 10:51:28,607:MySQL_Database.py#L32:INFO]: Closed old MySQL connection.
[2026-04-06 10:51:28,664:MySQL_Database.py#L267:INFO]: Executing transpiled workload olap_workloads/tpcds_158.wg (7 queries)...
[2026-04-06 10:51:38,341:MySQL_Database.py#L294:INFO]: Workload olap_workloads/tpcds_158.wg executed successfully.
[2026-04-06 10:51:38,341:run_diverse_configs.py#L206:INFO]: Performance for config 4: 1.3824424654262006
[2026-04-06 10:51:38,342:run_diverse_configs.py#L137:INFO]: Running config 5/10 for tpcds_158
[2026-04-06 10:51:38,342:MySQL_Database.py#L242:INFO]: Transpiling workload from PostgreSQL to MySQL syntax...
[2026-04-06 10:51:38,426:MySQL_Database.py#L79:INFO]: MySQL knobs persisted to mysqld-auto.cnf. Restarting to apply...
[2026-04-06 10:51:38,427:MySQL_Database.py#L189:INFO]: Restarting MySQL service...
[2026-04-06 10:51:43,510:MySQL_Database.py#L199:INFO]: Waiting for MySQL to become available...
[2026-04-06 10:51:43,540:MySQL_Database.py#L217:INFO]: MySQL is back up! (Took 0.03s)
[2026-04-06 10:51:43,541:MySQL_Database.py#L32:INFO]: Closed old MySQL connection.
[2026-04-06 10:51:43,596:MySQL_Database.py#L267:INFO]: Executing transpiled workload olap_workloads/tpcds_158.wg (7 queries)...
[2026-04-06 10:52:09,750:MySQL_Database.py#L294:INFO]: Workload olap_workloads/tpcds_158.wg executed successfully.
[2026-04-06 10:52:09,750:run_diverse_configs.py#L206:INFO]: Performance for config 5: 3.7362924937125563
[2026-04-06 10:52:09,751:run_diverse_configs.py#L137:INFO]: Running config 6/10 for tpcds_158
[2026-04-06 10:52:09,751:MySQL_Database.py#L242:INFO]: Transpiling workload from PostgreSQL to MySQL syntax...
[2026-04-06 10:52:09,839:MySQL_Database.py#L79:INFO]: MySQL knobs persisted to mysqld-auto.cnf. Restarting to apply...
[2026-04-06 10:52:09,839:MySQL_Database.py#L189:INFO]: Restarting MySQL service...
[2026-04-06 10:52:14,369:MySQL_Database.py#L199:INFO]: Waiting for MySQL to become available...
[2026-04-06 10:52:14,400:MySQL_Database.py#L217:INFO]: MySQL is back up! (Took 0.03s)
[2026-04-06 10:52:14,400:MySQL_Database.py#L32:INFO]: Closed old MySQL connection.
[2026-04-06 10:52:14,456:MySQL_Database.py#L267:INFO]: Executing transpiled workload olap_workloads/tpcds_158.wg (7 queries)...
[2026-04-06 10:52:33,074:MySQL_Database.py#L294:INFO]: Workload olap_workloads/tpcds_158.wg executed successfully.
[2026-04-06 10:52:33,074:run_diverse_configs.py#L206:INFO]: Performance for config 6: 2.659747467143461
[2026-04-06 10:52:33,074:run_diverse_configs.py#L137:INFO]: Running config 7/10 for tpcds_158
[2026-04-06 10:52:33,075:MySQL_Database.py#L242:INFO]: Transpiling workload from PostgreSQL to MySQL syntax...
[2026-04-06 10:52:33,167:MySQL_Database.py#L79:INFO]: MySQL knobs persisted to mysqld-auto.cnf. Restarting to apply...
[2026-04-06 10:52:33,168:MySQL_Database.py#L189:INFO]: Restarting MySQL service...
[2026-04-06 10:52:38,101:MySQL_Database.py#L199:INFO]: Waiting for MySQL to become available...
[2026-04-06 10:52:38,132:MySQL_Database.py#L217:INFO]: MySQL is back up! (Took 0.03s)
[2026-04-06 10:52:38,132:MySQL_Database.py#L32:INFO]: Closed old MySQL connection.
[2026-04-06 10:52:38,188:MySQL_Database.py#L267:INFO]: Executing transpiled workload olap_workloads/tpcds_158.wg (7 queries)...
[2026-04-06 10:52:56,694:MySQL_Database.py#L294:INFO]: Workload olap_workloads/tpcds_158.wg executed successfully.
[2026-04-06 10:52:56,694:run_diverse_configs.py#L206:INFO]: Performance for config 7: 2.643671107715428
[2026-04-06 10:52:56,695:run_diverse_configs.py#L137:INFO]: Running config 8/10 for tpcds_158
[2026-04-06 10:52:56,695:MySQL_Database.py#L242:INFO]: Transpiling workload from PostgreSQL to MySQL syntax...
[2026-04-06 10:52:56,783:MySQL_Database.py#L79:INFO]: MySQL knobs persisted to mysqld-auto.cnf. Restarting to apply...
[2026-04-06 10:52:56,783:MySQL_Database.py#L189:INFO]: Restarting MySQL service...
[2026-04-06 10:53:00,665:MySQL_Database.py#L199:INFO]: Waiting for MySQL to become available...
[2026-04-06 10:53:00,696:MySQL_Database.py#L217:INFO]: MySQL is back up! (Took 0.03s)
[2026-04-06 10:53:00,696:MySQL_Database.py#L32:INFO]: Closed old MySQL connection.
[2026-04-06 10:53:00,754:MySQL_Database.py#L267:INFO]: Executing transpiled workload olap_workloads/tpcds_158.wg (7 queries)...
[2026-04-06 10:53:19,416:MySQL_Database.py#L294:INFO]: Workload olap_workloads/tpcds_158.wg executed successfully.
[2026-04-06 10:53:19,416:run_diverse_configs.py#L206:INFO]: Performance for config 8: 2.665945607857014
[2026-04-06 10:53:19,416:run_diverse_configs.py#L137:INFO]: Running config 9/10 for tpcds_158
[2026-04-06 10:53:19,417:MySQL_Database.py#L242:INFO]: Transpiling workload from PostgreSQL to MySQL syntax...
[2026-04-06 10:53:19,499:MySQL_Database.py#L79:INFO]: MySQL knobs persisted to mysqld-auto.cnf. Restarting to apply...
[2026-04-06 10:53:19,499:MySQL_Database.py#L189:INFO]: Restarting MySQL service...
[2026-04-06 10:53:25,083:MySQL_Database.py#L199:INFO]: Waiting for MySQL to become available...
[2026-04-06 10:53:25,142:MySQL_Database.py#L217:INFO]: MySQL is back up! (Took 0.06s)
[2026-04-06 10:53:25,142:MySQL_Database.py#L32:INFO]: Closed old MySQL connection.
[2026-04-06 10:53:25,198:MySQL_Database.py#L267:INFO]: Executing transpiled workload olap_workloads/tpcds_158.wg (7 queries)...
[2026-04-06 10:53:43,906:MySQL_Database.py#L294:INFO]: Workload olap_workloads/tpcds_158.wg executed successfully.
[2026-04-06 10:53:43,906:run_diverse_configs.py#L206:INFO]: Performance for config 9: 2.6724362099983927
[2026-04-06 10:53:43,906:run_diverse_configs.py#L137:INFO]: Running config 10/10 for tpcds_158
[2026-04-06 10:53:43,906:MySQL_Database.py#L242:INFO]: Transpiling workload from PostgreSQL to MySQL syntax...
[2026-04-06 10:53:43,994:MySQL_Database.py#L79:INFO]: MySQL knobs persisted to mysqld-auto.cnf. Restarting to apply...
[2026-04-06 10:53:43,994:MySQL_Database.py#L189:INFO]: Restarting MySQL service...
[2026-04-06 10:53:49,027:MySQL_Database.py#L199:INFO]: Waiting for MySQL to become available...
[2026-04-06 10:53:49,077:MySQL_Database.py#L217:INFO]: MySQL is back up! (Took 0.05s)
[2026-04-06 10:53:49,077:MySQL_Database.py#L32:INFO]: Closed old MySQL connection.
[2026-04-06 10:53:49,133:MySQL_Database.py#L267:INFO]: Executing transpiled workload olap_workloads/tpcds_158.wg (7 queries)...
[2026-04-06 10:53:58,594:MySQL_Database.py#L294:INFO]: Workload olap_workloads/tpcds_158.wg executed successfully.
[2026-04-06 10:53:58,594:run_diverse_configs.py#L206:INFO]: Performance for config 10: 1.3515029662854172
[2026-04-06 10:53:58,594:run_diverse_configs.py#L129:INFO]: Running 10 configs for tpcds_193
[2026-04-06 10:53:58,595:run_diverse_configs.py#L137:INFO]: Running config 1/10 for tpcds_193
[2026-04-06 10:53:58,595:MySQL_Database.py#L242:INFO]: Transpiling workload from PostgreSQL to MySQL syntax...
[2026-04-06 10:53:58,676:MySQL_Database.py#L79:INFO]: MySQL knobs persisted to mysqld-auto.cnf. Restarting to apply...
[2026-04-06 10:53:58,676:MySQL_Database.py#L189:INFO]: Restarting MySQL service...
[2026-04-06 10:54:02,454:MySQL_Database.py#L199:INFO]: Waiting for MySQL to become available...
[2026-04-06 10:54:02,485:MySQL_Database.py#L217:INFO]: MySQL is back up! (Took 0.03s)
[2026-04-06 10:54:02,486:MySQL_Database.py#L32:INFO]: Closed old MySQL connection.
[2026-04-06 10:54:02,541:MySQL_Database.py#L267:INFO]: Executing transpiled workload olap_workloads/tpcds_193.wg (10 queries)...
[2026-04-06 10:54:22,422:MySQL_Database.py#L294:INFO]: Workload olap_workloads/tpcds_193.wg executed successfully.
[2026-04-06 10:54:22,423:run_diverse_configs.py#L206:INFO]: Performance for config 1: 1.98807227340003
[2026-04-06 10:54:22,423:run_diverse_configs.py#L137:INFO]: Running config 2/10 for tpcds_193
[2026-04-06 10:54:22,423:MySQL_Database.py#L242:INFO]: Transpiling workload from PostgreSQL to MySQL syntax...
[2026-04-06 10:54:22,513:MySQL_Database.py#L79:INFO]: MySQL knobs persisted to mysqld-auto.cnf. Restarting to apply...
[2026-04-06 10:54:22,513:MySQL_Database.py#L189:INFO]: Restarting MySQL service...
[2026-04-06 10:54:26,996:MySQL_Database.py#L199:INFO]: Waiting for MySQL to become available...
[2026-04-06 10:54:27,049:MySQL_Database.py#L217:INFO]: MySQL is back up! (Took 0.05s)
[2026-04-06 10:54:27,050:MySQL_Database.py#L32:INFO]: Closed old MySQL connection.
[2026-04-06 10:54:27,145:MySQL_Database.py#L267:INFO]: Executing transpiled workload olap_workloads/tpcds_193.wg (10 queries)...
[2026-04-06 10:54:46,315:MySQL_Database.py#L294:INFO]: Workload olap_workloads/tpcds_193.wg executed successfully.
[2026-04-06 10:54:46,316:run_diverse_configs.py#L206:INFO]: Performance for config 2: 1.916988089500228
[2026-04-06 10:54:46,316:run_diverse_configs.py#L137:INFO]: Running config 3/10 for tpcds_193
[2026-04-06 10:54:46,316:MySQL_Database.py#L242:INFO]: Transpiling workload from PostgreSQL to MySQL syntax...
[2026-04-06 10:54:46,409:MySQL_Database.py#L79:INFO]: MySQL knobs persisted to mysqld-auto.cnf. Restarting to apply...
[2026-04-06 10:54:46,409:MySQL_Database.py#L189:INFO]: Restarting MySQL service...
[2026-04-06 10:54:50,842:MySQL_Database.py#L199:INFO]: Waiting for MySQL to become available...
[2026-04-06 10:54:50,872:MySQL_Database.py#L217:INFO]: MySQL is back up! (Took 0.03s)
[2026-04-06 10:54:50,873:MySQL_Database.py#L32:INFO]: Closed old MySQL connection.
[2026-04-06 10:54:50,928:MySQL_Database.py#L267:INFO]: Executing transpiled workload olap_workloads/tpcds_193.wg (10 queries)...
[2026-04-06 10:55:18,177:MySQL_Database.py#L294:INFO]: Workload olap_workloads/tpcds_193.wg executed successfully.
[2026-04-06 10:55:18,177:run_diverse_configs.py#L206:INFO]: Performance for config 3: 2.724860030299169
[2026-04-06 10:55:18,177:run_diverse_configs.py#L137:INFO]: Running config 4/10 for tpcds_193
[2026-04-06 10:55:18,178:MySQL_Database.py#L242:INFO]: Transpiling workload from PostgreSQL to MySQL syntax...
[2026-04-06 10:55:18,279:MySQL_Database.py#L79:INFO]: MySQL knobs persisted to mysqld-auto.cnf. Restarting to apply...
[2026-04-06 10:55:18,280:MySQL_Database.py#L189:INFO]: Restarting MySQL service...
[2026-04-06 10:55:23,163:MySQL_Database.py#L199:INFO]: Waiting for MySQL to become available...
[2026-04-06 10:55:23,197:MySQL_Database.py#L217:INFO]: MySQL is back up! (Took 0.03s)
[2026-04-06 10:55:23,198:MySQL_Database.py#L32:INFO]: Closed old MySQL connection.
[2026-04-06 10:55:23,315:MySQL_Database.py#L267:INFO]: Executing transpiled workload olap_workloads/tpcds_193.wg (10 queries)...
[2026-04-06 10:55:42,609:MySQL_Database.py#L294:INFO]: Workload olap_workloads/tpcds_193.wg executed successfully.
[2026-04-06 10:55:42,609:run_diverse_configs.py#L206:INFO]: Performance for config 4: 1.9293368749000366
[2026-04-06 10:55:42,609:run_diverse_configs.py#L137:INFO]: Running config 5/10 for tpcds_193
[2026-04-06 10:55:42,609:MySQL_Database.py#L242:INFO]: Transpiling workload from PostgreSQL to MySQL syntax...
[2026-04-06 10:55:42,699:MySQL_Database.py#L79:INFO]: MySQL knobs persisted to mysqld-auto.cnf. Restarting to apply...
[2026-04-06 10:55:42,699:MySQL_Database.py#L189:INFO]: Restarting MySQL service...
[2026-04-06 10:55:47,580:MySQL_Database.py#L199:INFO]: Waiting for MySQL to become available...
[2026-04-06 10:55:47,610:MySQL_Database.py#L217:INFO]: MySQL is back up! (Took 0.03s)
[2026-04-06 10:55:47,611:MySQL_Database.py#L32:INFO]: Closed old MySQL connection.
[2026-04-06 10:55:47,666:MySQL_Database.py#L267:INFO]: Executing transpiled workload olap_workloads/tpcds_193.wg (10 queries)...
[2026-04-06 10:56:15,052:MySQL_Database.py#L294:INFO]: Workload olap_workloads/tpcds_193.wg executed successfully.
[2026-04-06 10:56:15,053:run_diverse_configs.py#L206:INFO]: Performance for config 5: 2.7385758555989015
[2026-04-06 10:56:15,053:run_diverse_configs.py#L137:INFO]: Running config 6/10 for tpcds_193
[2026-04-06 10:56:15,053:MySQL_Database.py#L242:INFO]: Transpiling workload from PostgreSQL to MySQL syntax...
[2026-04-06 10:56:15,143:MySQL_Database.py#L79:INFO]: MySQL knobs persisted to mysqld-auto.cnf. Restarting to apply...
[2026-04-06 10:56:15,143:MySQL_Database.py#L189:INFO]: Restarting MySQL service...
[2026-04-06 10:56:19,373:MySQL_Database.py#L199:INFO]: Waiting for MySQL to become available...
[2026-04-06 10:56:19,404:MySQL_Database.py#L217:INFO]: MySQL is back up! (Took 0.03s)
[2026-04-06 10:56:19,404:MySQL_Database.py#L32:INFO]: Closed old MySQL connection.
[2026-04-06 10:56:19,460:MySQL_Database.py#L267:INFO]: Executing transpiled workload olap_workloads/tpcds_193.wg (10 queries)...
[2026-04-06 10:56:38,907:MySQL_Database.py#L294:INFO]: Workload olap_workloads/tpcds_193.wg executed successfully.
[2026-04-06 10:56:38,908:run_diverse_configs.py#L206:INFO]: Performance for config 6: 1.9447184582997579
[2026-04-06 10:56:38,908:run_diverse_configs.py#L137:INFO]: Running config 7/10 for tpcds_193
[2026-04-06 10:56:38,908:MySQL_Database.py#L242:INFO]: Transpiling workload from PostgreSQL to MySQL syntax...
[2026-04-06 10:56:39,002:MySQL_Database.py#L79:INFO]: MySQL knobs persisted to mysqld-auto.cnf. Restarting to apply...
[2026-04-06 10:56:39,003:MySQL_Database.py#L189:INFO]: Restarting MySQL service...
[2026-04-06 10:56:43,635:MySQL_Database.py#L199:INFO]: Waiting for MySQL to become available...
[2026-04-06 10:56:43,697:MySQL_Database.py#L217:INFO]: MySQL is back up! (Took 0.06s)
[2026-04-06 10:56:43,698:MySQL_Database.py#L32:INFO]: Closed old MySQL connection.
[2026-04-06 10:56:43,753:MySQL_Database.py#L267:INFO]: Executing transpiled workload olap_workloads/tpcds_193.wg (10 queries)...
[2026-04-06 10:57:03,028:MySQL_Database.py#L294:INFO]: Workload olap_workloads/tpcds_193.wg executed successfully.
[2026-04-06 10:57:03,028:run_diverse_configs.py#L206:INFO]: Performance for config 7: 1.9274173582001821
[2026-04-06 10:57:03,028:run_diverse_configs.py#L137:INFO]: Running config 8/10 for tpcds_193
[2026-04-06 10:57:03,029:MySQL_Database.py#L242:INFO]: Transpiling workload from PostgreSQL to MySQL syntax...
[2026-04-06 10:57:03,115:MySQL_Database.py#L79:INFO]: MySQL knobs persisted to mysqld-auto.cnf. Restarting to apply...
[2026-04-06 10:57:03,116:MySQL_Database.py#L189:INFO]: Restarting MySQL service...
[2026-04-06 10:57:07,597:MySQL_Database.py#L199:INFO]: Waiting for MySQL to become available...
[2026-04-06 10:57:07,629:MySQL_Database.py#L217:INFO]: MySQL is back up! (Took 0.03s)
[2026-04-06 10:57:07,630:MySQL_Database.py#L32:INFO]: Closed old MySQL connection.
[2026-04-06 10:57:07,686:MySQL_Database.py#L267:INFO]: Executing transpiled workload olap_workloads/tpcds_193.wg (10 queries)...
[2026-04-06 10:57:34,993:MySQL_Database.py#L294:INFO]: Workload olap_workloads/tpcds_193.wg executed successfully.
[2026-04-06 10:57:34,993:run_diverse_configs.py#L206:INFO]: Performance for config 8: 2.7307021140994037
[2026-04-06 10:57:34,994:run_diverse_configs.py#L137:INFO]: Running config 9/10 for tpcds_193
[2026-04-06 10:57:34,994:MySQL_Database.py#L242:INFO]: Transpiling workload from PostgreSQL to MySQL syntax...
[2026-04-06 10:57:35,087:MySQL_Database.py#L79:INFO]: MySQL knobs persisted to mysqld-auto.cnf. Restarting to apply...
[2026-04-06 10:57:35,087:MySQL_Database.py#L189:INFO]: Restarting MySQL service...
[2026-04-06 10:57:39,620:MySQL_Database.py#L199:INFO]: Waiting for MySQL to become available...
[2026-04-06 10:57:39,651:MySQL_Database.py#L217:INFO]: MySQL is back up! (Took 0.03s)
[2026-04-06 10:57:39,651:MySQL_Database.py#L32:INFO]: Closed old MySQL connection.
[2026-04-06 10:57:39,706:MySQL_Database.py#L267:INFO]: Executing transpiled workload olap_workloads/tpcds_193.wg (10 queries)...
[2026-04-06 10:57:58,891:MySQL_Database.py#L294:INFO]: Workload olap_workloads/tpcds_193.wg executed successfully.
[2026-04-06 10:57:58,891:run_diverse_configs.py#L206:INFO]: Performance for config 9: 1.9184651043004124
[2026-04-06 10:57:58,892:run_diverse_configs.py#L137:INFO]: Running config 10/10 for tpcds_193
[2026-04-06 10:57:58,892:MySQL_Database.py#L242:INFO]: Transpiling workload from PostgreSQL to MySQL syntax...
[2026-04-06 10:57:58,986:MySQL_Database.py#L79:INFO]: MySQL knobs persisted to mysqld-auto.cnf. Restarting to apply...
[2026-04-06 10:57:58,986:MySQL_Database.py#L189:INFO]: Restarting MySQL service...
[2026-04-06 10:58:03,316:MySQL_Database.py#L199:INFO]: Waiting for MySQL to become available...
[2026-04-06 10:58:03,346:MySQL_Database.py#L217:INFO]: MySQL is back up! (Took 0.03s)
[2026-04-06 10:58:03,347:MySQL_Database.py#L32:INFO]: Closed old MySQL connection.
[2026-04-06 10:58:03,402:MySQL_Database.py#L267:INFO]: Executing transpiled workload olap_workloads/tpcds_193.wg (10 queries)...
[2026-04-06 10:58:22,744:MySQL_Database.py#L294:INFO]: Workload olap_workloads/tpcds_193.wg executed successfully.
[2026-04-06 10:58:22,744:run_diverse_configs.py#L206:INFO]: Performance for config 10: 1.9341590268013533
[2026-04-06 10:58:22,745:run_diverse_configs.py#L129:INFO]: Running 10 configs for tpcds_227
[2026-04-06 10:58:22,745:run_diverse_configs.py#L137:INFO]: Running config 1/10 for tpcds_227
[2026-04-06 10:58:22,746:MySQL_Database.py#L242:INFO]: Transpiling workload from PostgreSQL to MySQL syntax...
[2026-04-06 10:58:22,847:MySQL_Database.py#L79:INFO]: MySQL knobs persisted to mysqld-auto.cnf. Restarting to apply...
[2026-04-06 10:58:22,847:MySQL_Database.py#L189:INFO]: Restarting MySQL service...
[2026-04-06 10:58:26,626:MySQL_Database.py#L199:INFO]: Waiting for MySQL to become available...
[2026-04-06 10:58:26,657:MySQL_Database.py#L217:INFO]: MySQL is back up! (Took 0.03s)
[2026-04-06 10:58:26,657:MySQL_Database.py#L32:INFO]: Closed old MySQL connection.
[2026-04-06 10:58:26,713:MySQL_Database.py#L267:INFO]: Executing transpiled workload olap_workloads/tpcds_227.wg (10 queries)...
[2026-04-06 10:59:19,081:MySQL_Database.py#L294:INFO]: Workload olap_workloads/tpcds_227.wg executed successfully.
[2026-04-06 10:59:19,081:run_diverse_configs.py#L206:INFO]: Performance for config 1: 5.236710897000739
[2026-04-06 10:59:19,081:run_diverse_configs.py#L137:INFO]: Running config 2/10 for tpcds_227
[2026-04-06 10:59:19,082:MySQL_Database.py#L242:INFO]: Transpiling workload from PostgreSQL to MySQL syntax...
[2026-04-06 10:59:19,173:MySQL_Database.py#L79:INFO]: MySQL knobs persisted to mysqld-auto.cnf. Restarting to apply...
[2026-04-06 10:59:19,174:MySQL_Database.py#L189:INFO]: Restarting MySQL service...
[2026-04-06 10:59:23,804:MySQL_Database.py#L199:INFO]: Waiting for MySQL to become available...
[2026-04-06 10:59:23,834:MySQL_Database.py#L217:INFO]: MySQL is back up! (Took 0.03s)
[2026-04-06 10:59:23,835:MySQL_Database.py#L32:INFO]: Closed old MySQL connection.
[2026-04-06 10:59:23,890:MySQL_Database.py#L267:INFO]: Executing transpiled workload olap_workloads/tpcds_227.wg (10 queries)...
[2026-04-06 11:00:31,631:MySQL_Database.py#L294:INFO]: Workload olap_workloads/tpcds_227.wg executed successfully.
[2026-04-06 11:00:31,631:run_diverse_configs.py#L206:INFO]: Performance for config 2: 6.774043166299816
[2026-04-06 11:00:31,631:run_diverse_configs.py#L137:INFO]: Running config 3/10 for tpcds_227
[2026-04-06 11:00:31,631:MySQL_Database.py#L242:INFO]: Transpiling workload from PostgreSQL to MySQL syntax...
[2026-04-06 11:00:31,744:MySQL_Database.py#L79:INFO]: MySQL knobs persisted to mysqld-auto.cnf. Restarting to apply...
[2026-04-06 11:00:31,744:MySQL_Database.py#L189:INFO]: Restarting MySQL service...
[2026-04-06 11:00:37,332:MySQL_Database.py#L199:INFO]: Waiting for MySQL to become available...
[2026-04-06 11:00:37,362:MySQL_Database.py#L217:INFO]: MySQL is back up! (Took 0.03s)
[2026-04-06 11:00:37,362:MySQL_Database.py#L32:INFO]: Closed old MySQL connection.
[2026-04-06 11:00:37,442:MySQL_Database.py#L267:INFO]: Executing transpiled workload olap_workloads/tpcds_227.wg (10 queries)...
[2026-04-06 11:01:44,856:MySQL_Database.py#L294:INFO]: Workload olap_workloads/tpcds_227.wg executed successfully.
[2026-04-06 11:01:44,857:run_diverse_configs.py#L206:INFO]: Performance for config 3: 6.74145708779979
[2026-04-06 11:01:44,857:run_diverse_configs.py#L137:INFO]: Running config 4/10 for tpcds_227
[2026-04-06 11:01:44,857:MySQL_Database.py#L242:INFO]: Transpiling workload from PostgreSQL to MySQL syntax...
[2026-04-06 11:01:44,957:MySQL_Database.py#L79:INFO]: MySQL knobs persisted to mysqld-auto.cnf. Restarting to apply...
[2026-04-06 11:01:44,957:MySQL_Database.py#L189:INFO]: Restarting MySQL service...
[2026-04-06 11:01:49,688:MySQL_Database.py#L199:INFO]: Waiting for MySQL to become available...
[2026-04-06 11:01:49,747:MySQL_Database.py#L217:INFO]: MySQL is back up! (Took 0.06s)
[2026-04-06 11:01:49,748:MySQL_Database.py#L32:INFO]: Closed old MySQL connection.
[2026-04-06 11:01:49,861:MySQL_Database.py#L267:INFO]: Executing transpiled workload olap_workloads/tpcds_227.wg (10 queries)...
[2026-04-06 11:02:57,078:MySQL_Database.py#L294:INFO]: Workload olap_workloads/tpcds_227.wg executed successfully.
[2026-04-06 11:02:57,078:run_diverse_configs.py#L206:INFO]: Performance for config 4: 6.721701665301225
[2026-04-06 11:02:57,078:run_diverse_configs.py#L137:INFO]: Running config 5/10 for tpcds_227
[2026-04-06 11:02:57,079:MySQL_Database.py#L242:INFO]: Transpiling workload from PostgreSQL to MySQL syntax...
[2026-04-06 11:02:57,171:MySQL_Database.py#L79:INFO]: MySQL knobs persisted to mysqld-auto.cnf. Restarting to apply...
[2026-04-06 11:02:57,171:MySQL_Database.py#L189:INFO]: Restarting MySQL service...
[2026-04-06 11:03:02,258:MySQL_Database.py#L199:INFO]: Waiting for MySQL to become available...
[2026-04-06 11:03:02,290:MySQL_Database.py#L217:INFO]: MySQL is back up! (Took 0.03s)
[2026-04-06 11:03:02,290:MySQL_Database.py#L32:INFO]: Closed old MySQL connection.
[2026-04-06 11:03:02,403:MySQL_Database.py#L267:INFO]: Executing transpiled workload olap_workloads/tpcds_227.wg (10 queries)...
[2026-04-06 11:04:09,743:MySQL_Database.py#L294:INFO]: Workload olap_workloads/tpcds_227.wg executed successfully.
[2026-04-06 11:04:09,744:run_diverse_configs.py#L206:INFO]: Performance for config 5: 6.734057430998655
[2026-04-06 11:04:09,744:run_diverse_configs.py#L137:INFO]: Running config 6/10 for tpcds_227
[2026-04-06 11:04:09,744:MySQL_Database.py#L242:INFO]: Transpiling workload from PostgreSQL to MySQL syntax...
[2026-04-06 11:04:09,849:MySQL_Database.py#L79:INFO]: MySQL knobs persisted to mysqld-auto.cnf. Restarting to apply...
[2026-04-06 11:04:09,849:MySQL_Database.py#L189:INFO]: Restarting MySQL service...
[2026-04-06 11:04:14,179:MySQL_Database.py#L199:INFO]: Waiting for MySQL to become available...
[2026-04-06 11:04:14,210:MySQL_Database.py#L217:INFO]: MySQL is back up! (Took 0.03s)
[2026-04-06 11:04:14,210:MySQL_Database.py#L32:INFO]: Closed old MySQL connection.
[2026-04-06 11:04:14,265:MySQL_Database.py#L267:INFO]: Executing transpiled workload olap_workloads/tpcds_227.wg (10 queries)...
[2026-04-06 11:05:21,701:MySQL_Database.py#L294:INFO]: Workload olap_workloads/tpcds_227.wg executed successfully.
[2026-04-06 11:05:21,701:run_diverse_configs.py#L206:INFO]: Performance for config 6: 6.743501011800253
[2026-04-06 11:05:21,701:run_diverse_configs.py#L137:INFO]: Running config 7/10 for tpcds_227
[2026-04-06 11:05:21,701:MySQL_Database.py#L242:INFO]: Transpiling workload from PostgreSQL to MySQL syntax...
[2026-04-06 11:05:21,799:MySQL_Database.py#L79:INFO]: MySQL knobs persisted to mysqld-auto.cnf. Restarting to apply...
[2026-04-06 11:05:21,799:MySQL_Database.py#L189:INFO]: Restarting MySQL service...
[2026-04-06 11:05:25,877:MySQL_Database.py#L199:INFO]: Waiting for MySQL to become available...
[2026-04-06 11:05:25,912:MySQL_Database.py#L217:INFO]: MySQL is back up! (Took 0.03s)
[2026-04-06 11:05:25,913:MySQL_Database.py#L32:INFO]: Closed old MySQL connection.
[2026-04-06 11:05:25,968:MySQL_Database.py#L267:INFO]: Executing transpiled workload olap_workloads/tpcds_227.wg (10 queries)...
[2026-04-06 11:06:33,034:MySQL_Database.py#L294:INFO]: Workload olap_workloads/tpcds_227.wg executed successfully.
[2026-04-06 11:06:33,035:run_diverse_configs.py#L206:INFO]: Performance for config 7: 6.706639173300937
[2026-04-06 11:06:33,035:run_diverse_configs.py#L137:INFO]: Running config 8/10 for tpcds_227
[2026-04-06 11:06:33,035:MySQL_Database.py#L242:INFO]: Transpiling workload from PostgreSQL to MySQL syntax...
[2026-04-06 11:06:33,131:MySQL_Database.py#L79:INFO]: MySQL knobs persisted to mysqld-auto.cnf. Restarting to apply...
[2026-04-06 11:06:33,132:MySQL_Database.py#L189:INFO]: Restarting MySQL service...
[2026-04-06 11:06:37,814:MySQL_Database.py#L199:INFO]: Waiting for MySQL to become available...
[2026-04-06 11:06:37,854:MySQL_Database.py#L217:INFO]: MySQL is back up! (Took 0.04s)
[2026-04-06 11:06:37,855:MySQL_Database.py#L32:INFO]: Closed old MySQL connection.
[2026-04-06 11:06:37,913:MySQL_Database.py#L267:INFO]: Executing transpiled workload olap_workloads/tpcds_227.wg (10 queries)...
[2026-04-06 11:07:48,144:MySQL_Database.py#L294:INFO]: Workload olap_workloads/tpcds_227.wg executed successfully.
[2026-04-06 11:07:48,144:run_diverse_configs.py#L206:INFO]: Performance for config 8: 7.023077099901275
[2026-04-06 11:07:48,144:run_diverse_configs.py#L137:INFO]: Running config 9/10 for tpcds_227
[2026-04-06 11:07:48,145:MySQL_Database.py#L242:INFO]: Transpiling workload from PostgreSQL to MySQL syntax...
[2026-04-06 11:07:48,238:MySQL_Database.py#L79:INFO]: MySQL knobs persisted to mysqld-auto.cnf. Restarting to apply...
[2026-04-06 11:07:48,238:MySQL_Database.py#L189:INFO]: Restarting MySQL service...
[2026-04-06 11:07:53,073:MySQL_Database.py#L199:INFO]: Waiting for MySQL to become available...
[2026-04-06 11:07:53,103:MySQL_Database.py#L217:INFO]: MySQL is back up! (Took 0.03s)
[2026-04-06 11:07:53,104:MySQL_Database.py#L32:INFO]: Closed old MySQL connection.
[2026-04-06 11:07:53,159:MySQL_Database.py#L267:INFO]: Executing transpiled workload olap_workloads/tpcds_227.wg (10 queries)...
[2026-04-06 11:09:00,490:MySQL_Database.py#L294:INFO]: Workload olap_workloads/tpcds_227.wg executed successfully.
[2026-04-06 11:09:00,490:run_diverse_configs.py#L206:INFO]: Performance for config 9: 6.73308164300106
[2026-04-06 11:09:00,490:run_diverse_configs.py#L137:INFO]: Running config 10/10 for tpcds_227
[2026-04-06 11:09:00,491:MySQL_Database.py#L242:INFO]: Transpiling workload from PostgreSQL to MySQL syntax...
[2026-04-06 11:09:00,588:MySQL_Database.py#L79:INFO]: MySQL knobs persisted to mysqld-auto.cnf. Restarting to apply...
[2026-04-06 11:09:00,588:MySQL_Database.py#L189:INFO]: Restarting MySQL service...
[2026-04-06 11:09:05,320:MySQL_Database.py#L199:INFO]: Waiting for MySQL to become available...
[2026-04-06 11:09:05,351:MySQL_Database.py#L217:INFO]: MySQL is back up! (Took 0.03s)
[2026-04-06 11:09:05,352:MySQL_Database.py#L32:INFO]: Closed old MySQL connection.
[2026-04-06 11:09:05,408:MySQL_Database.py#L267:INFO]: Executing transpiled workload olap_workloads/tpcds_227.wg (10 queries)...
[2026-04-06 11:10:13,205:MySQL_Database.py#L294:INFO]: Workload olap_workloads/tpcds_227.wg executed successfully.
[2026-04-06 11:10:13,205:run_diverse_configs.py#L206:INFO]: Performance for config 10: 6.779691924300278
[2026-04-06 11:10:13,205:run_diverse_configs.py#L129:INFO]: Running 10 configs for tpcds_185
[2026-04-06 11:10:13,205:run_diverse_configs.py#L137:INFO]: Running config 1/10 for tpcds_185
[2026-04-06 11:10:13,206:MySQL_Database.py#L242:INFO]: Transpiling workload from PostgreSQL to MySQL syntax...
[2026-04-06 11:10:13,304:MySQL_Database.py#L79:INFO]: MySQL knobs persisted to mysqld-auto.cnf. Restarting to apply...
[2026-04-06 11:10:13,304:MySQL_Database.py#L189:INFO]: Restarting MySQL service...
[2026-04-06 11:10:18,236:MySQL_Database.py#L199:INFO]: Waiting for MySQL to become available...
[2026-04-06 11:10:18,276:MySQL_Database.py#L217:INFO]: MySQL is back up! (Took 0.04s)
[2026-04-06 11:10:18,276:MySQL_Database.py#L32:INFO]: Closed old MySQL connection.
[2026-04-06 11:10:18,334:MySQL_Database.py#L267:INFO]: Executing transpiled workload olap_workloads/tpcds_185.wg (10 queries)...
[2026-04-06 11:10:44,666:MySQL_Database.py#L294:INFO]: Workload olap_workloads/tpcds_185.wg executed successfully.
[2026-04-06 11:10:44,666:run_diverse_configs.py#L206:INFO]: Performance for config 1: 2.633225316100288
[2026-04-06 11:10:44,667:run_diverse_configs.py#L137:INFO]: Running config 2/10 for tpcds_185
[2026-04-06 11:10:44,667:MySQL_Database.py#L242:INFO]: Transpiling workload from PostgreSQL to MySQL syntax...
[2026-04-06 11:10:44,768:MySQL_Database.py#L79:INFO]: MySQL knobs persisted to mysqld-auto.cnf. Restarting to apply...
[2026-04-06 11:10:44,769:MySQL_Database.py#L189:INFO]: Restarting MySQL service...
[2026-04-06 11:10:49,152:MySQL_Database.py#L199:INFO]: Waiting for MySQL to become available...
[2026-04-06 11:10:49,191:MySQL_Database.py#L217:INFO]: MySQL is back up! (Took 0.04s)
[2026-04-06 11:10:49,192:MySQL_Database.py#L32:INFO]: Closed old MySQL connection.
[2026-04-06 11:10:49,249:MySQL_Database.py#L267:INFO]: Executing transpiled workload olap_workloads/tpcds_185.wg (10 queries)...
[2026-04-06 11:11:07,967:MySQL_Database.py#L294:INFO]: Workload olap_workloads/tpcds_185.wg executed successfully.
[2026-04-06 11:11:07,967:run_diverse_configs.py#L206:INFO]: Performance for config 2: 1.871798620800837
[2026-04-06 11:11:07,967:run_diverse_configs.py#L137:INFO]: Running config 3/10 for tpcds_185
[2026-04-06 11:11:07,968:MySQL_Database.py#L242:INFO]: Transpiling workload from PostgreSQL to MySQL syntax...
[2026-04-06 11:11:08,062:MySQL_Database.py#L79:INFO]: MySQL knobs persisted to mysqld-auto.cnf. Restarting to apply...
[2026-04-06 11:11:08,063:MySQL_Database.py#L189:INFO]: Restarting MySQL service...
[2026-04-06 11:11:12,948:MySQL_Database.py#L199:INFO]: Waiting for MySQL to become available...
[2026-04-06 11:11:12,995:MySQL_Database.py#L217:INFO]: MySQL is back up! (Took 0.05s)
[2026-04-06 11:11:12,995:MySQL_Database.py#L32:INFO]: Closed old MySQL connection.
[2026-04-06 11:11:13,051:MySQL_Database.py#L267:INFO]: Executing transpiled workload olap_workloads/tpcds_185.wg (10 queries)...
[2026-04-06 11:11:31,706:MySQL_Database.py#L294:INFO]: Workload olap_workloads/tpcds_185.wg executed successfully.
[2026-04-06 11:11:31,706:run_diverse_configs.py#L206:INFO]: Performance for config 3: 1.8654807821993018
[2026-04-06 11:11:31,707:run_diverse_configs.py#L137:INFO]: Running config 4/10 for tpcds_185
[2026-04-06 11:11:31,707:MySQL_Database.py#L242:INFO]: Transpiling workload from PostgreSQL to MySQL syntax...
[2026-04-06 11:11:31,795:MySQL_Database.py#L79:INFO]: MySQL knobs persisted to mysqld-auto.cnf. Restarting to apply...
[2026-04-06 11:11:31,795:MySQL_Database.py#L189:INFO]: Restarting MySQL service...
[2026-04-06 11:11:36,577:MySQL_Database.py#L199:INFO]: Waiting for MySQL to become available...
[2026-04-06 11:11:36,613:MySQL_Database.py#L217:INFO]: MySQL is back up! (Took 0.04s)
[2026-04-06 11:11:36,613:MySQL_Database.py#L32:INFO]: Closed old MySQL connection.
[2026-04-06 11:11:36,671:MySQL_Database.py#L267:INFO]: Executing transpiled workload olap_workloads/tpcds_185.wg (10 queries)...
[2026-04-06 11:11:55,544:MySQL_Database.py#L294:INFO]: Workload olap_workloads/tpcds_185.wg executed successfully.
[2026-04-06 11:11:55,544:run_diverse_configs.py#L206:INFO]: Performance for config 4: 1.8871954767004353
[2026-04-06 11:11:55,544:run_diverse_configs.py#L137:INFO]: Running config 5/10 for tpcds_185
[2026-04-06 11:11:55,544:MySQL_Database.py#L242:INFO]: Transpiling workload from PostgreSQL to MySQL syntax...
[2026-04-06 11:11:55,634:MySQL_Database.py#L79:INFO]: MySQL knobs persisted to mysqld-auto.cnf. Restarting to apply...
[2026-04-06 11:11:55,634:MySQL_Database.py#L189:INFO]: Restarting MySQL service...
[2026-04-06 11:12:00,214:MySQL_Database.py#L199:INFO]: Waiting for MySQL to become available...
[2026-04-06 11:12:00,257:MySQL_Database.py#L217:INFO]: MySQL is back up! (Took 0.04s)
[2026-04-06 11:12:00,258:MySQL_Database.py#L32:INFO]: Closed old MySQL connection.
[2026-04-06 11:12:00,314:MySQL_Database.py#L267:INFO]: Executing transpiled workload olap_workloads/tpcds_185.wg (10 queries)...
[2026-04-06 11:12:19,151:MySQL_Database.py#L294:INFO]: Workload olap_workloads/tpcds_185.wg executed successfully.
[2026-04-06 11:12:19,151:run_diverse_configs.py#L206:INFO]: Performance for config 5: 1.8837213991995667
[2026-04-06 11:12:19,152:run_diverse_configs.py#L137:INFO]: Running config 6/10 for tpcds_185
[2026-04-06 11:12:19,152:MySQL_Database.py#L242:INFO]: Transpiling workload from PostgreSQL to MySQL syntax...
[2026-04-06 11:12:19,240:MySQL_Database.py#L79:INFO]: MySQL knobs persisted to mysqld-auto.cnf. Restarting to apply...
[2026-04-06 11:12:19,240:MySQL_Database.py#L189:INFO]: Restarting MySQL service...
[2026-04-06 11:12:24,273:MySQL_Database.py#L199:INFO]: Waiting for MySQL to become available...
[2026-04-06 11:12:24,305:MySQL_Database.py#L217:INFO]: MySQL is back up! (Took 0.03s)
[2026-04-06 11:12:24,305:MySQL_Database.py#L32:INFO]: Closed old MySQL connection.
[2026-04-06 11:12:24,363:MySQL_Database.py#L267:INFO]: Executing transpiled workload olap_workloads/tpcds_185.wg (10 queries)...
[2026-04-06 11:12:43,079:MySQL_Database.py#L294:INFO]: Workload olap_workloads/tpcds_185.wg executed successfully.
[2026-04-06 11:12:43,079:run_diverse_configs.py#L206:INFO]: Performance for config 6: 1.8715390943019883
[2026-04-06 11:12:43,079:run_diverse_configs.py#L137:INFO]: Running config 7/10 for tpcds_185
[2026-04-06 11:12:43,080:MySQL_Database.py#L242:INFO]: Transpiling workload from PostgreSQL to MySQL syntax...
[2026-04-06 11:12:43,167:MySQL_Database.py#L79:INFO]: MySQL knobs persisted to mysqld-auto.cnf. Restarting to apply...
[2026-04-06 11:12:43,167:MySQL_Database.py#L189:INFO]: Restarting MySQL service...
[2026-04-06 11:12:48,503:MySQL_Database.py#L199:INFO]: Waiting for MySQL to become available...
[2026-04-06 11:12:48,533:MySQL_Database.py#L217:INFO]: MySQL is back up! (Took 0.03s)
[2026-04-06 11:12:48,534:MySQL_Database.py#L32:INFO]: Closed old MySQL connection.
[2026-04-06 11:12:48,590:MySQL_Database.py#L267:INFO]: Executing transpiled workload olap_workloads/tpcds_185.wg (10 queries)...
[2026-04-06 11:13:07,144:MySQL_Database.py#L294:INFO]: Workload olap_workloads/tpcds_185.wg executed successfully.
[2026-04-06 11:13:07,144:run_diverse_configs.py#L206:INFO]: Performance for config 7: 1.855437946500024
[2026-04-06 11:13:07,145:run_diverse_configs.py#L137:INFO]: Running config 8/10 for tpcds_185
[2026-04-06 11:13:07,145:MySQL_Database.py#L242:INFO]: Transpiling workload from PostgreSQL to MySQL syntax...
[2026-04-06 11:13:07,239:MySQL_Database.py#L79:INFO]: MySQL knobs persisted to mysqld-auto.cnf. Restarting to apply...
[2026-04-06 11:13:07,239:MySQL_Database.py#L189:INFO]: Restarting MySQL service...
[2026-04-06 11:13:11,671:MySQL_Database.py#L199:INFO]: Waiting for MySQL to become available...
[2026-04-06 11:13:11,703:MySQL_Database.py#L217:INFO]: MySQL is back up! (Took 0.03s)
[2026-04-06 11:13:11,704:MySQL_Database.py#L32:INFO]: Closed old MySQL connection.
[2026-04-06 11:13:11,760:MySQL_Database.py#L267:INFO]: Executing transpiled workload olap_workloads/tpcds_185.wg (10 queries)...
[2026-04-06 11:13:30,374:MySQL_Database.py#L294:INFO]: Workload olap_workloads/tpcds_185.wg executed successfully.
[2026-04-06 11:13:30,374:run_diverse_configs.py#L206:INFO]: Performance for config 8: 1.861424841498956
[2026-04-06 11:13:30,375:run_diverse_configs.py#L137:INFO]: Running config 9/10 for tpcds_185
[2026-04-06 11:13:30,375:MySQL_Database.py#L242:INFO]: Transpiling workload from PostgreSQL to MySQL syntax...
[2026-04-06 11:13:30,472:MySQL_Database.py#L79:INFO]: MySQL knobs persisted to mysqld-auto.cnf. Restarting to apply...
[2026-04-06 11:13:30,472:MySQL_Database.py#L189:INFO]: Restarting MySQL service...
[2026-04-06 11:13:35,859:MySQL_Database.py#L199:INFO]: Waiting for MySQL to become available...
[2026-04-06 11:13:35,919:MySQL_Database.py#L217:INFO]: MySQL is back up! (Took 0.06s)
[2026-04-06 11:13:35,919:MySQL_Database.py#L32:INFO]: Closed old MySQL connection.
[2026-04-06 11:13:36,032:MySQL_Database.py#L267:INFO]: Executing transpiled workload olap_workloads/tpcds_185.wg (10 queries)...
[2026-04-06 11:13:54,677:MySQL_Database.py#L294:INFO]: Workload olap_workloads/tpcds_185.wg executed successfully.
[2026-04-06 11:13:54,677:run_diverse_configs.py#L206:INFO]: Performance for config 9: 1.8644818544998998
[2026-04-06 11:13:54,677:run_diverse_configs.py#L137:INFO]: Running config 10/10 for tpcds_185
[2026-04-06 11:13:54,677:MySQL_Database.py#L242:INFO]: Transpiling workload from PostgreSQL to MySQL syntax...
[2026-04-06 11:13:54,762:MySQL_Database.py#L79:INFO]: MySQL knobs persisted to mysqld-auto.cnf. Restarting to apply...
[2026-04-06 11:13:54,762:MySQL_Database.py#L189:INFO]: Restarting MySQL service...
[2026-04-06 11:13:59,495:MySQL_Database.py#L199:INFO]: Waiting for MySQL to become available...
[2026-04-06 11:13:59,529:MySQL_Database.py#L217:INFO]: MySQL is back up! (Took 0.03s)
[2026-04-06 11:13:59,529:MySQL_Database.py#L32:INFO]: Closed old MySQL connection.
[2026-04-06 11:13:59,586:MySQL_Database.py#L267:INFO]: Executing transpiled workload olap_workloads/tpcds_185.wg (10 queries)...
[2026-04-06 11:14:18,369:MySQL_Database.py#L294:INFO]: Workload olap_workloads/tpcds_185.wg executed successfully.
[2026-04-06 11:14:18,370:run_diverse_configs.py#L206:INFO]: Performance for config 10: 1.8783601506991545
[2026-04-06 11:14:18,370:run_diverse_configs.py#L129:INFO]: Running 10 configs for tpcds_65
[2026-04-06 11:14:18,370:run_diverse_configs.py#L137:INFO]: Running config 1/10 for tpcds_65
[2026-04-06 11:14:18,371:MySQL_Database.py#L242:INFO]: Transpiling workload from PostgreSQL to MySQL syntax...
[2026-04-06 11:14:18,469:MySQL_Database.py#L79:INFO]: MySQL knobs persisted to mysqld-auto.cnf. Restarting to apply...
[2026-04-06 11:14:18,469:MySQL_Database.py#L189:INFO]: Restarting MySQL service...
[2026-04-06 11:14:23,503:MySQL_Database.py#L199:INFO]: Waiting for MySQL to become available...
[2026-04-06 11:14:23,533:MySQL_Database.py#L217:INFO]: MySQL is back up! (Took 0.03s)
[2026-04-06 11:14:23,533:MySQL_Database.py#L32:INFO]: Closed old MySQL connection.
[2026-04-06 11:14:23,588:MySQL_Database.py#L267:INFO]: Executing transpiled workload olap_workloads/tpcds_65.wg (10 queries)...
[2026-04-06 11:14:44,454:MySQL_Database.py#L294:INFO]: Workload olap_workloads/tpcds_65.wg executed successfully.
[2026-04-06 11:14:44,455:run_diverse_configs.py#L206:INFO]: Performance for config 1: 2.0865913082001497
[2026-04-06 11:14:44,455:run_diverse_configs.py#L137:INFO]: Running config 2/10 for tpcds_65
[2026-04-06 11:14:44,455:MySQL_Database.py#L242:INFO]: Transpiling workload from PostgreSQL to MySQL syntax...
[2026-04-06 11:14:44,538:MySQL_Database.py#L79:INFO]: MySQL knobs persisted to mysqld-auto.cnf. Restarting to apply...
[2026-04-06 11:14:44,538:MySQL_Database.py#L189:INFO]: Restarting MySQL service...
[2026-04-06 11:14:49,820:MySQL_Database.py#L199:INFO]: Waiting for MySQL to become available...
[2026-04-06 11:14:49,879:MySQL_Database.py#L217:INFO]: MySQL is back up! (Took 0.06s)
[2026-04-06 11:14:49,879:MySQL_Database.py#L32:INFO]: Closed old MySQL connection.
[2026-04-06 11:14:49,935:MySQL_Database.py#L267:INFO]: Executing transpiled workload olap_workloads/tpcds_65.wg (10 queries)...
[2026-04-06 11:15:16,151:MySQL_Database.py#L294:INFO]: Workload olap_workloads/tpcds_65.wg executed successfully.
[2026-04-06 11:15:16,151:run_diverse_configs.py#L206:INFO]: Performance for config 2: 2.6215290585998448
[2026-04-06 11:15:16,151:run_diverse_configs.py#L137:INFO]: Running config 3/10 for tpcds_65
[2026-04-06 11:15:16,151:MySQL_Database.py#L242:INFO]: Transpiling workload from PostgreSQL to MySQL syntax...
[2026-04-06 11:15:16,251:MySQL_Database.py#L79:INFO]: MySQL knobs persisted to mysqld-auto.cnf. Restarting to apply...
[2026-04-06 11:15:16,252:MySQL_Database.py#L189:INFO]: Restarting MySQL service...
[2026-04-06 11:15:21,183:MySQL_Database.py#L199:INFO]: Waiting for MySQL to become available...
[2026-04-06 11:15:21,223:MySQL_Database.py#L217:INFO]: MySQL is back up! (Took 0.04s)
[2026-04-06 11:15:21,224:MySQL_Database.py#L32:INFO]: Closed old MySQL connection.
[2026-04-06 11:15:21,280:MySQL_Database.py#L267:INFO]: Executing transpiled workload olap_workloads/tpcds_65.wg (10 queries)...
[2026-04-06 11:15:39,726:MySQL_Database.py#L294:INFO]: Workload olap_workloads/tpcds_65.wg executed successfully.
[2026-04-06 11:15:39,726:run_diverse_configs.py#L206:INFO]: Performance for config 3: 1.8445812536985613
[2026-04-06 11:15:39,726:run_diverse_configs.py#L137:INFO]: Running config 4/10 for tpcds_65
[2026-04-06 11:15:39,727:MySQL_Database.py#L242:INFO]: Transpiling workload from PostgreSQL to MySQL syntax...
[2026-04-06 11:15:39,823:MySQL_Database.py#L79:INFO]: MySQL knobs persisted to mysqld-auto.cnf. Restarting to apply...
[2026-04-06 11:15:39,823:MySQL_Database.py#L189:INFO]: Restarting MySQL service...
[2026-04-06 11:15:43,952:MySQL_Database.py#L199:INFO]: Waiting for MySQL to become available...
[2026-04-06 11:15:43,985:MySQL_Database.py#L217:INFO]: MySQL is back up! (Took 0.03s)
[2026-04-06 11:15:43,986:MySQL_Database.py#L32:INFO]: Closed old MySQL connection.
[2026-04-06 11:15:44,042:MySQL_Database.py#L267:INFO]: Executing transpiled workload olap_workloads/tpcds_65.wg (10 queries)...
[2026-04-06 11:16:10,448:MySQL_Database.py#L294:INFO]: Workload olap_workloads/tpcds_65.wg executed successfully.
[2026-04-06 11:16:10,448:run_diverse_configs.py#L206:INFO]: Performance for config 4: 2.6405140914983347
[2026-04-06 11:16:10,448:run_diverse_configs.py#L137:INFO]: Running config 5/10 for tpcds_65
[2026-04-06 11:16:10,448:MySQL_Database.py#L242:INFO]: Transpiling workload from PostgreSQL to MySQL syntax...
[2026-04-06 11:16:10,538:MySQL_Database.py#L79:INFO]: MySQL knobs persisted to mysqld-auto.cnf. Restarting to apply...
[2026-04-06 11:16:10,539:MySQL_Database.py#L189:INFO]: Restarting MySQL service...
[2026-04-06 11:16:15,069:MySQL_Database.py#L199:INFO]: Waiting for MySQL to become available...
[2026-04-06 11:16:15,128:MySQL_Database.py#L217:INFO]: MySQL is back up! (Took 0.06s)
[2026-04-06 11:16:15,129:MySQL_Database.py#L32:INFO]: Closed old MySQL connection.
[2026-04-06 11:16:15,242:MySQL_Database.py#L267:INFO]: Executing transpiled workload olap_workloads/tpcds_65.wg (10 queries)...
[2026-04-06 11:16:34,499:MySQL_Database.py#L294:INFO]: Workload olap_workloads/tpcds_65.wg executed successfully.
[2026-04-06 11:16:34,499:run_diverse_configs.py#L206:INFO]: Performance for config 5: 1.925665616997867
[2026-04-06 11:16:34,499:run_diverse_configs.py#L137:INFO]: Running config 6/10 for tpcds_65
[2026-04-06 11:16:34,500:MySQL_Database.py#L242:INFO]: Transpiling workload from PostgreSQL to MySQL syntax...
[2026-04-06 11:16:34,594:MySQL_Database.py#L79:INFO]: MySQL knobs persisted to mysqld-auto.cnf. Restarting to apply...
[2026-04-06 11:16:34,595:MySQL_Database.py#L189:INFO]: Restarting MySQL service...
[2026-04-06 11:16:39,578:MySQL_Database.py#L199:INFO]: Waiting for MySQL to become available...
[2026-04-06 11:16:39,612:MySQL_Database.py#L217:INFO]: MySQL is back up! (Took 0.03s)
[2026-04-06 11:16:39,612:MySQL_Database.py#L32:INFO]: Closed old MySQL connection.
[2026-04-06 11:16:39,669:MySQL_Database.py#L267:INFO]: Executing transpiled workload olap_workloads/tpcds_65.wg (10 queries)...
[2026-04-06 11:17:05,858:MySQL_Database.py#L294:INFO]: Workload olap_workloads/tpcds_65.wg executed successfully.
[2026-04-06 11:17:05,858:run_diverse_configs.py#L206:INFO]: Performance for config 6: 2.6189048318978165
[2026-04-06 11:17:05,858:run_diverse_configs.py#L137:INFO]: Running config 7/10 for tpcds_65
[2026-04-06 11:17:05,859:MySQL_Database.py#L242:INFO]: Transpiling workload from PostgreSQL to MySQL syntax...
[2026-04-06 11:17:05,943:MySQL_Database.py#L79:INFO]: MySQL knobs persisted to mysqld-auto.cnf. Restarting to apply...
[2026-04-06 11:17:05,943:MySQL_Database.py#L189:INFO]: Restarting MySQL service...
[2026-04-06 11:17:10,724:MySQL_Database.py#L199:INFO]: Waiting for MySQL to become available...
[2026-04-06 11:17:10,786:MySQL_Database.py#L217:INFO]: MySQL is back up! (Took 0.06s)
[2026-04-06 11:17:10,787:MySQL_Database.py#L32:INFO]: Closed old MySQL connection.
[2026-04-06 11:17:10,900:MySQL_Database.py#L267:INFO]: Executing transpiled workload olap_workloads/tpcds_65.wg (10 queries)...
[2026-04-06 11:17:29,321:MySQL_Database.py#L294:INFO]: Workload olap_workloads/tpcds_65.wg executed successfully.
[2026-04-06 11:17:29,321:run_diverse_configs.py#L206:INFO]: Performance for config 7: 1.8420167902018876
[2026-04-06 11:17:29,321:run_diverse_configs.py#L137:INFO]: Running config 8/10 for tpcds_65
[2026-04-06 11:17:29,322:MySQL_Database.py#L242:INFO]: Transpiling workload from PostgreSQL to MySQL syntax...
[2026-04-06 11:17:29,410:MySQL_Database.py#L79:INFO]: MySQL knobs persisted to mysqld-auto.cnf. Restarting to apply...
[2026-04-06 11:17:29,410:MySQL_Database.py#L189:INFO]: Restarting MySQL service...
[2026-04-06 11:17:33,991:MySQL_Database.py#L199:INFO]: Waiting for MySQL to become available...
[2026-04-06 11:17:34,021:MySQL_Database.py#L217:INFO]: MySQL is back up! (Took 0.03s)
[2026-04-06 11:17:34,022:MySQL_Database.py#L32:INFO]: Closed old MySQL connection.
[2026-04-06 11:17:34,077:MySQL_Database.py#L267:INFO]: Executing transpiled workload olap_workloads/tpcds_65.wg (10 queries)...
[2026-04-06 11:18:00,408:MySQL_Database.py#L294:INFO]: Workload olap_workloads/tpcds_65.wg executed successfully.
[2026-04-06 11:18:00,408:run_diverse_configs.py#L206:INFO]: Performance for config 8: 2.6330361111002274
[2026-04-06 11:18:00,408:run_diverse_configs.py#L137:INFO]: Running config 9/10 for tpcds_65
[2026-04-06 11:18:00,408:MySQL_Database.py#L242:INFO]: Transpiling workload from PostgreSQL to MySQL syntax...
[2026-04-06 11:18:00,492:MySQL_Database.py#L79:INFO]: MySQL knobs persisted to mysqld-auto.cnf. Restarting to apply...
[2026-04-06 11:18:00,492:MySQL_Database.py#L189:INFO]: Restarting MySQL service...
[2026-04-06 11:18:04,925:MySQL_Database.py#L199:INFO]: Waiting for MySQL to become available...
[2026-04-06 11:18:04,984:MySQL_Database.py#L217:INFO]: MySQL is back up! (Took 0.06s)
[2026-04-06 11:18:04,984:MySQL_Database.py#L32:INFO]: Closed old MySQL connection.
[2026-04-06 11:18:05,039:MySQL_Database.py#L267:INFO]: Executing transpiled workload olap_workloads/tpcds_65.wg (10 queries)...
[2026-04-06 11:18:23,558:MySQL_Database.py#L294:INFO]: Workload olap_workloads/tpcds_65.wg executed successfully.
[2026-04-06 11:18:23,558:run_diverse_configs.py#L206:INFO]: Performance for config 9: 1.8517961161996936
[2026-04-06 11:18:23,558:run_diverse_configs.py#L137:INFO]: Running config 10/10 for tpcds_65
[2026-04-06 11:18:23,558:MySQL_Database.py#L242:INFO]: Transpiling workload from PostgreSQL to MySQL syntax...
[2026-04-06 11:18:23,643:MySQL_Database.py#L79:INFO]: MySQL knobs persisted to mysqld-auto.cnf. Restarting to apply...
[2026-04-06 11:18:23,643:MySQL_Database.py#L189:INFO]: Restarting MySQL service...
[2026-04-06 11:18:27,672:MySQL_Database.py#L199:INFO]: Waiting for MySQL to become available...
[2026-04-06 11:18:27,704:MySQL_Database.py#L217:INFO]: MySQL is back up! (Took 0.03s)
[2026-04-06 11:18:27,704:MySQL_Database.py#L32:INFO]: Closed old MySQL connection.
[2026-04-06 11:18:27,761:MySQL_Database.py#L267:INFO]: Executing transpiled workload olap_workloads/tpcds_65.wg (10 queries)...
[2026-04-06 11:18:46,105:MySQL_Database.py#L294:INFO]: Workload olap_workloads/tpcds_65.wg executed successfully.
[2026-04-06 11:18:46,106:run_diverse_configs.py#L206:INFO]: Performance for config 10: 1.8344198411999968
[2026-04-06 11:18:46,106:run_diverse_configs.py#L129:INFO]: Running 10 configs for tpcds_109
[2026-04-06 11:18:46,106:run_diverse_configs.py#L137:INFO]: Running config 1/10 for tpcds_109
[2026-04-06 11:18:46,107:MySQL_Database.py#L242:INFO]: Transpiling workload from PostgreSQL to MySQL syntax...
[2026-04-06 11:18:46,182:MySQL_Database.py#L79:INFO]: MySQL knobs persisted to mysqld-auto.cnf. Restarting to apply...
[2026-04-06 11:18:46,182:MySQL_Database.py#L189:INFO]: Restarting MySQL service...
[2026-04-06 11:18:50,965:MySQL_Database.py#L199:INFO]: Waiting for MySQL to become available...
[2026-04-06 11:18:50,995:MySQL_Database.py#L217:INFO]: MySQL is back up! (Took 0.03s)
[2026-04-06 11:18:50,996:MySQL_Database.py#L32:INFO]: Closed old MySQL connection.
[2026-04-06 11:18:51,051:MySQL_Database.py#L267:INFO]: Executing transpiled workload olap_workloads/tpcds_109.wg (2 queries)...
[2026-04-06 11:19:08,586:MySQL_Database.py#L294:INFO]: Workload olap_workloads/tpcds_109.wg executed successfully.
[2026-04-06 11:19:08,587:run_diverse_configs.py#L206:INFO]: Performance for config 1: 8.767403128993465
[2026-04-06 11:19:08,587:run_diverse_configs.py#L137:INFO]: Running config 2/10 for tpcds_109
[2026-04-06 11:19:08,587:MySQL_Database.py#L242:INFO]: Transpiling workload from PostgreSQL to MySQL syntax...
[2026-04-06 11:19:08,666:MySQL_Database.py#L79:INFO]: MySQL knobs persisted to mysqld-auto.cnf. Restarting to apply...
[2026-04-06 11:19:08,666:MySQL_Database.py#L189:INFO]: Restarting MySQL service...
[2026-04-06 11:19:13,398:MySQL_Database.py#L199:INFO]: Waiting for MySQL to become available...
[2026-04-06 11:19:13,428:MySQL_Database.py#L217:INFO]: MySQL is back up! (Took 0.03s)
[2026-04-06 11:19:13,428:MySQL_Database.py#L32:INFO]: Closed old MySQL connection.
[2026-04-06 11:19:13,484:MySQL_Database.py#L267:INFO]: Executing transpiled workload olap_workloads/tpcds_109.wg (2 queries)...
[2026-04-06 11:19:27,193:MySQL_Database.py#L294:INFO]: Workload olap_workloads/tpcds_109.wg executed successfully.
[2026-04-06 11:19:27,193:run_diverse_configs.py#L206:INFO]: Performance for config 2: 6.8545868060027715
[2026-04-06 11:19:27,194:run_diverse_configs.py#L137:INFO]: Running config 3/10 for tpcds_109
[2026-04-06 11:19:27,194:MySQL_Database.py#L242:INFO]: Transpiling workload from PostgreSQL to MySQL syntax...
[2026-04-06 11:19:27,286:MySQL_Database.py#L79:INFO]: MySQL knobs persisted to mysqld-auto.cnf. Restarting to apply...
[2026-04-06 11:19:27,286:MySQL_Database.py#L189:INFO]: Restarting MySQL service...
[2026-04-06 11:19:32,772:MySQL_Database.py#L199:INFO]: Waiting for MySQL to become available...
[2026-04-06 11:19:32,820:MySQL_Database.py#L217:INFO]: MySQL is back up! (Took 0.05s)
[2026-04-06 11:19:32,821:MySQL_Database.py#L32:INFO]: Closed old MySQL connection.
[2026-04-06 11:19:32,877:MySQL_Database.py#L267:INFO]: Executing transpiled workload olap_workloads/tpcds_109.wg (2 queries)...
[2026-04-06 11:19:46,691:MySQL_Database.py#L294:INFO]: Workload olap_workloads/tpcds_109.wg executed successfully.
[2026-04-06 11:19:46,691:run_diverse_configs.py#L206:INFO]: Performance for config 3: 6.906797824500245
[2026-04-06 11:19:46,691:run_diverse_configs.py#L137:INFO]: Running config 4/10 for tpcds_109
[2026-04-06 11:19:46,692:MySQL_Database.py#L242:INFO]: Transpiling workload from PostgreSQL to MySQL syntax...
[2026-04-06 11:19:46,761:MySQL_Database.py#L79:INFO]: MySQL knobs persisted to mysqld-auto.cnf. Restarting to apply...
[2026-04-06 11:19:46,761:MySQL_Database.py#L189:INFO]: Restarting MySQL service...
[2026-04-06 11:19:52,196:MySQL_Database.py#L199:INFO]: Waiting for MySQL to become available...
[2026-04-06 11:19:52,250:MySQL_Database.py#L217:INFO]: MySQL is back up! (Took 0.05s)
[2026-04-06 11:19:52,251:MySQL_Database.py#L32:INFO]: Closed old MySQL connection.
[2026-04-06 11:19:52,306:MySQL_Database.py#L267:INFO]: Executing transpiled workload olap_workloads/tpcds_109.wg (2 queries)...
[2026-04-06 11:20:06,081:MySQL_Database.py#L294:INFO]: Workload olap_workloads/tpcds_109.wg executed successfully.
[2026-04-06 11:20:06,081:run_diverse_configs.py#L206:INFO]: Performance for config 4: 6.88720542100782
[2026-04-06 11:20:06,081:run_diverse_configs.py#L137:INFO]: Running config 5/10 for tpcds_109
[2026-04-06 11:20:06,082:MySQL_Database.py#L242:INFO]: Transpiling workload from PostgreSQL to MySQL syntax...
[2026-04-06 11:20:06,167:MySQL_Database.py#L79:INFO]: MySQL knobs persisted to mysqld-auto.cnf. Restarting to apply...
[2026-04-06 11:20:06,167:MySQL_Database.py#L189:INFO]: Restarting MySQL service...
[2026-04-06 11:20:11,553:MySQL_Database.py#L199:INFO]: Waiting for MySQL to become available...
[2026-04-06 11:20:11,586:MySQL_Database.py#L217:INFO]: MySQL is back up! (Took 0.03s)
[2026-04-06 11:20:11,586:MySQL_Database.py#L32:INFO]: Closed old MySQL connection.
[2026-04-06 11:20:11,641:MySQL_Database.py#L267:INFO]: Executing transpiled workload olap_workloads/tpcds_109.wg (2 queries)...
[2026-04-06 11:20:25,355:MySQL_Database.py#L294:INFO]: Workload olap_workloads/tpcds_109.wg executed successfully.
[2026-04-06 11:20:25,355:run_diverse_configs.py#L206:INFO]: Performance for config 5: 6.856869467505021
[2026-04-06 11:20:25,356:run_diverse_configs.py#L137:INFO]: Running config 6/10 for tpcds_109
[2026-04-06 11:20:25,356:MySQL_Database.py#L242:INFO]: Transpiling workload from PostgreSQL to MySQL syntax...
[2026-04-06 11:20:25,440:MySQL_Database.py#L79:INFO]: MySQL knobs persisted to mysqld-auto.cnf. Restarting to apply...
[2026-04-06 11:20:25,440:MySQL_Database.py#L189:INFO]: Restarting MySQL service...
[2026-04-06 11:20:30,826:MySQL_Database.py#L199:INFO]: Waiting for MySQL to become available...
[2026-04-06 11:20:30,856:MySQL_Database.py#L217:INFO]: MySQL is back up! (Took 0.03s)
[2026-04-06 11:20:30,857:MySQL_Database.py#L32:INFO]: Closed old MySQL connection.
[2026-04-06 11:20:30,913:MySQL_Database.py#L267:INFO]: Executing transpiled workload olap_workloads/tpcds_109.wg (2 queries)...
[2026-04-06 11:20:44,650:MySQL_Database.py#L294:INFO]: Workload olap_workloads/tpcds_109.wg executed successfully.
[2026-04-06 11:20:44,650:run_diverse_configs.py#L206:INFO]: Performance for config 6: 6.868297232009354
[2026-04-06 11:20:44,650:run_diverse_configs.py#L137:INFO]: Running config 7/10 for tpcds_109
[2026-04-06 11:20:44,651:MySQL_Database.py#L242:INFO]: Transpiling workload from PostgreSQL to MySQL syntax...
[2026-04-06 11:20:44,737:MySQL_Database.py#L79:INFO]: MySQL knobs persisted to mysqld-auto.cnf. Restarting to apply...
[2026-04-06 11:20:44,737:MySQL_Database.py#L189:INFO]: Restarting MySQL service...
[2026-04-06 11:20:50,023:MySQL_Database.py#L199:INFO]: Waiting for MySQL to become available...
[2026-04-06 11:20:50,094:MySQL_Database.py#L217:INFO]: MySQL is back up! (Took 0.07s)
[2026-04-06 11:20:50,094:MySQL_Database.py#L32:INFO]: Closed old MySQL connection.
[2026-04-06 11:20:50,207:MySQL_Database.py#L267:INFO]: Executing transpiled workload olap_workloads/tpcds_109.wg (2 queries)...
[2026-04-06 11:21:04,104:MySQL_Database.py#L294:INFO]: Workload olap_workloads/tpcds_109.wg executed successfully.
[2026-04-06 11:21:04,105:run_diverse_configs.py#L206:INFO]: Performance for config 7: 6.948526334002963
[2026-04-06 11:21:04,105:run_diverse_configs.py#L137:INFO]: Running config 8/10 for tpcds_109
[2026-04-06 11:21:04,105:MySQL_Database.py#L242:INFO]: Transpiling workload from PostgreSQL to MySQL syntax...
[2026-04-06 11:21:04,195:MySQL_Database.py#L79:INFO]: MySQL knobs persisted to mysqld-auto.cnf. Restarting to apply...
[2026-04-06 11:21:04,195:MySQL_Database.py#L189:INFO]: Restarting MySQL service...
[2026-04-06 11:21:08,726:MySQL_Database.py#L199:INFO]: Waiting for MySQL to become available...
[2026-04-06 11:21:08,756:MySQL_Database.py#L217:INFO]: MySQL is back up! (Took 0.03s)
[2026-04-06 11:21:08,756:MySQL_Database.py#L32:INFO]: Closed old MySQL connection.
[2026-04-06 11:21:08,812:MySQL_Database.py#L267:INFO]: Executing transpiled workload olap_workloads/tpcds_109.wg (2 queries)...
[2026-04-06 11:21:22,906:MySQL_Database.py#L294:INFO]: Workload olap_workloads/tpcds_109.wg executed successfully.
[2026-04-06 11:21:22,906:run_diverse_configs.py#L206:INFO]: Performance for config 8: 7.046950440504588
[2026-04-06 11:21:22,906:run_diverse_configs.py#L137:INFO]: Running config 9/10 for tpcds_109
[2026-04-06 11:21:22,907:MySQL_Database.py#L242:INFO]: Transpiling workload from PostgreSQL to MySQL syntax...
[2026-04-06 11:21:22,987:MySQL_Database.py#L79:INFO]: MySQL knobs persisted to mysqld-auto.cnf. Restarting to apply...
[2026-04-06 11:21:22,988:MySQL_Database.py#L189:INFO]: Restarting MySQL service...
[2026-04-06 11:21:27,922:MySQL_Database.py#L199:INFO]: Waiting for MySQL to become available...
[2026-04-06 11:21:27,952:MySQL_Database.py#L217:INFO]: MySQL is back up! (Took 0.03s)
[2026-04-06 11:21:27,953:MySQL_Database.py#L32:INFO]: Closed old MySQL connection.
[2026-04-06 11:21:28,008:MySQL_Database.py#L267:INFO]: Executing transpiled workload olap_workloads/tpcds_109.wg (2 queries)...
[2026-04-06 11:21:41,776:MySQL_Database.py#L294:INFO]: Workload olap_workloads/tpcds_109.wg executed successfully.
[2026-04-06 11:21:41,776:run_diverse_configs.py#L206:INFO]: Performance for config 9: 6.88397496950347
[2026-04-06 11:21:41,777:run_diverse_configs.py#L137:INFO]: Running config 10/10 for tpcds_109
[2026-04-06 11:21:41,777:MySQL_Database.py#L242:INFO]: Transpiling workload from PostgreSQL to MySQL syntax...
[2026-04-06 11:21:41,865:MySQL_Database.py#L79:INFO]: MySQL knobs persisted to mysqld-auto.cnf. Restarting to apply...
[2026-04-06 11:21:41,865:MySQL_Database.py#L189:INFO]: Restarting MySQL service...
[2026-04-06 11:21:47,198:MySQL_Database.py#L199:INFO]: Waiting for MySQL to become available...
[2026-04-06 11:21:47,228:MySQL_Database.py#L217:INFO]: MySQL is back up! (Took 0.03s)
[2026-04-06 11:21:47,229:MySQL_Database.py#L32:INFO]: Closed old MySQL connection.
[2026-04-06 11:21:47,284:MySQL_Database.py#L267:INFO]: Executing transpiled workload olap_workloads/tpcds_109.wg (2 queries)...
[2026-04-06 11:22:01,042:MySQL_Database.py#L294:INFO]: Workload olap_workloads/tpcds_109.wg executed successfully.
[2026-04-06 11:22:01,042:run_diverse_configs.py#L206:INFO]: Performance for config 10: 6.87847260000126
[2026-04-06 11:22:01,042:run_diverse_configs.py#L129:INFO]: Running 10 configs for tpcds_51
[2026-04-06 11:22:01,042:run_diverse_configs.py#L137:INFO]: Running config 1/10 for tpcds_51
[2026-04-06 11:22:01,043:MySQL_Database.py#L242:INFO]: Transpiling workload from PostgreSQL to MySQL syntax...
[2026-04-06 11:22:01,124:MySQL_Database.py#L79:INFO]: MySQL knobs persisted to mysqld-auto.cnf. Restarting to apply...
[2026-04-06 11:22:01,124:MySQL_Database.py#L189:INFO]: Restarting MySQL service...
[2026-04-06 11:22:06,056:MySQL_Database.py#L199:INFO]: Waiting for MySQL to become available...
[2026-04-06 11:22:06,087:MySQL_Database.py#L217:INFO]: MySQL is back up! (Took 0.03s)
[2026-04-06 11:22:06,087:MySQL_Database.py#L32:INFO]: Closed old MySQL connection.
[2026-04-06 11:22:06,143:MySQL_Database.py#L267:INFO]: Executing transpiled workload olap_workloads/tpcds_51.wg (2 queries)...
[2026-04-06 11:22:08,653:MySQL_Database.py#L294:INFO]: Workload olap_workloads/tpcds_51.wg executed successfully.
[2026-04-06 11:22:08,653:run_diverse_configs.py#L206:INFO]: Performance for config 1: 1.2549702699907357
[2026-04-06 11:22:08,653:run_diverse_configs.py#L137:INFO]: Running config 2/10 for tpcds_51
[2026-04-06 11:22:08,654:MySQL_Database.py#L242:INFO]: Transpiling workload from PostgreSQL to MySQL syntax...
[2026-04-06 11:22:08,730:MySQL_Database.py#L79:INFO]: MySQL knobs persisted to mysqld-auto.cnf. Restarting to apply...
[2026-04-06 11:22:08,730:MySQL_Database.py#L189:INFO]: Restarting MySQL service...
[2026-04-06 11:22:12,608:MySQL_Database.py#L199:INFO]: Waiting for MySQL to become available...
[2026-04-06 11:22:12,638:MySQL_Database.py#L217:INFO]: MySQL is back up! (Took 0.03s)
[2026-04-06 11:22:12,638:MySQL_Database.py#L32:INFO]: Closed old MySQL connection.
[2026-04-06 11:22:12,694:MySQL_Database.py#L267:INFO]: Executing transpiled workload olap_workloads/tpcds_51.wg (2 queries)...
[2026-04-06 11:22:15,170:MySQL_Database.py#L294:INFO]: Workload olap_workloads/tpcds_51.wg executed successfully.
[2026-04-06 11:22:15,171:run_diverse_configs.py#L206:INFO]: Performance for config 2: 1.238119902991457
[2026-04-06 11:22:15,171:run_diverse_configs.py#L137:INFO]: Running config 3/10 for tpcds_51
[2026-04-06 11:22:15,171:MySQL_Database.py#L242:INFO]: Transpiling workload from PostgreSQL to MySQL syntax...
[2026-04-06 11:22:15,246:MySQL_Database.py#L79:INFO]: MySQL knobs persisted to mysqld-auto.cnf. Restarting to apply...
[2026-04-06 11:22:15,246:MySQL_Database.py#L189:INFO]: Restarting MySQL service...
[2026-04-06 11:22:19,425:MySQL_Database.py#L199:INFO]: Waiting for MySQL to become available...
[2026-04-06 11:22:19,456:MySQL_Database.py#L217:INFO]: MySQL is back up! (Took 0.03s)
[2026-04-06 11:22:19,457:MySQL_Database.py#L32:INFO]: Closed old MySQL connection.
[2026-04-06 11:22:19,512:MySQL_Database.py#L267:INFO]: Executing transpiled workload olap_workloads/tpcds_51.wg (2 queries)...
[2026-04-06 11:22:21,984:MySQL_Database.py#L294:INFO]: Workload olap_workloads/tpcds_51.wg executed successfully.
[2026-04-06 11:22:21,984:run_diverse_configs.py#L206:INFO]: Performance for config 3: 1.2357985244889278
[2026-04-06 11:22:21,984:run_diverse_configs.py#L137:INFO]: Running config 4/10 for tpcds_51
[2026-04-06 11:22:21,985:MySQL_Database.py#L242:INFO]: Transpiling workload from PostgreSQL to MySQL syntax...
[2026-04-06 11:22:22,057:MySQL_Database.py#L79:INFO]: MySQL knobs persisted to mysqld-auto.cnf. Restarting to apply...
[2026-04-06 11:22:22,057:MySQL_Database.py#L189:INFO]: Restarting MySQL service...
[2026-04-06 11:22:26,188:MySQL_Database.py#L199:INFO]: Waiting for MySQL to become available...
[2026-04-06 11:22:26,224:MySQL_Database.py#L217:INFO]: MySQL is back up! (Took 0.04s)
[2026-04-06 11:22:26,224:MySQL_Database.py#L32:INFO]: Closed old MySQL connection.
[2026-04-06 11:22:26,281:MySQL_Database.py#L267:INFO]: Executing transpiled workload olap_workloads/tpcds_51.wg (2 queries)...
[2026-04-06 11:22:28,749:MySQL_Database.py#L294:INFO]: Workload olap_workloads/tpcds_51.wg executed successfully.
[2026-04-06 11:22:28,750:run_diverse_configs.py#L206:INFO]: Performance for config 4: 1.2340339809888974
[2026-04-06 11:22:28,750:run_diverse_configs.py#L137:INFO]: Running config 5/10 for tpcds_51
[2026-04-06 11:22:28,750:MySQL_Database.py#L242:INFO]: Transpiling workload from PostgreSQL to MySQL syntax...
[2026-04-06 11:22:28,834:MySQL_Database.py#L79:INFO]: MySQL knobs persisted to mysqld-auto.cnf. Restarting to apply...
[2026-04-06 11:22:28,834:MySQL_Database.py#L189:INFO]: Restarting MySQL service...
[2026-04-06 11:22:32,661:MySQL_Database.py#L199:INFO]: Waiting for MySQL to become available...
[2026-04-06 11:22:32,692:MySQL_Database.py#L217:INFO]: MySQL is back up! (Took 0.03s)
[2026-04-06 11:22:32,693:MySQL_Database.py#L32:INFO]: Closed old MySQL connection.
[2026-04-06 11:22:32,749:MySQL_Database.py#L267:INFO]: Executing transpiled workload olap_workloads/tpcds_51.wg (2 queries)...
[2026-04-06 11:22:35,295:MySQL_Database.py#L294:INFO]: Workload olap_workloads/tpcds_51.wg executed successfully.
[2026-04-06 11:22:35,295:run_diverse_configs.py#L206:INFO]: Performance for config 5: 1.2724768219923135
[2026-04-06 11:22:35,295:run_diverse_configs.py#L137:INFO]: Running config 6/10 for tpcds_51
[2026-04-06 11:22:35,295:MySQL_Database.py#L242:INFO]: Transpiling workload from PostgreSQL to MySQL syntax...
[2026-04-06 11:22:35,381:MySQL_Database.py#L79:INFO]: MySQL knobs persisted to mysqld-auto.cnf. Restarting to apply...
[2026-04-06 11:22:35,381:MySQL_Database.py#L189:INFO]: Restarting MySQL service...
[2026-04-06 11:22:39,159:MySQL_Database.py#L199:INFO]: Waiting for MySQL to become available...
[2026-04-06 11:22:39,190:MySQL_Database.py#L217:INFO]: MySQL is back up! (Took 0.03s)
[2026-04-06 11:22:39,190:MySQL_Database.py#L32:INFO]: Closed old MySQL connection.
[2026-04-06 11:22:39,246:MySQL_Database.py#L267:INFO]: Executing transpiled workload olap_workloads/tpcds_51.wg (2 queries)...
[2026-04-06 11:22:41,721:MySQL_Database.py#L294:INFO]: Workload olap_workloads/tpcds_51.wg executed successfully.
[2026-04-06 11:22:41,721:run_diverse_configs.py#L206:INFO]: Performance for config 6: 1.2374236640025629
[2026-04-06 11:22:41,721:run_diverse_configs.py#L137:INFO]: Running config 7/10 for tpcds_51
[2026-04-06 11:22:41,722:MySQL_Database.py#L242:INFO]: Transpiling workload from PostgreSQL to MySQL syntax...
[2026-04-06 11:22:41,801:MySQL_Database.py#L79:INFO]: MySQL knobs persisted to mysqld-auto.cnf. Restarting to apply...
[2026-04-06 11:22:41,801:MySQL_Database.py#L189:INFO]: Restarting MySQL service...
[2026-04-06 11:22:45,830:MySQL_Database.py#L199:INFO]: Waiting for MySQL to become available...
[2026-04-06 11:22:45,861:MySQL_Database.py#L217:INFO]: MySQL is back up! (Took 0.03s)
[2026-04-06 11:22:45,861:MySQL_Database.py#L32:INFO]: Closed old MySQL connection.
[2026-04-06 11:22:45,917:MySQL_Database.py#L267:INFO]: Executing transpiled workload olap_workloads/tpcds_51.wg (2 queries)...
[2026-04-06 11:22:48,411:MySQL_Database.py#L294:INFO]: Workload olap_workloads/tpcds_51.wg executed successfully.
[2026-04-06 11:22:48,412:run_diverse_configs.py#L206:INFO]: Performance for config 7: 1.247173424504581
[2026-04-06 11:22:48,412:run_diverse_configs.py#L137:INFO]: Running config 8/10 for tpcds_51
[2026-04-06 11:22:48,412:MySQL_Database.py#L242:INFO]: Transpiling workload from PostgreSQL to MySQL syntax...
[2026-04-06 11:22:48,490:MySQL_Database.py#L79:INFO]: MySQL knobs persisted to mysqld-auto.cnf. Restarting to apply...
[2026-04-06 11:22:48,490:MySQL_Database.py#L189:INFO]: Restarting MySQL service...
[2026-04-06 11:22:52,568:MySQL_Database.py#L199:INFO]: Waiting for MySQL to become available...
[2026-04-06 11:22:52,609:MySQL_Database.py#L217:INFO]: MySQL is back up! (Took 0.04s)
[2026-04-06 11:22:52,609:MySQL_Database.py#L32:INFO]: Closed old MySQL connection.
[2026-04-06 11:22:52,665:MySQL_Database.py#L267:INFO]: Executing transpiled workload olap_workloads/tpcds_51.wg (2 queries)...
[2026-04-06 11:22:55,242:MySQL_Database.py#L294:INFO]: Workload olap_workloads/tpcds_51.wg executed successfully.
[2026-04-06 11:22:55,242:run_diverse_configs.py#L206:INFO]: Performance for config 8: 1.2885680930048693
[2026-04-06 11:22:55,243:run_diverse_configs.py#L137:INFO]: Running config 9/10 for tpcds_51
[2026-04-06 11:22:55,243:MySQL_Database.py#L242:INFO]: Transpiling workload from PostgreSQL to MySQL syntax...
[2026-04-06 11:22:55,325:MySQL_Database.py#L79:INFO]: MySQL knobs persisted to mysqld-auto.cnf. Restarting to apply...
[2026-04-06 11:22:55,325:MySQL_Database.py#L189:INFO]: Restarting MySQL service...
[2026-04-06 11:22:59,907:MySQL_Database.py#L199:INFO]: Waiting for MySQL to become available...
[2026-04-06 11:22:59,955:MySQL_Database.py#L217:INFO]: MySQL is back up! (Took 0.05s)
[2026-04-06 11:22:59,956:MySQL_Database.py#L32:INFO]: Closed old MySQL connection.
[2026-04-06 11:23:00,012:MySQL_Database.py#L267:INFO]: Executing transpiled workload olap_workloads/tpcds_51.wg (2 queries)...
[2026-04-06 11:23:02,775:MySQL_Database.py#L294:INFO]: Workload olap_workloads/tpcds_51.wg executed successfully.
[2026-04-06 11:23:02,775:run_diverse_configs.py#L206:INFO]: Performance for config 9: 1.3812670015031472
[2026-04-06 11:23:02,775:run_diverse_configs.py#L137:INFO]: Running config 10/10 for tpcds_51
[2026-04-06 11:23:02,776:MySQL_Database.py#L242:INFO]: Transpiling workload from PostgreSQL to MySQL syntax...
[2026-04-06 11:23:02,860:MySQL_Database.py#L79:INFO]: MySQL knobs persisted to mysqld-auto.cnf. Restarting to apply...
[2026-04-06 11:23:02,860:MySQL_Database.py#L189:INFO]: Restarting MySQL service...
[2026-04-06 11:23:08,347:MySQL_Database.py#L199:INFO]: Waiting for MySQL to become available...
[2026-04-06 11:23:08,378:MySQL_Database.py#L217:INFO]: MySQL is back up! (Took 0.03s)
[2026-04-06 11:23:08,378:MySQL_Database.py#L32:INFO]: Closed old MySQL connection.
[2026-04-06 11:23:08,434:MySQL_Database.py#L267:INFO]: Executing transpiled workload olap_workloads/tpcds_51.wg (2 queries)...
[2026-04-06 11:23:10,893:MySQL_Database.py#L294:INFO]: Workload olap_workloads/tpcds_51.wg executed successfully.
[2026-04-06 11:23:10,893:run_diverse_configs.py#L206:INFO]: Performance for config 10: 1.2294225049990928
[2026-04-06 11:23:10,894:run_diverse_configs.py#L129:INFO]: Running 10 configs for tpcds_200
[2026-04-06 11:23:10,894:run_diverse_configs.py#L137:INFO]: Running config 1/10 for tpcds_200
[2026-04-06 11:23:10,895:MySQL_Database.py#L242:INFO]: Transpiling workload from PostgreSQL to MySQL syntax...
[2026-04-06 11:23:10,972:MySQL_Database.py#L79:INFO]: MySQL knobs persisted to mysqld-auto.cnf. Restarting to apply...
[2026-04-06 11:23:10,972:MySQL_Database.py#L189:INFO]: Restarting MySQL service...
[2026-04-06 11:23:15,354:MySQL_Database.py#L199:INFO]: Waiting for MySQL to become available...
[2026-04-06 11:23:15,385:MySQL_Database.py#L217:INFO]: MySQL is back up! (Took 0.03s)
[2026-04-06 11:23:15,385:MySQL_Database.py#L32:INFO]: Closed old MySQL connection.
[2026-04-06 11:23:15,442:MySQL_Database.py#L267:INFO]: Executing transpiled workload olap_workloads/tpcds_200.wg (2 queries)...
[2026-04-06 11:23:31,917:MySQL_Database.py#L294:INFO]: Workload olap_workloads/tpcds_200.wg executed successfully.
[2026-04-06 11:23:31,917:run_diverse_configs.py#L206:INFO]: Performance for config 1: 8.237522984505631
[2026-04-06 11:23:31,917:run_diverse_configs.py#L137:INFO]: Running config 2/10 for tpcds_200
[2026-04-06 11:23:31,918:MySQL_Database.py#L242:INFO]: Transpiling workload from PostgreSQL to MySQL syntax...
[2026-04-06 11:23:32,005:MySQL_Database.py#L79:INFO]: MySQL knobs persisted to mysqld-auto.cnf. Restarting to apply...
[2026-04-06 11:23:32,005:MySQL_Database.py#L189:INFO]: Restarting MySQL service...
[2026-04-06 11:23:36,385:MySQL_Database.py#L199:INFO]: Waiting for MySQL to become available...
[2026-04-06 11:23:36,421:MySQL_Database.py#L217:INFO]: MySQL is back up! (Took 0.04s)
[2026-04-06 11:23:36,421:MySQL_Database.py#L32:INFO]: Closed old MySQL connection.
[2026-04-06 11:23:36,478:MySQL_Database.py#L267:INFO]: Executing transpiled workload olap_workloads/tpcds_200.wg (2 queries)...
[2026-04-06 11:23:52,882:MySQL_Database.py#L294:INFO]: Workload olap_workloads/tpcds_200.wg executed successfully.
[2026-04-06 11:23:52,882:run_diverse_configs.py#L206:INFO]: Performance for config 2: 8.202092167499359
[2026-04-06 11:23:52,888:run_diverse_configs.py#L137:INFO]: Running config 3/10 for tpcds_200
[2026-04-06 11:23:52,889:MySQL_Database.py#L242:INFO]: Transpiling workload from PostgreSQL to MySQL syntax...
[2026-04-06 11:23:52,973:MySQL_Database.py#L79:INFO]: MySQL knobs persisted to mysqld-auto.cnf. Restarting to apply...
[2026-04-06 11:23:52,973:MySQL_Database.py#L189:INFO]: Restarting MySQL service...
[2026-04-06 11:23:57,454:MySQL_Database.py#L199:INFO]: Waiting for MySQL to become available...
[2026-04-06 11:23:57,487:MySQL_Database.py#L217:INFO]: MySQL is back up! (Took 0.03s)
[2026-04-06 11:23:57,487:MySQL_Database.py#L32:INFO]: Closed old MySQL connection.
[2026-04-06 11:23:57,544:MySQL_Database.py#L267:INFO]: Executing transpiled workload olap_workloads/tpcds_200.wg (2 queries)...
[2026-04-06 11:24:21,284:MySQL_Database.py#L294:INFO]: Workload olap_workloads/tpcds_200.wg executed successfully.
[2026-04-06 11:24:21,284:run_diverse_configs.py#L206:INFO]: Performance for config 3: 11.869802168002934
[2026-04-06 11:24:21,284:run_diverse_configs.py#L137:INFO]: Running config 4/10 for tpcds_200
[2026-04-06 11:24:21,285:MySQL_Database.py#L242:INFO]: Transpiling workload from PostgreSQL to MySQL syntax...
[2026-04-06 11:24:21,365:MySQL_Database.py#L79:INFO]: MySQL knobs persisted to mysqld-auto.cnf. Restarting to apply...
[2026-04-06 11:24:21,365:MySQL_Database.py#L189:INFO]: Restarting MySQL service...
[2026-04-06 11:24:26,599:MySQL_Database.py#L199:INFO]: Waiting for MySQL to become available...
[2026-04-06 11:24:26,645:MySQL_Database.py#L217:INFO]: MySQL is back up! (Took 0.05s)
[2026-04-06 11:24:26,646:MySQL_Database.py#L32:INFO]: Closed old MySQL connection.
[2026-04-06 11:24:26,702:MySQL_Database.py#L267:INFO]: Executing transpiled workload olap_workloads/tpcds_200.wg (2 queries)...
[2026-04-06 11:24:43,010:MySQL_Database.py#L294:INFO]: Workload olap_workloads/tpcds_200.wg executed successfully.
[2026-04-06 11:24:43,010:run_diverse_configs.py#L206:INFO]: Performance for config 4: 8.153901678495458
[2026-04-06 11:24:43,010:run_diverse_configs.py#L137:INFO]: Running config 5/10 for tpcds_200
[2026-04-06 11:24:43,010:MySQL_Database.py#L242:INFO]: Transpiling workload from PostgreSQL to MySQL syntax...
[2026-04-06 11:24:43,094:MySQL_Database.py#L79:INFO]: MySQL knobs persisted to mysqld-auto.cnf. Restarting to apply...
[2026-04-06 11:24:43,094:MySQL_Database.py#L189:INFO]: Restarting MySQL service...
[2026-04-06 11:24:47,775:MySQL_Database.py#L199:INFO]: Waiting for MySQL to become available...
[2026-04-06 11:24:47,805:MySQL_Database.py#L217:INFO]: MySQL is back up! (Took 0.03s)
[2026-04-06 11:24:47,805:MySQL_Database.py#L32:INFO]: Closed old MySQL connection.
[2026-04-06 11:24:47,860:MySQL_Database.py#L267:INFO]: Executing transpiled workload olap_workloads/tpcds_200.wg (2 queries)...
[2026-04-06 11:25:11,645:MySQL_Database.py#L294:INFO]: Workload olap_workloads/tpcds_200.wg executed successfully.
[2026-04-06 11:25:11,645:run_diverse_configs.py#L206:INFO]: Performance for config 5: 11.892195928507135
[2026-04-06 11:25:11,645:run_diverse_configs.py#L137:INFO]: Running config 6/10 for tpcds_200
[2026-04-06 11:25:11,646:MySQL_Database.py#L242:INFO]: Transpiling workload from PostgreSQL to MySQL syntax...
[2026-04-06 11:25:11,740:MySQL_Database.py#L79:INFO]: MySQL knobs persisted to mysqld-auto.cnf. Restarting to apply...
[2026-04-06 11:25:11,740:MySQL_Database.py#L189:INFO]: Restarting MySQL service...
[2026-04-06 11:25:16,676:MySQL_Database.py#L199:INFO]: Waiting for MySQL to become available...
[2026-04-06 11:25:16,736:MySQL_Database.py#L217:INFO]: MySQL is back up! (Took 0.06s)
[2026-04-06 11:25:16,737:MySQL_Database.py#L32:INFO]: Closed old MySQL connection.
[2026-04-06 11:25:16,850:MySQL_Database.py#L267:INFO]: Executing transpiled workload olap_workloads/tpcds_200.wg (2 queries)...
[2026-04-06 11:25:33,463:MySQL_Database.py#L294:INFO]: Workload olap_workloads/tpcds_200.wg executed successfully.
[2026-04-06 11:25:33,463:run_diverse_configs.py#L206:INFO]: Performance for config 6: 8.30603968349169
[2026-04-06 11:25:33,463:run_diverse_configs.py#L137:INFO]: Running config 7/10 for tpcds_200
[2026-04-06 11:25:33,463:MySQL_Database.py#L242:INFO]: Transpiling workload from PostgreSQL to MySQL syntax...
[2026-04-06 11:25:33,547:MySQL_Database.py#L79:INFO]: MySQL knobs persisted to mysqld-auto.cnf. Restarting to apply...
[2026-04-06 11:25:33,547:MySQL_Database.py#L189:INFO]: Restarting MySQL service...
[2026-04-06 11:25:38,379:MySQL_Database.py#L199:INFO]: Waiting for MySQL to become available...
[2026-04-06 11:25:38,420:MySQL_Database.py#L217:INFO]: MySQL is back up! (Took 0.04s)
[2026-04-06 11:25:38,421:MySQL_Database.py#L32:INFO]: Closed old MySQL connection.
[2026-04-06 11:25:38,477:MySQL_Database.py#L267:INFO]: Executing transpiled workload olap_workloads/tpcds_200.wg (2 queries)...
[2026-04-06 11:25:55,022:MySQL_Database.py#L294:INFO]: Workload olap_workloads/tpcds_200.wg executed successfully.
[2026-04-06 11:25:55,022:run_diverse_configs.py#L206:INFO]: Performance for config 7: 8.272493790485896
[2026-04-06 11:25:55,022:run_diverse_configs.py#L137:INFO]: Running config 8/10 for tpcds_200
[2026-04-06 11:25:55,022:MySQL_Database.py#L242:INFO]: Transpiling workload from PostgreSQL to MySQL syntax...
[2026-04-06 11:25:55,100:MySQL_Database.py#L79:INFO]: MySQL knobs persisted to mysqld-auto.cnf. Restarting to apply...
[2026-04-06 11:25:55,100:MySQL_Database.py#L189:INFO]: Restarting MySQL service...
[2026-04-06 11:25:58,981:MySQL_Database.py#L199:INFO]: Waiting for MySQL to become available...
[2026-04-06 11:25:59,015:MySQL_Database.py#L217:INFO]: MySQL is back up! (Took 0.03s)
[2026-04-06 11:25:59,015:MySQL_Database.py#L32:INFO]: Closed old MySQL connection.
[2026-04-06 11:25:59,072:MySQL_Database.py#L267:INFO]: Executing transpiled workload olap_workloads/tpcds_200.wg (2 queries)...
[2026-04-06 11:26:22,873:MySQL_Database.py#L294:INFO]: Workload olap_workloads/tpcds_200.wg executed successfully.
[2026-04-06 11:26:22,873:run_diverse_configs.py#L206:INFO]: Performance for config 8: 11.900465888000326
[2026-04-06 11:26:22,873:run_diverse_configs.py#L137:INFO]: Running config 9/10 for tpcds_200
[2026-04-06 11:26:22,874:MySQL_Database.py#L242:INFO]: Transpiling workload from PostgreSQL to MySQL syntax...
[2026-04-06 11:26:22,971:MySQL_Database.py#L79:INFO]: MySQL knobs persisted to mysqld-auto.cnf. Restarting to apply...
[2026-04-06 11:26:22,971:MySQL_Database.py#L189:INFO]: Restarting MySQL service...
[2026-04-06 11:26:27,653:MySQL_Database.py#L199:INFO]: Waiting for MySQL to become available...
[2026-04-06 11:26:27,691:MySQL_Database.py#L217:INFO]: MySQL is back up! (Took 0.04s)
[2026-04-06 11:26:27,692:MySQL_Database.py#L32:INFO]: Closed old MySQL connection.
[2026-04-06 11:26:27,747:MySQL_Database.py#L267:INFO]: Executing transpiled workload olap_workloads/tpcds_200.wg (2 queries)...
[2026-04-06 11:26:35,284:MySQL_Database.py#L294:INFO]: Workload olap_workloads/tpcds_200.wg executed successfully.
[2026-04-06 11:26:35,285:run_diverse_configs.py#L206:INFO]: Performance for config 9: 3.76853805501014
[2026-04-06 11:26:35,285:run_diverse_configs.py#L137:INFO]: Running config 10/10 for tpcds_200
[2026-04-06 11:26:35,285:MySQL_Database.py#L242:INFO]: Transpiling workload from PostgreSQL to MySQL syntax...
[2026-04-06 11:26:35,373:MySQL_Database.py#L79:INFO]: MySQL knobs persisted to mysqld-auto.cnf. Restarting to apply...
[2026-04-06 11:26:35,373:MySQL_Database.py#L189:INFO]: Restarting MySQL service...
[2026-04-06 11:26:40,907:MySQL_Database.py#L199:INFO]: Waiting for MySQL to become available...
[2026-04-06 11:26:40,940:MySQL_Database.py#L217:INFO]: MySQL is back up! (Took 0.03s)
[2026-04-06 11:26:40,940:MySQL_Database.py#L32:INFO]: Closed old MySQL connection.
[2026-04-06 11:26:40,996:MySQL_Database.py#L267:INFO]: Executing transpiled workload olap_workloads/tpcds_200.wg (2 queries)...
[2026-04-06 11:26:57,395:MySQL_Database.py#L294:INFO]: Workload olap_workloads/tpcds_200.wg executed successfully.
[2026-04-06 11:26:57,395:run_diverse_configs.py#L206:INFO]: Performance for config 10: 8.199558120497386
[2026-04-06 11:26:57,396:run_diverse_configs.py#L129:INFO]: Running 10 configs for tpcds_129
[2026-04-06 11:26:57,396:run_diverse_configs.py#L137:INFO]: Running config 1/10 for tpcds_129
[2026-04-06 11:26:57,397:MySQL_Database.py#L242:INFO]: Transpiling workload from PostgreSQL to MySQL syntax...
[2026-04-06 11:26:57,476:MySQL_Database.py#L79:INFO]: MySQL knobs persisted to mysqld-auto.cnf. Restarting to apply...
[2026-04-06 11:26:57,476:MySQL_Database.py#L189:INFO]: Restarting MySQL service...
[2026-04-06 11:27:02,359:MySQL_Database.py#L199:INFO]: Waiting for MySQL to become available...
[2026-04-06 11:27:02,418:MySQL_Database.py#L217:INFO]: MySQL is back up! (Took 0.06s)
[2026-04-06 11:27:02,418:MySQL_Database.py#L32:INFO]: Closed old MySQL connection.
[2026-04-06 11:27:02,531:MySQL_Database.py#L267:INFO]: Executing transpiled workload olap_workloads/tpcds_129.wg (2 queries)...
[2026-04-06 11:27:03,707:MySQL_Database.py#L294:INFO]: Workload olap_workloads/tpcds_129.wg executed successfully.
[2026-04-06 11:27:03,708:run_diverse_configs.py#L206:INFO]: Performance for config 1: 0.5878308495011879
[2026-04-06 11:27:03,708:run_diverse_configs.py#L137:INFO]: Running config 2/10 for tpcds_129
[2026-04-06 11:27:03,708:MySQL_Database.py#L242:INFO]: Transpiling workload from PostgreSQL to MySQL syntax...
[2026-04-06 11:27:03,790:MySQL_Database.py#L79:INFO]: MySQL knobs persisted to mysqld-auto.cnf. Restarting to apply...
[2026-04-06 11:27:03,791:MySQL_Database.py#L189:INFO]: Restarting MySQL service...
[2026-04-06 11:27:08,624:MySQL_Database.py#L199:INFO]: Waiting for MySQL to become available...
[2026-04-06 11:27:08,654:MySQL_Database.py#L217:INFO]: MySQL is back up! (Took 0.03s)
[2026-04-06 11:27:08,655:MySQL_Database.py#L32:INFO]: Closed old MySQL connection.
[2026-04-06 11:27:08,710:MySQL_Database.py#L267:INFO]: Executing transpiled workload olap_workloads/tpcds_129.wg (2 queries)...
[2026-04-06 11:27:10,046:MySQL_Database.py#L294:INFO]: Workload olap_workloads/tpcds_129.wg executed successfully.
[2026-04-06 11:27:10,047:run_diverse_configs.py#L206:INFO]: Performance for config 2: 0.6679671820020303
[2026-04-06 11:27:10,047:run_diverse_configs.py#L137:INFO]: Running config 3/10 for tpcds_129
[2026-04-06 11:27:10,047:MySQL_Database.py#L242:INFO]: Transpiling workload from PostgreSQL to MySQL syntax...
[2026-04-06 11:27:10,129:MySQL_Database.py#L79:INFO]: MySQL knobs persisted to mysqld-auto.cnf. Restarting to apply...
[2026-04-06 11:27:10,129:MySQL_Database.py#L189:INFO]: Restarting MySQL service...
[2026-04-06 11:27:14,910:MySQL_Database.py#L199:INFO]: Waiting for MySQL to become available...
[2026-04-06 11:27:14,941:MySQL_Database.py#L217:INFO]: MySQL is back up! (Took 0.03s)
[2026-04-06 11:27:14,941:MySQL_Database.py#L32:INFO]: Closed old MySQL connection.
[2026-04-06 11:27:14,998:MySQL_Database.py#L267:INFO]: Executing transpiled workload olap_workloads/tpcds_129.wg (2 queries)...
[2026-04-06 11:27:16,193:MySQL_Database.py#L294:INFO]: Workload olap_workloads/tpcds_129.wg executed successfully.
[2026-04-06 11:27:16,193:run_diverse_configs.py#L206:INFO]: Performance for config 3: 0.5977394789952086
[2026-04-06 11:27:16,194:run_diverse_configs.py#L137:INFO]: Running config 4/10 for tpcds_129
[2026-04-06 11:27:16,194:MySQL_Database.py#L242:INFO]: Transpiling workload from PostgreSQL to MySQL syntax...
[2026-04-06 11:27:16,274:MySQL_Database.py#L79:INFO]: MySQL knobs persisted to mysqld-auto.cnf. Restarting to apply...
[2026-04-06 11:27:16,275:MySQL_Database.py#L189:INFO]: Restarting MySQL service...
[2026-04-06 11:27:21,256:MySQL_Database.py#L199:INFO]: Waiting for MySQL to become available...
[2026-04-06 11:27:21,286:MySQL_Database.py#L217:INFO]: MySQL is back up! (Took 0.03s)
[2026-04-06 11:27:21,287:MySQL_Database.py#L32:INFO]: Closed old MySQL connection.
[2026-04-06 11:27:21,342:MySQL_Database.py#L267:INFO]: Executing transpiled workload olap_workloads/tpcds_129.wg (2 queries)...
[2026-04-06 11:27:22,565:MySQL_Database.py#L294:INFO]: Workload olap_workloads/tpcds_129.wg executed successfully.
[2026-04-06 11:27:22,565:run_diverse_configs.py#L206:INFO]: Performance for config 4: 0.6109591540007386
[2026-04-06 11:27:22,565:run_diverse_configs.py#L137:INFO]: Running config 5/10 for tpcds_129
[2026-04-06 11:27:22,565:MySQL_Database.py#L242:INFO]: Transpiling workload from PostgreSQL to MySQL syntax...
[2026-04-06 11:27:22,639:MySQL_Database.py#L79:INFO]: MySQL knobs persisted to mysqld-auto.cnf. Restarting to apply...
[2026-04-06 11:27:22,639:MySQL_Database.py#L189:INFO]: Restarting MySQL service...
[2026-04-06 11:27:27,520:MySQL_Database.py#L199:INFO]: Waiting for MySQL to become available...
[2026-04-06 11:27:27,589:MySQL_Database.py#L217:INFO]: MySQL is back up! (Took 0.07s)
[2026-04-06 11:27:27,589:MySQL_Database.py#L32:INFO]: Closed old MySQL connection.
[2026-04-06 11:27:27,645:MySQL_Database.py#L267:INFO]: Executing transpiled workload olap_workloads/tpcds_129.wg (2 queries)...
[2026-04-06 11:27:28,787:MySQL_Database.py#L294:INFO]: Workload olap_workloads/tpcds_129.wg executed successfully.
[2026-04-06 11:27:28,787:run_diverse_configs.py#L206:INFO]: Performance for config 5: 0.5709867144905729
[2026-04-06 11:27:28,787:run_diverse_configs.py#L137:INFO]: Running config 6/10 for tpcds_129
[2026-04-06 11:27:28,788:MySQL_Database.py#L242:INFO]: Transpiling workload from PostgreSQL to MySQL syntax...
[2026-04-06 11:27:28,866:MySQL_Database.py#L79:INFO]: MySQL knobs persisted to mysqld-auto.cnf. Restarting to apply...
[2026-04-06 11:27:28,866:MySQL_Database.py#L189:INFO]: Restarting MySQL service...
[2026-04-06 11:27:33,901:MySQL_Database.py#L199:INFO]: Waiting for MySQL to become available...
[2026-04-06 11:27:33,931:MySQL_Database.py#L217:INFO]: MySQL is back up! (Took 0.03s)
[2026-04-06 11:27:33,932:MySQL_Database.py#L32:INFO]: Closed old MySQL connection.
[2026-04-06 11:27:33,987:MySQL_Database.py#L267:INFO]: Executing transpiled workload olap_workloads/tpcds_129.wg (2 queries)...
[2026-04-06 11:27:35,125:MySQL_Database.py#L294:INFO]: Workload olap_workloads/tpcds_129.wg executed successfully.
[2026-04-06 11:27:35,125:run_diverse_configs.py#L206:INFO]: Performance for config 6: 0.5687028325046413
[2026-04-06 11:27:35,125:run_diverse_configs.py#L137:INFO]: Running config 7/10 for tpcds_129
[2026-04-06 11:27:35,126:MySQL_Database.py#L242:INFO]: Transpiling workload from PostgreSQL to MySQL syntax...
[2026-04-06 11:27:35,202:MySQL_Database.py#L79:INFO]: MySQL knobs persisted to mysqld-auto.cnf. Restarting to apply...
[2026-04-06 11:27:35,202:MySQL_Database.py#L189:INFO]: Restarting MySQL service...
[2026-04-06 11:27:39,583:MySQL_Database.py#L199:INFO]: Waiting for MySQL to become available...
[2026-04-06 11:27:39,613:MySQL_Database.py#L217:INFO]: MySQL is back up! (Took 0.03s)
[2026-04-06 11:27:39,613:MySQL_Database.py#L32:INFO]: Closed old MySQL connection.
[2026-04-06 11:27:39,669:MySQL_Database.py#L267:INFO]: Executing transpiled workload olap_workloads/tpcds_129.wg (2 queries)...
[2026-04-06 11:27:40,796:MySQL_Database.py#L294:INFO]: Workload olap_workloads/tpcds_129.wg executed successfully.
[2026-04-06 11:27:40,796:run_diverse_configs.py#L206:INFO]: Performance for config 7: 0.5632245394954225
[2026-04-06 11:27:40,796:run_diverse_configs.py#L137:INFO]: Running config 8/10 for tpcds_129
[2026-04-06 11:27:40,796:MySQL_Database.py#L242:INFO]: Transpiling workload from PostgreSQL to MySQL syntax...
[2026-04-06 11:27:40,881:MySQL_Database.py#L79:INFO]: MySQL knobs persisted to mysqld-auto.cnf. Restarting to apply...
[2026-04-06 11:27:40,881:MySQL_Database.py#L189:INFO]: Restarting MySQL service...
[2026-04-06 11:27:45,413:MySQL_Database.py#L199:INFO]: Waiting for MySQL to become available...
[2026-04-06 11:27:45,474:MySQL_Database.py#L217:INFO]: MySQL is back up! (Took 0.06s)
[2026-04-06 11:27:45,474:MySQL_Database.py#L32:INFO]: Closed old MySQL connection.
[2026-04-06 11:27:45,531:MySQL_Database.py#L267:INFO]: Executing transpiled workload olap_workloads/tpcds_129.wg (2 queries)...
[2026-04-06 11:27:46,698:MySQL_Database.py#L294:INFO]: Workload olap_workloads/tpcds_129.wg executed successfully.
[2026-04-06 11:27:46,698:run_diverse_configs.py#L206:INFO]: Performance for config 8: 0.5831249015027424
[2026-04-06 11:27:46,698:run_diverse_configs.py#L137:INFO]: Running config 9/10 for tpcds_129
[2026-04-06 11:27:46,698:MySQL_Database.py#L242:INFO]: Transpiling workload from PostgreSQL to MySQL syntax...
[2026-04-06 11:27:46,773:MySQL_Database.py#L79:INFO]: MySQL knobs persisted to mysqld-auto.cnf. Restarting to apply...
[2026-04-06 11:27:46,773:MySQL_Database.py#L189:INFO]: Restarting MySQL service...
[2026-04-06 11:27:51,404:MySQL_Database.py#L199:INFO]: Waiting for MySQL to become available...
[2026-04-06 11:27:51,444:MySQL_Database.py#L217:INFO]: MySQL is back up! (Took 0.04s)
[2026-04-06 11:27:51,444:MySQL_Database.py#L32:INFO]: Closed old MySQL connection.
[2026-04-06 11:27:51,500:MySQL_Database.py#L267:INFO]: Executing transpiled workload olap_workloads/tpcds_129.wg (2 queries)...
[2026-04-06 11:27:52,734:MySQL_Database.py#L294:INFO]: Workload olap_workloads/tpcds_129.wg executed successfully.
[2026-04-06 11:27:52,734:run_diverse_configs.py#L206:INFO]: Performance for config 9: 0.6168140585068613
[2026-04-06 11:27:52,734:run_diverse_configs.py#L137:INFO]: Running config 10/10 for tpcds_129
[2026-04-06 11:27:52,735:MySQL_Database.py#L242:INFO]: Transpiling workload from PostgreSQL to MySQL syntax...
[2026-04-06 11:27:52,817:MySQL_Database.py#L79:INFO]: MySQL knobs persisted to mysqld-auto.cnf. Restarting to apply...
[2026-04-06 11:27:52,817:MySQL_Database.py#L189:INFO]: Restarting MySQL service...
[2026-04-06 11:27:56,846:MySQL_Database.py#L199:INFO]: Waiting for MySQL to become available...
[2026-04-06 11:27:56,880:MySQL_Database.py#L217:INFO]: MySQL is back up! (Took 0.03s)
[2026-04-06 11:27:56,880:MySQL_Database.py#L32:INFO]: Closed old MySQL connection.
[2026-04-06 11:27:56,937:MySQL_Database.py#L267:INFO]: Executing transpiled workload olap_workloads/tpcds_129.wg (2 queries)...
[2026-04-06 11:27:58,032:MySQL_Database.py#L294:INFO]: Workload olap_workloads/tpcds_129.wg executed successfully.
[2026-04-06 11:27:58,032:run_diverse_configs.py#L206:INFO]: Performance for config 10: 0.547046573512489
[2026-04-06 11:27:58,032:run_diverse_configs.py#L129:INFO]: Running 10 configs for tpcds_230
[2026-04-06 11:27:58,032:run_diverse_configs.py#L137:INFO]: Running config 1/10 for tpcds_230
[2026-04-06 11:27:58,033:MySQL_Database.py#L242:INFO]: Transpiling workload from PostgreSQL to MySQL syntax...
[2026-04-06 11:27:58,114:MySQL_Database.py#L79:INFO]: MySQL knobs persisted to mysqld-auto.cnf. Restarting to apply...
[2026-04-06 11:27:58,114:MySQL_Database.py#L189:INFO]: Restarting MySQL service...
[2026-04-06 11:28:02,845:MySQL_Database.py#L199:INFO]: Waiting for MySQL to become available...
[2026-04-06 11:28:02,907:MySQL_Database.py#L217:INFO]: MySQL is back up! (Took 0.06s)
[2026-04-06 11:28:02,907:MySQL_Database.py#L32:INFO]: Closed old MySQL connection.
[2026-04-06 11:28:03,021:MySQL_Database.py#L267:INFO]: Executing transpiled workload olap_workloads/tpcds_230.wg (2 queries)...
[2026-04-06 11:28:09,609:MySQL_Database.py#L294:INFO]: Workload olap_workloads/tpcds_230.wg executed successfully.
[2026-04-06 11:28:09,609:run_diverse_configs.py#L206:INFO]: Performance for config 1: 3.294038243489922
[2026-04-06 11:28:09,609:run_diverse_configs.py#L137:INFO]: Running config 2/10 for tpcds_230
[2026-04-06 11:28:09,610:MySQL_Database.py#L242:INFO]: Transpiling workload from PostgreSQL to MySQL syntax...
[2026-04-06 11:28:09,692:MySQL_Database.py#L79:INFO]: MySQL knobs persisted to mysqld-auto.cnf. Restarting to apply...
[2026-04-06 11:28:09,692:MySQL_Database.py#L189:INFO]: Restarting MySQL service...
[2026-04-06 11:28:15,378:MySQL_Database.py#L199:INFO]: Waiting for MySQL to become available...
[2026-04-06 11:28:15,415:MySQL_Database.py#L217:INFO]: MySQL is back up! (Took 0.04s)
[2026-04-06 11:28:15,416:MySQL_Database.py#L32:INFO]: Closed old MySQL connection.
[2026-04-06 11:28:15,472:MySQL_Database.py#L267:INFO]: Executing transpiled workload olap_workloads/tpcds_230.wg (2 queries)...
[2026-04-06 11:28:28,801:MySQL_Database.py#L294:INFO]: Workload olap_workloads/tpcds_230.wg executed successfully.
[2026-04-06 11:28:28,801:run_diverse_configs.py#L206:INFO]: Performance for config 2: 6.664582203011378
[2026-04-06 11:28:28,801:run_diverse_configs.py#L137:INFO]: Running config 3/10 for tpcds_230
[2026-04-06 11:28:28,802:MySQL_Database.py#L242:INFO]: Transpiling workload from PostgreSQL to MySQL syntax...
[2026-04-06 11:28:28,878:MySQL_Database.py#L79:INFO]: MySQL knobs persisted to mysqld-auto.cnf. Restarting to apply...
[2026-04-06 11:28:28,878:MySQL_Database.py#L189:INFO]: Restarting MySQL service...
[2026-04-06 11:28:34,011:MySQL_Database.py#L199:INFO]: Waiting for MySQL to become available...
[2026-04-06 11:28:34,043:MySQL_Database.py#L217:INFO]: MySQL is back up! (Took 0.03s)
[2026-04-06 11:28:34,043:MySQL_Database.py#L32:INFO]: Closed old MySQL connection.
[2026-04-06 11:28:34,099:MySQL_Database.py#L267:INFO]: Executing transpiled workload olap_workloads/tpcds_230.wg (2 queries)...
[2026-04-06 11:28:40,316:MySQL_Database.py#L294:INFO]: Workload olap_workloads/tpcds_230.wg executed successfully.
[2026-04-06 11:28:40,316:run_diverse_configs.py#L206:INFO]: Performance for config 3: 3.1080756105075125
[2026-04-06 11:28:40,316:run_diverse_configs.py#L137:INFO]: Running config 4/10 for tpcds_230
[2026-04-06 11:28:40,316:MySQL_Database.py#L242:INFO]: Transpiling workload from PostgreSQL to MySQL syntax...
[2026-04-06 11:28:40,402:MySQL_Database.py#L79:INFO]: MySQL knobs persisted to mysqld-auto.cnf. Restarting to apply...
[2026-04-06 11:28:40,403:MySQL_Database.py#L189:INFO]: Restarting MySQL service...
[2026-04-06 11:28:45,084:MySQL_Database.py#L199:INFO]: Waiting for MySQL to become available...
[2026-04-06 11:28:45,115:MySQL_Database.py#L217:INFO]: MySQL is back up! (Took 0.03s)
[2026-04-06 11:28:45,115:MySQL_Database.py#L32:INFO]: Closed old MySQL connection.
[2026-04-06 11:28:45,171:MySQL_Database.py#L267:INFO]: Executing transpiled workload olap_workloads/tpcds_230.wg (2 queries)...
[2026-04-06 11:28:51,369:MySQL_Database.py#L294:INFO]: Workload olap_workloads/tpcds_230.wg executed successfully.
[2026-04-06 11:28:51,369:run_diverse_configs.py#L206:INFO]: Performance for config 4: 3.0990358565031784
[2026-04-06 11:28:51,369:run_diverse_configs.py#L137:INFO]: Running config 5/10 for tpcds_230
[2026-04-06 11:28:51,370:MySQL_Database.py#L242:INFO]: Transpiling workload from PostgreSQL to MySQL syntax...
[2026-04-06 11:28:51,458:MySQL_Database.py#L79:INFO]: MySQL knobs persisted to mysqld-auto.cnf. Restarting to apply...
[2026-04-06 11:28:51,459:MySQL_Database.py#L189:INFO]: Restarting MySQL service...
[2026-04-06 11:28:56,040:MySQL_Database.py#L199:INFO]: Waiting for MySQL to become available...
[2026-04-06 11:28:56,072:MySQL_Database.py#L217:INFO]: MySQL is back up! (Took 0.03s)
[2026-04-06 11:28:56,072:MySQL_Database.py#L32:INFO]: Closed old MySQL connection.
[2026-04-06 11:28:56,128:MySQL_Database.py#L267:INFO]: Executing transpiled workload olap_workloads/tpcds_230.wg (2 queries)...
[2026-04-06 11:29:02,334:MySQL_Database.py#L294:INFO]: Workload olap_workloads/tpcds_230.wg executed successfully.
[2026-04-06 11:29:02,334:run_diverse_configs.py#L206:INFO]: Performance for config 5: 3.1029492124944227
[2026-04-06 11:29:02,335:run_diverse_configs.py#L137:INFO]: Running config 6/10 for tpcds_230
[2026-04-06 11:29:02,335:MySQL_Database.py#L242:INFO]: Transpiling workload from PostgreSQL to MySQL syntax...
[2026-04-06 11:29:02,407:MySQL_Database.py#L79:INFO]: MySQL knobs persisted to mysqld-auto.cnf. Restarting to apply...
[2026-04-06 11:29:02,407:MySQL_Database.py#L189:INFO]: Restarting MySQL service...
[2026-04-06 11:29:06,888:MySQL_Database.py#L199:INFO]: Waiting for MySQL to become available...
[2026-04-06 11:29:06,918:MySQL_Database.py#L217:INFO]: MySQL is back up! (Took 0.03s)
[2026-04-06 11:29:06,919:MySQL_Database.py#L32:INFO]: Closed old MySQL connection.
[2026-04-06 11:29:06,974:MySQL_Database.py#L267:INFO]: Executing transpiled workload olap_workloads/tpcds_230.wg (2 queries)...
[2026-04-06 11:29:20,393:MySQL_Database.py#L294:INFO]: Workload olap_workloads/tpcds_230.wg executed successfully.
[2026-04-06 11:29:20,393:run_diverse_configs.py#L206:INFO]: Performance for config 6: 6.70935745749739
[2026-04-06 11:29:20,393:run_diverse_configs.py#L137:INFO]: Running config 7/10 for tpcds_230
[2026-04-06 11:29:20,394:MySQL_Database.py#L242:INFO]: Transpiling workload from PostgreSQL to MySQL syntax...
[2026-04-06 11:29:20,470:MySQL_Database.py#L79:INFO]: MySQL knobs persisted to mysqld-auto.cnf. Restarting to apply...
[2026-04-06 11:29:20,470:MySQL_Database.py#L189:INFO]: Restarting MySQL service...
[2026-04-06 11:29:25,050:MySQL_Database.py#L199:INFO]: Waiting for MySQL to become available...
[2026-04-06 11:29:25,112:MySQL_Database.py#L217:INFO]: MySQL is back up! (Took 0.06s)
[2026-04-06 11:29:25,113:MySQL_Database.py#L32:INFO]: Closed old MySQL connection.
[2026-04-06 11:29:25,226:MySQL_Database.py#L267:INFO]: Executing transpiled workload olap_workloads/tpcds_230.wg (2 queries)...
[2026-04-06 11:29:31,381:MySQL_Database.py#L294:INFO]: Workload olap_workloads/tpcds_230.wg executed successfully.
[2026-04-06 11:29:31,381:run_diverse_configs.py#L206:INFO]: Performance for config 7: 3.0771062330022687
[2026-04-06 11:29:31,381:run_diverse_configs.py#L137:INFO]: Running config 8/10 for tpcds_230
[2026-04-06 11:29:31,381:MySQL_Database.py#L242:INFO]: Transpiling workload from PostgreSQL to MySQL syntax...
[2026-04-06 11:29:31,473:MySQL_Database.py#L79:INFO]: MySQL knobs persisted to mysqld-auto.cnf. Restarting to apply...
[2026-04-06 11:29:31,474:MySQL_Database.py#L189:INFO]: Restarting MySQL service...
[2026-04-06 11:29:36,407:MySQL_Database.py#L199:INFO]: Waiting for MySQL to become available...
[2026-04-06 11:29:36,441:MySQL_Database.py#L217:INFO]: MySQL is back up! (Took 0.03s)
[2026-04-06 11:29:36,441:MySQL_Database.py#L32:INFO]: Closed old MySQL connection.
[2026-04-06 11:29:36,497:MySQL_Database.py#L267:INFO]: Executing transpiled workload olap_workloads/tpcds_230.wg (2 queries)...
[2026-04-06 11:29:49,886:MySQL_Database.py#L294:INFO]: Workload olap_workloads/tpcds_230.wg executed successfully.
[2026-04-06 11:29:49,886:run_diverse_configs.py#L206:INFO]: Performance for config 8: 6.694026394499815
[2026-04-06 11:29:49,886:run_diverse_configs.py#L137:INFO]: Running config 9/10 for tpcds_230
[2026-04-06 11:29:49,886:MySQL_Database.py#L242:INFO]: Transpiling workload from PostgreSQL to MySQL syntax...
[2026-04-06 11:29:49,972:MySQL_Database.py#L79:INFO]: MySQL knobs persisted to mysqld-auto.cnf. Restarting to apply...
[2026-04-06 11:29:49,972:MySQL_Database.py#L189:INFO]: Restarting MySQL service...
[2026-04-06 11:29:54,703:MySQL_Database.py#L199:INFO]: Waiting for MySQL to become available...
[2026-04-06 11:29:54,764:MySQL_Database.py#L217:INFO]: MySQL is back up! (Took 0.06s)
[2026-04-06 11:29:54,764:MySQL_Database.py#L32:INFO]: Closed old MySQL connection.
[2026-04-06 11:29:54,876:MySQL_Database.py#L267:INFO]: Executing transpiled workload olap_workloads/tpcds_230.wg (2 queries)...
[2026-04-06 11:30:01,055:MySQL_Database.py#L294:INFO]: Workload olap_workloads/tpcds_230.wg executed successfully.
[2026-04-06 11:30:01,055:run_diverse_configs.py#L206:INFO]: Performance for config 9: 3.0892344244930428
[2026-04-06 11:30:01,055:run_diverse_configs.py#L137:INFO]: Running config 10/10 for tpcds_230
[2026-04-06 11:30:01,056:MySQL_Database.py#L242:INFO]: Transpiling workload from PostgreSQL to MySQL syntax...
[2026-04-06 11:30:01,140:MySQL_Database.py#L79:INFO]: MySQL knobs persisted to mysqld-auto.cnf. Restarting to apply...
[2026-04-06 11:30:01,140:MySQL_Database.py#L189:INFO]: Restarting MySQL service...
[2026-04-06 11:30:06,072:MySQL_Database.py#L199:INFO]: Waiting for MySQL to become available...
[2026-04-06 11:30:06,102:MySQL_Database.py#L217:INFO]: MySQL is back up! (Took 0.03s)
[2026-04-06 11:30:06,103:MySQL_Database.py#L32:INFO]: Closed old MySQL connection.
[2026-04-06 11:30:06,159:MySQL_Database.py#L267:INFO]: Executing transpiled workload olap_workloads/tpcds_230.wg (2 queries)...
[2026-04-06 11:30:19,630:MySQL_Database.py#L294:INFO]: Workload olap_workloads/tpcds_230.wg executed successfully.
[2026-04-06 11:30:19,630:run_diverse_configs.py#L206:INFO]: Performance for config 10: 6.735411789501086
[2026-04-06 11:30:19,630:run_diverse_configs.py#L129:INFO]: Running 10 configs for tpcds_112
[2026-04-06 11:30:19,631:run_diverse_configs.py#L137:INFO]: Running config 1/10 for tpcds_112
[2026-04-06 11:30:19,631:MySQL_Database.py#L242:INFO]: Transpiling workload from PostgreSQL to MySQL syntax...
[2026-04-06 11:30:19,716:MySQL_Database.py#L79:INFO]: MySQL knobs persisted to mysqld-auto.cnf. Restarting to apply...
[2026-04-06 11:30:19,716:MySQL_Database.py#L189:INFO]: Restarting MySQL service...
[2026-04-06 11:30:24,347:MySQL_Database.py#L199:INFO]: Waiting for MySQL to become available...
[2026-04-06 11:30:24,382:MySQL_Database.py#L217:INFO]: MySQL is back up! (Took 0.04s)
[2026-04-06 11:30:24,383:MySQL_Database.py#L32:INFO]: Closed old MySQL connection.
[2026-04-06 11:30:24,438:MySQL_Database.py#L267:INFO]: Executing transpiled workload olap_workloads/tpcds_112.wg (2 queries)...
[2026-04-06 11:30:24,703:MySQL_Database.py#L294:INFO]: Workload olap_workloads/tpcds_112.wg executed successfully.
[2026-04-06 11:30:24,703:run_diverse_configs.py#L206:INFO]: Performance for config 1: 0.13229237000632565
[2026-04-06 11:30:24,704:run_diverse_configs.py#L137:INFO]: Running config 2/10 for tpcds_112
[2026-04-06 11:30:24,704:MySQL_Database.py#L242:INFO]: Transpiling workload from PostgreSQL to MySQL syntax...
[2026-04-06 11:30:24,770:MySQL_Database.py#L79:INFO]: MySQL knobs persisted to mysqld-auto.cnf. Restarting to apply...
[2026-04-06 11:30:24,770:MySQL_Database.py#L189:INFO]: Restarting MySQL service...
[2026-04-06 11:30:29,351:MySQL_Database.py#L199:INFO]: Waiting for MySQL to become available...
[2026-04-06 11:30:29,382:MySQL_Database.py#L217:INFO]: MySQL is back up! (Took 0.03s)
[2026-04-06 11:30:29,383:MySQL_Database.py#L32:INFO]: Closed old MySQL connection.
[2026-04-06 11:30:29,438:MySQL_Database.py#L267:INFO]: Executing transpiled workload olap_workloads/tpcds_112.wg (2 queries)...
[2026-04-06 11:30:29,659:MySQL_Database.py#L294:INFO]: Workload olap_workloads/tpcds_112.wg executed successfully.
[2026-04-06 11:30:29,660:run_diverse_configs.py#L206:INFO]: Performance for config 2: 0.11077264399500564
[2026-04-06 11:30:29,660:run_diverse_configs.py#L137:INFO]: Running config 3/10 for tpcds_112
[2026-04-06 11:30:29,660:MySQL_Database.py#L242:INFO]: Transpiling workload from PostgreSQL to MySQL syntax...
[2026-04-06 11:30:29,740:MySQL_Database.py#L79:INFO]: MySQL knobs persisted to mysqld-auto.cnf. Restarting to apply...
[2026-04-06 11:30:29,741:MySQL_Database.py#L189:INFO]: Restarting MySQL service...
[2026-04-06 11:30:33,920:MySQL_Database.py#L199:INFO]: Waiting for MySQL to become available...
[2026-04-06 11:30:33,950:MySQL_Database.py#L217:INFO]: MySQL is back up! (Took 0.03s)
[2026-04-06 11:30:33,951:MySQL_Database.py#L32:INFO]: Closed old MySQL connection.
[2026-04-06 11:30:34,007:MySQL_Database.py#L267:INFO]: Executing transpiled workload olap_workloads/tpcds_112.wg (2 queries)...
[2026-04-06 11:30:34,270:MySQL_Database.py#L294:INFO]: Workload olap_workloads/tpcds_112.wg executed successfully.
[2026-04-06 11:30:34,270:run_diverse_configs.py#L206:INFO]: Performance for config 3: 0.13149856550444383
[2026-04-06 11:30:34,270:run_diverse_configs.py#L137:INFO]: Running config 4/10 for tpcds_112
[2026-04-06 11:30:34,271:MySQL_Database.py#L242:INFO]: Transpiling workload from PostgreSQL to MySQL syntax...
[2026-04-06 11:30:34,341:MySQL_Database.py#L79:INFO]: MySQL knobs persisted to mysqld-auto.cnf. Restarting to apply...
[2026-04-06 11:30:34,341:MySQL_Database.py#L189:INFO]: Restarting MySQL service...
[2026-04-06 11:30:38,269:MySQL_Database.py#L199:INFO]: Waiting for MySQL to become available...
[2026-04-06 11:30:38,299:MySQL_Database.py#L217:INFO]: MySQL is back up! (Took 0.03s)
[2026-04-06 11:30:38,299:MySQL_Database.py#L32:INFO]: Closed old MySQL connection.
[2026-04-06 11:30:38,355:MySQL_Database.py#L267:INFO]: Executing transpiled workload olap_workloads/tpcds_112.wg (2 queries)...
[2026-04-06 11:30:38,618:MySQL_Database.py#L294:INFO]: Workload olap_workloads/tpcds_112.wg executed successfully.
[2026-04-06 11:30:38,618:run_diverse_configs.py#L206:INFO]: Performance for config 4: 0.1312853965064278
[2026-04-06 11:30:38,618:run_diverse_configs.py#L137:INFO]: Running config 5/10 for tpcds_112
[2026-04-06 11:30:38,619:MySQL_Database.py#L242:INFO]: Transpiling workload from PostgreSQL to MySQL syntax...
[2026-04-06 11:30:38,680:MySQL_Database.py#L79:INFO]: MySQL knobs persisted to mysqld-auto.cnf. Restarting to apply...
[2026-04-06 11:30:38,680:MySQL_Database.py#L189:INFO]: Restarting MySQL service...
[2026-04-06 11:30:43,110:MySQL_Database.py#L199:INFO]: Waiting for MySQL to become available...
[2026-04-06 11:30:43,140:MySQL_Database.py#L217:INFO]: MySQL is back up! (Took 0.03s)
[2026-04-06 11:30:43,141:MySQL_Database.py#L32:INFO]: Closed old MySQL connection.
[2026-04-06 11:30:43,197:MySQL_Database.py#L267:INFO]: Executing transpiled workload olap_workloads/tpcds_112.wg (2 queries)...
[2026-04-06 11:30:43,459:MySQL_Database.py#L294:INFO]: Workload olap_workloads/tpcds_112.wg executed successfully.
[2026-04-06 11:30:43,459:run_diverse_configs.py#L206:INFO]: Performance for config 5: 0.13083035800082143
[2026-04-06 11:30:43,460:run_diverse_configs.py#L137:INFO]: Running config 6/10 for tpcds_112
[2026-04-06 11:30:43,460:MySQL_Database.py#L242:INFO]: Transpiling workload from PostgreSQL to MySQL syntax...
[2026-04-06 11:30:43,527:MySQL_Database.py#L79:INFO]: MySQL knobs persisted to mysqld-auto.cnf. Restarting to apply...
[2026-04-06 11:30:43,527:MySQL_Database.py#L189:INFO]: Restarting MySQL service...
[2026-04-06 11:30:48,508:MySQL_Database.py#L199:INFO]: Waiting for MySQL to become available...
[2026-04-06 11:30:48,539:MySQL_Database.py#L217:INFO]: MySQL is back up! (Took 0.03s)
[2026-04-06 11:30:48,539:MySQL_Database.py#L32:INFO]: Closed old MySQL connection.
[2026-04-06 11:30:48,595:MySQL_Database.py#L267:INFO]: Executing transpiled workload olap_workloads/tpcds_112.wg (2 queries)...
[2026-04-06 11:30:48,835:MySQL_Database.py#L294:INFO]: Workload olap_workloads/tpcds_112.wg executed successfully.
[2026-04-06 11:30:48,836:run_diverse_configs.py#L206:INFO]: Performance for config 6: 0.12023711801157333
[2026-04-06 11:30:48,836:run_diverse_configs.py#L137:INFO]: Running config 7/10 for tpcds_112
[2026-04-06 11:30:48,836:MySQL_Database.py#L242:INFO]: Transpiling workload from PostgreSQL to MySQL syntax...
[2026-04-06 11:30:48,904:MySQL_Database.py#L79:INFO]: MySQL knobs persisted to mysqld-auto.cnf. Restarting to apply...
[2026-04-06 11:30:48,904:MySQL_Database.py#L189:INFO]: Restarting MySQL service...
[2026-04-06 11:30:53,685:MySQL_Database.py#L199:INFO]: Waiting for MySQL to become available...
[2026-04-06 11:30:53,744:MySQL_Database.py#L217:INFO]: MySQL is back up! (Took 0.06s)
[2026-04-06 11:30:53,745:MySQL_Database.py#L32:INFO]: Closed old MySQL connection.
[2026-04-06 11:30:53,857:MySQL_Database.py#L267:INFO]: Executing transpiled workload olap_workloads/tpcds_112.wg (2 queries)...
[2026-04-06 11:30:54,094:MySQL_Database.py#L294:INFO]: Workload olap_workloads/tpcds_112.wg executed successfully.
[2026-04-06 11:30:54,095:run_diverse_configs.py#L206:INFO]: Performance for config 7: 0.11866763500438537
[2026-04-06 11:30:54,095:run_diverse_configs.py#L137:INFO]: Running config 8/10 for tpcds_112
[2026-04-06 11:30:54,095:MySQL_Database.py#L242:INFO]: Transpiling workload from PostgreSQL to MySQL syntax...
[2026-04-06 11:30:54,164:MySQL_Database.py#L79:INFO]: MySQL knobs persisted to mysqld-auto.cnf. Restarting to apply...
[2026-04-06 11:30:54,164:MySQL_Database.py#L189:INFO]: Restarting MySQL service...
[2026-04-06 11:30:58,747:MySQL_Database.py#L199:INFO]: Waiting for MySQL to become available...
[2026-04-06 11:30:58,778:MySQL_Database.py#L217:INFO]: MySQL is back up! (Took 0.03s)
[2026-04-06 11:30:58,778:MySQL_Database.py#L32:INFO]: Closed old MySQL connection.
[2026-04-06 11:30:58,835:MySQL_Database.py#L267:INFO]: Executing transpiled workload olap_workloads/tpcds_112.wg (2 queries)...
[2026-04-06 11:30:59,124:MySQL_Database.py#L294:INFO]: Workload olap_workloads/tpcds_112.wg executed successfully.
[2026-04-06 11:30:59,124:run_diverse_configs.py#L206:INFO]: Performance for config 8: 0.14450134999060538
[2026-04-06 11:30:59,125:run_diverse_configs.py#L137:INFO]: Running config 9/10 for tpcds_112
[2026-04-06 11:30:59,125:MySQL_Database.py#L242:INFO]: Transpiling workload from PostgreSQL to MySQL syntax...
[2026-04-06 11:30:59,187:MySQL_Database.py#L79:INFO]: MySQL knobs persisted to mysqld-auto.cnf. Restarting to apply...
[2026-04-06 11:30:59,187:MySQL_Database.py#L189:INFO]: Restarting MySQL service...
[2026-04-06 11:31:04,018:MySQL_Database.py#L199:INFO]: Waiting for MySQL to become available...
[2026-04-06 11:31:04,048:MySQL_Database.py#L217:INFO]: MySQL is back up! (Took 0.03s)
[2026-04-06 11:31:04,049:MySQL_Database.py#L32:INFO]: Closed old MySQL connection.
[2026-04-06 11:31:04,104:MySQL_Database.py#L267:INFO]: Executing transpiled workload olap_workloads/tpcds_112.wg (2 queries)...
[2026-04-06 11:31:04,348:MySQL_Database.py#L294:INFO]: Workload olap_workloads/tpcds_112.wg executed successfully.
[2026-04-06 11:31:04,348:run_diverse_configs.py#L206:INFO]: Performance for config 9: 0.12192255399713758
[2026-04-06 11:31:04,348:run_diverse_configs.py#L137:INFO]: Running config 10/10 for tpcds_112
[2026-04-06 11:31:04,349:MySQL_Database.py#L242:INFO]: Transpiling workload from PostgreSQL to MySQL syntax...
[2026-04-06 11:31:04,415:MySQL_Database.py#L79:INFO]: MySQL knobs persisted to mysqld-auto.cnf. Restarting to apply...
[2026-04-06 11:31:04,415:MySQL_Database.py#L189:INFO]: Restarting MySQL service...
[2026-04-06 11:31:08,644:MySQL_Database.py#L199:INFO]: Waiting for MySQL to become available...
[2026-04-06 11:31:08,689:MySQL_Database.py#L217:INFO]: MySQL is back up! (Took 0.04s)
[2026-04-06 11:31:08,689:MySQL_Database.py#L32:INFO]: Closed old MySQL connection.
[2026-04-06 11:31:08,745:MySQL_Database.py#L267:INFO]: Executing transpiled workload olap_workloads/tpcds_112.wg (2 queries)...
[2026-04-06 11:31:08,985:MySQL_Database.py#L294:INFO]: Workload olap_workloads/tpcds_112.wg executed successfully.
[2026-04-06 11:31:08,985:run_diverse_configs.py#L206:INFO]: Performance for config 10: 0.1197103695012629
