[2026-04-18 18:26:13,950:run_diverse_configs.py#L82:INFO]: ====================================================================================================
[2026-04-18 18:26:13,950:run_diverse_configs.py#L83:INFO]: E2ETune: Running Diverse Configs for tpcds
[2026-04-18 18:26:13,950:run_diverse_configs.py#L84:INFO]: ====================================================================================================
[2026-04-18 18:26:13,950:run_diverse_configs.py#L85:INFO]: Config: config/config.yaml
[2026-04-18 18:26:13,950:run_diverse_configs.py#L86:INFO]: Host: localhost  DB: tpcds
[2026-04-18 18:26:13,950:run_diverse_configs.py#L87:INFO]: Benchmark: tpcds  Type: olap
[2026-04-18 18:26:13,950:run_diverse_configs.py#L88:INFO]: Workload path: ./olap_workloads
[2026-04-18 18:26:13,950:run_diverse_configs.py#L89:INFO]: ====================================================================================================
[2026-04-18 18:26:14,012:run_diverse_configs.py#L129:INFO]: Running 10 configs for tpcds_182
[2026-04-18 18:26:14,012:run_diverse_configs.py#L137:INFO]: Running config 1/10 for tpcds_182
[2026-04-18 18:26:14,019:MySQL_Database.py#L253:INFO]: Transpiling workload from PostgreSQL to MySQL syntax...
[2026-04-18 18:26:14,055:MySQL_Database.py#L81:INFO]: MySQL knobs persisted to mysqld-auto.cnf. Restarting to apply...
[2026-04-18 18:26:14,055:MySQL_Database.py#L200:INFO]: Restarting MySQL service...
[2026-04-18 18:26:22,198:MySQL_Database.py#L210:INFO]: Waiting for MySQL to become available...
[2026-04-18 18:26:22,280:MySQL_Database.py#L228:INFO]: MySQL is back up! (Took 0.08s)
[2026-04-18 18:26:22,280:MySQL_Database.py#L32:INFO]: Closed old MySQL connection.
[2026-04-18 18:26:22,352:MySQL_Database.py#L278:INFO]: Executing transpiled workload olap_workloads/tpcds_182.wg (6 queries)...
[2026-04-18 18:26:29,365:MySQL_Database.py#L305:INFO]: Workload olap_workloads/tpcds_182.wg executed successfully.
[2026-04-18 18:26:29,365:run_diverse_configs.py#L206:INFO]: Performance for config 1: 1.1685746890337516
[2026-04-18 18:26:29,365:run_diverse_configs.py#L137:INFO]: Running config 2/10 for tpcds_182
[2026-04-18 18:26:29,366:MySQL_Database.py#L253:INFO]: Transpiling workload from PostgreSQL to MySQL syntax...
[2026-04-18 18:26:29,394:MySQL_Database.py#L81:INFO]: MySQL knobs persisted to mysqld-auto.cnf. Restarting to apply...
[2026-04-18 18:26:29,394:MySQL_Database.py#L200:INFO]: Restarting MySQL service...
[2026-04-18 18:26:37,587:MySQL_Database.py#L210:INFO]: Waiting for MySQL to become available...
[2026-04-18 18:26:37,698:MySQL_Database.py#L228:INFO]: MySQL is back up! (Took 0.11s)
[2026-04-18 18:26:37,699:MySQL_Database.py#L32:INFO]: Closed old MySQL connection.
[2026-04-18 18:26:37,780:MySQL_Database.py#L278:INFO]: Executing transpiled workload olap_workloads/tpcds_182.wg (6 queries)...
[2026-04-18 18:26:44,841:MySQL_Database.py#L305:INFO]: Workload olap_workloads/tpcds_182.wg executed successfully.
[2026-04-18 18:26:44,841:run_diverse_configs.py#L206:INFO]: Performance for config 2: 1.1767001778353006
[2026-04-18 18:26:44,842:run_diverse_configs.py#L137:INFO]: Running config 3/10 for tpcds_182
[2026-04-18 18:26:44,842:MySQL_Database.py#L253:INFO]: Transpiling workload from PostgreSQL to MySQL syntax...
[2026-04-18 18:26:44,860:MySQL_Database.py#L81:INFO]: MySQL knobs persisted to mysqld-auto.cnf. Restarting to apply...
[2026-04-18 18:26:44,860:MySQL_Database.py#L200:INFO]: Restarting MySQL service...
[2026-04-18 18:26:52,852:MySQL_Database.py#L210:INFO]: Waiting for MySQL to become available...
[2026-04-18 18:26:52,919:MySQL_Database.py#L228:INFO]: MySQL is back up! (Took 0.07s)
[2026-04-18 18:26:52,920:MySQL_Database.py#L32:INFO]: Closed old MySQL connection.
[2026-04-18 18:26:52,982:MySQL_Database.py#L278:INFO]: Executing transpiled workload olap_workloads/tpcds_182.wg (6 queries)...
[2026-04-18 18:27:00,057:MySQL_Database.py#L305:INFO]: Workload olap_workloads/tpcds_182.wg executed successfully.
[2026-04-18 18:27:00,057:run_diverse_configs.py#L206:INFO]: Performance for config 3: 1.179183100660642
[2026-04-18 18:27:00,058:run_diverse_configs.py#L137:INFO]: Running config 4/10 for tpcds_182
[2026-04-18 18:27:00,058:MySQL_Database.py#L253:INFO]: Transpiling workload from PostgreSQL to MySQL syntax...
[2026-04-18 18:27:00,095:MySQL_Database.py#L81:INFO]: MySQL knobs persisted to mysqld-auto.cnf. Restarting to apply...
[2026-04-18 18:27:00,095:MySQL_Database.py#L200:INFO]: Restarting MySQL service...
[2026-04-18 18:27:08,189:MySQL_Database.py#L210:INFO]: Waiting for MySQL to become available...
[2026-04-18 18:27:08,263:MySQL_Database.py#L228:INFO]: MySQL is back up! (Took 0.07s)
[2026-04-18 18:27:08,263:MySQL_Database.py#L32:INFO]: Closed old MySQL connection.
[2026-04-18 18:27:08,325:MySQL_Database.py#L278:INFO]: Executing transpiled workload olap_workloads/tpcds_182.wg (6 queries)...
[2026-04-18 18:27:15,328:MySQL_Database.py#L305:INFO]: Workload olap_workloads/tpcds_182.wg executed successfully.
[2026-04-18 18:27:15,328:run_diverse_configs.py#L206:INFO]: Performance for config 4: 1.1669944087043405
[2026-04-18 18:27:15,328:run_diverse_configs.py#L137:INFO]: Running config 5/10 for tpcds_182
[2026-04-18 18:27:15,329:MySQL_Database.py#L253:INFO]: Transpiling workload from PostgreSQL to MySQL syntax...
[2026-04-18 18:27:15,346:MySQL_Database.py#L81:INFO]: MySQL knobs persisted to mysqld-auto.cnf. Restarting to apply...
[2026-04-18 18:27:15,346:MySQL_Database.py#L200:INFO]: Restarting MySQL service...
[2026-04-18 18:27:23,339:MySQL_Database.py#L210:INFO]: Waiting for MySQL to become available...
[2026-04-18 18:27:23,407:MySQL_Database.py#L228:INFO]: MySQL is back up! (Took 0.07s)
[2026-04-18 18:27:23,407:MySQL_Database.py#L32:INFO]: Closed old MySQL connection.
[2026-04-18 18:27:23,468:MySQL_Database.py#L278:INFO]: Executing transpiled workload olap_workloads/tpcds_182.wg (6 queries)...
[2026-04-18 18:27:30,714:MySQL_Database.py#L305:INFO]: Workload olap_workloads/tpcds_182.wg executed successfully.
[2026-04-18 18:27:30,714:run_diverse_configs.py#L206:INFO]: Performance for config 5: 1.207465634836505
[2026-04-18 18:27:30,714:run_diverse_configs.py#L137:INFO]: Running config 6/10 for tpcds_182
[2026-04-18 18:27:30,715:MySQL_Database.py#L253:INFO]: Transpiling workload from PostgreSQL to MySQL syntax...
[2026-04-18 18:27:30,731:MySQL_Database.py#L81:INFO]: MySQL knobs persisted to mysqld-auto.cnf. Restarting to apply...
[2026-04-18 18:27:30,731:MySQL_Database.py#L200:INFO]: Restarting MySQL service...
[2026-04-18 18:27:38,627:MySQL_Database.py#L210:INFO]: Waiting for MySQL to become available...
[2026-04-18 18:27:38,690:MySQL_Database.py#L228:INFO]: MySQL is back up! (Took 0.06s)
[2026-04-18 18:27:38,691:MySQL_Database.py#L32:INFO]: Closed old MySQL connection.
[2026-04-18 18:27:38,773:MySQL_Database.py#L278:INFO]: Executing transpiled workload olap_workloads/tpcds_182.wg (6 queries)...
[2026-04-18 18:27:45,709:MySQL_Database.py#L305:INFO]: Workload olap_workloads/tpcds_182.wg executed successfully.
[2026-04-18 18:27:45,709:run_diverse_configs.py#L206:INFO]: Performance for config 6: 1.1558807652133207
[2026-04-18 18:27:45,709:run_diverse_configs.py#L137:INFO]: Running config 7/10 for tpcds_182
[2026-04-18 18:27:45,710:MySQL_Database.py#L253:INFO]: Transpiling workload from PostgreSQL to MySQL syntax...
[2026-04-18 18:27:45,728:MySQL_Database.py#L81:INFO]: MySQL knobs persisted to mysqld-auto.cnf. Restarting to apply...
[2026-04-18 18:27:45,728:MySQL_Database.py#L200:INFO]: Restarting MySQL service...
[2026-04-18 18:27:53,822:MySQL_Database.py#L210:INFO]: Waiting for MySQL to become available...
[2026-04-18 18:27:53,888:MySQL_Database.py#L228:INFO]: MySQL is back up! (Took 0.07s)
[2026-04-18 18:27:53,888:MySQL_Database.py#L32:INFO]: Closed old MySQL connection.
[2026-04-18 18:27:53,948:MySQL_Database.py#L278:INFO]: Executing transpiled workload olap_workloads/tpcds_182.wg (6 queries)...
[2026-04-18 18:28:00,800:MySQL_Database.py#L305:INFO]: Workload olap_workloads/tpcds_182.wg executed successfully.
[2026-04-18 18:28:00,801:run_diverse_configs.py#L206:INFO]: Performance for config 7: 1.1418917370028794
[2026-04-18 18:28:00,801:run_diverse_configs.py#L137:INFO]: Running config 8/10 for tpcds_182
[2026-04-18 18:28:00,801:MySQL_Database.py#L253:INFO]: Transpiling workload from PostgreSQL to MySQL syntax...
[2026-04-18 18:28:00,831:MySQL_Database.py#L81:INFO]: MySQL knobs persisted to mysqld-auto.cnf. Restarting to apply...
[2026-04-18 18:28:00,832:MySQL_Database.py#L200:INFO]: Restarting MySQL service...
[2026-04-18 18:28:09,075:MySQL_Database.py#L210:INFO]: Waiting for MySQL to become available...
[2026-04-18 18:28:09,145:MySQL_Database.py#L228:INFO]: MySQL is back up! (Took 0.07s)
[2026-04-18 18:28:09,145:MySQL_Database.py#L32:INFO]: Closed old MySQL connection.
[2026-04-18 18:28:09,219:MySQL_Database.py#L278:INFO]: Executing transpiled workload olap_workloads/tpcds_182.wg (6 queries)...
[2026-04-18 18:28:15,995:MySQL_Database.py#L305:INFO]: Workload olap_workloads/tpcds_182.wg executed successfully.
[2026-04-18 18:28:15,995:run_diverse_configs.py#L206:INFO]: Performance for config 8: 1.1292208825082828
[2026-04-18 18:28:15,996:run_diverse_configs.py#L137:INFO]: Running config 9/10 for tpcds_182
[2026-04-18 18:28:15,996:MySQL_Database.py#L253:INFO]: Transpiling workload from PostgreSQL to MySQL syntax...
[2026-04-18 18:28:16,020:MySQL_Database.py#L81:INFO]: MySQL knobs persisted to mysqld-auto.cnf. Restarting to apply...
[2026-04-18 18:28:16,020:MySQL_Database.py#L200:INFO]: Restarting MySQL service...
[2026-04-18 18:28:24,265:MySQL_Database.py#L210:INFO]: Waiting for MySQL to become available...
[2026-04-18 18:28:24,335:MySQL_Database.py#L228:INFO]: MySQL is back up! (Took 0.07s)
[2026-04-18 18:28:24,335:MySQL_Database.py#L32:INFO]: Closed old MySQL connection.
[2026-04-18 18:28:24,395:MySQL_Database.py#L278:INFO]: Executing transpiled workload olap_workloads/tpcds_182.wg (6 queries)...
[2026-04-18 18:28:31,206:MySQL_Database.py#L305:INFO]: Workload olap_workloads/tpcds_182.wg executed successfully.
[2026-04-18 18:28:31,206:run_diverse_configs.py#L206:INFO]: Performance for config 9: 1.1350983381271362
[2026-04-18 18:28:31,207:run_diverse_configs.py#L137:INFO]: Running config 10/10 for tpcds_182
[2026-04-18 18:28:31,207:MySQL_Database.py#L253:INFO]: Transpiling workload from PostgreSQL to MySQL syntax...
[2026-04-18 18:28:31,225:MySQL_Database.py#L81:INFO]: MySQL knobs persisted to mysqld-auto.cnf. Restarting to apply...
[2026-04-18 18:28:31,225:MySQL_Database.py#L200:INFO]: Restarting MySQL service...
[2026-04-18 18:28:39,521:MySQL_Database.py#L210:INFO]: Waiting for MySQL to become available...
[2026-04-18 18:28:39,585:MySQL_Database.py#L228:INFO]: MySQL is back up! (Took 0.06s)
[2026-04-18 18:28:39,585:MySQL_Database.py#L32:INFO]: Closed old MySQL connection.
[2026-04-18 18:28:39,645:MySQL_Database.py#L278:INFO]: Executing transpiled workload olap_workloads/tpcds_182.wg (6 queries)...
[2026-04-18 18:28:46,483:MySQL_Database.py#L305:INFO]: Workload olap_workloads/tpcds_182.wg executed successfully.
[2026-04-18 18:28:46,483:run_diverse_configs.py#L206:INFO]: Performance for config 10: 1.139570028676341
[2026-04-18 18:28:46,483:run_diverse_configs.py#L129:INFO]: Running 10 configs for tpcds_158
[2026-04-18 18:28:46,484:run_diverse_configs.py#L137:INFO]: Running config 1/10 for tpcds_158
[2026-04-18 18:28:46,490:MySQL_Database.py#L253:INFO]: Transpiling workload from PostgreSQL to MySQL syntax...
[2026-04-18 18:28:46,517:MySQL_Database.py#L81:INFO]: MySQL knobs persisted to mysqld-auto.cnf. Restarting to apply...
[2026-04-18 18:28:46,517:MySQL_Database.py#L200:INFO]: Restarting MySQL service...
[2026-04-18 18:28:54,759:MySQL_Database.py#L210:INFO]: Waiting for MySQL to become available...
[2026-04-18 18:28:54,827:MySQL_Database.py#L228:INFO]: MySQL is back up! (Took 0.07s)
[2026-04-18 18:28:54,827:MySQL_Database.py#L32:INFO]: Closed old MySQL connection.
[2026-04-18 18:28:54,888:MySQL_Database.py#L278:INFO]: Executing transpiled workload olap_workloads/tpcds_158.wg (7 queries)...
[2026-04-18 18:29:17,794:MySQL_Database.py#L305:INFO]: Workload olap_workloads/tpcds_158.wg executed successfully.
[2026-04-18 18:29:17,794:run_diverse_configs.py#L206:INFO]: Performance for config 1: 3.2721928346769085
[2026-04-18 18:29:17,794:run_diverse_configs.py#L137:INFO]: Running config 2/10 for tpcds_158
[2026-04-18 18:29:17,795:MySQL_Database.py#L253:INFO]: Transpiling workload from PostgreSQL to MySQL syntax...
[2026-04-18 18:29:17,823:MySQL_Database.py#L81:INFO]: MySQL knobs persisted to mysqld-auto.cnf. Restarting to apply...
[2026-04-18 18:29:17,823:MySQL_Database.py#L200:INFO]: Restarting MySQL service...
[2026-04-18 18:29:25,916:MySQL_Database.py#L210:INFO]: Waiting for MySQL to become available...
[2026-04-18 18:29:25,990:MySQL_Database.py#L228:INFO]: MySQL is back up! (Took 0.07s)
[2026-04-18 18:29:25,991:MySQL_Database.py#L32:INFO]: Closed old MySQL connection.
[2026-04-18 18:29:26,052:MySQL_Database.py#L278:INFO]: Executing transpiled workload olap_workloads/tpcds_158.wg (7 queries)...
[2026-04-18 18:29:48,199:MySQL_Database.py#L305:INFO]: Workload olap_workloads/tpcds_158.wg executed successfully.
[2026-04-18 18:29:48,199:run_diverse_configs.py#L206:INFO]: Performance for config 2: 3.163754588857825
[2026-04-18 18:29:48,199:run_diverse_configs.py#L137:INFO]: Running config 3/10 for tpcds_158
[2026-04-18 18:29:48,200:MySQL_Database.py#L253:INFO]: Transpiling workload from PostgreSQL to MySQL syntax...
[2026-04-18 18:29:48,231:MySQL_Database.py#L81:INFO]: MySQL knobs persisted to mysqld-auto.cnf. Restarting to apply...
[2026-04-18 18:29:48,231:MySQL_Database.py#L200:INFO]: Restarting MySQL service...
[2026-04-18 18:29:56,278:MySQL_Database.py#L210:INFO]: Waiting for MySQL to become available...
[2026-04-18 18:29:56,343:MySQL_Database.py#L228:INFO]: MySQL is back up! (Took 0.06s)
[2026-04-18 18:29:56,343:MySQL_Database.py#L32:INFO]: Closed old MySQL connection.
[2026-04-18 18:29:56,404:MySQL_Database.py#L278:INFO]: Executing transpiled workload olap_workloads/tpcds_158.wg (7 queries)...
[2026-04-18 18:30:18,797:MySQL_Database.py#L305:INFO]: Workload olap_workloads/tpcds_158.wg executed successfully.
[2026-04-18 18:30:18,797:run_diverse_configs.py#L206:INFO]: Performance for config 3: 3.198912216017821
[2026-04-18 18:30:18,798:run_diverse_configs.py#L137:INFO]: Running config 4/10 for tpcds_158
[2026-04-18 18:30:18,798:MySQL_Database.py#L253:INFO]: Transpiling workload from PostgreSQL to MySQL syntax...
[2026-04-18 18:30:18,828:MySQL_Database.py#L81:INFO]: MySQL knobs persisted to mysqld-auto.cnf. Restarting to apply...
[2026-04-18 18:30:18,828:MySQL_Database.py#L200:INFO]: Restarting MySQL service...
[2026-04-18 18:30:26,574:MySQL_Database.py#L210:INFO]: Waiting for MySQL to become available...
[2026-04-18 18:30:26,638:MySQL_Database.py#L228:INFO]: MySQL is back up! (Took 0.06s)
[2026-04-18 18:30:26,638:MySQL_Database.py#L32:INFO]: Closed old MySQL connection.
[2026-04-18 18:30:26,700:MySQL_Database.py#L278:INFO]: Executing transpiled workload olap_workloads/tpcds_158.wg (7 queries)...
[2026-04-18 18:30:49,898:MySQL_Database.py#L305:INFO]: Workload olap_workloads/tpcds_158.wg executed successfully.
[2026-04-18 18:30:49,898:run_diverse_configs.py#L206:INFO]: Performance for config 4: 3.313904536422342
[2026-04-18 18:30:49,898:run_diverse_configs.py#L137:INFO]: Running config 5/10 for tpcds_158
[2026-04-18 18:30:49,899:MySQL_Database.py#L253:INFO]: Transpiling workload from PostgreSQL to MySQL syntax...
[2026-04-18 18:30:49,920:MySQL_Database.py#L81:INFO]: MySQL knobs persisted to mysqld-auto.cnf. Restarting to apply...
[2026-04-18 18:30:49,920:MySQL_Database.py#L200:INFO]: Restarting MySQL service...
[2026-04-18 18:30:57,961:MySQL_Database.py#L210:INFO]: Waiting for MySQL to become available...
[2026-04-18 18:30:58,043:MySQL_Database.py#L228:INFO]: MySQL is back up! (Took 0.08s)
[2026-04-18 18:30:58,044:MySQL_Database.py#L32:INFO]: Closed old MySQL connection.
[2026-04-18 18:30:58,105:MySQL_Database.py#L278:INFO]: Executing transpiled workload olap_workloads/tpcds_158.wg (7 queries)...
[2026-04-18 18:31:21,301:MySQL_Database.py#L305:INFO]: Workload olap_workloads/tpcds_158.wg executed successfully.
[2026-04-18 18:31:21,301:run_diverse_configs.py#L206:INFO]: Performance for config 5: 3.313650677579322
[2026-04-18 18:31:21,302:run_diverse_configs.py#L137:INFO]: Running config 6/10 for tpcds_158
[2026-04-18 18:31:21,302:MySQL_Database.py#L253:INFO]: Transpiling workload from PostgreSQL to MySQL syntax...
[2026-04-18 18:31:21,329:MySQL_Database.py#L81:INFO]: MySQL knobs persisted to mysqld-auto.cnf. Restarting to apply...
[2026-04-18 18:31:21,329:MySQL_Database.py#L200:INFO]: Restarting MySQL service...
[2026-04-18 18:31:29,124:MySQL_Database.py#L210:INFO]: Waiting for MySQL to become available...
[2026-04-18 18:31:29,191:MySQL_Database.py#L228:INFO]: MySQL is back up! (Took 0.07s)
[2026-04-18 18:31:29,192:MySQL_Database.py#L32:INFO]: Closed old MySQL connection.
[2026-04-18 18:31:29,252:MySQL_Database.py#L278:INFO]: Executing transpiled workload olap_workloads/tpcds_158.wg (7 queries)...
[2026-04-18 18:31:52,336:MySQL_Database.py#L305:INFO]: Workload olap_workloads/tpcds_158.wg executed successfully.
[2026-04-18 18:31:52,336:run_diverse_configs.py#L206:INFO]: Performance for config 6: 3.297502844860511
[2026-04-18 18:31:52,336:run_diverse_configs.py#L137:INFO]: Running config 7/10 for tpcds_158
[2026-04-18 18:31:52,336:MySQL_Database.py#L253:INFO]: Transpiling workload from PostgreSQL to MySQL syntax...
[2026-04-18 18:31:52,368:MySQL_Database.py#L81:INFO]: MySQL knobs persisted to mysqld-auto.cnf. Restarting to apply...
[2026-04-18 18:31:52,368:MySQL_Database.py#L200:INFO]: Restarting MySQL service...
[2026-04-18 18:32:00,458:MySQL_Database.py#L210:INFO]: Waiting for MySQL to become available...
[2026-04-18 18:32:00,524:MySQL_Database.py#L228:INFO]: MySQL is back up! (Took 0.07s)
[2026-04-18 18:32:00,524:MySQL_Database.py#L32:INFO]: Closed old MySQL connection.
[2026-04-18 18:32:00,585:MySQL_Database.py#L278:INFO]: Executing transpiled workload olap_workloads/tpcds_158.wg (7 queries)...
[2026-04-18 18:32:23,638:MySQL_Database.py#L305:INFO]: Workload olap_workloads/tpcds_158.wg executed successfully.
[2026-04-18 18:32:23,638:run_diverse_configs.py#L206:INFO]: Performance for config 7: 3.2931629419992015
[2026-04-18 18:32:23,639:run_diverse_configs.py#L137:INFO]: Running config 8/10 for tpcds_158
[2026-04-18 18:32:23,639:MySQL_Database.py#L253:INFO]: Transpiling workload from PostgreSQL to MySQL syntax...
[2026-04-18 18:32:23,667:MySQL_Database.py#L81:INFO]: MySQL knobs persisted to mysqld-auto.cnf. Restarting to apply...
[2026-04-18 18:32:23,667:MySQL_Database.py#L200:INFO]: Restarting MySQL service...
[2026-04-18 18:32:31,715:MySQL_Database.py#L210:INFO]: Waiting for MySQL to become available...
[2026-04-18 18:32:31,827:MySQL_Database.py#L228:INFO]: MySQL is back up! (Took 0.11s)
[2026-04-18 18:32:31,827:MySQL_Database.py#L32:INFO]: Closed old MySQL connection.
[2026-04-18 18:32:31,948:MySQL_Database.py#L278:INFO]: Executing transpiled workload olap_workloads/tpcds_158.wg (7 queries)...
[2026-04-18 18:32:53,925:MySQL_Database.py#L305:INFO]: Workload olap_workloads/tpcds_158.wg executed successfully.
[2026-04-18 18:32:53,925:run_diverse_configs.py#L206:INFO]: Performance for config 8: 3.139529015403241
[2026-04-18 18:32:53,926:run_diverse_configs.py#L137:INFO]: Running config 9/10 for tpcds_158
[2026-04-18 18:32:53,926:MySQL_Database.py#L253:INFO]: Transpiling workload from PostgreSQL to MySQL syntax...
[2026-04-18 18:32:53,958:MySQL_Database.py#L81:INFO]: MySQL knobs persisted to mysqld-auto.cnf. Restarting to apply...
[2026-04-18 18:32:53,958:MySQL_Database.py#L200:INFO]: Restarting MySQL service...
[2026-04-18 18:33:02,052:MySQL_Database.py#L210:INFO]: Waiting for MySQL to become available...
[2026-04-18 18:33:02,118:MySQL_Database.py#L228:INFO]: MySQL is back up! (Took 0.07s)
[2026-04-18 18:33:02,118:MySQL_Database.py#L32:INFO]: Closed old MySQL connection.
[2026-04-18 18:33:02,178:MySQL_Database.py#L278:INFO]: Executing transpiled workload olap_workloads/tpcds_158.wg (7 queries)...
[2026-04-18 18:33:24,823:MySQL_Database.py#L305:INFO]: Workload olap_workloads/tpcds_158.wg executed successfully.
[2026-04-18 18:33:24,823:run_diverse_configs.py#L206:INFO]: Performance for config 9: 3.234859172653939
[2026-04-18 18:33:24,823:run_diverse_configs.py#L137:INFO]: Running config 10/10 for tpcds_158
[2026-04-18 18:33:24,824:MySQL_Database.py#L253:INFO]: Transpiling workload from PostgreSQL to MySQL syntax...
[2026-04-18 18:33:24,851:MySQL_Database.py#L81:INFO]: MySQL knobs persisted to mysqld-auto.cnf. Restarting to apply...
[2026-04-18 18:33:24,851:MySQL_Database.py#L200:INFO]: Restarting MySQL service...
[2026-04-18 18:33:33,400:MySQL_Database.py#L210:INFO]: Waiting for MySQL to become available...
[2026-04-18 18:33:33,464:MySQL_Database.py#L228:INFO]: MySQL is back up! (Took 0.06s)
[2026-04-18 18:33:33,464:MySQL_Database.py#L32:INFO]: Closed old MySQL connection.
[2026-04-18 18:33:33,525:MySQL_Database.py#L278:INFO]: Executing transpiled workload olap_workloads/tpcds_158.wg (7 queries)...
[2026-04-18 18:33:56,346:MySQL_Database.py#L305:INFO]: Workload olap_workloads/tpcds_158.wg executed successfully.
[2026-04-18 18:33:56,346:run_diverse_configs.py#L206:INFO]: Performance for config 10: 3.260073535277375
[2026-04-18 18:33:56,346:run_diverse_configs.py#L129:INFO]: Running 10 configs for tpcds_193
[2026-04-18 18:33:56,346:run_diverse_configs.py#L137:INFO]: Running config 1/10 for tpcds_193
[2026-04-18 18:33:56,353:MySQL_Database.py#L253:INFO]: Transpiling workload from PostgreSQL to MySQL syntax...
[2026-04-18 18:33:56,386:MySQL_Database.py#L81:INFO]: MySQL knobs persisted to mysqld-auto.cnf. Restarting to apply...
[2026-04-18 18:33:56,386:MySQL_Database.py#L200:INFO]: Restarting MySQL service...
[2026-04-18 18:34:04,830:MySQL_Database.py#L210:INFO]: Waiting for MySQL to become available...
[2026-04-18 18:34:04,900:MySQL_Database.py#L228:INFO]: MySQL is back up! (Took 0.07s)
[2026-04-18 18:34:04,901:MySQL_Database.py#L32:INFO]: Closed old MySQL connection.
[2026-04-18 18:34:04,961:MySQL_Database.py#L278:INFO]: Executing transpiled workload olap_workloads/tpcds_193.wg (10 queries)...
[2026-04-18 18:34:28,120:MySQL_Database.py#L305:INFO]: Workload olap_workloads/tpcds_193.wg executed successfully.
[2026-04-18 18:34:28,120:run_diverse_configs.py#L206:INFO]: Performance for config 1: 2.315773694822565
[2026-04-18 18:34:28,120:run_diverse_configs.py#L137:INFO]: Running config 2/10 for tpcds_193
[2026-04-18 18:34:28,121:MySQL_Database.py#L253:INFO]: Transpiling workload from PostgreSQL to MySQL syntax...
[2026-04-18 18:34:28,145:MySQL_Database.py#L81:INFO]: MySQL knobs persisted to mysqld-auto.cnf. Restarting to apply...
[2026-04-18 18:34:28,145:MySQL_Database.py#L200:INFO]: Restarting MySQL service...
[2026-04-18 18:34:36,034:MySQL_Database.py#L210:INFO]: Waiting for MySQL to become available...
[2026-04-18 18:34:36,100:MySQL_Database.py#L228:INFO]: MySQL is back up! (Took 0.07s)
[2026-04-18 18:34:36,100:MySQL_Database.py#L32:INFO]: Closed old MySQL connection.
[2026-04-18 18:34:36,163:MySQL_Database.py#L278:INFO]: Executing transpiled workload olap_workloads/tpcds_193.wg (10 queries)...
[2026-04-18 18:34:59,217:MySQL_Database.py#L305:INFO]: Workload olap_workloads/tpcds_193.wg executed successfully.
[2026-04-18 18:34:59,217:run_diverse_configs.py#L206:INFO]: Performance for config 2: 2.3052944478113204
[2026-04-18 18:34:59,217:run_diverse_configs.py#L137:INFO]: Running config 3/10 for tpcds_193
[2026-04-18 18:34:59,218:MySQL_Database.py#L253:INFO]: Transpiling workload from PostgreSQL to MySQL syntax...
[2026-04-18 18:34:59,260:MySQL_Database.py#L81:INFO]: MySQL knobs persisted to mysqld-auto.cnf. Restarting to apply...
[2026-04-18 18:34:59,260:MySQL_Database.py#L200:INFO]: Restarting MySQL service...
[2026-04-18 18:35:07,303:MySQL_Database.py#L210:INFO]: Waiting for MySQL to become available...
[2026-04-18 18:35:07,367:MySQL_Database.py#L228:INFO]: MySQL is back up! (Took 0.06s)
[2026-04-18 18:35:07,367:MySQL_Database.py#L32:INFO]: Closed old MySQL connection.
[2026-04-18 18:35:07,427:MySQL_Database.py#L278:INFO]: Executing transpiled workload olap_workloads/tpcds_193.wg (10 queries)...
[2026-04-18 18:35:30,636:MySQL_Database.py#L305:INFO]: Workload olap_workloads/tpcds_193.wg executed successfully.
[2026-04-18 18:35:30,637:run_diverse_configs.py#L206:INFO]: Performance for config 3: 2.3208873256109657
[2026-04-18 18:35:30,637:run_diverse_configs.py#L137:INFO]: Running config 4/10 for tpcds_193
[2026-04-18 18:35:30,637:MySQL_Database.py#L253:INFO]: Transpiling workload from PostgreSQL to MySQL syntax...
[2026-04-18 18:35:30,657:MySQL_Database.py#L81:INFO]: MySQL knobs persisted to mysqld-auto.cnf. Restarting to apply...
[2026-04-18 18:35:30,657:MySQL_Database.py#L200:INFO]: Restarting MySQL service...
[2026-04-18 18:35:38,551:MySQL_Database.py#L210:INFO]: Waiting for MySQL to become available...
[2026-04-18 18:35:38,618:MySQL_Database.py#L228:INFO]: MySQL is back up! (Took 0.07s)
[2026-04-18 18:35:38,618:MySQL_Database.py#L32:INFO]: Closed old MySQL connection.
[2026-04-18 18:35:38,679:MySQL_Database.py#L278:INFO]: Executing transpiled workload olap_workloads/tpcds_193.wg (10 queries)...
[2026-04-18 18:36:01,845:MySQL_Database.py#L305:INFO]: Workload olap_workloads/tpcds_193.wg executed successfully.
[2026-04-18 18:36:01,845:run_diverse_configs.py#L206:INFO]: Performance for config 4: 2.3164860859047622
[2026-04-18 18:36:01,846:run_diverse_configs.py#L137:INFO]: Running config 5/10 for tpcds_193
[2026-04-18 18:36:01,846:MySQL_Database.py#L253:INFO]: Transpiling workload from PostgreSQL to MySQL syntax...
[2026-04-18 18:36:01,866:MySQL_Database.py#L81:INFO]: MySQL knobs persisted to mysqld-auto.cnf. Restarting to apply...
[2026-04-18 18:36:01,866:MySQL_Database.py#L200:INFO]: Restarting MySQL service...
[2026-04-18 18:36:09,704:MySQL_Database.py#L210:INFO]: Waiting for MySQL to become available...
[2026-04-18 18:36:09,788:MySQL_Database.py#L228:INFO]: MySQL is back up! (Took 0.08s)
[2026-04-18 18:36:09,788:MySQL_Database.py#L32:INFO]: Closed old MySQL connection.
[2026-04-18 18:36:09,849:MySQL_Database.py#L278:INFO]: Executing transpiled workload olap_workloads/tpcds_193.wg (10 queries)...
[2026-04-18 18:36:32,795:MySQL_Database.py#L305:INFO]: Workload olap_workloads/tpcds_193.wg executed successfully.
[2026-04-18 18:36:32,795:run_diverse_configs.py#L206:INFO]: Performance for config 5: 2.2945315015036614
[2026-04-18 18:36:32,795:run_diverse_configs.py#L137:INFO]: Running config 6/10 for tpcds_193
[2026-04-18 18:36:32,796:MySQL_Database.py#L253:INFO]: Transpiling workload from PostgreSQL to MySQL syntax...
[2026-04-18 18:36:32,826:MySQL_Database.py#L81:INFO]: MySQL knobs persisted to mysqld-auto.cnf. Restarting to apply...
[2026-04-18 18:36:32,826:MySQL_Database.py#L200:INFO]: Restarting MySQL service...
[2026-04-18 18:36:40,970:MySQL_Database.py#L210:INFO]: Waiting for MySQL to become available...
[2026-04-18 18:36:41,041:MySQL_Database.py#L228:INFO]: MySQL is back up! (Took 0.07s)
[2026-04-18 18:36:41,042:MySQL_Database.py#L32:INFO]: Closed old MySQL connection.
[2026-04-18 18:36:41,102:MySQL_Database.py#L278:INFO]: Executing transpiled workload olap_workloads/tpcds_193.wg (10 queries)...
[2026-04-18 18:37:04,336:MySQL_Database.py#L305:INFO]: Workload olap_workloads/tpcds_193.wg executed successfully.
[2026-04-18 18:37:04,337:run_diverse_configs.py#L206:INFO]: Performance for config 6: 2.3233887269627305
[2026-04-18 18:37:04,337:run_diverse_configs.py#L137:INFO]: Running config 7/10 for tpcds_193
[2026-04-18 18:37:04,337:MySQL_Database.py#L253:INFO]: Transpiling workload from PostgreSQL to MySQL syntax...
[2026-04-18 18:37:04,365:MySQL_Database.py#L81:INFO]: MySQL knobs persisted to mysqld-auto.cnf. Restarting to apply...
[2026-04-18 18:37:04,365:MySQL_Database.py#L200:INFO]: Restarting MySQL service...
[2026-04-18 18:37:12,157:MySQL_Database.py#L210:INFO]: Waiting for MySQL to become available...
[2026-04-18 18:37:12,281:MySQL_Database.py#L228:INFO]: MySQL is back up! (Took 0.12s)
[2026-04-18 18:37:12,281:MySQL_Database.py#L32:INFO]: Closed old MySQL connection.
[2026-04-18 18:37:12,341:MySQL_Database.py#L278:INFO]: Executing transpiled workload olap_workloads/tpcds_193.wg (10 queries)...
[2026-04-18 18:37:35,656:MySQL_Database.py#L305:INFO]: Workload olap_workloads/tpcds_193.wg executed successfully.
[2026-04-18 18:37:35,656:run_diverse_configs.py#L206:INFO]: Performance for config 7: 2.3314671758096663
[2026-04-18 18:37:35,657:run_diverse_configs.py#L137:INFO]: Running config 8/10 for tpcds_193
[2026-04-18 18:37:35,657:MySQL_Database.py#L253:INFO]: Transpiling workload from PostgreSQL to MySQL syntax...
[2026-04-18 18:37:35,674:MySQL_Database.py#L81:INFO]: MySQL knobs persisted to mysqld-auto.cnf. Restarting to apply...
[2026-04-18 18:37:35,674:MySQL_Database.py#L200:INFO]: Restarting MySQL service...
[2026-04-18 18:37:43,365:MySQL_Database.py#L210:INFO]: Waiting for MySQL to become available...
[2026-04-18 18:37:43,482:MySQL_Database.py#L228:INFO]: MySQL is back up! (Took 0.12s)
[2026-04-18 18:37:43,482:MySQL_Database.py#L32:INFO]: Closed old MySQL connection.
[2026-04-18 18:37:43,591:MySQL_Database.py#L278:INFO]: Executing transpiled workload olap_workloads/tpcds_193.wg (10 queries)...
[2026-04-18 18:38:06,249:MySQL_Database.py#L305:INFO]: Workload olap_workloads/tpcds_193.wg executed successfully.
[2026-04-18 18:38:06,250:run_diverse_configs.py#L206:INFO]: Performance for config 8: 2.265805064002052
[2026-04-18 18:38:06,250:run_diverse_configs.py#L137:INFO]: Running config 9/10 for tpcds_193
[2026-04-18 18:38:06,251:MySQL_Database.py#L253:INFO]: Transpiling workload from PostgreSQL to MySQL syntax...
[2026-04-18 18:38:06,288:MySQL_Database.py#L81:INFO]: MySQL knobs persisted to mysqld-auto.cnf. Restarting to apply...
[2026-04-18 18:38:06,288:MySQL_Database.py#L200:INFO]: Restarting MySQL service...
[2026-04-18 18:38:14,734:MySQL_Database.py#L210:INFO]: Waiting for MySQL to become available...
[2026-04-18 18:38:14,801:MySQL_Database.py#L228:INFO]: MySQL is back up! (Took 0.07s)
[2026-04-18 18:38:14,801:MySQL_Database.py#L32:INFO]: Closed old MySQL connection.
[2026-04-18 18:38:14,862:MySQL_Database.py#L278:INFO]: Executing transpiled workload olap_workloads/tpcds_193.wg (10 queries)...
[2026-04-18 18:38:38,205:MySQL_Database.py#L305:INFO]: Workload olap_workloads/tpcds_193.wg executed successfully.
[2026-04-18 18:38:38,205:run_diverse_configs.py#L206:INFO]: Performance for config 9: 2.334262038115412
[2026-04-18 18:38:38,205:run_diverse_configs.py#L137:INFO]: Running config 10/10 for tpcds_193
[2026-04-18 18:38:38,206:MySQL_Database.py#L253:INFO]: Transpiling workload from PostgreSQL to MySQL syntax...
[2026-04-18 18:38:38,227:MySQL_Database.py#L81:INFO]: MySQL knobs persisted to mysqld-auto.cnf. Restarting to apply...
[2026-04-18 18:38:38,227:MySQL_Database.py#L200:INFO]: Restarting MySQL service...
[2026-04-18 18:38:46,119:MySQL_Database.py#L210:INFO]: Waiting for MySQL to become available...
[2026-04-18 18:38:46,193:MySQL_Database.py#L228:INFO]: MySQL is back up! (Took 0.07s)
[2026-04-18 18:38:46,193:MySQL_Database.py#L32:INFO]: Closed old MySQL connection.
[2026-04-18 18:38:46,253:MySQL_Database.py#L278:INFO]: Executing transpiled workload olap_workloads/tpcds_193.wg (10 queries)...
[2026-04-18 18:39:09,297:MySQL_Database.py#L305:INFO]: Workload olap_workloads/tpcds_193.wg executed successfully.
[2026-04-18 18:39:09,297:run_diverse_configs.py#L206:INFO]: Performance for config 10: 2.3042923415079715
[2026-04-18 18:39:09,298:run_diverse_configs.py#L129:INFO]: Running 10 configs for tpcds_227
[2026-04-18 18:39:09,298:run_diverse_configs.py#L137:INFO]: Running config 1/10 for tpcds_227
[2026-04-18 18:39:09,298:MySQL_Database.py#L253:INFO]: Transpiling workload from PostgreSQL to MySQL syntax...
[2026-04-18 18:39:09,320:MySQL_Database.py#L81:INFO]: MySQL knobs persisted to mysqld-auto.cnf. Restarting to apply...
[2026-04-18 18:39:09,321:MySQL_Database.py#L200:INFO]: Restarting MySQL service...
[2026-04-18 18:39:17,413:MySQL_Database.py#L210:INFO]: Waiting for MySQL to become available...
[2026-04-18 18:39:17,477:MySQL_Database.py#L228:INFO]: MySQL is back up! (Took 0.06s)
[2026-04-18 18:39:17,477:MySQL_Database.py#L32:INFO]: Closed old MySQL connection.
[2026-04-18 18:39:17,547:MySQL_Database.py#L278:INFO]: Executing transpiled workload olap_workloads/tpcds_227.wg (10 queries)...
[2026-04-18 18:40:30,638:MySQL_Database.py#L305:INFO]: Workload olap_workloads/tpcds_227.wg executed successfully.
[2026-04-18 18:40:30,638:run_diverse_configs.py#L206:INFO]: Performance for config 1: 7.309000250929967
[2026-04-18 18:40:30,638:run_diverse_configs.py#L137:INFO]: Running config 2/10 for tpcds_227
[2026-04-18 18:40:30,639:MySQL_Database.py#L253:INFO]: Transpiling workload from PostgreSQL to MySQL syntax...
[2026-04-18 18:40:30,679:MySQL_Database.py#L81:INFO]: MySQL knobs persisted to mysqld-auto.cnf. Restarting to apply...
[2026-04-18 18:40:30,679:MySQL_Database.py#L200:INFO]: Restarting MySQL service...
[2026-04-18 18:40:38,720:MySQL_Database.py#L210:INFO]: Waiting for MySQL to become available...
[2026-04-18 18:40:38,804:MySQL_Database.py#L228:INFO]: MySQL is back up! (Took 0.08s)
[2026-04-18 18:40:38,805:MySQL_Database.py#L32:INFO]: Closed old MySQL connection.
[2026-04-18 18:40:38,869:MySQL_Database.py#L278:INFO]: Executing transpiled workload olap_workloads/tpcds_227.wg (10 queries)...
[2026-04-18 18:41:51,825:MySQL_Database.py#L305:INFO]: Workload olap_workloads/tpcds_227.wg executed successfully.
[2026-04-18 18:41:51,825:run_diverse_configs.py#L206:INFO]: Performance for config 2: 7.295506160287187
[2026-04-18 18:41:51,826:run_diverse_configs.py#L137:INFO]: Running config 3/10 for tpcds_227
[2026-04-18 18:41:51,826:MySQL_Database.py#L253:INFO]: Transpiling workload from PostgreSQL to MySQL syntax...
[2026-04-18 18:41:51,863:MySQL_Database.py#L81:INFO]: MySQL knobs persisted to mysqld-auto.cnf. Restarting to apply...
[2026-04-18 18:41:51,864:MySQL_Database.py#L200:INFO]: Restarting MySQL service...
[2026-04-18 18:41:59,906:MySQL_Database.py#L210:INFO]: Waiting for MySQL to become available...
[2026-04-18 18:41:59,979:MySQL_Database.py#L228:INFO]: MySQL is back up! (Took 0.07s)
[2026-04-18 18:41:59,979:MySQL_Database.py#L32:INFO]: Closed old MySQL connection.
[2026-04-18 18:42:00,049:MySQL_Database.py#L278:INFO]: Executing transpiled workload olap_workloads/tpcds_227.wg (10 queries)...
[2026-04-18 18:43:13,388:MySQL_Database.py#L305:INFO]: Workload olap_workloads/tpcds_227.wg executed successfully.
[2026-04-18 18:43:13,388:run_diverse_configs.py#L206:INFO]: Performance for config 3: 7.3338196177966894
[2026-04-18 18:43:13,388:run_diverse_configs.py#L137:INFO]: Running config 4/10 for tpcds_227
[2026-04-18 18:43:13,389:MySQL_Database.py#L253:INFO]: Transpiling workload from PostgreSQL to MySQL syntax...
[2026-04-18 18:43:13,427:MySQL_Database.py#L81:INFO]: MySQL knobs persisted to mysqld-auto.cnf. Restarting to apply...
[2026-04-18 18:43:13,427:MySQL_Database.py#L200:INFO]: Restarting MySQL service...
[2026-04-18 18:43:21,018:MySQL_Database.py#L210:INFO]: Waiting for MySQL to become available...
[2026-04-18 18:43:21,089:MySQL_Database.py#L228:INFO]: MySQL is back up! (Took 0.07s)
[2026-04-18 18:43:21,089:MySQL_Database.py#L32:INFO]: Closed old MySQL connection.
[2026-04-18 18:43:21,150:MySQL_Database.py#L278:INFO]: Executing transpiled workload olap_workloads/tpcds_227.wg (10 queries)...
[2026-04-18 18:44:34,316:MySQL_Database.py#L305:INFO]: Workload olap_workloads/tpcds_227.wg executed successfully.
[2026-04-18 18:44:34,316:run_diverse_configs.py#L206:INFO]: Performance for config 4: 7.316520173102617
[2026-04-18 18:44:34,317:run_diverse_configs.py#L137:INFO]: Running config 5/10 for tpcds_227
[2026-04-18 18:44:34,317:MySQL_Database.py#L253:INFO]: Transpiling workload from PostgreSQL to MySQL syntax...
[2026-04-18 18:44:34,353:MySQL_Database.py#L81:INFO]: MySQL knobs persisted to mysqld-auto.cnf. Restarting to apply...
[2026-04-18 18:44:34,353:MySQL_Database.py#L200:INFO]: Restarting MySQL service...
[2026-04-18 18:44:42,243:MySQL_Database.py#L210:INFO]: Waiting for MySQL to become available...
[2026-04-18 18:44:42,307:MySQL_Database.py#L228:INFO]: MySQL is back up! (Took 0.06s)
[2026-04-18 18:44:42,307:MySQL_Database.py#L32:INFO]: Closed old MySQL connection.
[2026-04-18 18:44:42,368:MySQL_Database.py#L278:INFO]: Executing transpiled workload olap_workloads/tpcds_227.wg (10 queries)...
[2026-04-18 18:45:55,231:MySQL_Database.py#L305:INFO]: Workload olap_workloads/tpcds_227.wg executed successfully.
[2026-04-18 18:45:55,231:run_diverse_configs.py#L206:INFO]: Performance for config 5: 7.286291586561129
[2026-04-18 18:45:55,232:run_diverse_configs.py#L137:INFO]: Running config 6/10 for tpcds_227
[2026-04-18 18:45:55,232:MySQL_Database.py#L253:INFO]: Transpiling workload from PostgreSQL to MySQL syntax...
[2026-04-18 18:45:55,265:MySQL_Database.py#L81:INFO]: MySQL knobs persisted to mysqld-auto.cnf. Restarting to apply...
[2026-04-18 18:45:55,265:MySQL_Database.py#L200:INFO]: Restarting MySQL service...
[2026-04-18 18:46:03,562:MySQL_Database.py#L210:INFO]: Waiting for MySQL to become available...
[2026-04-18 18:46:03,626:MySQL_Database.py#L228:INFO]: MySQL is back up! (Took 0.06s)
[2026-04-18 18:46:03,626:MySQL_Database.py#L32:INFO]: Closed old MySQL connection.
[2026-04-18 18:46:03,693:MySQL_Database.py#L278:INFO]: Executing transpiled workload olap_workloads/tpcds_227.wg (10 queries)...
[2026-04-18 18:47:17,051:MySQL_Database.py#L305:INFO]: Workload olap_workloads/tpcds_227.wg executed successfully.
[2026-04-18 18:47:17,051:run_diverse_configs.py#L206:INFO]: Performance for config 6: 7.33571163401939
[2026-04-18 18:47:17,051:run_diverse_configs.py#L137:INFO]: Running config 7/10 for tpcds_227
[2026-04-18 18:47:17,052:MySQL_Database.py#L253:INFO]: Transpiling workload from PostgreSQL to MySQL syntax...
[2026-04-18 18:47:17,090:MySQL_Database.py#L81:INFO]: MySQL knobs persisted to mysqld-auto.cnf. Restarting to apply...
[2026-04-18 18:47:17,090:MySQL_Database.py#L200:INFO]: Restarting MySQL service...
[2026-04-18 18:47:24,777:MySQL_Database.py#L210:INFO]: Waiting for MySQL to become available...
[2026-04-18 18:47:24,843:MySQL_Database.py#L228:INFO]: MySQL is back up! (Took 0.07s)
[2026-04-18 18:47:24,843:MySQL_Database.py#L32:INFO]: Closed old MySQL connection.
[2026-04-18 18:47:24,905:MySQL_Database.py#L278:INFO]: Executing transpiled workload olap_workloads/tpcds_227.wg (10 queries)...
[2026-04-18 18:48:36,749:MySQL_Database.py#L305:INFO]: Workload olap_workloads/tpcds_227.wg executed successfully.
[2026-04-18 18:48:36,750:run_diverse_configs.py#L206:INFO]: Performance for config 7: 7.184359299298376
[2026-04-18 18:48:36,750:run_diverse_configs.py#L137:INFO]: Running config 8/10 for tpcds_227
[2026-04-18 18:48:36,750:MySQL_Database.py#L253:INFO]: Transpiling workload from PostgreSQL to MySQL syntax...
[2026-04-18 18:48:36,787:MySQL_Database.py#L81:INFO]: MySQL knobs persisted to mysqld-auto.cnf. Restarting to apply...
[2026-04-18 18:48:36,787:MySQL_Database.py#L200:INFO]: Restarting MySQL service...
[2026-04-18 18:48:45,132:MySQL_Database.py#L210:INFO]: Waiting for MySQL to become available...
[2026-04-18 18:48:45,210:MySQL_Database.py#L228:INFO]: MySQL is back up! (Took 0.08s)
[2026-04-18 18:48:45,211:MySQL_Database.py#L32:INFO]: Closed old MySQL connection.
[2026-04-18 18:48:45,271:MySQL_Database.py#L278:INFO]: Executing transpiled workload olap_workloads/tpcds_227.wg (10 queries)...
[2026-04-18 18:49:58,577:MySQL_Database.py#L305:INFO]: Workload olap_workloads/tpcds_227.wg executed successfully.
[2026-04-18 18:49:58,577:run_diverse_configs.py#L206:INFO]: Performance for config 8: 7.330536574684084
[2026-04-18 18:49:58,577:run_diverse_configs.py#L137:INFO]: Running config 9/10 for tpcds_227
[2026-04-18 18:49:58,578:MySQL_Database.py#L253:INFO]: Transpiling workload from PostgreSQL to MySQL syntax...
[2026-04-18 18:49:58,616:MySQL_Database.py#L81:INFO]: MySQL knobs persisted to mysqld-auto.cnf. Restarting to apply...
[2026-04-18 18:49:58,616:MySQL_Database.py#L200:INFO]: Restarting MySQL service...
[2026-04-18 18:50:06,304:MySQL_Database.py#L210:INFO]: Waiting for MySQL to become available...
[2026-04-18 18:50:06,376:MySQL_Database.py#L228:INFO]: MySQL is back up! (Took 0.07s)
[2026-04-18 18:50:06,376:MySQL_Database.py#L32:INFO]: Closed old MySQL connection.
[2026-04-18 18:50:06,438:MySQL_Database.py#L278:INFO]: Executing transpiled workload olap_workloads/tpcds_227.wg (10 queries)...
[2026-04-18 18:51:18,367:MySQL_Database.py#L305:INFO]: Workload olap_workloads/tpcds_227.wg executed successfully.
[2026-04-18 18:51:18,367:run_diverse_configs.py#L206:INFO]: Performance for config 9: 7.192811944102869
[2026-04-18 18:51:18,367:run_diverse_configs.py#L137:INFO]: Running config 10/10 for tpcds_227
[2026-04-18 18:51:18,368:MySQL_Database.py#L253:INFO]: Transpiling workload from PostgreSQL to MySQL syntax...
[2026-04-18 18:51:18,405:MySQL_Database.py#L81:INFO]: MySQL knobs persisted to mysqld-auto.cnf. Restarting to apply...
[2026-04-18 18:51:18,405:MySQL_Database.py#L200:INFO]: Restarting MySQL service...
[2026-04-18 18:51:26,648:MySQL_Database.py#L210:INFO]: Waiting for MySQL to become available...
[2026-04-18 18:51:26,713:MySQL_Database.py#L228:INFO]: MySQL is back up! (Took 0.07s)
[2026-04-18 18:51:26,713:MySQL_Database.py#L32:INFO]: Closed old MySQL connection.
[2026-04-18 18:51:26,773:MySQL_Database.py#L278:INFO]: Executing transpiled workload olap_workloads/tpcds_227.wg (10 queries)...
[2026-04-18 18:52:39,225:MySQL_Database.py#L305:INFO]: Workload olap_workloads/tpcds_227.wg executed successfully.
[2026-04-18 18:52:39,226:run_diverse_configs.py#L206:INFO]: Performance for config 10: 7.2451895125675945
[2026-04-18 18:52:39,226:run_diverse_configs.py#L129:INFO]: Running 10 configs for tpcds_185
[2026-04-18 18:52:39,226:run_diverse_configs.py#L137:INFO]: Running config 1/10 for tpcds_185
[2026-04-18 18:52:39,232:MySQL_Database.py#L253:INFO]: Transpiling workload from PostgreSQL to MySQL syntax...
[2026-04-18 18:52:39,279:MySQL_Database.py#L81:INFO]: MySQL knobs persisted to mysqld-auto.cnf. Restarting to apply...
[2026-04-18 18:52:39,280:MySQL_Database.py#L200:INFO]: Restarting MySQL service...
[2026-04-18 18:52:47,822:MySQL_Database.py#L210:INFO]: Waiting for MySQL to become available...
[2026-04-18 18:52:47,894:MySQL_Database.py#L228:INFO]: MySQL is back up! (Took 0.07s)
[2026-04-18 18:52:47,894:MySQL_Database.py#L32:INFO]: Closed old MySQL connection.
[2026-04-18 18:52:47,954:MySQL_Database.py#L278:INFO]: Executing transpiled workload olap_workloads/tpcds_185.wg (10 queries)...
[2026-04-18 18:53:10,297:MySQL_Database.py#L305:INFO]: Workload olap_workloads/tpcds_185.wg executed successfully.
[2026-04-18 18:53:10,297:run_diverse_configs.py#L206:INFO]: Performance for config 1: 2.2342270271852613
[2026-04-18 18:53:10,298:run_diverse_configs.py#L137:INFO]: Running config 2/10 for tpcds_185
[2026-04-18 18:53:10,298:MySQL_Database.py#L253:INFO]: Transpiling workload from PostgreSQL to MySQL syntax...
[2026-04-18 18:53:10,317:MySQL_Database.py#L81:INFO]: MySQL knobs persisted to mysqld-auto.cnf. Restarting to apply...
[2026-04-18 18:53:10,318:MySQL_Database.py#L200:INFO]: Restarting MySQL service...
[2026-04-18 18:53:18,105:MySQL_Database.py#L210:INFO]: Waiting for MySQL to become available...
[2026-04-18 18:53:18,213:MySQL_Database.py#L228:INFO]: MySQL is back up! (Took 0.11s)
[2026-04-18 18:53:18,213:MySQL_Database.py#L32:INFO]: Closed old MySQL connection.
[2026-04-18 18:53:18,273:MySQL_Database.py#L278:INFO]: Executing transpiled workload olap_workloads/tpcds_185.wg (10 queries)...
[2026-04-18 18:53:40,820:MySQL_Database.py#L305:INFO]: Workload olap_workloads/tpcds_185.wg executed successfully.
[2026-04-18 18:53:40,820:run_diverse_configs.py#L206:INFO]: Performance for config 2: 2.2545823534950613
[2026-04-18 18:53:40,820:run_diverse_configs.py#L137:INFO]: Running config 3/10 for tpcds_185
[2026-04-18 18:53:40,821:MySQL_Database.py#L253:INFO]: Transpiling workload from PostgreSQL to MySQL syntax...
[2026-04-18 18:53:40,844:MySQL_Database.py#L81:INFO]: MySQL knobs persisted to mysqld-auto.cnf. Restarting to apply...
[2026-04-18 18:53:40,844:MySQL_Database.py#L200:INFO]: Restarting MySQL service...
[2026-04-18 18:53:49,392:MySQL_Database.py#L210:INFO]: Waiting for MySQL to become available...
[2026-04-18 18:53:49,456:MySQL_Database.py#L228:INFO]: MySQL is back up! (Took 0.06s)
[2026-04-18 18:53:49,456:MySQL_Database.py#L32:INFO]: Closed old MySQL connection.
[2026-04-18 18:53:49,517:MySQL_Database.py#L278:INFO]: Executing transpiled workload olap_workloads/tpcds_185.wg (10 queries)...
[2026-04-18 18:54:11,948:MySQL_Database.py#L305:INFO]: Workload olap_workloads/tpcds_185.wg executed successfully.
[2026-04-18 18:54:11,949:run_diverse_configs.py#L206:INFO]: Performance for config 3: 2.243103173514828
[2026-04-18 18:54:11,949:run_diverse_configs.py#L137:INFO]: Running config 4/10 for tpcds_185
[2026-04-18 18:54:11,949:MySQL_Database.py#L253:INFO]: Transpiling workload from PostgreSQL to MySQL syntax...
[2026-04-18 18:54:11,972:MySQL_Database.py#L81:INFO]: MySQL knobs persisted to mysqld-auto.cnf. Restarting to apply...
[2026-04-18 18:54:11,972:MySQL_Database.py#L200:INFO]: Restarting MySQL service...
[2026-04-18 18:54:19,613:MySQL_Database.py#L210:INFO]: Waiting for MySQL to become available...
[2026-04-18 18:54:19,716:MySQL_Database.py#L228:INFO]: MySQL is back up! (Took 0.10s)
[2026-04-18 18:54:19,716:MySQL_Database.py#L32:INFO]: Closed old MySQL connection.
[2026-04-18 18:54:19,801:MySQL_Database.py#L278:INFO]: Executing transpiled workload olap_workloads/tpcds_185.wg (10 queries)...
[2026-04-18 18:54:41,865:MySQL_Database.py#L305:INFO]: Workload olap_workloads/tpcds_185.wg executed successfully.
[2026-04-18 18:54:41,865:run_diverse_configs.py#L206:INFO]: Performance for config 4: 2.206319320295006
[2026-04-18 18:54:41,866:run_diverse_configs.py#L137:INFO]: Running config 5/10 for tpcds_185
[2026-04-18 18:54:41,866:MySQL_Database.py#L253:INFO]: Transpiling workload from PostgreSQL to MySQL syntax...
[2026-04-18 18:54:41,894:MySQL_Database.py#L81:INFO]: MySQL knobs persisted to mysqld-auto.cnf. Restarting to apply...
[2026-04-18 18:54:41,894:MySQL_Database.py#L200:INFO]: Restarting MySQL service...
[2026-04-18 18:54:49,835:MySQL_Database.py#L210:INFO]: Waiting for MySQL to become available...
[2026-04-18 18:54:49,918:MySQL_Database.py#L228:INFO]: MySQL is back up! (Took 0.08s)
[2026-04-18 18:54:49,918:MySQL_Database.py#L32:INFO]: Closed old MySQL connection.
[2026-04-18 18:54:49,978:MySQL_Database.py#L278:INFO]: Executing transpiled workload olap_workloads/tpcds_185.wg (10 queries)...
[2026-04-18 18:55:12,280:MySQL_Database.py#L305:INFO]: Workload olap_workloads/tpcds_185.wg executed successfully.
[2026-04-18 18:55:12,281:run_diverse_configs.py#L206:INFO]: Performance for config 5: 2.2302270445972683
[2026-04-18 18:55:12,281:run_diverse_configs.py#L137:INFO]: Running config 6/10 for tpcds_185
[2026-04-18 18:55:12,281:MySQL_Database.py#L253:INFO]: Transpiling workload from PostgreSQL to MySQL syntax...
[2026-04-18 18:55:12,311:MySQL_Database.py#L81:INFO]: MySQL knobs persisted to mysqld-auto.cnf. Restarting to apply...
[2026-04-18 18:55:12,311:MySQL_Database.py#L200:INFO]: Restarting MySQL service...
[2026-04-18 18:55:20,251:MySQL_Database.py#L210:INFO]: Waiting for MySQL to become available...
[2026-04-18 18:55:20,315:MySQL_Database.py#L228:INFO]: MySQL is back up! (Took 0.06s)
[2026-04-18 18:55:20,315:MySQL_Database.py#L32:INFO]: Closed old MySQL connection.
[2026-04-18 18:55:20,376:MySQL_Database.py#L278:INFO]: Executing transpiled workload olap_workloads/tpcds_185.wg (10 queries)...
[2026-04-18 18:55:42,471:MySQL_Database.py#L305:INFO]: Workload olap_workloads/tpcds_185.wg executed successfully.
[2026-04-18 18:55:42,471:run_diverse_configs.py#L206:INFO]: Performance for config 6: 2.209441444883123
[2026-04-18 18:55:42,471:run_diverse_configs.py#L137:INFO]: Running config 7/10 for tpcds_185
[2026-04-18 18:55:42,472:MySQL_Database.py#L253:INFO]: Transpiling workload from PostgreSQL to MySQL syntax...
[2026-04-18 18:55:42,501:MySQL_Database.py#L81:INFO]: MySQL knobs persisted to mysqld-auto.cnf. Restarting to apply...
[2026-04-18 18:55:42,501:MySQL_Database.py#L200:INFO]: Restarting MySQL service...
[2026-04-18 18:55:50,443:MySQL_Database.py#L210:INFO]: Waiting for MySQL to become available...
[2026-04-18 18:55:50,510:MySQL_Database.py#L228:INFO]: MySQL is back up! (Took 0.07s)
[2026-04-18 18:55:50,510:MySQL_Database.py#L32:INFO]: Closed old MySQL connection.
[2026-04-18 18:55:50,570:MySQL_Database.py#L278:INFO]: Executing transpiled workload olap_workloads/tpcds_185.wg (10 queries)...
[2026-04-18 18:56:12,897:MySQL_Database.py#L305:INFO]: Workload olap_workloads/tpcds_185.wg executed successfully.
[2026-04-18 18:56:12,897:run_diverse_configs.py#L206:INFO]: Performance for config 7: 2.232550307828933
[2026-04-18 18:56:12,897:run_diverse_configs.py#L137:INFO]: Running config 8/10 for tpcds_185
[2026-04-18 18:56:12,897:MySQL_Database.py#L253:INFO]: Transpiling workload from PostgreSQL to MySQL syntax...
[2026-04-18 18:56:12,925:MySQL_Database.py#L81:INFO]: MySQL knobs persisted to mysqld-auto.cnf. Restarting to apply...
[2026-04-18 18:56:12,926:MySQL_Database.py#L200:INFO]: Restarting MySQL service...
[2026-04-18 18:56:20,918:MySQL_Database.py#L210:INFO]: Waiting for MySQL to become available...
[2026-04-18 18:56:20,983:MySQL_Database.py#L228:INFO]: MySQL is back up! (Took 0.06s)
[2026-04-18 18:56:20,983:MySQL_Database.py#L32:INFO]: Closed old MySQL connection.
[2026-04-18 18:56:21,045:MySQL_Database.py#L278:INFO]: Executing transpiled workload olap_workloads/tpcds_185.wg (10 queries)...
[2026-04-18 18:56:43,251:MySQL_Database.py#L305:INFO]: Workload olap_workloads/tpcds_185.wg executed successfully.
[2026-04-18 18:56:43,251:run_diverse_configs.py#L206:INFO]: Performance for config 8: 2.2205436998046935
[2026-04-18 18:56:43,252:run_diverse_configs.py#L137:INFO]: Running config 9/10 for tpcds_185
[2026-04-18 18:56:43,252:MySQL_Database.py#L253:INFO]: Transpiling workload from PostgreSQL to MySQL syntax...
[2026-04-18 18:56:43,283:MySQL_Database.py#L81:INFO]: MySQL knobs persisted to mysqld-auto.cnf. Restarting to apply...
[2026-04-18 18:56:43,283:MySQL_Database.py#L200:INFO]: Restarting MySQL service...
[2026-04-18 18:56:51,074:MySQL_Database.py#L210:INFO]: Waiting for MySQL to become available...
[2026-04-18 18:56:51,142:MySQL_Database.py#L228:INFO]: MySQL is back up! (Took 0.07s)
[2026-04-18 18:56:51,142:MySQL_Database.py#L32:INFO]: Closed old MySQL connection.
[2026-04-18 18:56:51,204:MySQL_Database.py#L278:INFO]: Executing transpiled workload olap_workloads/tpcds_185.wg (10 queries)...
[2026-04-18 18:57:13,022:MySQL_Database.py#L305:INFO]: Workload olap_workloads/tpcds_185.wg executed successfully.
[2026-04-18 18:57:13,022:run_diverse_configs.py#L206:INFO]: Performance for config 9: 2.1817322545684874
[2026-04-18 18:57:13,022:run_diverse_configs.py#L137:INFO]: Running config 10/10 for tpcds_185
[2026-04-18 18:57:13,023:MySQL_Database.py#L253:INFO]: Transpiling workload from PostgreSQL to MySQL syntax...
[2026-04-18 18:57:13,053:MySQL_Database.py#L81:INFO]: MySQL knobs persisted to mysqld-auto.cnf. Restarting to apply...
[2026-04-18 18:57:13,053:MySQL_Database.py#L200:INFO]: Restarting MySQL service...
[2026-04-18 18:57:21,553:MySQL_Database.py#L210:INFO]: Waiting for MySQL to become available...
[2026-04-18 18:57:21,621:MySQL_Database.py#L228:INFO]: MySQL is back up! (Took 0.07s)
[2026-04-18 18:57:21,622:MySQL_Database.py#L32:INFO]: Closed old MySQL connection.
[2026-04-18 18:57:21,682:MySQL_Database.py#L278:INFO]: Executing transpiled workload olap_workloads/tpcds_185.wg (10 queries)...
[2026-04-18 18:57:44,408:MySQL_Database.py#L305:INFO]: Workload olap_workloads/tpcds_185.wg executed successfully.
[2026-04-18 18:57:44,408:run_diverse_configs.py#L206:INFO]: Performance for config 10: 2.272524043219164
[2026-04-18 18:57:44,408:run_diverse_configs.py#L129:INFO]: Running 10 configs for tpcds_65
[2026-04-18 18:57:44,408:run_diverse_configs.py#L137:INFO]: Running config 1/10 for tpcds_65
[2026-04-18 18:57:44,415:MySQL_Database.py#L253:INFO]: Transpiling workload from PostgreSQL to MySQL syntax...
[2026-04-18 18:57:44,446:MySQL_Database.py#L81:INFO]: MySQL knobs persisted to mysqld-auto.cnf. Restarting to apply...
[2026-04-18 18:57:44,446:MySQL_Database.py#L200:INFO]: Restarting MySQL service...
[2026-04-18 18:57:52,688:MySQL_Database.py#L210:INFO]: Waiting for MySQL to become available...
[2026-04-18 18:57:52,812:MySQL_Database.py#L228:INFO]: MySQL is back up! (Took 0.12s)
[2026-04-18 18:57:52,813:MySQL_Database.py#L32:INFO]: Closed old MySQL connection.
[2026-04-18 18:57:52,874:MySQL_Database.py#L278:INFO]: Executing transpiled workload olap_workloads/tpcds_65.wg (10 queries)...
[2026-04-18 18:58:16,692:MySQL_Database.py#L305:INFO]: Workload olap_workloads/tpcds_65.wg executed successfully.
[2026-04-18 18:58:16,692:run_diverse_configs.py#L206:INFO]: Performance for config 1: 2.3817829851061108
[2026-04-18 18:58:16,692:run_diverse_configs.py#L137:INFO]: Running config 2/10 for tpcds_65
[2026-04-18 18:58:16,693:MySQL_Database.py#L253:INFO]: Transpiling workload from PostgreSQL to MySQL syntax...
[2026-04-18 18:58:16,713:MySQL_Database.py#L81:INFO]: MySQL knobs persisted to mysqld-auto.cnf. Restarting to apply...
[2026-04-18 18:58:16,713:MySQL_Database.py#L200:INFO]: Restarting MySQL service...
[2026-04-18 18:58:24,955:MySQL_Database.py#L210:INFO]: Waiting for MySQL to become available...
[2026-04-18 18:58:25,043:MySQL_Database.py#L228:INFO]: MySQL is back up! (Took 0.09s)
[2026-04-18 18:58:25,043:MySQL_Database.py#L32:INFO]: Closed old MySQL connection.
[2026-04-18 18:58:25,103:MySQL_Database.py#L278:INFO]: Executing transpiled workload olap_workloads/tpcds_65.wg (10 queries)...
[2026-04-18 18:58:49,371:MySQL_Database.py#L305:INFO]: Workload olap_workloads/tpcds_65.wg executed successfully.
[2026-04-18 18:58:49,371:run_diverse_configs.py#L206:INFO]: Performance for config 2: 2.4266763996332883
[2026-04-18 18:58:49,371:run_diverse_configs.py#L137:INFO]: Running config 3/10 for tpcds_65
[2026-04-18 18:58:49,372:MySQL_Database.py#L253:INFO]: Transpiling workload from PostgreSQL to MySQL syntax...
[2026-04-18 18:58:49,391:MySQL_Database.py#L81:INFO]: MySQL knobs persisted to mysqld-auto.cnf. Restarting to apply...
[2026-04-18 18:58:49,391:MySQL_Database.py#L200:INFO]: Restarting MySQL service...
[2026-04-18 18:58:57,382:MySQL_Database.py#L210:INFO]: Waiting for MySQL to become available...
[2026-04-18 18:58:57,455:MySQL_Database.py#L228:INFO]: MySQL is back up! (Took 0.07s)
[2026-04-18 18:58:57,455:MySQL_Database.py#L32:INFO]: Closed old MySQL connection.
[2026-04-18 18:58:57,515:MySQL_Database.py#L278:INFO]: Executing transpiled workload olap_workloads/tpcds_65.wg (10 queries)...
[2026-04-18 18:59:21,185:MySQL_Database.py#L305:INFO]: Workload olap_workloads/tpcds_65.wg executed successfully.
[2026-04-18 18:59:21,185:run_diverse_configs.py#L206:INFO]: Performance for config 3: 2.366919884691015
[2026-04-18 18:59:21,185:run_diverse_configs.py#L137:INFO]: Running config 4/10 for tpcds_65
[2026-04-18 18:59:21,185:MySQL_Database.py#L253:INFO]: Transpiling workload from PostgreSQL to MySQL syntax...
[2026-04-18 18:59:21,204:MySQL_Database.py#L81:INFO]: MySQL knobs persisted to mysqld-auto.cnf. Restarting to apply...
[2026-04-18 18:59:21,204:MySQL_Database.py#L200:INFO]: Restarting MySQL service...
[2026-04-18 18:59:29,747:MySQL_Database.py#L210:INFO]: Waiting for MySQL to become available...
[2026-04-18 18:59:29,811:MySQL_Database.py#L228:INFO]: MySQL is back up! (Took 0.06s)
[2026-04-18 18:59:29,812:MySQL_Database.py#L32:INFO]: Closed old MySQL connection.
[2026-04-18 18:59:29,872:MySQL_Database.py#L278:INFO]: Executing transpiled workload olap_workloads/tpcds_65.wg (10 queries)...
[2026-04-18 18:59:53,816:MySQL_Database.py#L305:INFO]: Workload olap_workloads/tpcds_65.wg executed successfully.
[2026-04-18 18:59:53,817:run_diverse_configs.py#L206:INFO]: Performance for config 4: 2.394430778035894
[2026-04-18 18:59:53,817:run_diverse_configs.py#L137:INFO]: Running config 5/10 for tpcds_65
[2026-04-18 18:59:53,818:MySQL_Database.py#L253:INFO]: Transpiling workload from PostgreSQL to MySQL syntax...
[2026-04-18 18:59:53,843:MySQL_Database.py#L81:INFO]: MySQL knobs persisted to mysqld-auto.cnf. Restarting to apply...
[2026-04-18 18:59:53,844:MySQL_Database.py#L200:INFO]: Restarting MySQL service...
[2026-04-18 19:00:01,988:MySQL_Database.py#L210:INFO]: Waiting for MySQL to become available...
[2026-04-18 19:00:02,112:MySQL_Database.py#L228:INFO]: MySQL is back up! (Took 0.12s)
[2026-04-18 19:00:02,113:MySQL_Database.py#L32:INFO]: Closed old MySQL connection.
[2026-04-18 19:00:02,173:MySQL_Database.py#L278:INFO]: Executing transpiled workload olap_workloads/tpcds_65.wg (10 queries)...
[2026-04-18 19:00:23,671:MySQL_Database.py#L305:INFO]: Workload olap_workloads/tpcds_65.wg executed successfully.
[2026-04-18 19:00:23,671:run_diverse_configs.py#L206:INFO]: Performance for config 5: 2.149695771001279
[2026-04-18 19:00:23,671:run_diverse_configs.py#L137:INFO]: Running config 6/10 for tpcds_65
[2026-04-18 19:00:23,671:MySQL_Database.py#L253:INFO]: Transpiling workload from PostgreSQL to MySQL syntax...
[2026-04-18 19:00:23,693:MySQL_Database.py#L81:INFO]: MySQL knobs persisted to mysqld-auto.cnf. Restarting to apply...
[2026-04-18 19:00:23,693:MySQL_Database.py#L200:INFO]: Restarting MySQL service...
[2026-04-18 19:00:32,290:MySQL_Database.py#L210:INFO]: Waiting for MySQL to become available...
[2026-04-18 19:00:32,353:MySQL_Database.py#L228:INFO]: MySQL is back up! (Took 0.06s)
[2026-04-18 19:00:32,354:MySQL_Database.py#L32:INFO]: Closed old MySQL connection.
[2026-04-18 19:00:32,414:MySQL_Database.py#L278:INFO]: Executing transpiled workload olap_workloads/tpcds_65.wg (10 queries)...
[2026-04-18 19:00:54,061:MySQL_Database.py#L305:INFO]: Workload olap_workloads/tpcds_65.wg executed successfully.
[2026-04-18 19:00:54,062:run_diverse_configs.py#L206:INFO]: Performance for config 6: 2.164655634574592
[2026-04-18 19:00:54,062:run_diverse_configs.py#L137:INFO]: Running config 7/10 for tpcds_65
[2026-04-18 19:00:54,062:MySQL_Database.py#L253:INFO]: Transpiling workload from PostgreSQL to MySQL syntax...
[2026-04-18 19:00:54,082:MySQL_Database.py#L81:INFO]: MySQL knobs persisted to mysqld-auto.cnf. Restarting to apply...
[2026-04-18 19:00:54,082:MySQL_Database.py#L200:INFO]: Restarting MySQL service...
[2026-04-18 19:01:02,619:MySQL_Database.py#L210:INFO]: Waiting for MySQL to become available...
[2026-04-18 19:01:02,700:MySQL_Database.py#L228:INFO]: MySQL is back up! (Took 0.08s)
[2026-04-18 19:01:02,700:MySQL_Database.py#L32:INFO]: Closed old MySQL connection.
[2026-04-18 19:01:02,762:MySQL_Database.py#L278:INFO]: Executing transpiled workload olap_workloads/tpcds_65.wg (10 queries)...
[2026-04-18 19:01:24,540:MySQL_Database.py#L305:INFO]: Workload olap_workloads/tpcds_65.wg executed successfully.
[2026-04-18 19:01:24,540:run_diverse_configs.py#L206:INFO]: Performance for config 7: 2.177715851413086
[2026-04-18 19:01:24,540:run_diverse_configs.py#L137:INFO]: Running config 8/10 for tpcds_65
[2026-04-18 19:01:24,541:MySQL_Database.py#L253:INFO]: Transpiling workload from PostgreSQL to MySQL syntax...
[2026-04-18 19:01:24,560:MySQL_Database.py#L81:INFO]: MySQL knobs persisted to mysqld-auto.cnf. Restarting to apply...
[2026-04-18 19:01:24,560:MySQL_Database.py#L200:INFO]: Restarting MySQL service...
[2026-04-18 19:01:32,848:MySQL_Database.py#L210:INFO]: Waiting for MySQL to become available...
[2026-04-18 19:01:32,966:MySQL_Database.py#L228:INFO]: MySQL is back up! (Took 0.12s)
[2026-04-18 19:01:32,967:MySQL_Database.py#L32:INFO]: Closed old MySQL connection.
[2026-04-18 19:01:33,088:MySQL_Database.py#L278:INFO]: Executing transpiled workload olap_workloads/tpcds_65.wg (10 queries)...
[2026-04-18 19:01:54,726:MySQL_Database.py#L305:INFO]: Workload olap_workloads/tpcds_65.wg executed successfully.
[2026-04-18 19:01:54,727:run_diverse_configs.py#L206:INFO]: Performance for config 8: 2.16371998321265
[2026-04-18 19:01:54,727:run_diverse_configs.py#L137:INFO]: Running config 9/10 for tpcds_65
[2026-04-18 19:01:54,727:MySQL_Database.py#L253:INFO]: Transpiling workload from PostgreSQL to MySQL syntax...
[2026-04-18 19:01:54,748:MySQL_Database.py#L81:INFO]: MySQL knobs persisted to mysqld-auto.cnf. Restarting to apply...
[2026-04-18 19:01:54,748:MySQL_Database.py#L200:INFO]: Restarting MySQL service...
[2026-04-18 19:02:02,991:MySQL_Database.py#L210:INFO]: Waiting for MySQL to become available...
[2026-04-18 19:02:03,061:MySQL_Database.py#L228:INFO]: MySQL is back up! (Took 0.07s)
[2026-04-18 19:02:03,061:MySQL_Database.py#L32:INFO]: Closed old MySQL connection.
[2026-04-18 19:02:03,125:MySQL_Database.py#L278:INFO]: Executing transpiled workload olap_workloads/tpcds_65.wg (10 queries)...
[2026-04-18 19:02:24,953:MySQL_Database.py#L305:INFO]: Workload olap_workloads/tpcds_65.wg executed successfully.
[2026-04-18 19:02:24,953:run_diverse_configs.py#L206:INFO]: Performance for config 9: 2.182784246793017
[2026-04-18 19:02:24,954:run_diverse_configs.py#L137:INFO]: Running config 10/10 for tpcds_65
[2026-04-18 19:02:24,954:MySQL_Database.py#L253:INFO]: Transpiling workload from PostgreSQL to MySQL syntax...
[2026-04-18 19:02:24,981:MySQL_Database.py#L81:INFO]: MySQL knobs persisted to mysqld-auto.cnf. Restarting to apply...
[2026-04-18 19:02:24,981:MySQL_Database.py#L200:INFO]: Restarting MySQL service...
[2026-04-18 19:02:33,421:MySQL_Database.py#L210:INFO]: Waiting for MySQL to become available...
[2026-04-18 19:02:33,486:MySQL_Database.py#L228:INFO]: MySQL is back up! (Took 0.06s)
[2026-04-18 19:02:33,486:MySQL_Database.py#L32:INFO]: Closed old MySQL connection.
[2026-04-18 19:02:33,596:MySQL_Database.py#L278:INFO]: Executing transpiled workload olap_workloads/tpcds_65.wg (10 queries)...
[2026-04-18 19:03:04,343:MySQL_Database.py#L305:INFO]: Workload olap_workloads/tpcds_65.wg executed successfully.
[2026-04-18 19:03:04,343:run_diverse_configs.py#L206:INFO]: Performance for config 10: 3.074538924684748
[2026-04-18 19:03:04,343:run_diverse_configs.py#L129:INFO]: Running 10 configs for tpcds_109
[2026-04-18 19:03:04,343:run_diverse_configs.py#L137:INFO]: Running config 1/10 for tpcds_109
[2026-04-18 19:03:04,344:MySQL_Database.py#L253:INFO]: Transpiling workload from PostgreSQL to MySQL syntax...
[2026-04-18 19:03:04,356:MySQL_Database.py#L81:INFO]: MySQL knobs persisted to mysqld-auto.cnf. Restarting to apply...
[2026-04-18 19:03:04,356:MySQL_Database.py#L200:INFO]: Restarting MySQL service...
[2026-04-18 19:03:12,697:MySQL_Database.py#L210:INFO]: Waiting for MySQL to become available...
[2026-04-18 19:03:12,763:MySQL_Database.py#L228:INFO]: MySQL is back up! (Took 0.07s)
[2026-04-18 19:03:12,763:MySQL_Database.py#L32:INFO]: Closed old MySQL connection.
[2026-04-18 19:03:12,825:MySQL_Database.py#L278:INFO]: Executing transpiled workload olap_workloads/tpcds_109.wg (2 queries)...
[2026-04-18 19:03:29,092:MySQL_Database.py#L305:INFO]: Workload olap_workloads/tpcds_109.wg executed successfully.
[2026-04-18 19:03:29,092:run_diverse_configs.py#L206:INFO]: Performance for config 1: 8.132831608410925
[2026-04-18 19:03:29,092:run_diverse_configs.py#L137:INFO]: Running config 2/10 for tpcds_109
[2026-04-18 19:03:29,092:MySQL_Database.py#L253:INFO]: Transpiling workload from PostgreSQL to MySQL syntax...
[2026-04-18 19:03:29,115:MySQL_Database.py#L81:INFO]: MySQL knobs persisted to mysqld-auto.cnf. Restarting to apply...
[2026-04-18 19:03:29,115:MySQL_Database.py#L200:INFO]: Restarting MySQL service...
[2026-04-18 19:03:36,902:MySQL_Database.py#L210:INFO]: Waiting for MySQL to become available...
[2026-04-18 19:03:36,966:MySQL_Database.py#L228:INFO]: MySQL is back up! (Took 0.06s)
[2026-04-18 19:03:36,966:MySQL_Database.py#L32:INFO]: Closed old MySQL connection.
[2026-04-18 19:03:37,027:MySQL_Database.py#L278:INFO]: Executing transpiled workload olap_workloads/tpcds_109.wg (2 queries)...
[2026-04-18 19:03:52,825:MySQL_Database.py#L305:INFO]: Workload olap_workloads/tpcds_109.wg executed successfully.
[2026-04-18 19:03:52,825:run_diverse_configs.py#L206:INFO]: Performance for config 2: 7.898631355958059
[2026-04-18 19:03:52,826:run_diverse_configs.py#L137:INFO]: Running config 3/10 for tpcds_109
[2026-04-18 19:03:52,826:MySQL_Database.py#L253:INFO]: Transpiling workload from PostgreSQL to MySQL syntax...
[2026-04-18 19:03:52,849:MySQL_Database.py#L81:INFO]: MySQL knobs persisted to mysqld-auto.cnf. Restarting to apply...
[2026-04-18 19:03:52,849:MySQL_Database.py#L200:INFO]: Restarting MySQL service...
[2026-04-18 19:04:01,089:MySQL_Database.py#L210:INFO]: Waiting for MySQL to become available...
[2026-04-18 19:04:01,155:MySQL_Database.py#L228:INFO]: MySQL is back up! (Took 0.07s)
[2026-04-18 19:04:01,155:MySQL_Database.py#L32:INFO]: Closed old MySQL connection.
[2026-04-18 19:04:01,217:MySQL_Database.py#L278:INFO]: Executing transpiled workload olap_workloads/tpcds_109.wg (2 queries)...
[2026-04-18 19:04:17,184:MySQL_Database.py#L305:INFO]: Workload olap_workloads/tpcds_109.wg executed successfully.
[2026-04-18 19:04:17,184:run_diverse_configs.py#L206:INFO]: Performance for config 3: 7.982808481436223
[2026-04-18 19:04:17,184:run_diverse_configs.py#L137:INFO]: Running config 4/10 for tpcds_109
[2026-04-18 19:04:17,185:MySQL_Database.py#L253:INFO]: Transpiling workload from PostgreSQL to MySQL syntax...
[2026-04-18 19:04:17,202:MySQL_Database.py#L81:INFO]: MySQL knobs persisted to mysqld-auto.cnf. Restarting to apply...
[2026-04-18 19:04:17,202:MySQL_Database.py#L200:INFO]: Restarting MySQL service...
[2026-04-18 19:04:25,340:MySQL_Database.py#L210:INFO]: Waiting for MySQL to become available...
[2026-04-18 19:04:25,405:MySQL_Database.py#L228:INFO]: MySQL is back up! (Took 0.06s)
[2026-04-18 19:04:25,405:MySQL_Database.py#L32:INFO]: Closed old MySQL connection.
[2026-04-18 19:04:25,466:MySQL_Database.py#L278:INFO]: Executing transpiled workload olap_workloads/tpcds_109.wg (2 queries)...
[2026-04-18 19:04:41,505:MySQL_Database.py#L305:INFO]: Workload olap_workloads/tpcds_109.wg executed successfully.
[2026-04-18 19:04:41,505:run_diverse_configs.py#L206:INFO]: Performance for config 4: 8.019166010897607
[2026-04-18 19:04:41,505:run_diverse_configs.py#L137:INFO]: Running config 5/10 for tpcds_109
[2026-04-18 19:04:41,505:MySQL_Database.py#L253:INFO]: Transpiling workload from PostgreSQL to MySQL syntax...
[2026-04-18 19:04:41,523:MySQL_Database.py#L81:INFO]: MySQL knobs persisted to mysqld-auto.cnf. Restarting to apply...
[2026-04-18 19:04:41,523:MySQL_Database.py#L200:INFO]: Restarting MySQL service...
[2026-04-18 19:04:49,510:MySQL_Database.py#L210:INFO]: Waiting for MySQL to become available...
[2026-04-18 19:04:49,576:MySQL_Database.py#L228:INFO]: MySQL is back up! (Took 0.07s)
[2026-04-18 19:04:49,576:MySQL_Database.py#L32:INFO]: Closed old MySQL connection.
[2026-04-18 19:04:49,637:MySQL_Database.py#L278:INFO]: Executing transpiled workload olap_workloads/tpcds_109.wg (2 queries)...
[2026-04-18 19:05:05,805:MySQL_Database.py#L305:INFO]: Workload olap_workloads/tpcds_109.wg executed successfully.
[2026-04-18 19:05:05,805:run_diverse_configs.py#L206:INFO]: Performance for config 5: 8.083496403880417
[2026-04-18 19:05:05,805:run_diverse_configs.py#L137:INFO]: Running config 6/10 for tpcds_109
[2026-04-18 19:05:05,806:MySQL_Database.py#L253:INFO]: Transpiling workload from PostgreSQL to MySQL syntax...
[2026-04-18 19:05:05,822:MySQL_Database.py#L81:INFO]: MySQL knobs persisted to mysqld-auto.cnf. Restarting to apply...
[2026-04-18 19:05:05,822:MySQL_Database.py#L200:INFO]: Restarting MySQL service...
[2026-04-18 19:05:13,761:MySQL_Database.py#L210:INFO]: Waiting for MySQL to become available...
[2026-04-18 19:05:13,828:MySQL_Database.py#L228:INFO]: MySQL is back up! (Took 0.07s)
[2026-04-18 19:05:13,828:MySQL_Database.py#L32:INFO]: Closed old MySQL connection.
[2026-04-18 19:05:13,890:MySQL_Database.py#L278:INFO]: Executing transpiled workload olap_workloads/tpcds_109.wg (2 queries)...
[2026-04-18 19:05:29,516:MySQL_Database.py#L305:INFO]: Workload olap_workloads/tpcds_109.wg executed successfully.
[2026-04-18 19:05:29,516:run_diverse_configs.py#L206:INFO]: Performance for config 6: 7.812624745536596
[2026-04-18 19:05:29,517:run_diverse_configs.py#L137:INFO]: Running config 7/10 for tpcds_109
[2026-04-18 19:05:29,517:MySQL_Database.py#L253:INFO]: Transpiling workload from PostgreSQL to MySQL syntax...
[2026-04-18 19:05:29,535:MySQL_Database.py#L81:INFO]: MySQL knobs persisted to mysqld-auto.cnf. Restarting to apply...
[2026-04-18 19:05:29,535:MySQL_Database.py#L200:INFO]: Restarting MySQL service...
[2026-04-18 19:05:37,877:MySQL_Database.py#L210:INFO]: Waiting for MySQL to become available...
[2026-04-18 19:05:37,943:MySQL_Database.py#L228:INFO]: MySQL is back up! (Took 0.07s)
[2026-04-18 19:05:37,943:MySQL_Database.py#L32:INFO]: Closed old MySQL connection.
[2026-04-18 19:05:38,005:MySQL_Database.py#L278:INFO]: Executing transpiled workload olap_workloads/tpcds_109.wg (2 queries)...
[2026-04-18 19:05:53,674:MySQL_Database.py#L305:INFO]: Workload olap_workloads/tpcds_109.wg executed successfully.
[2026-04-18 19:05:53,674:run_diverse_configs.py#L206:INFO]: Performance for config 7: 7.834356819977984
[2026-04-18 19:05:53,675:run_diverse_configs.py#L137:INFO]: Running config 8/10 for tpcds_109
[2026-04-18 19:05:53,675:MySQL_Database.py#L253:INFO]: Transpiling workload from PostgreSQL to MySQL syntax...
[2026-04-18 19:05:53,693:MySQL_Database.py#L81:INFO]: MySQL knobs persisted to mysqld-auto.cnf. Restarting to apply...
[2026-04-18 19:05:53,693:MySQL_Database.py#L200:INFO]: Restarting MySQL service...
[2026-04-18 19:06:02,082:MySQL_Database.py#L210:INFO]: Waiting for MySQL to become available...
[2026-04-18 19:06:02,149:MySQL_Database.py#L228:INFO]: MySQL is back up! (Took 0.07s)
[2026-04-18 19:06:02,149:MySQL_Database.py#L32:INFO]: Closed old MySQL connection.
[2026-04-18 19:06:02,212:MySQL_Database.py#L278:INFO]: Executing transpiled workload olap_workloads/tpcds_109.wg (2 queries)...
[2026-04-18 19:06:17,885:MySQL_Database.py#L305:INFO]: Workload olap_workloads/tpcds_109.wg executed successfully.
[2026-04-18 19:06:17,886:run_diverse_configs.py#L206:INFO]: Performance for config 8: 7.836571668507531
[2026-04-18 19:06:17,886:run_diverse_configs.py#L137:INFO]: Running config 9/10 for tpcds_109
[2026-04-18 19:06:17,886:MySQL_Database.py#L253:INFO]: Transpiling workload from PostgreSQL to MySQL syntax...
[2026-04-18 19:06:17,900:MySQL_Database.py#L81:INFO]: MySQL knobs persisted to mysqld-auto.cnf. Restarting to apply...
[2026-04-18 19:06:17,900:MySQL_Database.py#L200:INFO]: Restarting MySQL service...
[2026-04-18 19:06:26,239:MySQL_Database.py#L210:INFO]: Waiting for MySQL to become available...
[2026-04-18 19:06:26,306:MySQL_Database.py#L228:INFO]: MySQL is back up! (Took 0.07s)
[2026-04-18 19:06:26,306:MySQL_Database.py#L32:INFO]: Closed old MySQL connection.
[2026-04-18 19:06:26,369:MySQL_Database.py#L278:INFO]: Executing transpiled workload olap_workloads/tpcds_109.wg (2 queries)...
[2026-04-18 19:06:42,305:MySQL_Database.py#L305:INFO]: Workload olap_workloads/tpcds_109.wg executed successfully.
[2026-04-18 19:06:42,305:run_diverse_configs.py#L206:INFO]: Performance for config 9: 7.967209346126765
[2026-04-18 19:06:42,305:run_diverse_configs.py#L137:INFO]: Running config 10/10 for tpcds_109
[2026-04-18 19:06:42,305:MySQL_Database.py#L253:INFO]: Transpiling workload from PostgreSQL to MySQL syntax...
[2026-04-18 19:06:42,323:MySQL_Database.py#L81:INFO]: MySQL knobs persisted to mysqld-auto.cnf. Restarting to apply...
[2026-04-18 19:06:42,323:MySQL_Database.py#L200:INFO]: Restarting MySQL service...
[2026-04-18 19:06:50,511:MySQL_Database.py#L210:INFO]: Waiting for MySQL to become available...
[2026-04-18 19:06:50,588:MySQL_Database.py#L228:INFO]: MySQL is back up! (Took 0.08s)
[2026-04-18 19:06:50,589:MySQL_Database.py#L32:INFO]: Closed old MySQL connection.
[2026-04-18 19:06:50,708:MySQL_Database.py#L278:INFO]: Executing transpiled workload olap_workloads/tpcds_109.wg (2 queries)...
[2026-04-18 19:07:06,420:MySQL_Database.py#L305:INFO]: Workload olap_workloads/tpcds_109.wg executed successfully.
[2026-04-18 19:07:06,420:run_diverse_configs.py#L206:INFO]: Performance for config 10: 7.855527128558606
[2026-04-18 19:07:06,421:run_diverse_configs.py#L129:INFO]: Running 10 configs for tpcds_51
[2026-04-18 19:07:06,421:run_diverse_configs.py#L137:INFO]: Running config 1/10 for tpcds_51
[2026-04-18 19:07:06,421:MySQL_Database.py#L253:INFO]: Transpiling workload from PostgreSQL to MySQL syntax...
[2026-04-18 19:07:06,435:MySQL_Database.py#L81:INFO]: MySQL knobs persisted to mysqld-auto.cnf. Restarting to apply...
[2026-04-18 19:07:06,435:MySQL_Database.py#L200:INFO]: Restarting MySQL service...
[2026-04-18 19:07:14,728:MySQL_Database.py#L210:INFO]: Waiting for MySQL to become available...
[2026-04-18 19:07:14,799:MySQL_Database.py#L228:INFO]: MySQL is back up! (Took 0.07s)
[2026-04-18 19:07:14,799:MySQL_Database.py#L32:INFO]: Closed old MySQL connection.
[2026-04-18 19:07:14,860:MySQL_Database.py#L278:INFO]: Executing transpiled workload olap_workloads/tpcds_51.wg (2 queries)...
[2026-04-18 19:07:16,797:MySQL_Database.py#L305:INFO]: Workload olap_workloads/tpcds_51.wg executed successfully.
[2026-04-18 19:07:16,797:run_diverse_configs.py#L206:INFO]: Performance for config 1: 0.9684517933055758
[2026-04-18 19:07:16,798:run_diverse_configs.py#L137:INFO]: Running config 2/10 for tpcds_51
[2026-04-18 19:07:16,798:MySQL_Database.py#L253:INFO]: Transpiling workload from PostgreSQL to MySQL syntax...
[2026-04-18 19:07:16,818:MySQL_Database.py#L81:INFO]: MySQL knobs persisted to mysqld-auto.cnf. Restarting to apply...
[2026-04-18 19:07:16,818:MySQL_Database.py#L200:INFO]: Restarting MySQL service...
[2026-04-18 19:07:24,956:MySQL_Database.py#L210:INFO]: Waiting for MySQL to become available...
[2026-04-18 19:07:25,021:MySQL_Database.py#L228:INFO]: MySQL is back up! (Took 0.06s)
[2026-04-18 19:07:25,021:MySQL_Database.py#L32:INFO]: Closed old MySQL connection.
[2026-04-18 19:07:25,083:MySQL_Database.py#L278:INFO]: Executing transpiled workload olap_workloads/tpcds_51.wg (2 queries)...
[2026-04-18 19:07:26,951:MySQL_Database.py#L305:INFO]: Workload olap_workloads/tpcds_51.wg executed successfully.
[2026-04-18 19:07:26,951:run_diverse_configs.py#L206:INFO]: Performance for config 2: 0.9335713966283947
[2026-04-18 19:07:26,951:run_diverse_configs.py#L137:INFO]: Running config 3/10 for tpcds_51
[2026-04-18 19:07:26,952:MySQL_Database.py#L253:INFO]: Transpiling workload from PostgreSQL to MySQL syntax...
[2026-04-18 19:07:26,975:MySQL_Database.py#L81:INFO]: MySQL knobs persisted to mysqld-auto.cnf. Restarting to apply...
[2026-04-18 19:07:26,975:MySQL_Database.py#L200:INFO]: Restarting MySQL service...
[2026-04-18 19:07:35,163:MySQL_Database.py#L210:INFO]: Waiting for MySQL to become available...
[2026-04-18 19:07:35,275:MySQL_Database.py#L228:INFO]: MySQL is back up! (Took 0.11s)
[2026-04-18 19:07:35,276:MySQL_Database.py#L32:INFO]: Closed old MySQL connection.
[2026-04-18 19:07:35,340:MySQL_Database.py#L278:INFO]: Executing transpiled workload olap_workloads/tpcds_51.wg (2 queries)...
[2026-04-18 19:07:37,195:MySQL_Database.py#L305:INFO]: Workload olap_workloads/tpcds_51.wg executed successfully.
[2026-04-18 19:07:37,195:run_diverse_configs.py#L206:INFO]: Performance for config 3: 0.9272698366548866
[2026-04-18 19:07:37,195:run_diverse_configs.py#L137:INFO]: Running config 4/10 for tpcds_51
[2026-04-18 19:07:37,196:MySQL_Database.py#L253:INFO]: Transpiling workload from PostgreSQL to MySQL syntax...
[2026-04-18 19:07:37,216:MySQL_Database.py#L81:INFO]: MySQL knobs persisted to mysqld-auto.cnf. Restarting to apply...
[2026-04-18 19:07:37,216:MySQL_Database.py#L200:INFO]: Restarting MySQL service...
[2026-04-18 19:07:45,458:MySQL_Database.py#L210:INFO]: Waiting for MySQL to become available...
[2026-04-18 19:07:45,529:MySQL_Database.py#L228:INFO]: MySQL is back up! (Took 0.07s)
[2026-04-18 19:07:45,529:MySQL_Database.py#L32:INFO]: Closed old MySQL connection.
[2026-04-18 19:07:45,591:MySQL_Database.py#L278:INFO]: Executing transpiled workload olap_workloads/tpcds_51.wg (2 queries)...
[2026-04-18 19:07:47,268:MySQL_Database.py#L305:INFO]: Workload olap_workloads/tpcds_51.wg executed successfully.
[2026-04-18 19:07:47,268:run_diverse_configs.py#L206:INFO]: Performance for config 4: 0.8381253718398511
[2026-04-18 19:07:47,269:run_diverse_configs.py#L137:INFO]: Running config 5/10 for tpcds_51
[2026-04-18 19:07:47,269:MySQL_Database.py#L253:INFO]: Transpiling workload from PostgreSQL to MySQL syntax...
[2026-04-18 19:07:47,292:MySQL_Database.py#L81:INFO]: MySQL knobs persisted to mysqld-auto.cnf. Restarting to apply...
[2026-04-18 19:07:47,292:MySQL_Database.py#L200:INFO]: Restarting MySQL service...
[2026-04-18 19:07:55,629:MySQL_Database.py#L210:INFO]: Waiting for MySQL to become available...
[2026-04-18 19:07:55,694:MySQL_Database.py#L228:INFO]: MySQL is back up! (Took 0.06s)
[2026-04-18 19:07:55,695:MySQL_Database.py#L32:INFO]: Closed old MySQL connection.
[2026-04-18 19:07:55,757:MySQL_Database.py#L278:INFO]: Executing transpiled workload olap_workloads/tpcds_51.wg (2 queries)...
[2026-04-18 19:07:57,555:MySQL_Database.py#L305:INFO]: Workload olap_workloads/tpcds_51.wg executed successfully.
[2026-04-18 19:07:57,555:run_diverse_configs.py#L206:INFO]: Performance for config 5: 0.898603182984516
[2026-04-18 19:07:57,555:run_diverse_configs.py#L137:INFO]: Running config 6/10 for tpcds_51
[2026-04-18 19:07:57,556:MySQL_Database.py#L253:INFO]: Transpiling workload from PostgreSQL to MySQL syntax...
[2026-04-18 19:07:57,579:MySQL_Database.py#L81:INFO]: MySQL knobs persisted to mysqld-auto.cnf. Restarting to apply...
[2026-04-18 19:07:57,579:MySQL_Database.py#L200:INFO]: Restarting MySQL service...
[2026-04-18 19:08:05,767:MySQL_Database.py#L210:INFO]: Waiting for MySQL to become available...
[2026-04-18 19:08:05,834:MySQL_Database.py#L228:INFO]: MySQL is back up! (Took 0.07s)
[2026-04-18 19:08:05,834:MySQL_Database.py#L32:INFO]: Closed old MySQL connection.
[2026-04-18 19:08:05,896:MySQL_Database.py#L278:INFO]: Executing transpiled workload olap_workloads/tpcds_51.wg (2 queries)...
[2026-04-18 19:08:07,499:MySQL_Database.py#L305:INFO]: Workload olap_workloads/tpcds_51.wg executed successfully.
[2026-04-18 19:08:07,499:run_diverse_configs.py#L206:INFO]: Performance for config 6: 0.801141970558092
[2026-04-18 19:08:07,499:run_diverse_configs.py#L137:INFO]: Running config 7/10 for tpcds_51
[2026-04-18 19:08:07,500:MySQL_Database.py#L253:INFO]: Transpiling workload from PostgreSQL to MySQL syntax...
[2026-04-18 19:08:07,520:MySQL_Database.py#L81:INFO]: MySQL knobs persisted to mysqld-auto.cnf. Restarting to apply...
[2026-04-18 19:08:07,521:MySQL_Database.py#L200:INFO]: Restarting MySQL service...
[2026-04-18 19:08:16,018:MySQL_Database.py#L210:INFO]: Waiting for MySQL to become available...
[2026-04-18 19:08:16,087:MySQL_Database.py#L228:INFO]: MySQL is back up! (Took 0.07s)
[2026-04-18 19:08:16,087:MySQL_Database.py#L32:INFO]: Closed old MySQL connection.
[2026-04-18 19:08:16,151:MySQL_Database.py#L278:INFO]: Executing transpiled workload olap_workloads/tpcds_51.wg (2 queries)...
[2026-04-18 19:08:17,745:MySQL_Database.py#L305:INFO]: Workload olap_workloads/tpcds_51.wg executed successfully.
[2026-04-18 19:08:17,745:run_diverse_configs.py#L206:INFO]: Performance for config 7: 0.7965288574341685
[2026-04-18 19:08:17,746:run_diverse_configs.py#L137:INFO]: Running config 8/10 for tpcds_51
[2026-04-18 19:08:17,746:MySQL_Database.py#L253:INFO]: Transpiling workload from PostgreSQL to MySQL syntax...
[2026-04-18 19:08:17,767:MySQL_Database.py#L81:INFO]: MySQL knobs persisted to mysqld-auto.cnf. Restarting to apply...
[2026-04-18 19:08:17,767:MySQL_Database.py#L200:INFO]: Restarting MySQL service...
[2026-04-18 19:08:26,206:MySQL_Database.py#L210:INFO]: Waiting for MySQL to become available...
[2026-04-18 19:08:26,272:MySQL_Database.py#L228:INFO]: MySQL is back up! (Took 0.07s)
[2026-04-18 19:08:26,272:MySQL_Database.py#L32:INFO]: Closed old MySQL connection.
[2026-04-18 19:08:26,333:MySQL_Database.py#L278:INFO]: Executing transpiled workload olap_workloads/tpcds_51.wg (2 queries)...
[2026-04-18 19:08:28,014:MySQL_Database.py#L305:INFO]: Workload olap_workloads/tpcds_51.wg executed successfully.
[2026-04-18 19:08:28,014:run_diverse_configs.py#L206:INFO]: Performance for config 8: 0.8401580813806504
[2026-04-18 19:08:28,015:run_diverse_configs.py#L137:INFO]: Running config 9/10 for tpcds_51
[2026-04-18 19:08:28,015:MySQL_Database.py#L253:INFO]: Transpiling workload from PostgreSQL to MySQL syntax...
[2026-04-18 19:08:28,033:MySQL_Database.py#L81:INFO]: MySQL knobs persisted to mysqld-auto.cnf. Restarting to apply...
[2026-04-18 19:08:28,033:MySQL_Database.py#L200:INFO]: Restarting MySQL service...
[2026-04-18 19:08:36,322:MySQL_Database.py#L210:INFO]: Waiting for MySQL to become available...
[2026-04-18 19:08:36,408:MySQL_Database.py#L228:INFO]: MySQL is back up! (Took 0.09s)
[2026-04-18 19:08:36,409:MySQL_Database.py#L32:INFO]: Closed old MySQL connection.
[2026-04-18 19:08:36,470:MySQL_Database.py#L278:INFO]: Executing transpiled workload olap_workloads/tpcds_51.wg (2 queries)...
[2026-04-18 19:08:38,325:MySQL_Database.py#L305:INFO]: Workload olap_workloads/tpcds_51.wg executed successfully.
[2026-04-18 19:08:38,325:run_diverse_configs.py#L206:INFO]: Performance for config 9: 0.9271114894654602
[2026-04-18 19:08:38,325:run_diverse_configs.py#L137:INFO]: Running config 10/10 for tpcds_51
[2026-04-18 19:08:38,326:MySQL_Database.py#L253:INFO]: Transpiling workload from PostgreSQL to MySQL syntax...
[2026-04-18 19:08:38,346:MySQL_Database.py#L81:INFO]: MySQL knobs persisted to mysqld-auto.cnf. Restarting to apply...
[2026-04-18 19:08:38,346:MySQL_Database.py#L200:INFO]: Restarting MySQL service...
[2026-04-18 19:08:46,586:MySQL_Database.py#L210:INFO]: Waiting for MySQL to become available...
[2026-04-18 19:08:46,653:MySQL_Database.py#L228:INFO]: MySQL is back up! (Took 0.07s)
[2026-04-18 19:08:46,654:MySQL_Database.py#L32:INFO]: Closed old MySQL connection.
[2026-04-18 19:08:46,716:MySQL_Database.py#L278:INFO]: Executing transpiled workload olap_workloads/tpcds_51.wg (2 queries)...
[2026-04-18 19:08:48,537:MySQL_Database.py#L305:INFO]: Workload olap_workloads/tpcds_51.wg executed successfully.
[2026-04-18 19:08:48,537:run_diverse_configs.py#L206:INFO]: Performance for config 10: 0.9100979305803776
[2026-04-18 19:08:48,537:run_diverse_configs.py#L129:INFO]: Running 10 configs for tpcds_200
[2026-04-18 19:08:48,537:run_diverse_configs.py#L137:INFO]: Running config 1/10 for tpcds_200
[2026-04-18 19:08:48,538:MySQL_Database.py#L253:INFO]: Transpiling workload from PostgreSQL to MySQL syntax...
[2026-04-18 19:08:48,564:MySQL_Database.py#L81:INFO]: MySQL knobs persisted to mysqld-auto.cnf. Restarting to apply...
[2026-04-18 19:08:48,564:MySQL_Database.py#L200:INFO]: Restarting MySQL service...
[2026-04-18 19:08:56,752:MySQL_Database.py#L210:INFO]: Waiting for MySQL to become available...
[2026-04-18 19:08:56,817:MySQL_Database.py#L228:INFO]: MySQL is back up! (Took 0.07s)
[2026-04-18 19:08:56,818:MySQL_Database.py#L32:INFO]: Closed old MySQL connection.
[2026-04-18 19:08:56,880:MySQL_Database.py#L278:INFO]: Executing transpiled workload olap_workloads/tpcds_200.wg (2 queries)...
[2026-04-18 19:09:16,490:MySQL_Database.py#L305:INFO]: Workload olap_workloads/tpcds_200.wg executed successfully.
[2026-04-18 19:09:16,490:run_diverse_configs.py#L206:INFO]: Performance for config 1: 9.804843914462253
[2026-04-18 19:09:16,491:run_diverse_configs.py#L137:INFO]: Running config 2/10 for tpcds_200
[2026-04-18 19:09:16,491:MySQL_Database.py#L253:INFO]: Transpiling workload from PostgreSQL to MySQL syntax...
[2026-04-18 19:09:16,509:MySQL_Database.py#L81:INFO]: MySQL knobs persisted to mysqld-auto.cnf. Restarting to apply...
[2026-04-18 19:09:16,509:MySQL_Database.py#L200:INFO]: Restarting MySQL service...
[2026-04-18 19:09:25,050:MySQL_Database.py#L210:INFO]: Waiting for MySQL to become available...
[2026-04-18 19:09:25,119:MySQL_Database.py#L228:INFO]: MySQL is back up! (Took 0.07s)
[2026-04-18 19:09:25,119:MySQL_Database.py#L32:INFO]: Closed old MySQL connection.
[2026-04-18 19:09:25,195:MySQL_Database.py#L278:INFO]: Executing transpiled workload olap_workloads/tpcds_200.wg (2 queries)...
[2026-04-18 19:09:44,683:MySQL_Database.py#L305:INFO]: Workload olap_workloads/tpcds_200.wg executed successfully.
[2026-04-18 19:09:44,683:run_diverse_configs.py#L206:INFO]: Performance for config 2: 9.74350620736368
[2026-04-18 19:09:44,683:run_diverse_configs.py#L137:INFO]: Running config 3/10 for tpcds_200
[2026-04-18 19:09:44,683:MySQL_Database.py#L253:INFO]: Transpiling workload from PostgreSQL to MySQL syntax...
[2026-04-18 19:09:44,710:MySQL_Database.py#L81:INFO]: MySQL knobs persisted to mysqld-auto.cnf. Restarting to apply...
[2026-04-18 19:09:44,710:MySQL_Database.py#L200:INFO]: Restarting MySQL service...
[2026-04-18 19:09:52,245:MySQL_Database.py#L210:INFO]: Waiting for MySQL to become available...
[2026-04-18 19:09:52,315:MySQL_Database.py#L228:INFO]: MySQL is back up! (Took 0.07s)
[2026-04-18 19:09:52,316:MySQL_Database.py#L32:INFO]: Closed old MySQL connection.
[2026-04-18 19:09:52,376:MySQL_Database.py#L278:INFO]: Executing transpiled workload olap_workloads/tpcds_200.wg (2 queries)...
[2026-04-18 19:10:11,330:MySQL_Database.py#L305:INFO]: Workload olap_workloads/tpcds_200.wg executed successfully.
[2026-04-18 19:10:11,330:run_diverse_configs.py#L206:INFO]: Performance for config 3: 9.476827820530161
[2026-04-18 19:10:11,330:run_diverse_configs.py#L137:INFO]: Running config 4/10 for tpcds_200
[2026-04-18 19:10:11,331:MySQL_Database.py#L253:INFO]: Transpiling workload from PostgreSQL to MySQL syntax...
[2026-04-18 19:10:11,348:MySQL_Database.py#L81:INFO]: MySQL knobs persisted to mysqld-auto.cnf. Restarting to apply...
[2026-04-18 19:10:11,349:MySQL_Database.py#L200:INFO]: Restarting MySQL service...
[2026-04-18 19:10:19,686:MySQL_Database.py#L210:INFO]: Waiting for MySQL to become available...
[2026-04-18 19:10:19,756:MySQL_Database.py#L228:INFO]: MySQL is back up! (Took 0.07s)
[2026-04-18 19:10:19,756:MySQL_Database.py#L32:INFO]: Closed old MySQL connection.
[2026-04-18 19:10:19,821:MySQL_Database.py#L278:INFO]: Executing transpiled workload olap_workloads/tpcds_200.wg (2 queries)...
[2026-04-18 19:10:39,212:MySQL_Database.py#L305:INFO]: Workload olap_workloads/tpcds_200.wg executed successfully.
[2026-04-18 19:10:39,212:run_diverse_configs.py#L206:INFO]: Performance for config 4: 9.695419422350824
[2026-04-18 19:10:39,212:run_diverse_configs.py#L137:INFO]: Running config 5/10 for tpcds_200
[2026-04-18 19:10:39,213:MySQL_Database.py#L253:INFO]: Transpiling workload from PostgreSQL to MySQL syntax...
[2026-04-18 19:10:39,235:MySQL_Database.py#L81:INFO]: MySQL knobs persisted to mysqld-auto.cnf. Restarting to apply...
[2026-04-18 19:10:39,236:MySQL_Database.py#L200:INFO]: Restarting MySQL service...
[2026-04-18 19:10:47,775:MySQL_Database.py#L210:INFO]: Waiting for MySQL to become available...
[2026-04-18 19:10:47,854:MySQL_Database.py#L228:INFO]: MySQL is back up! (Took 0.08s)
[2026-04-18 19:10:47,854:MySQL_Database.py#L32:INFO]: Closed old MySQL connection.
[2026-04-18 19:10:47,975:MySQL_Database.py#L278:INFO]: Executing transpiled workload olap_workloads/tpcds_200.wg (2 queries)...
[2026-04-18 19:11:07,107:MySQL_Database.py#L305:INFO]: Workload olap_workloads/tpcds_200.wg executed successfully.
[2026-04-18 19:11:07,108:run_diverse_configs.py#L206:INFO]: Performance for config 5: 9.565817180089653
[2026-04-18 19:11:07,108:run_diverse_configs.py#L137:INFO]: Running config 6/10 for tpcds_200
[2026-04-18 19:11:07,108:MySQL_Database.py#L253:INFO]: Transpiling workload from PostgreSQL to MySQL syntax...
[2026-04-18 19:11:07,130:MySQL_Database.py#L81:INFO]: MySQL knobs persisted to mysqld-auto.cnf. Restarting to apply...
[2026-04-18 19:11:07,130:MySQL_Database.py#L200:INFO]: Restarting MySQL service...
[2026-04-18 19:11:15,119:MySQL_Database.py#L210:INFO]: Waiting for MySQL to become available...
[2026-04-18 19:11:15,202:MySQL_Database.py#L228:INFO]: MySQL is back up! (Took 0.08s)
[2026-04-18 19:11:15,202:MySQL_Database.py#L32:INFO]: Closed old MySQL connection.
[2026-04-18 19:11:15,264:MySQL_Database.py#L278:INFO]: Executing transpiled workload olap_workloads/tpcds_200.wg (2 queries)...
[2026-04-18 19:11:34,631:MySQL_Database.py#L305:INFO]: Workload olap_workloads/tpcds_200.wg executed successfully.
[2026-04-18 19:11:34,631:run_diverse_configs.py#L206:INFO]: Performance for config 6: 9.68330538761802
[2026-04-18 19:11:34,631:run_diverse_configs.py#L137:INFO]: Running config 7/10 for tpcds_200
[2026-04-18 19:11:34,632:MySQL_Database.py#L253:INFO]: Transpiling workload from PostgreSQL to MySQL syntax...
[2026-04-18 19:11:34,654:MySQL_Database.py#L81:INFO]: MySQL knobs persisted to mysqld-auto.cnf. Restarting to apply...
[2026-04-18 19:11:34,654:MySQL_Database.py#L200:INFO]: Restarting MySQL service...
[2026-04-18 19:11:42,440:MySQL_Database.py#L210:INFO]: Waiting for MySQL to become available...
[2026-04-18 19:11:42,514:MySQL_Database.py#L228:INFO]: MySQL is back up! (Took 0.07s)
[2026-04-18 19:11:42,514:MySQL_Database.py#L32:INFO]: Closed old MySQL connection.
[2026-04-18 19:11:42,576:MySQL_Database.py#L278:INFO]: Executing transpiled workload olap_workloads/tpcds_200.wg (2 queries)...
[2026-04-18 19:12:02,006:MySQL_Database.py#L305:INFO]: Workload olap_workloads/tpcds_200.wg executed successfully.
[2026-04-18 19:12:02,006:run_diverse_configs.py#L206:INFO]: Performance for config 7: 9.714548240648583
[2026-04-18 19:12:02,006:run_diverse_configs.py#L137:INFO]: Running config 8/10 for tpcds_200
[2026-04-18 19:12:02,006:MySQL_Database.py#L253:INFO]: Transpiling workload from PostgreSQL to MySQL syntax...
[2026-04-18 19:12:02,025:MySQL_Database.py#L81:INFO]: MySQL knobs persisted to mysqld-auto.cnf. Restarting to apply...
[2026-04-18 19:12:02,025:MySQL_Database.py#L200:INFO]: Restarting MySQL service...
[2026-04-18 19:12:09,709:MySQL_Database.py#L210:INFO]: Waiting for MySQL to become available...
[2026-04-18 19:12:09,776:MySQL_Database.py#L228:INFO]: MySQL is back up! (Took 0.07s)
[2026-04-18 19:12:09,776:MySQL_Database.py#L32:INFO]: Closed old MySQL connection.
[2026-04-18 19:12:09,838:MySQL_Database.py#L278:INFO]: Executing transpiled workload olap_workloads/tpcds_200.wg (2 queries)...
[2026-04-18 19:12:29,235:MySQL_Database.py#L305:INFO]: Workload olap_workloads/tpcds_200.wg executed successfully.
[2026-04-18 19:12:29,235:run_diverse_configs.py#L206:INFO]: Performance for config 8: 9.698247615015134
[2026-04-18 19:12:29,235:run_diverse_configs.py#L137:INFO]: Running config 9/10 for tpcds_200
[2026-04-18 19:12:29,236:MySQL_Database.py#L253:INFO]: Transpiling workload from PostgreSQL to MySQL syntax...
[2026-04-18 19:12:29,258:MySQL_Database.py#L81:INFO]: MySQL knobs persisted to mysqld-auto.cnf. Restarting to apply...
[2026-04-18 19:12:29,259:MySQL_Database.py#L200:INFO]: Restarting MySQL service...
[2026-04-18 19:12:37,848:MySQL_Database.py#L210:INFO]: Waiting for MySQL to become available...
[2026-04-18 19:12:37,953:MySQL_Database.py#L228:INFO]: MySQL is back up! (Took 0.10s)
[2026-04-18 19:12:37,953:MySQL_Database.py#L32:INFO]: Closed old MySQL connection.
[2026-04-18 19:12:38,074:MySQL_Database.py#L278:INFO]: Executing transpiled workload olap_workloads/tpcds_200.wg (2 queries)...
[2026-04-18 19:12:57,509:MySQL_Database.py#L305:INFO]: Workload olap_workloads/tpcds_200.wg executed successfully.
[2026-04-18 19:12:57,509:run_diverse_configs.py#L206:INFO]: Performance for config 9: 9.717477111145854
[2026-04-18 19:12:57,510:run_diverse_configs.py#L137:INFO]: Running config 10/10 for tpcds_200
[2026-04-18 19:12:57,510:MySQL_Database.py#L253:INFO]: Transpiling workload from PostgreSQL to MySQL syntax...
[2026-04-18 19:12:57,533:MySQL_Database.py#L81:INFO]: MySQL knobs persisted to mysqld-auto.cnf. Restarting to apply...
[2026-04-18 19:12:57,533:MySQL_Database.py#L200:INFO]: Restarting MySQL service...
[2026-04-18 19:13:06,072:MySQL_Database.py#L210:INFO]: Waiting for MySQL to become available...
[2026-04-18 19:13:06,136:MySQL_Database.py#L228:INFO]: MySQL is back up! (Took 0.06s)
[2026-04-18 19:13:06,136:MySQL_Database.py#L32:INFO]: Closed old MySQL connection.
[2026-04-18 19:13:06,197:MySQL_Database.py#L278:INFO]: Executing transpiled workload olap_workloads/tpcds_200.wg (2 queries)...
[2026-04-18 19:13:25,521:MySQL_Database.py#L305:INFO]: Workload olap_workloads/tpcds_200.wg executed successfully.
[2026-04-18 19:13:25,521:run_diverse_configs.py#L206:INFO]: Performance for config 10: 9.661430516513065
[2026-04-18 19:13:25,521:run_diverse_configs.py#L129:INFO]: Running 10 configs for tpcds_129
[2026-04-18 19:13:25,521:run_diverse_configs.py#L137:INFO]: Running config 1/10 for tpcds_129
[2026-04-18 19:13:25,527:MySQL_Database.py#L253:INFO]: Transpiling workload from PostgreSQL to MySQL syntax...
[2026-04-18 19:13:25,555:MySQL_Database.py#L81:INFO]: MySQL knobs persisted to mysqld-auto.cnf. Restarting to apply...
[2026-04-18 19:13:25,555:MySQL_Database.py#L200:INFO]: Restarting MySQL service...
[2026-04-18 19:13:33,291:MySQL_Database.py#L210:INFO]: Waiting for MySQL to become available...
[2026-04-18 19:13:33,358:MySQL_Database.py#L228:INFO]: MySQL is back up! (Took 0.07s)
[2026-04-18 19:13:33,359:MySQL_Database.py#L32:INFO]: Closed old MySQL connection.
[2026-04-18 19:13:33,421:MySQL_Database.py#L278:INFO]: Executing transpiled workload olap_workloads/tpcds_129.wg (2 queries)...
[2026-04-18 19:13:35,379:MySQL_Database.py#L305:INFO]: Workload olap_workloads/tpcds_129.wg executed successfully.
[2026-04-18 19:13:35,379:run_diverse_configs.py#L206:INFO]: Performance for config 1: 0.9785698759369552
[2026-04-18 19:13:35,380:run_diverse_configs.py#L137:INFO]: Running config 2/10 for tpcds_129
[2026-04-18 19:13:35,380:MySQL_Database.py#L253:INFO]: Transpiling workload from PostgreSQL to MySQL syntax...
[2026-04-18 19:13:35,393:MySQL_Database.py#L81:INFO]: MySQL knobs persisted to mysqld-auto.cnf. Restarting to apply...
[2026-04-18 19:13:35,393:MySQL_Database.py#L200:INFO]: Restarting MySQL service...
[2026-04-18 19:13:43,581:MySQL_Database.py#L210:INFO]: Waiting for MySQL to become available...
[2026-04-18 19:13:43,650:MySQL_Database.py#L228:INFO]: MySQL is back up! (Took 0.07s)
[2026-04-18 19:13:43,650:MySQL_Database.py#L32:INFO]: Closed old MySQL connection.
[2026-04-18 19:13:43,713:MySQL_Database.py#L278:INFO]: Executing transpiled workload olap_workloads/tpcds_129.wg (2 queries)...
[2026-04-18 19:13:45,501:MySQL_Database.py#L305:INFO]: Workload olap_workloads/tpcds_129.wg executed successfully.
[2026-04-18 19:13:45,501:run_diverse_configs.py#L206:INFO]: Performance for config 2: 0.8937210880685598
[2026-04-18 19:13:45,502:run_diverse_configs.py#L137:INFO]: Running config 3/10 for tpcds_129
[2026-04-18 19:13:45,502:MySQL_Database.py#L253:INFO]: Transpiling workload from PostgreSQL to MySQL syntax...
[2026-04-18 19:13:45,520:MySQL_Database.py#L81:INFO]: MySQL knobs persisted to mysqld-auto.cnf. Restarting to apply...
[2026-04-18 19:13:45,520:MySQL_Database.py#L200:INFO]: Restarting MySQL service...
[2026-04-18 19:13:53,759:MySQL_Database.py#L210:INFO]: Waiting for MySQL to become available...
[2026-04-18 19:13:53,828:MySQL_Database.py#L228:INFO]: MySQL is back up! (Took 0.07s)
[2026-04-18 19:13:53,829:MySQL_Database.py#L32:INFO]: Closed old MySQL connection.
[2026-04-18 19:13:53,891:MySQL_Database.py#L278:INFO]: Executing transpiled workload olap_workloads/tpcds_129.wg (2 queries)...
[2026-04-18 19:13:55,797:MySQL_Database.py#L305:INFO]: Workload olap_workloads/tpcds_129.wg executed successfully.
[2026-04-18 19:13:55,797:run_diverse_configs.py#L206:INFO]: Performance for config 3: 0.9528299495577812
[2026-04-18 19:13:55,797:run_diverse_configs.py#L137:INFO]: Running config 4/10 for tpcds_129
[2026-04-18 19:13:55,798:MySQL_Database.py#L253:INFO]: Transpiling workload from PostgreSQL to MySQL syntax...
[2026-04-18 19:13:55,808:MySQL_Database.py#L81:INFO]: MySQL knobs persisted to mysqld-auto.cnf. Restarting to apply...
[2026-04-18 19:13:55,809:MySQL_Database.py#L200:INFO]: Restarting MySQL service...
[2026-04-18 19:14:03,897:MySQL_Database.py#L210:INFO]: Waiting for MySQL to become available...
[2026-04-18 19:14:04,006:MySQL_Database.py#L228:INFO]: MySQL is back up! (Took 0.11s)
[2026-04-18 19:14:04,007:MySQL_Database.py#L32:INFO]: Closed old MySQL connection.
[2026-04-18 19:14:04,069:MySQL_Database.py#L278:INFO]: Executing transpiled workload olap_workloads/tpcds_129.wg (2 queries)...
[2026-04-18 19:14:05,936:MySQL_Database.py#L305:INFO]: Workload olap_workloads/tpcds_129.wg executed successfully.
[2026-04-18 19:14:05,936:run_diverse_configs.py#L206:INFO]: Performance for config 4: 0.9330330125521868
[2026-04-18 19:14:05,936:run_diverse_configs.py#L137:INFO]: Running config 5/10 for tpcds_129
[2026-04-18 19:14:05,937:MySQL_Database.py#L253:INFO]: Transpiling workload from PostgreSQL to MySQL syntax...
[2026-04-18 19:14:05,953:MySQL_Database.py#L81:INFO]: MySQL knobs persisted to mysqld-auto.cnf. Restarting to apply...
[2026-04-18 19:14:05,953:MySQL_Database.py#L200:INFO]: Restarting MySQL service...
[2026-04-18 19:14:14,142:MySQL_Database.py#L210:INFO]: Waiting for MySQL to become available...
[2026-04-18 19:14:14,223:MySQL_Database.py#L228:INFO]: MySQL is back up! (Took 0.08s)
[2026-04-18 19:14:14,223:MySQL_Database.py#L32:INFO]: Closed old MySQL connection.
[2026-04-18 19:14:14,283:MySQL_Database.py#L278:INFO]: Executing transpiled workload olap_workloads/tpcds_129.wg (2 queries)...
[2026-04-18 19:14:16,001:MySQL_Database.py#L305:INFO]: Workload olap_workloads/tpcds_129.wg executed successfully.
[2026-04-18 19:14:16,001:run_diverse_configs.py#L206:INFO]: Performance for config 5: 0.858808106277138
[2026-04-18 19:14:16,002:run_diverse_configs.py#L137:INFO]: Running config 6/10 for tpcds_129
[2026-04-18 19:14:16,002:MySQL_Database.py#L253:INFO]: Transpiling workload from PostgreSQL to MySQL syntax...
[2026-04-18 19:14:16,019:MySQL_Database.py#L81:INFO]: MySQL knobs persisted to mysqld-auto.cnf. Restarting to apply...
[2026-04-18 19:14:16,019:MySQL_Database.py#L200:INFO]: Restarting MySQL service...
[2026-04-18 19:14:24,307:MySQL_Database.py#L210:INFO]: Waiting for MySQL to become available...
[2026-04-18 19:14:24,371:MySQL_Database.py#L228:INFO]: MySQL is back up! (Took 0.06s)
[2026-04-18 19:14:24,371:MySQL_Database.py#L32:INFO]: Closed old MySQL connection.
[2026-04-18 19:14:24,433:MySQL_Database.py#L278:INFO]: Executing transpiled workload olap_workloads/tpcds_129.wg (2 queries)...
[2026-04-18 19:14:26,296:MySQL_Database.py#L305:INFO]: Workload olap_workloads/tpcds_129.wg executed successfully.
[2026-04-18 19:14:26,296:run_diverse_configs.py#L206:INFO]: Performance for config 6: 0.9312124215066433
[2026-04-18 19:14:26,296:run_diverse_configs.py#L137:INFO]: Running config 7/10 for tpcds_129
[2026-04-18 19:14:26,296:MySQL_Database.py#L253:INFO]: Transpiling workload from PostgreSQL to MySQL syntax...
[2026-04-18 19:14:26,314:MySQL_Database.py#L81:INFO]: MySQL knobs persisted to mysqld-auto.cnf. Restarting to apply...
[2026-04-18 19:14:26,314:MySQL_Database.py#L200:INFO]: Restarting MySQL service...
[2026-04-18 19:14:34,502:MySQL_Database.py#L210:INFO]: Waiting for MySQL to become available...
[2026-04-18 19:14:34,566:MySQL_Database.py#L228:INFO]: MySQL is back up! (Took 0.06s)
[2026-04-18 19:14:34,567:MySQL_Database.py#L32:INFO]: Closed old MySQL connection.
[2026-04-18 19:14:34,629:MySQL_Database.py#L278:INFO]: Executing transpiled workload olap_workloads/tpcds_129.wg (2 queries)...
[2026-04-18 19:14:36,501:MySQL_Database.py#L305:INFO]: Workload olap_workloads/tpcds_129.wg executed successfully.
[2026-04-18 19:14:36,501:run_diverse_configs.py#L206:INFO]: Performance for config 7: 0.9355982565321028
[2026-04-18 19:14:36,501:run_diverse_configs.py#L137:INFO]: Running config 8/10 for tpcds_129
[2026-04-18 19:14:36,502:MySQL_Database.py#L253:INFO]: Transpiling workload from PostgreSQL to MySQL syntax...
[2026-04-18 19:14:36,516:MySQL_Database.py#L81:INFO]: MySQL knobs persisted to mysqld-auto.cnf. Restarting to apply...
[2026-04-18 19:14:36,516:MySQL_Database.py#L200:INFO]: Restarting MySQL service...
[2026-04-18 19:14:44,755:MySQL_Database.py#L210:INFO]: Waiting for MySQL to become available...
[2026-04-18 19:14:44,820:MySQL_Database.py#L228:INFO]: MySQL is back up! (Took 0.06s)
[2026-04-18 19:14:44,820:MySQL_Database.py#L32:INFO]: Closed old MySQL connection.
[2026-04-18 19:14:44,905:MySQL_Database.py#L278:INFO]: Executing transpiled workload olap_workloads/tpcds_129.wg (2 queries)...
[2026-04-18 19:14:46,636:MySQL_Database.py#L305:INFO]: Workload olap_workloads/tpcds_129.wg executed successfully.
[2026-04-18 19:14:46,636:run_diverse_configs.py#L206:INFO]: Performance for config 8: 0.8653405578806996
[2026-04-18 19:14:46,637:run_diverse_configs.py#L137:INFO]: Running config 9/10 for tpcds_129
[2026-04-18 19:14:46,637:MySQL_Database.py#L253:INFO]: Transpiling workload from PostgreSQL to MySQL syntax...
[2026-04-18 19:14:46,656:MySQL_Database.py#L81:INFO]: MySQL knobs persisted to mysqld-auto.cnf. Restarting to apply...
[2026-04-18 19:14:46,656:MySQL_Database.py#L200:INFO]: Restarting MySQL service...
[2026-04-18 19:14:54,844:MySQL_Database.py#L210:INFO]: Waiting for MySQL to become available...
[2026-04-18 19:14:54,915:MySQL_Database.py#L228:INFO]: MySQL is back up! (Took 0.07s)
[2026-04-18 19:14:54,915:MySQL_Database.py#L32:INFO]: Closed old MySQL connection.
[2026-04-18 19:14:54,977:MySQL_Database.py#L278:INFO]: Executing transpiled workload olap_workloads/tpcds_129.wg (2 queries)...
[2026-04-18 19:14:56,925:MySQL_Database.py#L305:INFO]: Workload olap_workloads/tpcds_129.wg executed successfully.
[2026-04-18 19:14:56,925:run_diverse_configs.py#L206:INFO]: Performance for config 9: 0.9739680869970471
[2026-04-18 19:14:56,926:run_diverse_configs.py#L137:INFO]: Running config 10/10 for tpcds_129
[2026-04-18 19:14:56,926:MySQL_Database.py#L253:INFO]: Transpiling workload from PostgreSQL to MySQL syntax...
[2026-04-18 19:14:56,939:MySQL_Database.py#L81:INFO]: MySQL knobs persisted to mysqld-auto.cnf. Restarting to apply...
[2026-04-18 19:14:56,939:MySQL_Database.py#L200:INFO]: Restarting MySQL service...
[2026-04-18 19:15:05,178:MySQL_Database.py#L210:INFO]: Waiting for MySQL to become available...
[2026-04-18 19:15:05,283:MySQL_Database.py#L228:INFO]: MySQL is back up! (Took 0.10s)
[2026-04-18 19:15:05,283:MySQL_Database.py#L32:INFO]: Closed old MySQL connection.
[2026-04-18 19:15:05,395:MySQL_Database.py#L278:INFO]: Executing transpiled workload olap_workloads/tpcds_129.wg (2 queries)...
[2026-04-18 19:15:07,066:MySQL_Database.py#L305:INFO]: Workload olap_workloads/tpcds_129.wg executed successfully.
[2026-04-18 19:15:07,066:run_diverse_configs.py#L206:INFO]: Performance for config 10: 0.8352821350563318
[2026-04-18 19:15:07,066:run_diverse_configs.py#L129:INFO]: Running 10 configs for tpcds_230
[2026-04-18 19:15:07,067:run_diverse_configs.py#L137:INFO]: Running config 1/10 for tpcds_230
[2026-04-18 19:15:07,073:MySQL_Database.py#L253:INFO]: Transpiling workload from PostgreSQL to MySQL syntax...
[2026-04-18 19:15:07,091:MySQL_Database.py#L81:INFO]: MySQL knobs persisted to mysqld-auto.cnf. Restarting to apply...
[2026-04-18 19:15:07,091:MySQL_Database.py#L200:INFO]: Restarting MySQL service...
[2026-04-18 19:15:15,480:MySQL_Database.py#L210:INFO]: Waiting for MySQL to become available...
[2026-04-18 19:15:15,555:MySQL_Database.py#L228:INFO]: MySQL is back up! (Took 0.08s)
[2026-04-18 19:15:15,555:MySQL_Database.py#L32:INFO]: Closed old MySQL connection.
[2026-04-18 19:15:15,619:MySQL_Database.py#L278:INFO]: Executing transpiled workload olap_workloads/tpcds_230.wg (2 queries)...
[2026-04-18 19:15:23,678:MySQL_Database.py#L305:INFO]: Workload olap_workloads/tpcds_230.wg executed successfully.
[2026-04-18 19:15:23,678:run_diverse_configs.py#L206:INFO]: Performance for config 1: 4.029349961783737
[2026-04-18 19:15:23,678:run_diverse_configs.py#L137:INFO]: Running config 2/10 for tpcds_230
[2026-04-18 19:15:23,679:MySQL_Database.py#L253:INFO]: Transpiling workload from PostgreSQL to MySQL syntax...
[2026-04-18 19:15:23,690:MySQL_Database.py#L81:INFO]: MySQL knobs persisted to mysqld-auto.cnf. Restarting to apply...
[2026-04-18 19:15:23,690:MySQL_Database.py#L200:INFO]: Restarting MySQL service...
[2026-04-18 19:15:31,628:MySQL_Database.py#L210:INFO]: Waiting for MySQL to become available...
[2026-04-18 19:15:31,704:MySQL_Database.py#L228:INFO]: MySQL is back up! (Took 0.08s)
[2026-04-18 19:15:31,704:MySQL_Database.py#L32:INFO]: Closed old MySQL connection.
[2026-04-18 19:15:31,764:MySQL_Database.py#L278:INFO]: Executing transpiled workload olap_workloads/tpcds_230.wg (2 queries)...
[2026-04-18 19:15:39,411:MySQL_Database.py#L305:INFO]: Workload olap_workloads/tpcds_230.wg executed successfully.
[2026-04-18 19:15:39,411:run_diverse_configs.py#L206:INFO]: Performance for config 2: 3.8231825940310955
[2026-04-18 19:15:39,412:run_diverse_configs.py#L137:INFO]: Running config 3/10 for tpcds_230
[2026-04-18 19:15:39,412:MySQL_Database.py#L253:INFO]: Transpiling workload from PostgreSQL to MySQL syntax...
[2026-04-18 19:15:39,424:MySQL_Database.py#L81:INFO]: MySQL knobs persisted to mysqld-auto.cnf. Restarting to apply...
[2026-04-18 19:15:39,424:MySQL_Database.py#L200:INFO]: Restarting MySQL service...
[2026-04-18 19:15:47,812:MySQL_Database.py#L210:INFO]: Waiting for MySQL to become available...
[2026-04-18 19:15:47,908:MySQL_Database.py#L228:INFO]: MySQL is back up! (Took 0.10s)
[2026-04-18 19:15:47,908:MySQL_Database.py#L32:INFO]: Closed old MySQL connection.
[2026-04-18 19:15:47,971:MySQL_Database.py#L278:INFO]: Executing transpiled workload olap_workloads/tpcds_230.wg (2 queries)...
[2026-04-18 19:15:55,705:MySQL_Database.py#L305:INFO]: Workload olap_workloads/tpcds_230.wg executed successfully.
[2026-04-18 19:15:55,705:run_diverse_configs.py#L206:INFO]: Performance for config 3: 3.866483253892511
[2026-04-18 19:15:55,705:run_diverse_configs.py#L137:INFO]: Running config 4/10 for tpcds_230
[2026-04-18 19:15:55,706:MySQL_Database.py#L253:INFO]: Transpiling workload from PostgreSQL to MySQL syntax...
[2026-04-18 19:15:55,731:MySQL_Database.py#L81:INFO]: MySQL knobs persisted to mysqld-auto.cnf. Restarting to apply...
[2026-04-18 19:15:55,731:MySQL_Database.py#L200:INFO]: Restarting MySQL service...
[2026-04-18 19:16:04,218:MySQL_Database.py#L210:INFO]: Waiting for MySQL to become available...
[2026-04-18 19:16:04,298:MySQL_Database.py#L228:INFO]: MySQL is back up! (Took 0.08s)
[2026-04-18 19:16:04,298:MySQL_Database.py#L32:INFO]: Closed old MySQL connection.
[2026-04-18 19:16:04,359:MySQL_Database.py#L278:INFO]: Executing transpiled workload olap_workloads/tpcds_230.wg (2 queries)...
[2026-04-18 19:16:11,980:MySQL_Database.py#L305:INFO]: Workload olap_workloads/tpcds_230.wg executed successfully.
[2026-04-18 19:16:11,980:run_diverse_configs.py#L206:INFO]: Performance for config 4: 3.8100767876021564
[2026-04-18 19:16:11,980:run_diverse_configs.py#L137:INFO]: Running config 5/10 for tpcds_230
[2026-04-18 19:16:11,981:MySQL_Database.py#L253:INFO]: Transpiling workload from PostgreSQL to MySQL syntax...
[2026-04-18 19:16:12,001:MySQL_Database.py#L81:INFO]: MySQL knobs persisted to mysqld-auto.cnf. Restarting to apply...
[2026-04-18 19:16:12,001:MySQL_Database.py#L200:INFO]: Restarting MySQL service...
[2026-04-18 19:16:20,541:MySQL_Database.py#L210:INFO]: Waiting for MySQL to become available...
[2026-04-18 19:16:20,609:MySQL_Database.py#L228:INFO]: MySQL is back up! (Took 0.07s)
[2026-04-18 19:16:20,609:MySQL_Database.py#L32:INFO]: Closed old MySQL connection.
[2026-04-18 19:16:20,669:MySQL_Database.py#L278:INFO]: Executing transpiled workload olap_workloads/tpcds_230.wg (2 queries)...
[2026-04-18 19:16:28,707:MySQL_Database.py#L305:INFO]: Workload olap_workloads/tpcds_230.wg executed successfully.
[2026-04-18 19:16:28,707:run_diverse_configs.py#L206:INFO]: Performance for config 5: 4.018585353856906
[2026-04-18 19:16:28,707:run_diverse_configs.py#L137:INFO]: Running config 6/10 for tpcds_230
[2026-04-18 19:16:28,708:MySQL_Database.py#L253:INFO]: Transpiling workload from PostgreSQL to MySQL syntax...
[2026-04-18 19:16:28,732:MySQL_Database.py#L81:INFO]: MySQL knobs persisted to mysqld-auto.cnf. Restarting to apply...
[2026-04-18 19:16:28,732:MySQL_Database.py#L200:INFO]: Restarting MySQL service...
[2026-04-18 19:16:36,771:MySQL_Database.py#L210:INFO]: Waiting for MySQL to become available...
[2026-04-18 19:16:36,839:MySQL_Database.py#L228:INFO]: MySQL is back up! (Took 0.07s)
[2026-04-18 19:16:36,839:MySQL_Database.py#L32:INFO]: Closed old MySQL connection.
[2026-04-18 19:16:36,903:MySQL_Database.py#L278:INFO]: Executing transpiled workload olap_workloads/tpcds_230.wg (2 queries)...
[2026-04-18 19:16:44,575:MySQL_Database.py#L305:INFO]: Workload olap_workloads/tpcds_230.wg executed successfully.
[2026-04-18 19:16:44,575:run_diverse_configs.py#L206:INFO]: Performance for config 6: 3.835829442832619
[2026-04-18 19:16:44,575:run_diverse_configs.py#L137:INFO]: Running config 7/10 for tpcds_230
[2026-04-18 19:16:44,576:MySQL_Database.py#L253:INFO]: Transpiling workload from PostgreSQL to MySQL syntax...
[2026-04-18 19:16:44,602:MySQL_Database.py#L81:INFO]: MySQL knobs persisted to mysqld-auto.cnf. Restarting to apply...
[2026-04-18 19:16:44,602:MySQL_Database.py#L200:INFO]: Restarting MySQL service...
[2026-04-18 19:16:52,891:MySQL_Database.py#L210:INFO]: Waiting for MySQL to become available...
[2026-04-18 19:16:52,960:MySQL_Database.py#L228:INFO]: MySQL is back up! (Took 0.07s)
[2026-04-18 19:16:52,960:MySQL_Database.py#L32:INFO]: Closed old MySQL connection.
[2026-04-18 19:16:53,021:MySQL_Database.py#L278:INFO]: Executing transpiled workload olap_workloads/tpcds_230.wg (2 queries)...
[2026-04-18 19:17:00,751:MySQL_Database.py#L305:INFO]: Workload olap_workloads/tpcds_230.wg executed successfully.
[2026-04-18 19:17:00,751:run_diverse_configs.py#L206:INFO]: Performance for config 7: 3.864750648615882
[2026-04-18 19:17:00,751:run_diverse_configs.py#L137:INFO]: Running config 8/10 for tpcds_230
[2026-04-18 19:17:00,752:MySQL_Database.py#L253:INFO]: Transpiling workload from PostgreSQL to MySQL syntax...
[2026-04-18 19:17:00,766:MySQL_Database.py#L81:INFO]: MySQL knobs persisted to mysqld-auto.cnf. Restarting to apply...
[2026-04-18 19:17:00,766:MySQL_Database.py#L200:INFO]: Restarting MySQL service...
[2026-04-18 19:17:09,153:MySQL_Database.py#L210:INFO]: Waiting for MySQL to become available...
[2026-04-18 19:17:09,218:MySQL_Database.py#L228:INFO]: MySQL is back up! (Took 0.06s)
[2026-04-18 19:17:09,218:MySQL_Database.py#L32:INFO]: Closed old MySQL connection.
[2026-04-18 19:17:09,280:MySQL_Database.py#L278:INFO]: Executing transpiled workload olap_workloads/tpcds_230.wg (2 queries)...
[2026-04-18 19:17:17,489:MySQL_Database.py#L305:INFO]: Workload olap_workloads/tpcds_230.wg executed successfully.
[2026-04-18 19:17:17,489:run_diverse_configs.py#L206:INFO]: Performance for config 8: 4.103941492037848
[2026-04-18 19:17:17,489:run_diverse_configs.py#L137:INFO]: Running config 9/10 for tpcds_230
[2026-04-18 19:17:17,490:MySQL_Database.py#L253:INFO]: Transpiling workload from PostgreSQL to MySQL syntax...
[2026-04-18 19:17:17,510:MySQL_Database.py#L81:INFO]: MySQL knobs persisted to mysqld-auto.cnf. Restarting to apply...
[2026-04-18 19:17:17,510:MySQL_Database.py#L200:INFO]: Restarting MySQL service...
[2026-04-18 19:17:25,396:MySQL_Database.py#L210:INFO]: Waiting for MySQL to become available...
[2026-04-18 19:17:25,521:MySQL_Database.py#L228:INFO]: MySQL is back up! (Took 0.12s)
[2026-04-18 19:17:25,521:MySQL_Database.py#L32:INFO]: Closed old MySQL connection.
[2026-04-18 19:17:25,642:MySQL_Database.py#L278:INFO]: Executing transpiled workload olap_workloads/tpcds_230.wg (2 queries)...
[2026-04-18 19:17:33,510:MySQL_Database.py#L305:INFO]: Workload olap_workloads/tpcds_230.wg executed successfully.
[2026-04-18 19:17:33,510:run_diverse_configs.py#L206:INFO]: Performance for config 9: 3.933515270939097
[2026-04-18 19:17:33,510:run_diverse_configs.py#L137:INFO]: Running config 10/10 for tpcds_230
[2026-04-18 19:17:33,511:MySQL_Database.py#L253:INFO]: Transpiling workload from PostgreSQL to MySQL syntax...
[2026-04-18 19:17:33,534:MySQL_Database.py#L81:INFO]: MySQL knobs persisted to mysqld-auto.cnf. Restarting to apply...
[2026-04-18 19:17:33,534:MySQL_Database.py#L200:INFO]: Restarting MySQL service...
[2026-04-18 19:17:41,570:MySQL_Database.py#L210:INFO]: Waiting for MySQL to become available...
[2026-04-18 19:17:41,642:MySQL_Database.py#L228:INFO]: MySQL is back up! (Took 0.07s)
[2026-04-18 19:17:41,643:MySQL_Database.py#L32:INFO]: Closed old MySQL connection.
[2026-04-18 19:17:41,710:MySQL_Database.py#L278:INFO]: Executing transpiled workload olap_workloads/tpcds_230.wg (2 queries)...
[2026-04-18 19:17:49,313:MySQL_Database.py#L305:INFO]: Workload olap_workloads/tpcds_230.wg executed successfully.
[2026-04-18 19:17:49,313:run_diverse_configs.py#L206:INFO]: Performance for config 10: 3.801232243422419
[2026-04-18 19:17:49,314:run_diverse_configs.py#L129:INFO]: Running 10 configs for tpcds_112
[2026-04-18 19:17:49,314:run_diverse_configs.py#L137:INFO]: Running config 1/10 for tpcds_112
[2026-04-18 19:17:49,320:MySQL_Database.py#L253:INFO]: Transpiling workload from PostgreSQL to MySQL syntax...
[2026-04-18 19:17:49,345:MySQL_Database.py#L81:INFO]: MySQL knobs persisted to mysqld-auto.cnf. Restarting to apply...
[2026-04-18 19:17:49,345:MySQL_Database.py#L200:INFO]: Restarting MySQL service...
[2026-04-18 19:17:57,883:MySQL_Database.py#L210:INFO]: Waiting for MySQL to become available...
[2026-04-18 19:17:57,954:MySQL_Database.py#L228:INFO]: MySQL is back up! (Took 0.07s)
[2026-04-18 19:17:57,954:MySQL_Database.py#L32:INFO]: Closed old MySQL connection.
[2026-04-18 19:17:58,018:MySQL_Database.py#L278:INFO]: Executing transpiled workload olap_workloads/tpcds_112.wg (2 queries)...
[2026-04-18 19:17:58,346:MySQL_Database.py#L305:INFO]: Workload olap_workloads/tpcds_112.wg executed successfully.
[2026-04-18 19:17:58,346:run_diverse_configs.py#L206:INFO]: Performance for config 1: 0.16370442183688283
[2026-04-18 19:17:58,346:run_diverse_configs.py#L137:INFO]: Running config 2/10 for tpcds_112
[2026-04-18 19:17:58,347:MySQL_Database.py#L253:INFO]: Transpiling workload from PostgreSQL to MySQL syntax...
[2026-04-18 19:17:58,363:MySQL_Database.py#L81:INFO]: MySQL knobs persisted to mysqld-auto.cnf. Restarting to apply...
[2026-04-18 19:17:58,363:MySQL_Database.py#L200:INFO]: Restarting MySQL service...
[2026-04-18 19:18:06,050:MySQL_Database.py#L210:INFO]: Waiting for MySQL to become available...
[2026-04-18 19:18:06,157:MySQL_Database.py#L228:INFO]: MySQL is back up! (Took 0.11s)
[2026-04-18 19:18:06,157:MySQL_Database.py#L32:INFO]: Closed old MySQL connection.
[2026-04-18 19:18:06,278:MySQL_Database.py#L278:INFO]: Executing transpiled workload olap_workloads/tpcds_112.wg (2 queries)...
[2026-04-18 19:18:06,597:MySQL_Database.py#L305:INFO]: Workload olap_workloads/tpcds_112.wg executed successfully.
[2026-04-18 19:18:06,598:run_diverse_configs.py#L206:INFO]: Performance for config 2: 0.15932522248476744
[2026-04-18 19:18:06,598:run_diverse_configs.py#L137:INFO]: Running config 3/10 for tpcds_112
[2026-04-18 19:18:06,598:MySQL_Database.py#L253:INFO]: Transpiling workload from PostgreSQL to MySQL syntax...
[2026-04-18 19:18:06,619:MySQL_Database.py#L81:INFO]: MySQL knobs persisted to mysqld-auto.cnf. Restarting to apply...
[2026-04-18 19:18:06,619:MySQL_Database.py#L200:INFO]: Restarting MySQL service...
[2026-04-18 19:18:14,155:MySQL_Database.py#L210:INFO]: Waiting for MySQL to become available...
[2026-04-18 19:18:14,221:MySQL_Database.py#L228:INFO]: MySQL is back up! (Took 0.07s)
[2026-04-18 19:18:14,221:MySQL_Database.py#L32:INFO]: Closed old MySQL connection.
[2026-04-18 19:18:14,281:MySQL_Database.py#L278:INFO]: Executing transpiled workload olap_workloads/tpcds_112.wg (2 queries)...
[2026-04-18 19:18:14,626:MySQL_Database.py#L305:INFO]: Workload olap_workloads/tpcds_112.wg executed successfully.
[2026-04-18 19:18:14,626:run_diverse_configs.py#L206:INFO]: Performance for config 3: 0.17196820746175945
[2026-04-18 19:18:14,626:run_diverse_configs.py#L137:INFO]: Running config 4/10 for tpcds_112
[2026-04-18 19:18:14,627:MySQL_Database.py#L253:INFO]: Transpiling workload from PostgreSQL to MySQL syntax...
[2026-04-18 19:18:14,644:MySQL_Database.py#L81:INFO]: MySQL knobs persisted to mysqld-auto.cnf. Restarting to apply...
[2026-04-18 19:18:14,644:MySQL_Database.py#L200:INFO]: Restarting MySQL service...
[2026-04-18 19:18:22,331:MySQL_Database.py#L210:INFO]: Waiting for MySQL to become available...
[2026-04-18 19:18:22,404:MySQL_Database.py#L228:INFO]: MySQL is back up! (Took 0.07s)
[2026-04-18 19:18:22,404:MySQL_Database.py#L32:INFO]: Closed old MySQL connection.
[2026-04-18 19:18:22,466:MySQL_Database.py#L278:INFO]: Executing transpiled workload olap_workloads/tpcds_112.wg (2 queries)...
[2026-04-18 19:18:22,854:MySQL_Database.py#L305:INFO]: Workload olap_workloads/tpcds_112.wg executed successfully.
[2026-04-18 19:18:22,855:run_diverse_configs.py#L206:INFO]: Performance for config 4: 0.19397655851207674
[2026-04-18 19:18:22,855:run_diverse_configs.py#L137:INFO]: Running config 5/10 for tpcds_112
[2026-04-18 19:18:22,855:MySQL_Database.py#L253:INFO]: Transpiling workload from PostgreSQL to MySQL syntax...
[2026-04-18 19:18:22,879:MySQL_Database.py#L81:INFO]: MySQL knobs persisted to mysqld-auto.cnf. Restarting to apply...
[2026-04-18 19:18:22,879:MySQL_Database.py#L200:INFO]: Restarting MySQL service...
[2026-04-18 19:18:30,514:MySQL_Database.py#L210:INFO]: Waiting for MySQL to become available...
[2026-04-18 19:18:30,579:MySQL_Database.py#L228:INFO]: MySQL is back up! (Took 0.06s)
[2026-04-18 19:18:30,579:MySQL_Database.py#L32:INFO]: Closed old MySQL connection.
[2026-04-18 19:18:30,640:MySQL_Database.py#L278:INFO]: Executing transpiled workload olap_workloads/tpcds_112.wg (2 queries)...
[2026-04-18 19:18:30,937:MySQL_Database.py#L305:INFO]: Workload olap_workloads/tpcds_112.wg executed successfully.
[2026-04-18 19:18:30,937:run_diverse_configs.py#L206:INFO]: Performance for config 5: 0.14795280992984772
[2026-04-18 19:18:30,937:run_diverse_configs.py#L137:INFO]: Running config 6/10 for tpcds_112
[2026-04-18 19:18:30,938:MySQL_Database.py#L253:INFO]: Transpiling workload from PostgreSQL to MySQL syntax...
[2026-04-18 19:18:30,973:MySQL_Database.py#L81:INFO]: MySQL knobs persisted to mysqld-auto.cnf. Restarting to apply...
[2026-04-18 19:18:30,973:MySQL_Database.py#L200:INFO]: Restarting MySQL service...
[2026-04-18 19:18:38,611:MySQL_Database.py#L210:INFO]: Waiting for MySQL to become available...
[2026-04-18 19:18:38,690:MySQL_Database.py#L228:INFO]: MySQL is back up! (Took 0.08s)
[2026-04-18 19:18:38,690:MySQL_Database.py#L32:INFO]: Closed old MySQL connection.
[2026-04-18 19:18:38,753:MySQL_Database.py#L278:INFO]: Executing transpiled workload olap_workloads/tpcds_112.wg (2 queries)...
[2026-04-18 19:18:39,049:MySQL_Database.py#L305:INFO]: Workload olap_workloads/tpcds_112.wg executed successfully.
[2026-04-18 19:18:39,049:run_diverse_configs.py#L206:INFO]: Performance for config 6: 0.14742627553641796
[2026-04-18 19:18:39,049:run_diverse_configs.py#L137:INFO]: Running config 7/10 for tpcds_112
[2026-04-18 19:18:39,050:MySQL_Database.py#L253:INFO]: Transpiling workload from PostgreSQL to MySQL syntax...
[2026-04-18 19:18:39,069:MySQL_Database.py#L81:INFO]: MySQL knobs persisted to mysqld-auto.cnf. Restarting to apply...
[2026-04-18 19:18:39,069:MySQL_Database.py#L200:INFO]: Restarting MySQL service...
[2026-04-18 19:18:46,804:MySQL_Database.py#L210:INFO]: Waiting for MySQL to become available...
[2026-04-18 19:18:46,876:MySQL_Database.py#L228:INFO]: MySQL is back up! (Took 0.07s)
[2026-04-18 19:18:46,877:MySQL_Database.py#L32:INFO]: Closed old MySQL connection.
[2026-04-18 19:18:46,941:MySQL_Database.py#L278:INFO]: Executing transpiled workload olap_workloads/tpcds_112.wg (2 queries)...
[2026-04-18 19:18:47,227:MySQL_Database.py#L305:INFO]: Workload olap_workloads/tpcds_112.wg executed successfully.
[2026-04-18 19:18:47,227:run_diverse_configs.py#L206:INFO]: Performance for config 7: 0.1427988731302321
[2026-04-18 19:18:47,227:run_diverse_configs.py#L137:INFO]: Running config 8/10 for tpcds_112
[2026-04-18 19:18:47,228:MySQL_Database.py#L253:INFO]: Transpiling workload from PostgreSQL to MySQL syntax...
[2026-04-18 19:18:47,250:MySQL_Database.py#L81:INFO]: MySQL knobs persisted to mysqld-auto.cnf. Restarting to apply...
[2026-04-18 19:18:47,250:MySQL_Database.py#L200:INFO]: Restarting MySQL service...
[2026-04-18 19:18:54,938:MySQL_Database.py#L210:INFO]: Waiting for MySQL to become available...
[2026-04-18 19:18:55,002:MySQL_Database.py#L228:INFO]: MySQL is back up! (Took 0.06s)
[2026-04-18 19:18:55,003:MySQL_Database.py#L32:INFO]: Closed old MySQL connection.
[2026-04-18 19:18:55,064:MySQL_Database.py#L278:INFO]: Executing transpiled workload olap_workloads/tpcds_112.wg (2 queries)...
[2026-04-18 19:18:55,395:MySQL_Database.py#L305:INFO]: Workload olap_workloads/tpcds_112.wg executed successfully.
[2026-04-18 19:18:55,396:run_diverse_configs.py#L206:INFO]: Performance for config 8: 0.16546756541356444
[2026-04-18 19:18:55,396:run_diverse_configs.py#L137:INFO]: Running config 9/10 for tpcds_112
[2026-04-18 19:18:55,396:MySQL_Database.py#L253:INFO]: Transpiling workload from PostgreSQL to MySQL syntax...
[2026-04-18 19:18:55,417:MySQL_Database.py#L81:INFO]: MySQL knobs persisted to mysqld-auto.cnf. Restarting to apply...
[2026-04-18 19:18:55,417:MySQL_Database.py#L200:INFO]: Restarting MySQL service...
[2026-04-18 19:19:03,254:MySQL_Database.py#L210:INFO]: Waiting for MySQL to become available...
[2026-04-18 19:19:03,326:MySQL_Database.py#L228:INFO]: MySQL is back up! (Took 0.07s)
[2026-04-18 19:19:03,326:MySQL_Database.py#L32:INFO]: Closed old MySQL connection.
[2026-04-18 19:19:03,388:MySQL_Database.py#L278:INFO]: Executing transpiled workload olap_workloads/tpcds_112.wg (2 queries)...
[2026-04-18 19:19:03,691:MySQL_Database.py#L305:INFO]: Workload olap_workloads/tpcds_112.wg executed successfully.
[2026-04-18 19:19:03,691:run_diverse_configs.py#L206:INFO]: Performance for config 9: 0.15115138655528426
[2026-04-18 19:19:03,691:run_diverse_configs.py#L137:INFO]: Running config 10/10 for tpcds_112
[2026-04-18 19:19:03,692:MySQL_Database.py#L253:INFO]: Transpiling workload from PostgreSQL to MySQL syntax...
[2026-04-18 19:19:03,706:MySQL_Database.py#L81:INFO]: MySQL knobs persisted to mysqld-auto.cnf. Restarting to apply...
[2026-04-18 19:19:03,706:MySQL_Database.py#L200:INFO]: Restarting MySQL service...
[2026-04-18 19:19:11,442:MySQL_Database.py#L210:INFO]: Waiting for MySQL to become available...
[2026-04-18 19:19:11,581:MySQL_Database.py#L228:INFO]: MySQL is back up! (Took 0.14s)
[2026-04-18 19:19:11,581:MySQL_Database.py#L32:INFO]: Closed old MySQL connection.
[2026-04-18 19:19:11,702:MySQL_Database.py#L278:INFO]: Executing transpiled workload olap_workloads/tpcds_112.wg (2 queries)...
[2026-04-18 19:19:11,994:MySQL_Database.py#L305:INFO]: Workload olap_workloads/tpcds_112.wg executed successfully.
[2026-04-18 19:19:11,995:run_diverse_configs.py#L206:INFO]: Performance for config 10: 0.14578025485388935
