[2026-04-05 12:39:37,265:run_diverse_configs.py#L82:INFO]: ====================================================================================================
[2026-04-05 12:39:37,265:run_diverse_configs.py#L83:INFO]: E2ETune: Running Diverse Configs for ssb_flat_tiny
[2026-04-05 12:39:37,265:run_diverse_configs.py#L84:INFO]: ====================================================================================================
[2026-04-05 12:39:37,265:run_diverse_configs.py#L85:INFO]: Config: config/config.yaml
[2026-04-05 12:39:37,265:run_diverse_configs.py#L86:INFO]: Host: localhost  DB: ssb
[2026-04-05 12:39:37,265:run_diverse_configs.py#L87:INFO]: Benchmark: ssb_flat_tiny  Type: olap
[2026-04-05 12:39:37,265:run_diverse_configs.py#L88:INFO]: Workload path: ./olap_workloads
[2026-04-05 12:39:37,265:run_diverse_configs.py#L89:INFO]: ====================================================================================================
[2026-04-05 12:39:37,322:run_diverse_configs.py#L129:INFO]: Running 10 configs for ssb_flat_tiny_5
[2026-04-05 12:39:37,323:run_diverse_configs.py#L137:INFO]: Running config 1/10 for ssb_flat_tiny_5
[2026-04-05 12:39:37,323:MySQL_Database.py#L242:INFO]: Transpiling workload from PostgreSQL to MySQL syntax...
[2026-04-05 12:39:37,400:MySQL_Database.py#L79:INFO]: MySQL knobs persisted to mysqld-auto.cnf. Restarting to apply...
[2026-04-05 12:39:37,400:MySQL_Database.py#L189:INFO]: Restarting MySQL service...
[2026-04-05 12:39:42,734:MySQL_Database.py#L199:INFO]: Waiting for MySQL to become available...
[2026-04-05 12:39:42,765:MySQL_Database.py#L217:INFO]: MySQL is back up! (Took 0.03s)
[2026-04-05 12:39:42,766:MySQL_Database.py#L32:INFO]: Closed old MySQL connection.
[2026-04-05 12:39:42,821:MySQL_Database.py#L267:INFO]: Executing transpiled workload olap_workloads/ssb_flat_tiny_5.wg (2 queries)...
[2026-04-05 12:39:59,506:MySQL_Database.py#L294:INFO]: Workload olap_workloads/ssb_flat_tiny_5.wg executed successfully.
[2026-04-05 12:39:59,507:run_diverse_configs.py#L206:INFO]: Performance for config 1: 8.342688610995538
[2026-04-05 12:39:59,507:run_diverse_configs.py#L137:INFO]: Running config 2/10 for ssb_flat_tiny_5
[2026-04-05 12:39:59,507:MySQL_Database.py#L242:INFO]: Transpiling workload from PostgreSQL to MySQL syntax...
[2026-04-05 12:39:59,586:MySQL_Database.py#L79:INFO]: MySQL knobs persisted to mysqld-auto.cnf. Restarting to apply...
[2026-04-05 12:39:59,586:MySQL_Database.py#L189:INFO]: Restarting MySQL service...
[2026-04-05 12:40:04,671:MySQL_Database.py#L199:INFO]: Waiting for MySQL to become available...
[2026-04-05 12:40:04,702:MySQL_Database.py#L217:INFO]: MySQL is back up! (Took 0.03s)
[2026-04-05 12:40:04,703:MySQL_Database.py#L32:INFO]: Closed old MySQL connection.
[2026-04-05 12:40:04,758:MySQL_Database.py#L267:INFO]: Executing transpiled workload olap_workloads/ssb_flat_tiny_5.wg (2 queries)...
[2026-04-05 12:40:16,650:MySQL_Database.py#L294:INFO]: Workload olap_workloads/ssb_flat_tiny_5.wg executed successfully.
[2026-04-05 12:40:16,650:run_diverse_configs.py#L206:INFO]: Performance for config 2: 5.9462739169975976
[2026-04-05 12:40:16,651:run_diverse_configs.py#L137:INFO]: Running config 3/10 for ssb_flat_tiny_5
[2026-04-05 12:40:16,651:MySQL_Database.py#L242:INFO]: Transpiling workload from PostgreSQL to MySQL syntax...
[2026-04-05 12:40:16,740:MySQL_Database.py#L79:INFO]: MySQL knobs persisted to mysqld-auto.cnf. Restarting to apply...
[2026-04-05 12:40:16,740:MySQL_Database.py#L189:INFO]: Restarting MySQL service...
[2026-04-05 12:40:21,524:MySQL_Database.py#L199:INFO]: Waiting for MySQL to become available...
[2026-04-05 12:40:21,559:MySQL_Database.py#L217:INFO]: MySQL is back up! (Took 0.04s)
[2026-04-05 12:40:21,559:MySQL_Database.py#L32:INFO]: Closed old MySQL connection.
[2026-04-05 12:40:21,615:MySQL_Database.py#L267:INFO]: Executing transpiled workload olap_workloads/ssb_flat_tiny_5.wg (2 queries)...
[2026-04-05 12:40:39,043:MySQL_Database.py#L294:INFO]: Workload olap_workloads/ssb_flat_tiny_5.wg executed successfully.
[2026-04-05 12:40:39,044:run_diverse_configs.py#L206:INFO]: Performance for config 3: 8.71423595250235
[2026-04-05 12:40:39,047:run_diverse_configs.py#L137:INFO]: Running config 4/10 for ssb_flat_tiny_5
[2026-04-05 12:40:39,048:MySQL_Database.py#L242:INFO]: Transpiling workload from PostgreSQL to MySQL syntax...
[2026-04-05 12:40:39,132:MySQL_Database.py#L79:INFO]: MySQL knobs persisted to mysqld-auto.cnf. Restarting to apply...
[2026-04-05 12:40:39,132:MySQL_Database.py#L189:INFO]: Restarting MySQL service...
[2026-04-05 12:40:43,463:MySQL_Database.py#L199:INFO]: Waiting for MySQL to become available...
[2026-04-05 12:40:43,493:MySQL_Database.py#L217:INFO]: MySQL is back up! (Took 0.03s)
[2026-04-05 12:40:43,493:MySQL_Database.py#L32:INFO]: Closed old MySQL connection.
[2026-04-05 12:40:43,548:MySQL_Database.py#L267:INFO]: Executing transpiled workload olap_workloads/ssb_flat_tiny_5.wg (2 queries)...
[2026-04-05 12:40:57,467:MySQL_Database.py#L294:INFO]: Workload olap_workloads/ssb_flat_tiny_5.wg executed successfully.
[2026-04-05 12:40:57,467:run_diverse_configs.py#L206:INFO]: Performance for config 4: 6.959107268994558
[2026-04-05 12:40:57,467:run_diverse_configs.py#L137:INFO]: Running config 5/10 for ssb_flat_tiny_5
[2026-04-05 12:40:57,468:MySQL_Database.py#L242:INFO]: Transpiling workload from PostgreSQL to MySQL syntax...
[2026-04-05 12:40:57,559:MySQL_Database.py#L79:INFO]: MySQL knobs persisted to mysqld-auto.cnf. Restarting to apply...
[2026-04-05 12:40:57,559:MySQL_Database.py#L189:INFO]: Restarting MySQL service...
[2026-04-05 12:41:02,642:MySQL_Database.py#L199:INFO]: Waiting for MySQL to become available...
[2026-04-05 12:41:02,678:MySQL_Database.py#L217:INFO]: MySQL is back up! (Took 0.04s)
[2026-04-05 12:41:02,679:MySQL_Database.py#L32:INFO]: Closed old MySQL connection.
[2026-04-05 12:41:02,746:MySQL_Database.py#L267:INFO]: Executing transpiled workload olap_workloads/ssb_flat_tiny_5.wg (2 queries)...
[2026-04-05 12:41:17,053:MySQL_Database.py#L294:INFO]: Workload olap_workloads/ssb_flat_tiny_5.wg executed successfully.
[2026-04-05 12:41:17,053:run_diverse_configs.py#L206:INFO]: Performance for config 5: 7.153333212496364
[2026-04-05 12:41:17,054:run_diverse_configs.py#L137:INFO]: Running config 6/10 for ssb_flat_tiny_5
[2026-04-05 12:41:17,054:MySQL_Database.py#L242:INFO]: Transpiling workload from PostgreSQL to MySQL syntax...
[2026-04-05 12:41:17,138:MySQL_Database.py#L79:INFO]: MySQL knobs persisted to mysqld-auto.cnf. Restarting to apply...
[2026-04-05 12:41:17,138:MySQL_Database.py#L189:INFO]: Restarting MySQL service...
[2026-04-05 12:41:21,970:MySQL_Database.py#L199:INFO]: Waiting for MySQL to become available...
[2026-04-05 12:41:22,001:MySQL_Database.py#L217:INFO]: MySQL is back up! (Took 0.03s)
[2026-04-05 12:41:22,002:MySQL_Database.py#L32:INFO]: Closed old MySQL connection.
[2026-04-05 12:41:22,057:MySQL_Database.py#L267:INFO]: Executing transpiled workload olap_workloads/ssb_flat_tiny_5.wg (2 queries)...
[2026-04-05 12:41:35,393:MySQL_Database.py#L294:INFO]: Workload olap_workloads/ssb_flat_tiny_5.wg executed successfully.
[2026-04-05 12:41:35,393:run_diverse_configs.py#L206:INFO]: Performance for config 6: 6.6678173130057985
[2026-04-05 12:41:35,393:run_diverse_configs.py#L137:INFO]: Running config 7/10 for ssb_flat_tiny_5
[2026-04-05 12:41:35,394:MySQL_Database.py#L242:INFO]: Transpiling workload from PostgreSQL to MySQL syntax...
[2026-04-05 12:41:35,472:MySQL_Database.py#L79:INFO]: MySQL knobs persisted to mysqld-auto.cnf. Restarting to apply...
[2026-04-05 12:41:35,472:MySQL_Database.py#L189:INFO]: Restarting MySQL service...
[2026-04-05 12:41:40,606:MySQL_Database.py#L199:INFO]: Waiting for MySQL to become available...
[2026-04-05 12:41:40,637:MySQL_Database.py#L217:INFO]: MySQL is back up! (Took 0.03s)
[2026-04-05 12:41:40,637:MySQL_Database.py#L32:INFO]: Closed old MySQL connection.
[2026-04-05 12:41:40,693:MySQL_Database.py#L267:INFO]: Executing transpiled workload olap_workloads/ssb_flat_tiny_5.wg (2 queries)...
[2026-04-05 12:41:53,973:MySQL_Database.py#L294:INFO]: Workload olap_workloads/ssb_flat_tiny_5.wg executed successfully.
[2026-04-05 12:41:53,973:run_diverse_configs.py#L206:INFO]: Performance for config 7: 6.640078919488587
[2026-04-05 12:41:53,973:run_diverse_configs.py#L137:INFO]: Running config 8/10 for ssb_flat_tiny_5
[2026-04-05 12:41:53,974:MySQL_Database.py#L242:INFO]: Transpiling workload from PostgreSQL to MySQL syntax...
[2026-04-05 12:41:54,061:MySQL_Database.py#L79:INFO]: MySQL knobs persisted to mysqld-auto.cnf. Restarting to apply...
[2026-04-05 12:41:54,061:MySQL_Database.py#L189:INFO]: Restarting MySQL service...
[2026-04-05 12:41:59,293:MySQL_Database.py#L199:INFO]: Waiting for MySQL to become available...
[2026-04-05 12:41:59,352:MySQL_Database.py#L217:INFO]: MySQL is back up! (Took 0.06s)
[2026-04-05 12:41:59,352:MySQL_Database.py#L32:INFO]: Closed old MySQL connection.
[2026-04-05 12:41:59,408:MySQL_Database.py#L267:INFO]: Executing transpiled workload olap_workloads/ssb_flat_tiny_5.wg (2 queries)...
[2026-04-05 12:42:13,772:MySQL_Database.py#L294:INFO]: Workload olap_workloads/ssb_flat_tiny_5.wg executed successfully.
[2026-04-05 12:42:13,772:run_diverse_configs.py#L206:INFO]: Performance for config 8: 7.182005354494322
[2026-04-05 12:42:13,772:run_diverse_configs.py#L137:INFO]: Running config 9/10 for ssb_flat_tiny_5
[2026-04-05 12:42:13,773:MySQL_Database.py#L242:INFO]: Transpiling workload from PostgreSQL to MySQL syntax...
[2026-04-05 12:42:13,860:MySQL_Database.py#L79:INFO]: MySQL knobs persisted to mysqld-auto.cnf. Restarting to apply...
[2026-04-05 12:42:13,860:MySQL_Database.py#L189:INFO]: Restarting MySQL service...
[2026-04-05 12:42:18,641:MySQL_Database.py#L199:INFO]: Waiting for MySQL to become available...
[2026-04-05 12:42:18,674:MySQL_Database.py#L217:INFO]: MySQL is back up! (Took 0.03s)
[2026-04-05 12:42:18,675:MySQL_Database.py#L32:INFO]: Closed old MySQL connection.
[2026-04-05 12:42:18,788:MySQL_Database.py#L267:INFO]: Executing transpiled workload olap_workloads/ssb_flat_tiny_5.wg (2 queries)...
[2026-04-05 12:42:32,993:MySQL_Database.py#L294:INFO]: Workload olap_workloads/ssb_flat_tiny_5.wg executed successfully.
[2026-04-05 12:42:32,993:run_diverse_configs.py#L206:INFO]: Performance for config 9: 7.102128279497265
[2026-04-05 12:42:32,993:run_diverse_configs.py#L137:INFO]: Running config 10/10 for ssb_flat_tiny_5
[2026-04-05 12:42:32,994:MySQL_Database.py#L242:INFO]: Transpiling workload from PostgreSQL to MySQL syntax...
[2026-04-05 12:42:33,079:MySQL_Database.py#L79:INFO]: MySQL knobs persisted to mysqld-auto.cnf. Restarting to apply...
[2026-04-05 12:42:33,079:MySQL_Database.py#L189:INFO]: Restarting MySQL service...
[2026-04-05 12:42:37,510:MySQL_Database.py#L199:INFO]: Waiting for MySQL to become available...
[2026-04-05 12:42:37,540:MySQL_Database.py#L217:INFO]: MySQL is back up! (Took 0.03s)
[2026-04-05 12:42:37,541:MySQL_Database.py#L32:INFO]: Closed old MySQL connection.
[2026-04-05 12:42:37,596:MySQL_Database.py#L267:INFO]: Executing transpiled workload olap_workloads/ssb_flat_tiny_5.wg (2 queries)...
[2026-04-05 12:42:52,775:MySQL_Database.py#L294:INFO]: Workload olap_workloads/ssb_flat_tiny_5.wg executed successfully.
[2026-04-05 12:42:52,775:run_diverse_configs.py#L206:INFO]: Performance for config 10: 7.589097703996231
[2026-04-05 12:42:52,775:run_diverse_configs.py#L129:INFO]: Running 10 configs for ssb_flat_tiny_85
[2026-04-05 12:42:52,775:run_diverse_configs.py#L137:INFO]: Running config 1/10 for ssb_flat_tiny_85
[2026-04-05 12:42:52,776:MySQL_Database.py#L242:INFO]: Transpiling workload from PostgreSQL to MySQL syntax...
[2026-04-05 12:42:52,865:MySQL_Database.py#L79:INFO]: MySQL knobs persisted to mysqld-auto.cnf. Restarting to apply...
[2026-04-05 12:42:52,865:MySQL_Database.py#L189:INFO]: Restarting MySQL service...
[2026-04-05 12:42:57,145:MySQL_Database.py#L199:INFO]: Waiting for MySQL to become available...
[2026-04-05 12:42:57,175:MySQL_Database.py#L217:INFO]: MySQL is back up! (Took 0.03s)
[2026-04-05 12:42:57,175:MySQL_Database.py#L32:INFO]: Closed old MySQL connection.
[2026-04-05 12:42:57,231:MySQL_Database.py#L267:INFO]: Executing transpiled workload olap_workloads/ssb_flat_tiny_85.wg (2 queries)...
[2026-04-05 12:43:06,142:MySQL_Database.py#L294:INFO]: Workload olap_workloads/ssb_flat_tiny_85.wg executed successfully.
[2026-04-05 12:43:06,142:run_diverse_configs.py#L206:INFO]: Performance for config 1: 4.4550090025004465
[2026-04-05 12:43:06,146:run_diverse_configs.py#L137:INFO]: Running config 2/10 for ssb_flat_tiny_85
[2026-04-05 12:43:06,147:MySQL_Database.py#L242:INFO]: Transpiling workload from PostgreSQL to MySQL syntax...
[2026-04-05 12:43:06,234:MySQL_Database.py#L79:INFO]: MySQL knobs persisted to mysqld-auto.cnf. Restarting to apply...
[2026-04-05 12:43:06,234:MySQL_Database.py#L189:INFO]: Restarting MySQL service...
[2026-04-05 12:43:11,369:MySQL_Database.py#L199:INFO]: Waiting for MySQL to become available...
[2026-04-05 12:43:11,405:MySQL_Database.py#L217:INFO]: MySQL is back up! (Took 0.04s)
[2026-04-05 12:43:11,405:MySQL_Database.py#L32:INFO]: Closed old MySQL connection.
[2026-04-05 12:43:11,461:MySQL_Database.py#L267:INFO]: Executing transpiled workload olap_workloads/ssb_flat_tiny_85.wg (2 queries)...
[2026-04-05 12:43:20,363:MySQL_Database.py#L294:INFO]: Workload olap_workloads/ssb_flat_tiny_85.wg executed successfully.
[2026-04-05 12:43:20,363:run_diverse_configs.py#L206:INFO]: Performance for config 2: 4.450693014499848
[2026-04-05 12:43:20,363:run_diverse_configs.py#L137:INFO]: Running config 3/10 for ssb_flat_tiny_85
[2026-04-05 12:43:20,363:MySQL_Database.py#L242:INFO]: Transpiling workload from PostgreSQL to MySQL syntax...
[2026-04-05 12:43:20,442:MySQL_Database.py#L79:INFO]: MySQL knobs persisted to mysqld-auto.cnf. Restarting to apply...
[2026-04-05 12:43:20,442:MySQL_Database.py#L189:INFO]: Restarting MySQL service...
[2026-04-05 12:43:25,275:MySQL_Database.py#L199:INFO]: Waiting for MySQL to become available...
[2026-04-05 12:43:25,306:MySQL_Database.py#L217:INFO]: MySQL is back up! (Took 0.03s)
[2026-04-05 12:43:25,306:MySQL_Database.py#L32:INFO]: Closed old MySQL connection.
[2026-04-05 12:43:25,362:MySQL_Database.py#L267:INFO]: Executing transpiled workload olap_workloads/ssb_flat_tiny_85.wg (2 queries)...
[2026-04-05 12:43:34,166:MySQL_Database.py#L294:INFO]: Workload olap_workloads/ssb_flat_tiny_85.wg executed successfully.
[2026-04-05 12:43:34,166:run_diverse_configs.py#L206:INFO]: Performance for config 3: 4.401901946999715
[2026-04-05 12:43:34,166:run_diverse_configs.py#L137:INFO]: Running config 4/10 for ssb_flat_tiny_85
[2026-04-05 12:43:34,167:MySQL_Database.py#L242:INFO]: Transpiling workload from PostgreSQL to MySQL syntax...
[2026-04-05 12:43:34,261:MySQL_Database.py#L79:INFO]: MySQL knobs persisted to mysqld-auto.cnf. Restarting to apply...
[2026-04-05 12:43:34,261:MySQL_Database.py#L189:INFO]: Restarting MySQL service...
[2026-04-05 12:43:39,446:MySQL_Database.py#L199:INFO]: Waiting for MySQL to become available...
[2026-04-05 12:43:39,513:MySQL_Database.py#L217:INFO]: MySQL is back up! (Took 0.07s)
[2026-04-05 12:43:39,513:MySQL_Database.py#L32:INFO]: Closed old MySQL connection.
[2026-04-05 12:43:39,580:MySQL_Database.py#L267:INFO]: Executing transpiled workload olap_workloads/ssb_flat_tiny_85.wg (2 queries)...
[2026-04-05 12:43:48,878:MySQL_Database.py#L294:INFO]: Workload olap_workloads/ssb_flat_tiny_85.wg executed successfully.
[2026-04-05 12:43:48,878:run_diverse_configs.py#L206:INFO]: Performance for config 4: 4.649159591004718
[2026-04-05 12:43:48,879:run_diverse_configs.py#L137:INFO]: Running config 5/10 for ssb_flat_tiny_85
[2026-04-05 12:43:48,879:MySQL_Database.py#L242:INFO]: Transpiling workload from PostgreSQL to MySQL syntax...
[2026-04-05 12:43:48,973:MySQL_Database.py#L79:INFO]: MySQL knobs persisted to mysqld-auto.cnf. Restarting to apply...
[2026-04-05 12:43:48,974:MySQL_Database.py#L189:INFO]: Restarting MySQL service...
[2026-04-05 12:43:53,804:MySQL_Database.py#L199:INFO]: Waiting for MySQL to become available...
[2026-04-05 12:43:53,881:MySQL_Database.py#L217:INFO]: MySQL is back up! (Took 0.08s)
[2026-04-05 12:43:53,881:MySQL_Database.py#L32:INFO]: Closed old MySQL connection.
[2026-04-05 12:43:53,992:MySQL_Database.py#L267:INFO]: Executing transpiled workload olap_workloads/ssb_flat_tiny_85.wg (2 queries)...
[2026-04-05 12:44:04,555:MySQL_Database.py#L294:INFO]: Workload olap_workloads/ssb_flat_tiny_85.wg executed successfully.
[2026-04-05 12:44:04,556:run_diverse_configs.py#L206:INFO]: Performance for config 5: 5.28145804698579
[2026-04-05 12:44:04,556:run_diverse_configs.py#L137:INFO]: Running config 6/10 for ssb_flat_tiny_85
[2026-04-05 12:44:04,556:MySQL_Database.py#L242:INFO]: Transpiling workload from PostgreSQL to MySQL syntax...
[2026-04-05 12:44:04,634:MySQL_Database.py#L79:INFO]: MySQL knobs persisted to mysqld-auto.cnf. Restarting to apply...
[2026-04-05 12:44:04,635:MySQL_Database.py#L189:INFO]: Restarting MySQL service...
[2026-04-05 12:44:09,919:MySQL_Database.py#L199:INFO]: Waiting for MySQL to become available...
[2026-04-05 12:44:09,991:MySQL_Database.py#L217:INFO]: MySQL is back up! (Took 0.07s)
[2026-04-05 12:44:09,991:MySQL_Database.py#L32:INFO]: Closed old MySQL connection.
[2026-04-05 12:44:10,104:MySQL_Database.py#L267:INFO]: Executing transpiled workload olap_workloads/ssb_flat_tiny_85.wg (2 queries)...
[2026-04-05 12:44:18,862:MySQL_Database.py#L294:INFO]: Workload olap_workloads/ssb_flat_tiny_85.wg executed successfully.
[2026-04-05 12:44:18,862:run_diverse_configs.py#L206:INFO]: Performance for config 6: 4.378504511507344
[2026-04-05 12:44:18,862:run_diverse_configs.py#L137:INFO]: Running config 7/10 for ssb_flat_tiny_85
[2026-04-05 12:44:18,862:MySQL_Database.py#L242:INFO]: Transpiling workload from PostgreSQL to MySQL syntax...
[2026-04-05 12:44:18,944:MySQL_Database.py#L79:INFO]: MySQL knobs persisted to mysqld-auto.cnf. Restarting to apply...
[2026-04-05 12:44:18,944:MySQL_Database.py#L189:INFO]: Restarting MySQL service...
[2026-04-05 12:44:24,279:MySQL_Database.py#L199:INFO]: Waiting for MySQL to become available...
[2026-04-05 12:44:24,310:MySQL_Database.py#L217:INFO]: MySQL is back up! (Took 0.03s)
[2026-04-05 12:44:24,311:MySQL_Database.py#L32:INFO]: Closed old MySQL connection.
[2026-04-05 12:44:24,366:MySQL_Database.py#L267:INFO]: Executing transpiled workload olap_workloads/ssb_flat_tiny_85.wg (2 queries)...
[2026-04-05 12:44:35,273:MySQL_Database.py#L294:INFO]: Workload olap_workloads/ssb_flat_tiny_85.wg executed successfully.
[2026-04-05 12:44:35,273:run_diverse_configs.py#L206:INFO]: Performance for config 7: 5.453367290989263
[2026-04-05 12:44:35,277:run_diverse_configs.py#L137:INFO]: Running config 8/10 for ssb_flat_tiny_85
[2026-04-05 12:44:35,278:MySQL_Database.py#L242:INFO]: Transpiling workload from PostgreSQL to MySQL syntax...
[2026-04-05 12:44:35,368:MySQL_Database.py#L79:INFO]: MySQL knobs persisted to mysqld-auto.cnf. Restarting to apply...
[2026-04-05 12:44:35,368:MySQL_Database.py#L189:INFO]: Restarting MySQL service...
[2026-04-05 12:44:40,503:MySQL_Database.py#L199:INFO]: Waiting for MySQL to become available...
[2026-04-05 12:44:40,535:MySQL_Database.py#L217:INFO]: MySQL is back up! (Took 0.03s)
[2026-04-05 12:44:40,536:MySQL_Database.py#L32:INFO]: Closed old MySQL connection.
[2026-04-05 12:44:40,592:MySQL_Database.py#L267:INFO]: Executing transpiled workload olap_workloads/ssb_flat_tiny_85.wg (2 queries)...
[2026-04-05 12:44:50,739:MySQL_Database.py#L294:INFO]: Workload olap_workloads/ssb_flat_tiny_85.wg executed successfully.
[2026-04-05 12:44:50,740:run_diverse_configs.py#L206:INFO]: Performance for config 8: 5.073545090999687
[2026-04-05 12:44:50,740:run_diverse_configs.py#L137:INFO]: Running config 9/10 for ssb_flat_tiny_85
[2026-04-05 12:44:50,740:MySQL_Database.py#L242:INFO]: Transpiling workload from PostgreSQL to MySQL syntax...
[2026-04-05 12:44:50,824:MySQL_Database.py#L79:INFO]: MySQL knobs persisted to mysqld-auto.cnf. Restarting to apply...
[2026-04-05 12:44:50,824:MySQL_Database.py#L189:INFO]: Restarting MySQL service...
[2026-04-05 12:44:56,110:MySQL_Database.py#L199:INFO]: Waiting for MySQL to become available...
[2026-04-05 12:44:56,168:MySQL_Database.py#L217:INFO]: MySQL is back up! (Took 0.06s)
[2026-04-05 12:44:56,169:MySQL_Database.py#L32:INFO]: Closed old MySQL connection.
[2026-04-05 12:44:56,224:MySQL_Database.py#L267:INFO]: Executing transpiled workload olap_workloads/ssb_flat_tiny_85.wg (2 queries)...
[2026-04-05 12:45:07,023:MySQL_Database.py#L294:INFO]: Workload olap_workloads/ssb_flat_tiny_85.wg executed successfully.
[2026-04-05 12:45:07,023:run_diverse_configs.py#L206:INFO]: Performance for config 9: 5.399028330488363
[2026-04-05 12:45:07,023:run_diverse_configs.py#L137:INFO]: Running config 10/10 for ssb_flat_tiny_85
[2026-04-05 12:45:07,023:MySQL_Database.py#L242:INFO]: Transpiling workload from PostgreSQL to MySQL syntax...
[2026-04-05 12:45:07,105:MySQL_Database.py#L79:INFO]: MySQL knobs persisted to mysqld-auto.cnf. Restarting to apply...
[2026-04-05 12:45:07,105:MySQL_Database.py#L189:INFO]: Restarting MySQL service...
[2026-04-05 12:45:12,490:MySQL_Database.py#L199:INFO]: Waiting for MySQL to become available...
[2026-04-05 12:45:12,527:MySQL_Database.py#L217:INFO]: MySQL is back up! (Took 0.04s)
[2026-04-05 12:45:12,528:MySQL_Database.py#L32:INFO]: Closed old MySQL connection.
[2026-04-05 12:45:12,586:MySQL_Database.py#L267:INFO]: Executing transpiled workload olap_workloads/ssb_flat_tiny_85.wg (2 queries)...
[2026-04-05 12:45:23,129:MySQL_Database.py#L294:INFO]: Workload olap_workloads/ssb_flat_tiny_85.wg executed successfully.
[2026-04-05 12:45:23,129:run_diverse_configs.py#L206:INFO]: Performance for config 10: 5.271709828011808
[2026-04-05 12:45:23,130:run_diverse_configs.py#L129:INFO]: Running 10 configs for ssb_flat_tiny_71
[2026-04-05 12:45:23,130:run_diverse_configs.py#L137:INFO]: Running config 1/10 for ssb_flat_tiny_71
[2026-04-05 12:45:23,131:MySQL_Database.py#L242:INFO]: Transpiling workload from PostgreSQL to MySQL syntax...
[2026-04-05 12:45:23,221:MySQL_Database.py#L79:INFO]: MySQL knobs persisted to mysqld-auto.cnf. Restarting to apply...
[2026-04-05 12:45:23,221:MySQL_Database.py#L189:INFO]: Restarting MySQL service...
[2026-04-05 12:45:27,300:MySQL_Database.py#L199:INFO]: Waiting for MySQL to become available...
[2026-04-05 12:45:27,355:MySQL_Database.py#L217:INFO]: MySQL is back up! (Took 0.05s)
[2026-04-05 12:45:27,355:MySQL_Database.py#L32:INFO]: Closed old MySQL connection.
[2026-04-05 12:45:27,458:MySQL_Database.py#L267:INFO]: Executing transpiled workload olap_workloads/ssb_flat_tiny_71.wg (14 queries)...
[2026-04-05 12:46:46,729:MySQL_Database.py#L294:INFO]: Workload olap_workloads/ssb_flat_tiny_71.wg executed successfully.
[2026-04-05 12:46:46,729:run_diverse_configs.py#L206:INFO]: Performance for config 1: 5.6621815818569825
[2026-04-05 12:46:46,735:run_diverse_configs.py#L137:INFO]: Running config 2/10 for ssb_flat_tiny_71
[2026-04-05 12:46:46,735:MySQL_Database.py#L242:INFO]: Transpiling workload from PostgreSQL to MySQL syntax...
[2026-04-05 12:46:46,823:MySQL_Database.py#L79:INFO]: MySQL knobs persisted to mysqld-auto.cnf. Restarting to apply...
[2026-04-05 12:46:46,823:MySQL_Database.py#L189:INFO]: Restarting MySQL service...
[2026-04-05 12:46:50,955:MySQL_Database.py#L199:INFO]: Waiting for MySQL to become available...
[2026-04-05 12:46:50,999:MySQL_Database.py#L217:INFO]: MySQL is back up! (Took 0.04s)
[2026-04-05 12:46:50,999:MySQL_Database.py#L32:INFO]: Closed old MySQL connection.
[2026-04-05 12:46:51,056:MySQL_Database.py#L267:INFO]: Executing transpiled workload olap_workloads/ssb_flat_tiny_71.wg (14 queries)...
[2026-04-05 12:48:14,757:MySQL_Database.py#L294:INFO]: Workload olap_workloads/ssb_flat_tiny_71.wg executed successfully.
[2026-04-05 12:48:14,758:run_diverse_configs.py#L206:INFO]: Performance for config 2: 5.978658191285961
[2026-04-05 12:48:14,758:run_diverse_configs.py#L137:INFO]: Running config 3/10 for ssb_flat_tiny_71
[2026-04-05 12:48:14,758:MySQL_Database.py#L242:INFO]: Transpiling workload from PostgreSQL to MySQL syntax...
[2026-04-05 12:48:14,850:MySQL_Database.py#L79:INFO]: MySQL knobs persisted to mysqld-auto.cnf. Restarting to apply...
[2026-04-05 12:48:14,850:MySQL_Database.py#L189:INFO]: Restarting MySQL service...
[2026-04-05 12:48:19,582:MySQL_Database.py#L199:INFO]: Waiting for MySQL to become available...
[2026-04-05 12:48:19,627:MySQL_Database.py#L217:INFO]: MySQL is back up! (Took 0.04s)
[2026-04-05 12:48:19,628:MySQL_Database.py#L32:INFO]: Closed old MySQL connection.
[2026-04-05 12:48:19,684:MySQL_Database.py#L267:INFO]: Executing transpiled workload olap_workloads/ssb_flat_tiny_71.wg (14 queries)...
[2026-04-05 12:49:40,998:MySQL_Database.py#L294:INFO]: Workload olap_workloads/ssb_flat_tiny_71.wg executed successfully.
[2026-04-05 12:49:40,998:run_diverse_configs.py#L206:INFO]: Performance for config 3: 5.80814934585734
[2026-04-05 12:49:40,998:run_diverse_configs.py#L137:INFO]: Running config 4/10 for ssb_flat_tiny_71
[2026-04-05 12:49:40,999:MySQL_Database.py#L242:INFO]: Transpiling workload from PostgreSQL to MySQL syntax...
[2026-04-05 12:49:41,080:MySQL_Database.py#L79:INFO]: MySQL knobs persisted to mysqld-auto.cnf. Restarting to apply...
[2026-04-05 12:49:41,080:MySQL_Database.py#L189:INFO]: Restarting MySQL service...
[2026-04-05 12:49:45,410:MySQL_Database.py#L199:INFO]: Waiting for MySQL to become available...
[2026-04-05 12:49:45,486:MySQL_Database.py#L217:INFO]: MySQL is back up! (Took 0.08s)
[2026-04-05 12:49:45,486:MySQL_Database.py#L32:INFO]: Closed old MySQL connection.
[2026-04-05 12:49:45,542:MySQL_Database.py#L267:INFO]: Executing transpiled workload olap_workloads/ssb_flat_tiny_71.wg (14 queries)...
[2026-04-05 12:50:46,709:MySQL_Database.py#L294:INFO]: Workload olap_workloads/ssb_flat_tiny_71.wg executed successfully.
[2026-04-05 12:50:46,709:run_diverse_configs.py#L206:INFO]: Performance for config 4: 4.369090503285406
[2026-04-05 12:50:46,709:run_diverse_configs.py#L137:INFO]: Running config 5/10 for ssb_flat_tiny_71
[2026-04-05 12:50:46,710:MySQL_Database.py#L242:INFO]: Transpiling workload from PostgreSQL to MySQL syntax...
[2026-04-05 12:50:46,807:MySQL_Database.py#L79:INFO]: MySQL knobs persisted to mysqld-auto.cnf. Restarting to apply...
[2026-04-05 12:50:46,807:MySQL_Database.py#L189:INFO]: Restarting MySQL service...
[2026-04-05 12:50:51,790:MySQL_Database.py#L199:INFO]: Waiting for MySQL to become available...
[2026-04-05 12:50:51,826:MySQL_Database.py#L217:INFO]: MySQL is back up! (Took 0.04s)
[2026-04-05 12:50:51,827:MySQL_Database.py#L32:INFO]: Closed old MySQL connection.
[2026-04-05 12:50:51,883:MySQL_Database.py#L267:INFO]: Executing transpiled workload olap_workloads/ssb_flat_tiny_71.wg (14 queries)...
[2026-04-05 12:51:53,579:MySQL_Database.py#L294:INFO]: Workload olap_workloads/ssb_flat_tiny_71.wg executed successfully.
[2026-04-05 12:51:53,580:run_diverse_configs.py#L206:INFO]: Performance for config 5: 4.4068704025724275
[2026-04-05 12:51:53,580:run_diverse_configs.py#L137:INFO]: Running config 6/10 for ssb_flat_tiny_71
[2026-04-05 12:51:53,580:MySQL_Database.py#L242:INFO]: Transpiling workload from PostgreSQL to MySQL syntax...
[2026-04-05 12:51:53,679:MySQL_Database.py#L79:INFO]: MySQL knobs persisted to mysqld-auto.cnf. Restarting to apply...
[2026-04-05 12:51:53,679:MySQL_Database.py#L189:INFO]: Restarting MySQL service...
[2026-04-05 12:51:59,113:MySQL_Database.py#L199:INFO]: Waiting for MySQL to become available...
[2026-04-05 12:51:59,147:MySQL_Database.py#L217:INFO]: MySQL is back up! (Took 0.03s)
[2026-04-05 12:51:59,147:MySQL_Database.py#L32:INFO]: Closed old MySQL connection.
[2026-04-05 12:51:59,203:MySQL_Database.py#L267:INFO]: Executing transpiled workload olap_workloads/ssb_flat_tiny_71.wg (14 queries)...
[2026-04-05 12:53:01,991:MySQL_Database.py#L294:INFO]: Workload olap_workloads/ssb_flat_tiny_71.wg executed successfully.
[2026-04-05 12:53:01,992:run_diverse_configs.py#L206:INFO]: Performance for config 6: 4.484866784712982
[2026-04-05 12:53:01,992:run_diverse_configs.py#L137:INFO]: Running config 7/10 for ssb_flat_tiny_71
[2026-04-05 12:53:01,992:MySQL_Database.py#L242:INFO]: Transpiling workload from PostgreSQL to MySQL syntax...
[2026-04-05 12:53:02,079:MySQL_Database.py#L79:INFO]: MySQL knobs persisted to mysqld-auto.cnf. Restarting to apply...
[2026-04-05 12:53:02,080:MySQL_Database.py#L189:INFO]: Restarting MySQL service...
[2026-04-05 12:53:07,865:MySQL_Database.py#L199:INFO]: Waiting for MySQL to become available...
[2026-04-05 12:53:07,927:MySQL_Database.py#L217:INFO]: MySQL is back up! (Took 0.06s)
[2026-04-05 12:53:07,927:MySQL_Database.py#L32:INFO]: Closed old MySQL connection.
[2026-04-05 12:53:08,039:MySQL_Database.py#L267:INFO]: Executing transpiled workload olap_workloads/ssb_flat_tiny_71.wg (14 queries)...
[2026-04-05 12:54:09,307:MySQL_Database.py#L294:INFO]: Workload olap_workloads/ssb_flat_tiny_71.wg executed successfully.
[2026-04-05 12:54:09,307:run_diverse_configs.py#L206:INFO]: Performance for config 7: 4.376241497285913
[2026-04-05 12:54:09,307:run_diverse_configs.py#L137:INFO]: Running config 8/10 for ssb_flat_tiny_71
[2026-04-05 12:54:09,308:MySQL_Database.py#L242:INFO]: Transpiling workload from PostgreSQL to MySQL syntax...
[2026-04-05 12:54:09,389:MySQL_Database.py#L79:INFO]: MySQL knobs persisted to mysqld-auto.cnf. Restarting to apply...
[2026-04-05 12:54:09,389:MySQL_Database.py#L189:INFO]: Restarting MySQL service...
[2026-04-05 12:54:14,223:MySQL_Database.py#L199:INFO]: Waiting for MySQL to become available...
[2026-04-05 12:54:14,263:MySQL_Database.py#L217:INFO]: MySQL is back up! (Took 0.04s)
[2026-04-05 12:54:14,264:MySQL_Database.py#L32:INFO]: Closed old MySQL connection.
[2026-04-05 12:54:14,320:MySQL_Database.py#L267:INFO]: Executing transpiled workload olap_workloads/ssb_flat_tiny_71.wg (14 queries)...
[2026-04-05 12:55:16,247:MySQL_Database.py#L294:INFO]: Workload olap_workloads/ssb_flat_tiny_71.wg executed successfully.
[2026-04-05 12:55:16,248:run_diverse_configs.py#L206:INFO]: Performance for config 8: 4.423376949358499
[2026-04-05 12:55:16,248:run_diverse_configs.py#L137:INFO]: Running config 9/10 for ssb_flat_tiny_71
[2026-04-05 12:55:16,248:MySQL_Database.py#L242:INFO]: Transpiling workload from PostgreSQL to MySQL syntax...
[2026-04-05 12:55:16,344:MySQL_Database.py#L79:INFO]: MySQL knobs persisted to mysqld-auto.cnf. Restarting to apply...
[2026-04-05 12:55:16,345:MySQL_Database.py#L189:INFO]: Restarting MySQL service...
[2026-04-05 12:55:21,880:MySQL_Database.py#L199:INFO]: Waiting for MySQL to become available...
[2026-04-05 12:55:21,918:MySQL_Database.py#L217:INFO]: MySQL is back up! (Took 0.04s)
[2026-04-05 12:55:21,918:MySQL_Database.py#L32:INFO]: Closed old MySQL connection.
[2026-04-05 12:55:21,975:MySQL_Database.py#L267:INFO]: Executing transpiled workload olap_workloads/ssb_flat_tiny_71.wg (14 queries)...
[2026-04-05 12:56:22,577:MySQL_Database.py#L294:INFO]: Workload olap_workloads/ssb_flat_tiny_71.wg executed successfully.
[2026-04-05 12:56:22,577:run_diverse_configs.py#L206:INFO]: Performance for config 9: 4.328702854285699
[2026-04-05 12:56:22,577:run_diverse_configs.py#L137:INFO]: Running config 10/10 for ssb_flat_tiny_71
[2026-04-05 12:56:22,578:MySQL_Database.py#L242:INFO]: Transpiling workload from PostgreSQL to MySQL syntax...
[2026-04-05 12:56:22,682:MySQL_Database.py#L79:INFO]: MySQL knobs persisted to mysqld-auto.cnf. Restarting to apply...
[2026-04-05 12:56:22,682:MySQL_Database.py#L189:INFO]: Restarting MySQL service...
[2026-04-05 12:56:27,867:MySQL_Database.py#L199:INFO]: Waiting for MySQL to become available...
[2026-04-05 12:56:27,903:MySQL_Database.py#L217:INFO]: MySQL is back up! (Took 0.04s)
[2026-04-05 12:56:27,904:MySQL_Database.py#L32:INFO]: Closed old MySQL connection.
[2026-04-05 12:56:27,959:MySQL_Database.py#L267:INFO]: Executing transpiled workload olap_workloads/ssb_flat_tiny_71.wg (14 queries)...
[2026-04-05 12:57:30,821:MySQL_Database.py#L294:INFO]: Workload olap_workloads/ssb_flat_tiny_71.wg executed successfully.
[2026-04-05 12:57:30,821:run_diverse_configs.py#L206:INFO]: Performance for config 10: 4.490068533499392
[2026-04-05 12:57:30,821:run_diverse_configs.py#L129:INFO]: Running 10 configs for ssb_flat_tiny_146
[2026-04-05 12:57:30,821:run_diverse_configs.py#L137:INFO]: Running config 1/10 for ssb_flat_tiny_146
[2026-04-05 12:57:30,822:MySQL_Database.py#L242:INFO]: Transpiling workload from PostgreSQL to MySQL syntax...
[2026-04-05 12:57:30,914:MySQL_Database.py#L79:INFO]: MySQL knobs persisted to mysqld-auto.cnf. Restarting to apply...
[2026-04-05 12:57:30,914:MySQL_Database.py#L189:INFO]: Restarting MySQL service...
[2026-04-05 12:57:35,947:MySQL_Database.py#L199:INFO]: Waiting for MySQL to become available...
[2026-04-05 12:57:35,978:MySQL_Database.py#L217:INFO]: MySQL is back up! (Took 0.03s)
[2026-04-05 12:57:35,978:MySQL_Database.py#L32:INFO]: Closed old MySQL connection.
[2026-04-05 12:57:36,034:MySQL_Database.py#L267:INFO]: Executing transpiled workload olap_workloads/ssb_flat_tiny_146.wg (14 queries)...
[2026-04-05 12:58:48,075:MySQL_Database.py#L294:INFO]: Workload olap_workloads/ssb_flat_tiny_146.wg executed successfully.
[2026-04-05 12:58:48,075:run_diverse_configs.py#L206:INFO]: Performance for config 1: 5.1457576269999015
[2026-04-05 12:58:48,075:run_diverse_configs.py#L137:INFO]: Running config 2/10 for ssb_flat_tiny_146
[2026-04-05 12:58:48,076:MySQL_Database.py#L242:INFO]: Transpiling workload from PostgreSQL to MySQL syntax...
[2026-04-05 12:58:48,171:MySQL_Database.py#L79:INFO]: MySQL knobs persisted to mysqld-auto.cnf. Restarting to apply...
[2026-04-05 12:58:48,171:MySQL_Database.py#L189:INFO]: Restarting MySQL service...
[2026-04-05 12:58:53,605:MySQL_Database.py#L199:INFO]: Waiting for MySQL to become available...
[2026-04-05 12:58:53,642:MySQL_Database.py#L217:INFO]: MySQL is back up! (Took 0.04s)
[2026-04-05 12:58:53,642:MySQL_Database.py#L32:INFO]: Closed old MySQL connection.
[2026-04-05 12:58:53,698:MySQL_Database.py#L267:INFO]: Executing transpiled workload olap_workloads/ssb_flat_tiny_146.wg (14 queries)...
[2026-04-05 13:00:07,948:MySQL_Database.py#L294:INFO]: Workload olap_workloads/ssb_flat_tiny_146.wg executed successfully.
[2026-04-05 13:00:07,948:run_diverse_configs.py#L206:INFO]: Performance for config 2: 5.303543224429761
[2026-04-05 13:00:07,948:run_diverse_configs.py#L137:INFO]: Running config 3/10 for ssb_flat_tiny_146
[2026-04-05 13:00:07,949:MySQL_Database.py#L242:INFO]: Transpiling workload from PostgreSQL to MySQL syntax...
[2026-04-05 13:00:08,039:MySQL_Database.py#L79:INFO]: MySQL knobs persisted to mysqld-auto.cnf. Restarting to apply...
[2026-04-05 13:00:08,039:MySQL_Database.py#L189:INFO]: Restarting MySQL service...
[2026-04-05 13:00:12,671:MySQL_Database.py#L199:INFO]: Waiting for MySQL to become available...
[2026-04-05 13:00:12,702:MySQL_Database.py#L217:INFO]: MySQL is back up! (Took 0.03s)
[2026-04-05 13:00:12,702:MySQL_Database.py#L32:INFO]: Closed old MySQL connection.
[2026-04-05 13:00:12,815:MySQL_Database.py#L267:INFO]: Executing transpiled workload olap_workloads/ssb_flat_tiny_146.wg (14 queries)...
[2026-04-05 13:01:27,866:MySQL_Database.py#L294:INFO]: Workload olap_workloads/ssb_flat_tiny_146.wg executed successfully.
[2026-04-05 13:01:27,866:run_diverse_configs.py#L206:INFO]: Performance for config 3: 5.360752674143961
[2026-04-05 13:01:27,866:run_diverse_configs.py#L137:INFO]: Running config 4/10 for ssb_flat_tiny_146
[2026-04-05 13:01:27,867:MySQL_Database.py#L242:INFO]: Transpiling workload from PostgreSQL to MySQL syntax...
[2026-04-05 13:01:27,961:MySQL_Database.py#L79:INFO]: MySQL knobs persisted to mysqld-auto.cnf. Restarting to apply...
[2026-04-05 13:01:27,961:MySQL_Database.py#L189:INFO]: Restarting MySQL service...
[2026-04-05 13:01:32,945:MySQL_Database.py#L199:INFO]: Waiting for MySQL to become available...
[2026-04-05 13:01:32,975:MySQL_Database.py#L217:INFO]: MySQL is back up! (Took 0.03s)
[2026-04-05 13:01:32,976:MySQL_Database.py#L32:INFO]: Closed old MySQL connection.
[2026-04-05 13:01:33,031:MySQL_Database.py#L267:INFO]: Executing transpiled workload olap_workloads/ssb_flat_tiny_146.wg (14 queries)...
[2026-04-05 13:02:42,658:MySQL_Database.py#L294:INFO]: Workload olap_workloads/ssb_flat_tiny_146.wg executed successfully.
[2026-04-05 13:02:42,658:run_diverse_configs.py#L206:INFO]: Performance for config 4: 4.973279248214177
[2026-04-05 13:02:42,658:run_diverse_configs.py#L137:INFO]: Running config 5/10 for ssb_flat_tiny_146
[2026-04-05 13:02:42,658:MySQL_Database.py#L242:INFO]: Transpiling workload from PostgreSQL to MySQL syntax...
[2026-04-05 13:02:42,751:MySQL_Database.py#L79:INFO]: MySQL knobs persisted to mysqld-auto.cnf. Restarting to apply...
[2026-04-05 13:02:42,751:MySQL_Database.py#L189:INFO]: Restarting MySQL service...
[2026-04-05 13:02:48,487:MySQL_Database.py#L199:INFO]: Waiting for MySQL to become available...
[2026-04-05 13:02:48,518:MySQL_Database.py#L217:INFO]: MySQL is back up! (Took 0.03s)
[2026-04-05 13:02:48,518:MySQL_Database.py#L32:INFO]: Closed old MySQL connection.
[2026-04-05 13:02:48,574:MySQL_Database.py#L267:INFO]: Executing transpiled workload olap_workloads/ssb_flat_tiny_146.wg (14 queries)...
[2026-04-05 13:03:59,105:MySQL_Database.py#L294:INFO]: Workload olap_workloads/ssb_flat_tiny_146.wg executed successfully.
[2026-04-05 13:03:59,105:run_diverse_configs.py#L206:INFO]: Performance for config 5: 5.037895679929144
[2026-04-05 13:03:59,105:run_diverse_configs.py#L137:INFO]: Running config 6/10 for ssb_flat_tiny_146
[2026-04-05 13:03:59,106:MySQL_Database.py#L242:INFO]: Transpiling workload from PostgreSQL to MySQL syntax...
[2026-04-05 13:03:59,196:MySQL_Database.py#L79:INFO]: MySQL knobs persisted to mysqld-auto.cnf. Restarting to apply...
[2026-04-05 13:03:59,196:MySQL_Database.py#L189:INFO]: Restarting MySQL service...
[2026-04-05 13:04:04,029:MySQL_Database.py#L199:INFO]: Waiting for MySQL to become available...
[2026-04-05 13:04:04,088:MySQL_Database.py#L217:INFO]: MySQL is back up! (Took 0.06s)
[2026-04-05 13:04:04,088:MySQL_Database.py#L32:INFO]: Closed old MySQL connection.
[2026-04-05 13:04:04,188:MySQL_Database.py#L267:INFO]: Executing transpiled workload olap_workloads/ssb_flat_tiny_146.wg (14 queries)...
[2026-04-05 13:05:17,421:MySQL_Database.py#L294:INFO]: Workload olap_workloads/ssb_flat_tiny_146.wg executed successfully.
[2026-04-05 13:05:17,421:run_diverse_configs.py#L206:INFO]: Performance for config 6: 5.230931215285507
[2026-04-05 13:05:17,421:run_diverse_configs.py#L137:INFO]: Running config 7/10 for ssb_flat_tiny_146
[2026-04-05 13:05:17,422:MySQL_Database.py#L242:INFO]: Transpiling workload from PostgreSQL to MySQL syntax...
[2026-04-05 13:05:17,688:MySQL_Database.py#L79:INFO]: MySQL knobs persisted to mysqld-auto.cnf. Restarting to apply...
[2026-04-05 13:05:17,688:MySQL_Database.py#L189:INFO]: Restarting MySQL service...
[2026-04-05 13:05:23,826:MySQL_Database.py#L199:INFO]: Waiting for MySQL to become available...
[2026-04-05 13:05:23,860:MySQL_Database.py#L217:INFO]: MySQL is back up! (Took 0.03s)
[2026-04-05 13:05:23,860:MySQL_Database.py#L32:INFO]: Closed old MySQL connection.
[2026-04-05 13:05:23,916:MySQL_Database.py#L267:INFO]: Executing transpiled workload olap_workloads/ssb_flat_tiny_146.wg (14 queries)...
[2026-04-05 13:06:37,129:MySQL_Database.py#L294:INFO]: Workload olap_workloads/ssb_flat_tiny_146.wg executed successfully.
[2026-04-05 13:06:37,130:run_diverse_configs.py#L206:INFO]: Performance for config 7: 5.229504241285862
[2026-04-05 13:06:37,130:run_diverse_configs.py#L137:INFO]: Running config 8/10 for ssb_flat_tiny_146
[2026-04-05 13:06:37,130:MySQL_Database.py#L242:INFO]: Transpiling workload from PostgreSQL to MySQL syntax...
[2026-04-05 13:06:37,407:MySQL_Database.py#L79:INFO]: MySQL knobs persisted to mysqld-auto.cnf. Restarting to apply...
[2026-04-05 13:06:37,408:MySQL_Database.py#L189:INFO]: Restarting MySQL service...
[2026-04-05 13:06:43,395:MySQL_Database.py#L199:INFO]: Waiting for MySQL to become available...
[2026-04-05 13:06:43,425:MySQL_Database.py#L217:INFO]: MySQL is back up! (Took 0.03s)
[2026-04-05 13:06:43,425:MySQL_Database.py#L32:INFO]: Closed old MySQL connection.
[2026-04-05 13:06:43,480:MySQL_Database.py#L267:INFO]: Executing transpiled workload olap_workloads/ssb_flat_tiny_146.wg (14 queries)...
[2026-04-05 13:08:40,448:MySQL_Database.py#L294:INFO]: Workload olap_workloads/ssb_flat_tiny_146.wg executed successfully.
[2026-04-05 13:08:40,449:run_diverse_configs.py#L206:INFO]: Performance for config 8: 8.354839361214545
[2026-04-05 13:08:40,449:run_diverse_configs.py#L137:INFO]: Running config 9/10 for ssb_flat_tiny_146
[2026-04-05 13:08:40,449:MySQL_Database.py#L242:INFO]: Transpiling workload from PostgreSQL to MySQL syntax...
[2026-04-05 13:08:40,741:MySQL_Database.py#L79:INFO]: MySQL knobs persisted to mysqld-auto.cnf. Restarting to apply...
[2026-04-05 13:08:40,741:MySQL_Database.py#L189:INFO]: Restarting MySQL service...
[2026-04-05 13:08:45,976:MySQL_Database.py#L199:INFO]: Waiting for MySQL to become available...
[2026-04-05 13:08:46,008:MySQL_Database.py#L217:INFO]: MySQL is back up! (Took 0.03s)
[2026-04-05 13:08:46,008:MySQL_Database.py#L32:INFO]: Closed old MySQL connection.
[2026-04-05 13:08:46,065:MySQL_Database.py#L267:INFO]: Executing transpiled workload olap_workloads/ssb_flat_tiny_146.wg (14 queries)...
[2026-04-05 13:09:59,766:MySQL_Database.py#L294:INFO]: Workload olap_workloads/ssb_flat_tiny_146.wg executed successfully.
[2026-04-05 13:09:59,766:run_diverse_configs.py#L206:INFO]: Performance for config 9: 5.264338501356958
[2026-04-05 13:09:59,766:run_diverse_configs.py#L137:INFO]: Running config 10/10 for ssb_flat_tiny_146
[2026-04-05 13:09:59,767:MySQL_Database.py#L242:INFO]: Transpiling workload from PostgreSQL to MySQL syntax...
[2026-04-05 13:10:00,052:MySQL_Database.py#L79:INFO]: MySQL knobs persisted to mysqld-auto.cnf. Restarting to apply...
[2026-04-05 13:10:00,052:MySQL_Database.py#L189:INFO]: Restarting MySQL service...
[2026-04-05 13:10:05,337:MySQL_Database.py#L199:INFO]: Waiting for MySQL to become available...
[2026-04-05 13:10:05,402:MySQL_Database.py#L217:INFO]: MySQL is back up! (Took 0.07s)
[2026-04-05 13:10:05,403:MySQL_Database.py#L32:INFO]: Closed old MySQL connection.
[2026-04-05 13:10:05,457:MySQL_Database.py#L267:INFO]: Executing transpiled workload olap_workloads/ssb_flat_tiny_146.wg (14 queries)...
[2026-04-05 13:11:27,520:MySQL_Database.py#L294:INFO]: Workload olap_workloads/ssb_flat_tiny_146.wg executed successfully.
[2026-04-05 13:11:27,521:run_diverse_configs.py#L206:INFO]: Performance for config 10: 5.861622378213464
[2026-04-05 13:11:27,528:run_diverse_configs.py#L129:INFO]: Running 10 configs for ssb_flat_tiny_13
[2026-04-05 13:11:27,529:run_diverse_configs.py#L137:INFO]: Running config 1/10 for ssb_flat_tiny_13
[2026-04-05 13:11:27,530:MySQL_Database.py#L242:INFO]: Transpiling workload from PostgreSQL to MySQL syntax...
[2026-04-05 13:11:27,811:MySQL_Database.py#L79:INFO]: MySQL knobs persisted to mysqld-auto.cnf. Restarting to apply...
[2026-04-05 13:11:27,811:MySQL_Database.py#L189:INFO]: Restarting MySQL service...
[2026-04-05 13:11:32,743:MySQL_Database.py#L199:INFO]: Waiting for MySQL to become available...
[2026-04-05 13:11:32,774:MySQL_Database.py#L217:INFO]: MySQL is back up! (Took 0.03s)
[2026-04-05 13:11:32,775:MySQL_Database.py#L32:INFO]: Closed old MySQL connection.
[2026-04-05 13:11:32,830:MySQL_Database.py#L267:INFO]: Executing transpiled workload olap_workloads/ssb_flat_tiny_13.wg (15 queries)...
[2026-04-05 13:12:37,604:MySQL_Database.py#L294:INFO]: Workload olap_workloads/ssb_flat_tiny_13.wg executed successfully.
[2026-04-05 13:12:37,604:run_diverse_configs.py#L206:INFO]: Performance for config 1: 4.318241966467273
[2026-04-05 13:12:37,605:run_diverse_configs.py#L137:INFO]: Running config 2/10 for ssb_flat_tiny_13
[2026-04-05 13:12:37,605:MySQL_Database.py#L242:INFO]: Transpiling workload from PostgreSQL to MySQL syntax...
[2026-04-05 13:12:37,881:MySQL_Database.py#L79:INFO]: MySQL knobs persisted to mysqld-auto.cnf. Restarting to apply...
[2026-04-05 13:12:37,881:MySQL_Database.py#L189:INFO]: Restarting MySQL service...
[2026-04-05 13:12:43,265:MySQL_Database.py#L199:INFO]: Waiting for MySQL to become available...
[2026-04-05 13:12:43,324:MySQL_Database.py#L217:INFO]: MySQL is back up! (Took 0.06s)
[2026-04-05 13:12:43,324:MySQL_Database.py#L32:INFO]: Closed old MySQL connection.
[2026-04-05 13:12:43,438:MySQL_Database.py#L267:INFO]: Executing transpiled workload olap_workloads/ssb_flat_tiny_13.wg (15 queries)...
[2026-04-05 13:13:47,284:MySQL_Database.py#L294:INFO]: Workload olap_workloads/ssb_flat_tiny_13.wg executed successfully.
[2026-04-05 13:13:47,284:run_diverse_configs.py#L206:INFO]: Performance for config 2: 4.256369097067121
[2026-04-05 13:13:47,284:run_diverse_configs.py#L137:INFO]: Running config 3/10 for ssb_flat_tiny_13
[2026-04-05 13:13:47,284:MySQL_Database.py#L242:INFO]: Transpiling workload from PostgreSQL to MySQL syntax...
[2026-04-05 13:13:47,581:MySQL_Database.py#L79:INFO]: MySQL knobs persisted to mysqld-auto.cnf. Restarting to apply...
[2026-04-05 13:13:47,581:MySQL_Database.py#L189:INFO]: Restarting MySQL service...
[2026-04-05 13:13:53,067:MySQL_Database.py#L199:INFO]: Waiting for MySQL to become available...
[2026-04-05 13:13:53,106:MySQL_Database.py#L217:INFO]: MySQL is back up! (Took 0.04s)
[2026-04-05 13:13:53,107:MySQL_Database.py#L32:INFO]: Closed old MySQL connection.
[2026-04-05 13:13:53,162:MySQL_Database.py#L267:INFO]: Executing transpiled workload olap_workloads/ssb_flat_tiny_13.wg (15 queries)...
[2026-04-05 13:14:56,395:MySQL_Database.py#L294:INFO]: Workload olap_workloads/ssb_flat_tiny_13.wg executed successfully.
[2026-04-05 13:14:56,395:run_diverse_configs.py#L206:INFO]: Performance for config 3: 4.2155526196661715
[2026-04-05 13:14:56,396:run_diverse_configs.py#L137:INFO]: Running config 4/10 for ssb_flat_tiny_13
[2026-04-05 13:14:56,396:MySQL_Database.py#L242:INFO]: Transpiling workload from PostgreSQL to MySQL syntax...
[2026-04-05 13:14:56,691:MySQL_Database.py#L79:INFO]: MySQL knobs persisted to mysqld-auto.cnf. Restarting to apply...
[2026-04-05 13:14:56,691:MySQL_Database.py#L189:INFO]: Restarting MySQL service...
[2026-04-05 13:15:02,679:MySQL_Database.py#L199:INFO]: Waiting for MySQL to become available...
[2026-04-05 13:15:02,713:MySQL_Database.py#L217:INFO]: MySQL is back up! (Took 0.03s)
[2026-04-05 13:15:02,714:MySQL_Database.py#L32:INFO]: Closed old MySQL connection.
[2026-04-05 13:15:02,769:MySQL_Database.py#L267:INFO]: Executing transpiled workload olap_workloads/ssb_flat_tiny_13.wg (15 queries)...
[2026-04-05 13:16:10,839:MySQL_Database.py#L294:INFO]: Workload olap_workloads/ssb_flat_tiny_13.wg executed successfully.
[2026-04-05 13:16:10,839:run_diverse_configs.py#L206:INFO]: Performance for config 4: 4.537970237866587
[2026-04-05 13:16:10,839:run_diverse_configs.py#L137:INFO]: Running config 5/10 for ssb_flat_tiny_13
[2026-04-05 13:16:10,840:MySQL_Database.py#L242:INFO]: Transpiling workload from PostgreSQL to MySQL syntax...
[2026-04-05 13:16:11,136:MySQL_Database.py#L79:INFO]: MySQL knobs persisted to mysqld-auto.cnf. Restarting to apply...
[2026-04-05 13:16:11,137:MySQL_Database.py#L189:INFO]: Restarting MySQL service...
[2026-04-05 13:16:17,075:MySQL_Database.py#L199:INFO]: Waiting for MySQL to become available...
[2026-04-05 13:16:17,137:MySQL_Database.py#L217:INFO]: MySQL is back up! (Took 0.06s)
[2026-04-05 13:16:17,137:MySQL_Database.py#L32:INFO]: Closed old MySQL connection.
[2026-04-05 13:16:17,250:MySQL_Database.py#L267:INFO]: Executing transpiled workload olap_workloads/ssb_flat_tiny_13.wg (15 queries)...
[2026-04-05 13:17:25,245:MySQL_Database.py#L294:INFO]: Workload olap_workloads/ssb_flat_tiny_13.wg executed successfully.
[2026-04-05 13:17:25,246:run_diverse_configs.py#L206:INFO]: Performance for config 5: 4.533032212132821
[2026-04-05 13:17:25,246:run_diverse_configs.py#L137:INFO]: Running config 6/10 for ssb_flat_tiny_13
[2026-04-05 13:17:25,246:MySQL_Database.py#L242:INFO]: Transpiling workload from PostgreSQL to MySQL syntax...
[2026-04-05 13:17:25,536:MySQL_Database.py#L79:INFO]: MySQL knobs persisted to mysqld-auto.cnf. Restarting to apply...
[2026-04-05 13:17:25,536:MySQL_Database.py#L189:INFO]: Restarting MySQL service...
[2026-04-05 13:17:30,569:MySQL_Database.py#L199:INFO]: Waiting for MySQL to become available...
[2026-04-05 13:17:30,600:MySQL_Database.py#L217:INFO]: MySQL is back up! (Took 0.03s)
[2026-04-05 13:17:30,600:MySQL_Database.py#L32:INFO]: Closed old MySQL connection.
[2026-04-05 13:17:30,656:MySQL_Database.py#L267:INFO]: Executing transpiled workload olap_workloads/ssb_flat_tiny_13.wg (15 queries)...
[2026-04-05 13:19:16,154:MySQL_Database.py#L294:INFO]: Workload olap_workloads/ssb_flat_tiny_13.wg executed successfully.
[2026-04-05 13:19:16,154:run_diverse_configs.py#L206:INFO]: Performance for config 6: 7.03314822333244
[2026-04-05 13:19:16,154:run_diverse_configs.py#L137:INFO]: Running config 7/10 for ssb_flat_tiny_13
[2026-04-05 13:19:16,154:MySQL_Database.py#L242:INFO]: Transpiling workload from PostgreSQL to MySQL syntax...
[2026-04-05 13:19:16,456:MySQL_Database.py#L79:INFO]: MySQL knobs persisted to mysqld-auto.cnf. Restarting to apply...
[2026-04-05 13:19:16,456:MySQL_Database.py#L189:INFO]: Restarting MySQL service...
[2026-04-05 13:19:22,145:MySQL_Database.py#L199:INFO]: Waiting for MySQL to become available...
[2026-04-05 13:19:22,176:MySQL_Database.py#L217:INFO]: MySQL is back up! (Took 0.03s)
[2026-04-05 13:19:22,176:MySQL_Database.py#L32:INFO]: Closed old MySQL connection.
[2026-04-05 13:19:22,232:MySQL_Database.py#L267:INFO]: Executing transpiled workload olap_workloads/ssb_flat_tiny_13.wg (15 queries)...
[2026-04-05 13:20:28,259:MySQL_Database.py#L294:INFO]: Workload olap_workloads/ssb_flat_tiny_13.wg executed successfully.
[2026-04-05 13:20:28,259:run_diverse_configs.py#L206:INFO]: Performance for config 7: 4.401772502734093
[2026-04-05 13:20:28,260:run_diverse_configs.py#L137:INFO]: Running config 8/10 for ssb_flat_tiny_13
[2026-04-05 13:20:28,260:MySQL_Database.py#L242:INFO]: Transpiling workload from PostgreSQL to MySQL syntax...
[2026-04-05 13:20:28,547:MySQL_Database.py#L79:INFO]: MySQL knobs persisted to mysqld-auto.cnf. Restarting to apply...
[2026-04-05 13:20:28,548:MySQL_Database.py#L189:INFO]: Restarting MySQL service...
[2026-04-05 13:20:34,232:MySQL_Database.py#L199:INFO]: Waiting for MySQL to become available...
[2026-04-05 13:20:34,265:MySQL_Database.py#L217:INFO]: MySQL is back up! (Took 0.03s)
[2026-04-05 13:20:34,266:MySQL_Database.py#L32:INFO]: Closed old MySQL connection.
[2026-04-05 13:20:34,321:MySQL_Database.py#L267:INFO]: Executing transpiled workload olap_workloads/ssb_flat_tiny_13.wg (15 queries)...
[2026-04-05 13:21:37,298:MySQL_Database.py#L294:INFO]: Workload olap_workloads/ssb_flat_tiny_13.wg executed successfully.
[2026-04-05 13:21:37,298:run_diverse_configs.py#L206:INFO]: Performance for config 8: 4.198414118467675
[2026-04-05 13:21:37,298:run_diverse_configs.py#L137:INFO]: Running config 9/10 for ssb_flat_tiny_13
[2026-04-05 13:21:37,298:MySQL_Database.py#L242:INFO]: Transpiling workload from PostgreSQL to MySQL syntax...
[2026-04-05 13:21:37,593:MySQL_Database.py#L79:INFO]: MySQL knobs persisted to mysqld-auto.cnf. Restarting to apply...
[2026-04-05 13:21:37,594:MySQL_Database.py#L189:INFO]: Restarting MySQL service...
[2026-04-05 13:21:43,783:MySQL_Database.py#L199:INFO]: Waiting for MySQL to become available...
[2026-04-05 13:21:43,822:MySQL_Database.py#L217:INFO]: MySQL is back up! (Took 0.04s)
[2026-04-05 13:21:43,823:MySQL_Database.py#L32:INFO]: Closed old MySQL connection.
[2026-04-05 13:21:43,879:MySQL_Database.py#L267:INFO]: Executing transpiled workload olap_workloads/ssb_flat_tiny_13.wg (15 queries)...
[2026-04-05 13:22:48,985:MySQL_Database.py#L294:INFO]: Workload olap_workloads/ssb_flat_tiny_13.wg executed successfully.
[2026-04-05 13:22:48,985:run_diverse_configs.py#L206:INFO]: Performance for config 9: 4.340346443466842
[2026-04-05 13:22:48,985:run_diverse_configs.py#L137:INFO]: Running config 10/10 for ssb_flat_tiny_13
[2026-04-05 13:22:48,985:MySQL_Database.py#L242:INFO]: Transpiling workload from PostgreSQL to MySQL syntax...
[2026-04-05 13:22:49,283:MySQL_Database.py#L79:INFO]: MySQL knobs persisted to mysqld-auto.cnf. Restarting to apply...
[2026-04-05 13:22:49,283:MySQL_Database.py#L189:INFO]: Restarting MySQL service...
[2026-04-05 13:22:56,175:MySQL_Database.py#L199:INFO]: Waiting for MySQL to become available...
[2026-04-05 13:22:56,205:MySQL_Database.py#L217:INFO]: MySQL is back up! (Took 0.03s)
[2026-04-05 13:22:56,205:MySQL_Database.py#L32:INFO]: Closed old MySQL connection.
[2026-04-05 13:22:56,260:MySQL_Database.py#L267:INFO]: Executing transpiled workload olap_workloads/ssb_flat_tiny_13.wg (15 queries)...
[2026-04-05 13:24:02,659:MySQL_Database.py#L294:INFO]: Workload olap_workloads/ssb_flat_tiny_13.wg executed successfully.
[2026-04-05 13:24:02,659:run_diverse_configs.py#L206:INFO]: Performance for config 10: 4.4265664083999585
[2026-04-05 13:24:02,659:run_diverse_configs.py#L129:INFO]: Running 10 configs for ssb_flat_tiny_269
[2026-04-05 13:24:02,659:run_diverse_configs.py#L137:INFO]: Running config 1/10 for ssb_flat_tiny_269
[2026-04-05 13:24:02,660:MySQL_Database.py#L242:INFO]: Transpiling workload from PostgreSQL to MySQL syntax...
[2026-04-05 13:24:02,957:MySQL_Database.py#L79:INFO]: MySQL knobs persisted to mysqld-auto.cnf. Restarting to apply...
[2026-04-05 13:24:02,957:MySQL_Database.py#L189:INFO]: Restarting MySQL service...
[2026-04-05 13:24:09,145:MySQL_Database.py#L199:INFO]: Waiting for MySQL to become available...
[2026-04-05 13:24:09,176:MySQL_Database.py#L217:INFO]: MySQL is back up! (Took 0.03s)
[2026-04-05 13:24:09,176:MySQL_Database.py#L32:INFO]: Closed old MySQL connection.
[2026-04-05 13:24:09,232:MySQL_Database.py#L267:INFO]: Executing transpiled workload olap_workloads/ssb_flat_tiny_269.wg (8 queries)...
[2026-04-05 13:24:43,977:MySQL_Database.py#L294:INFO]: Workload olap_workloads/ssb_flat_tiny_269.wg executed successfully.
[2026-04-05 13:24:43,978:run_diverse_configs.py#L206:INFO]: Performance for config 1: 4.343145288123196
[2026-04-05 13:24:43,978:run_diverse_configs.py#L137:INFO]: Running config 2/10 for ssb_flat_tiny_269
[2026-04-05 13:24:43,978:MySQL_Database.py#L242:INFO]: Transpiling workload from PostgreSQL to MySQL syntax...
[2026-04-05 13:24:44,214:MySQL_Database.py#L79:INFO]: MySQL knobs persisted to mysqld-auto.cnf. Restarting to apply...
[2026-04-05 13:24:44,214:MySQL_Database.py#L189:INFO]: Restarting MySQL service...
[2026-04-05 13:24:48,949:MySQL_Database.py#L199:INFO]: Waiting for MySQL to become available...
[2026-04-05 13:24:48,981:MySQL_Database.py#L217:INFO]: MySQL is back up! (Took 0.03s)
[2026-04-05 13:24:48,982:MySQL_Database.py#L32:INFO]: Closed old MySQL connection.
[2026-04-05 13:24:49,038:MySQL_Database.py#L267:INFO]: Executing transpiled workload olap_workloads/ssb_flat_tiny_269.wg (8 queries)...
[2026-04-05 13:25:26,831:MySQL_Database.py#L294:INFO]: Workload olap_workloads/ssb_flat_tiny_269.wg executed successfully.
[2026-04-05 13:25:26,831:run_diverse_configs.py#L206:INFO]: Performance for config 2: 4.724071548374923
[2026-04-05 13:25:26,831:run_diverse_configs.py#L137:INFO]: Running config 3/10 for ssb_flat_tiny_269
[2026-04-05 13:25:26,831:MySQL_Database.py#L242:INFO]: Transpiling workload from PostgreSQL to MySQL syntax...
[2026-04-05 13:25:26,919:MySQL_Database.py#L79:INFO]: MySQL knobs persisted to mysqld-auto.cnf. Restarting to apply...
[2026-04-05 13:25:26,919:MySQL_Database.py#L189:INFO]: Restarting MySQL service...
[2026-04-05 13:25:32,202:MySQL_Database.py#L199:INFO]: Waiting for MySQL to become available...
[2026-04-05 13:25:32,240:MySQL_Database.py#L217:INFO]: MySQL is back up! (Took 0.04s)
[2026-04-05 13:25:32,240:MySQL_Database.py#L32:INFO]: Closed old MySQL connection.
[2026-04-05 13:25:32,302:MySQL_Database.py#L267:INFO]: Executing transpiled workload olap_workloads/ssb_flat_tiny_269.wg (8 queries)...
[2026-04-05 13:26:09,438:MySQL_Database.py#L294:INFO]: Workload olap_workloads/ssb_flat_tiny_269.wg executed successfully.
[2026-04-05 13:26:09,438:run_diverse_configs.py#L206:INFO]: Performance for config 3: 4.641884547876543
[2026-04-05 13:26:09,438:run_diverse_configs.py#L137:INFO]: Running config 4/10 for ssb_flat_tiny_269
[2026-04-05 13:26:09,438:MySQL_Database.py#L242:INFO]: Transpiling workload from PostgreSQL to MySQL syntax...
[2026-04-05 13:26:09,523:MySQL_Database.py#L79:INFO]: MySQL knobs persisted to mysqld-auto.cnf. Restarting to apply...
[2026-04-05 13:26:09,523:MySQL_Database.py#L189:INFO]: Restarting MySQL service...
[2026-04-05 13:26:14,754:MySQL_Database.py#L199:INFO]: Waiting for MySQL to become available...
[2026-04-05 13:26:14,788:MySQL_Database.py#L217:INFO]: MySQL is back up! (Took 0.03s)
[2026-04-05 13:26:14,788:MySQL_Database.py#L32:INFO]: Closed old MySQL connection.
[2026-04-05 13:26:14,845:MySQL_Database.py#L267:INFO]: Executing transpiled workload olap_workloads/ssb_flat_tiny_269.wg (8 queries)...
[2026-04-05 13:26:51,001:MySQL_Database.py#L294:INFO]: Workload olap_workloads/ssb_flat_tiny_269.wg executed successfully.
[2026-04-05 13:26:51,001:run_diverse_configs.py#L206:INFO]: Performance for config 4: 4.5194736495031975
[2026-04-05 13:26:51,002:run_diverse_configs.py#L137:INFO]: Running config 5/10 for ssb_flat_tiny_269
[2026-04-05 13:26:51,002:MySQL_Database.py#L242:INFO]: Transpiling workload from PostgreSQL to MySQL syntax...
[2026-04-05 13:26:51,080:MySQL_Database.py#L79:INFO]: MySQL knobs persisted to mysqld-auto.cnf. Restarting to apply...
[2026-04-05 13:26:51,080:MySQL_Database.py#L189:INFO]: Restarting MySQL service...
[2026-04-05 13:26:56,316:MySQL_Database.py#L199:INFO]: Waiting for MySQL to become available...
[2026-04-05 13:26:56,358:MySQL_Database.py#L217:INFO]: MySQL is back up! (Took 0.04s)
[2026-04-05 13:26:56,359:MySQL_Database.py#L32:INFO]: Closed old MySQL connection.
[2026-04-05 13:26:56,414:MySQL_Database.py#L267:INFO]: Executing transpiled workload olap_workloads/ssb_flat_tiny_269.wg (8 queries)...
[2026-04-05 13:27:33,763:MySQL_Database.py#L294:INFO]: Workload olap_workloads/ssb_flat_tiny_269.wg executed successfully.
[2026-04-05 13:27:33,763:run_diverse_configs.py#L206:INFO]: Performance for config 5: 4.668594317998213
[2026-04-05 13:27:33,763:run_diverse_configs.py#L137:INFO]: Running config 6/10 for ssb_flat_tiny_269
[2026-04-05 13:27:33,764:MySQL_Database.py#L242:INFO]: Transpiling workload from PostgreSQL to MySQL syntax...
[2026-04-05 13:27:33,847:MySQL_Database.py#L79:INFO]: MySQL knobs persisted to mysqld-auto.cnf. Restarting to apply...
[2026-04-05 13:27:33,847:MySQL_Database.py#L189:INFO]: Restarting MySQL service...
[2026-04-05 13:27:38,930:MySQL_Database.py#L199:INFO]: Waiting for MySQL to become available...
[2026-04-05 13:27:38,989:MySQL_Database.py#L217:INFO]: MySQL is back up! (Took 0.06s)
[2026-04-05 13:27:38,989:MySQL_Database.py#L32:INFO]: Closed old MySQL connection.
[2026-04-05 13:27:39,101:MySQL_Database.py#L267:INFO]: Executing transpiled workload olap_workloads/ssb_flat_tiny_269.wg (8 queries)...
[2026-04-05 13:28:16,166:MySQL_Database.py#L294:INFO]: Workload olap_workloads/ssb_flat_tiny_269.wg executed successfully.
[2026-04-05 13:28:16,166:run_diverse_configs.py#L206:INFO]: Performance for config 6: 4.633007236752746
[2026-04-05 13:28:16,166:run_diverse_configs.py#L137:INFO]: Running config 7/10 for ssb_flat_tiny_269
[2026-04-05 13:28:16,167:MySQL_Database.py#L242:INFO]: Transpiling workload from PostgreSQL to MySQL syntax...
[2026-04-05 13:28:16,254:MySQL_Database.py#L79:INFO]: MySQL knobs persisted to mysqld-auto.cnf. Restarting to apply...
[2026-04-05 13:28:16,254:MySQL_Database.py#L189:INFO]: Restarting MySQL service...
[2026-04-05 13:28:21,138:MySQL_Database.py#L199:INFO]: Waiting for MySQL to become available...
[2026-04-05 13:28:21,176:MySQL_Database.py#L217:INFO]: MySQL is back up! (Took 0.04s)
[2026-04-05 13:28:21,177:MySQL_Database.py#L32:INFO]: Closed old MySQL connection.
[2026-04-05 13:28:21,232:MySQL_Database.py#L267:INFO]: Executing transpiled workload olap_workloads/ssb_flat_tiny_269.wg (8 queries)...
[2026-04-05 13:28:59,065:MySQL_Database.py#L294:INFO]: Workload olap_workloads/ssb_flat_tiny_269.wg executed successfully.
[2026-04-05 13:28:59,065:run_diverse_configs.py#L206:INFO]: Performance for config 7: 4.729082104622648
[2026-04-05 13:28:59,066:run_diverse_configs.py#L137:INFO]: Running config 8/10 for ssb_flat_tiny_269
[2026-04-05 13:28:59,066:MySQL_Database.py#L242:INFO]: Transpiling workload from PostgreSQL to MySQL syntax...
[2026-04-05 13:28:59,152:MySQL_Database.py#L79:INFO]: MySQL knobs persisted to mysqld-auto.cnf. Restarting to apply...
[2026-04-05 13:28:59,152:MySQL_Database.py#L189:INFO]: Restarting MySQL service...
[2026-04-05 13:29:04,036:MySQL_Database.py#L199:INFO]: Waiting for MySQL to become available...
[2026-04-05 13:29:04,079:MySQL_Database.py#L217:INFO]: MySQL is back up! (Took 0.04s)
[2026-04-05 13:29:04,080:MySQL_Database.py#L32:INFO]: Closed old MySQL connection.
[2026-04-05 13:29:04,137:MySQL_Database.py#L267:INFO]: Executing transpiled workload olap_workloads/ssb_flat_tiny_269.wg (8 queries)...
[2026-04-05 13:29:42,585:MySQL_Database.py#L294:INFO]: Workload olap_workloads/ssb_flat_tiny_269.wg executed successfully.
[2026-04-05 13:29:42,585:run_diverse_configs.py#L206:INFO]: Performance for config 8: 4.805890932377224
[2026-04-05 13:29:42,585:run_diverse_configs.py#L137:INFO]: Running config 9/10 for ssb_flat_tiny_269
[2026-04-05 13:29:42,586:MySQL_Database.py#L242:INFO]: Transpiling workload from PostgreSQL to MySQL syntax...
[2026-04-05 13:29:42,676:MySQL_Database.py#L79:INFO]: MySQL knobs persisted to mysqld-auto.cnf. Restarting to apply...
[2026-04-05 13:29:42,677:MySQL_Database.py#L189:INFO]: Restarting MySQL service...
[2026-04-05 13:29:47,307:MySQL_Database.py#L199:INFO]: Waiting for MySQL to become available...
[2026-04-05 13:29:47,338:MySQL_Database.py#L217:INFO]: MySQL is back up! (Took 0.03s)
[2026-04-05 13:29:47,338:MySQL_Database.py#L32:INFO]: Closed old MySQL connection.
[2026-04-05 13:29:47,444:MySQL_Database.py#L267:INFO]: Executing transpiled workload olap_workloads/ssb_flat_tiny_269.wg (8 queries)...
[2026-04-05 13:30:23,811:MySQL_Database.py#L294:INFO]: Workload olap_workloads/ssb_flat_tiny_269.wg executed successfully.
[2026-04-05 13:30:23,811:run_diverse_configs.py#L206:INFO]: Performance for config 9: 4.545888681252109
[2026-04-05 13:30:23,812:run_diverse_configs.py#L137:INFO]: Running config 10/10 for ssb_flat_tiny_269
[2026-04-05 13:30:23,812:MySQL_Database.py#L242:INFO]: Transpiling workload from PostgreSQL to MySQL syntax...
[2026-04-05 13:30:23,896:MySQL_Database.py#L79:INFO]: MySQL knobs persisted to mysqld-auto.cnf. Restarting to apply...
[2026-04-05 13:30:23,897:MySQL_Database.py#L189:INFO]: Restarting MySQL service...
[2026-04-05 13:30:28,626:MySQL_Database.py#L199:INFO]: Waiting for MySQL to become available...
[2026-04-05 13:30:28,656:MySQL_Database.py#L217:INFO]: MySQL is back up! (Took 0.03s)
[2026-04-05 13:30:28,656:MySQL_Database.py#L32:INFO]: Closed old MySQL connection.
[2026-04-05 13:30:28,713:MySQL_Database.py#L267:INFO]: Executing transpiled workload olap_workloads/ssb_flat_tiny_269.wg (8 queries)...
[2026-04-05 13:31:07,649:MySQL_Database.py#L294:INFO]: Workload olap_workloads/ssb_flat_tiny_269.wg executed successfully.
[2026-04-05 13:31:07,649:run_diverse_configs.py#L206:INFO]: Performance for config 10: 4.867034332124604
[2026-04-05 13:31:07,649:run_diverse_configs.py#L129:INFO]: Running 10 configs for ssb_flat_tiny_72
[2026-04-05 13:31:07,650:run_diverse_configs.py#L137:INFO]: Running config 1/10 for ssb_flat_tiny_72
[2026-04-05 13:31:07,650:MySQL_Database.py#L242:INFO]: Transpiling workload from PostgreSQL to MySQL syntax...
[2026-04-05 13:31:07,732:MySQL_Database.py#L79:INFO]: MySQL knobs persisted to mysqld-auto.cnf. Restarting to apply...
[2026-04-05 13:31:07,732:MySQL_Database.py#L189:INFO]: Restarting MySQL service...
[2026-04-05 13:31:12,514:MySQL_Database.py#L199:INFO]: Waiting for MySQL to become available...
[2026-04-05 13:31:12,556:MySQL_Database.py#L217:INFO]: MySQL is back up! (Took 0.04s)
[2026-04-05 13:31:12,556:MySQL_Database.py#L32:INFO]: Closed old MySQL connection.
[2026-04-05 13:31:12,612:MySQL_Database.py#L267:INFO]: Executing transpiled workload olap_workloads/ssb_flat_tiny_72.wg (10 queries)...
[2026-04-05 13:31:57,332:MySQL_Database.py#L294:INFO]: Workload olap_workloads/ssb_flat_tiny_72.wg executed successfully.
[2026-04-05 13:31:57,333:run_diverse_configs.py#L206:INFO]: Performance for config 1: 4.471976176599855
[2026-04-05 13:31:57,333:run_diverse_configs.py#L137:INFO]: Running config 2/10 for ssb_flat_tiny_72
[2026-04-05 13:31:57,333:MySQL_Database.py#L242:INFO]: Transpiling workload from PostgreSQL to MySQL syntax...
[2026-04-05 13:31:57,416:MySQL_Database.py#L79:INFO]: MySQL knobs persisted to mysqld-auto.cnf. Restarting to apply...
[2026-04-05 13:31:57,417:MySQL_Database.py#L189:INFO]: Restarting MySQL service...
[2026-04-05 13:32:02,500:MySQL_Database.py#L199:INFO]: Waiting for MySQL to become available...
[2026-04-05 13:32:02,548:MySQL_Database.py#L217:INFO]: MySQL is back up! (Took 0.05s)
[2026-04-05 13:32:02,549:MySQL_Database.py#L32:INFO]: Closed old MySQL connection.
[2026-04-05 13:32:02,604:MySQL_Database.py#L267:INFO]: Executing transpiled workload olap_workloads/ssb_flat_tiny_72.wg (10 queries)...
[2026-04-05 13:32:47,095:MySQL_Database.py#L294:INFO]: Workload olap_workloads/ssb_flat_tiny_72.wg executed successfully.
[2026-04-05 13:32:47,095:run_diverse_configs.py#L206:INFO]: Performance for config 2: 4.449061086398433
[2026-04-05 13:32:47,096:run_diverse_configs.py#L137:INFO]: Running config 3/10 for ssb_flat_tiny_72
[2026-04-05 13:32:47,096:MySQL_Database.py#L242:INFO]: Transpiling workload from PostgreSQL to MySQL syntax...
[2026-04-05 13:32:47,186:MySQL_Database.py#L79:INFO]: MySQL knobs persisted to mysqld-auto.cnf. Restarting to apply...
[2026-04-05 13:32:47,186:MySQL_Database.py#L189:INFO]: Restarting MySQL service...
[2026-04-05 13:32:51,618:MySQL_Database.py#L199:INFO]: Waiting for MySQL to become available...
[2026-04-05 13:32:51,650:MySQL_Database.py#L217:INFO]: MySQL is back up! (Took 0.03s)
[2026-04-05 13:32:51,650:MySQL_Database.py#L32:INFO]: Closed old MySQL connection.
[2026-04-05 13:32:51,707:MySQL_Database.py#L267:INFO]: Executing transpiled workload olap_workloads/ssb_flat_tiny_72.wg (10 queries)...
[2026-04-05 13:33:37,667:MySQL_Database.py#L294:INFO]: Workload olap_workloads/ssb_flat_tiny_72.wg executed successfully.
[2026-04-05 13:33:37,667:run_diverse_configs.py#L206:INFO]: Performance for config 3: 4.596063750502071
[2026-04-05 13:33:37,668:run_diverse_configs.py#L137:INFO]: Running config 4/10 for ssb_flat_tiny_72
[2026-04-05 13:33:37,668:MySQL_Database.py#L242:INFO]: Transpiling workload from PostgreSQL to MySQL syntax...
[2026-04-05 13:33:37,753:MySQL_Database.py#L79:INFO]: MySQL knobs persisted to mysqld-auto.cnf. Restarting to apply...
[2026-04-05 13:33:37,753:MySQL_Database.py#L189:INFO]: Restarting MySQL service...
[2026-04-05 13:33:43,038:MySQL_Database.py#L199:INFO]: Waiting for MySQL to become available...
[2026-04-05 13:33:43,077:MySQL_Database.py#L217:INFO]: MySQL is back up! (Took 0.04s)
[2026-04-05 13:33:43,077:MySQL_Database.py#L32:INFO]: Closed old MySQL connection.
[2026-04-05 13:33:43,133:MySQL_Database.py#L267:INFO]: Executing transpiled workload olap_workloads/ssb_flat_tiny_72.wg (10 queries)...
[2026-04-05 13:34:27,303:MySQL_Database.py#L294:INFO]: Workload olap_workloads/ssb_flat_tiny_72.wg executed successfully.
[2026-04-05 13:34:27,303:run_diverse_configs.py#L206:INFO]: Performance for config 4: 4.416930785099976
[2026-04-05 13:34:27,303:run_diverse_configs.py#L137:INFO]: Running config 5/10 for ssb_flat_tiny_72
[2026-04-05 13:34:27,303:MySQL_Database.py#L242:INFO]: Transpiling workload from PostgreSQL to MySQL syntax...
[2026-04-05 13:34:27,398:MySQL_Database.py#L79:INFO]: MySQL knobs persisted to mysqld-auto.cnf. Restarting to apply...
[2026-04-05 13:34:27,398:MySQL_Database.py#L189:INFO]: Restarting MySQL service...
[2026-04-05 13:34:32,130:MySQL_Database.py#L199:INFO]: Waiting for MySQL to become available...
[2026-04-05 13:34:32,164:MySQL_Database.py#L217:INFO]: MySQL is back up! (Took 0.03s)
[2026-04-05 13:34:32,164:MySQL_Database.py#L32:INFO]: Closed old MySQL connection.
[2026-04-05 13:34:32,220:MySQL_Database.py#L267:INFO]: Executing transpiled workload olap_workloads/ssb_flat_tiny_72.wg (10 queries)...
[2026-04-05 13:35:15,738:MySQL_Database.py#L294:INFO]: Workload olap_workloads/ssb_flat_tiny_72.wg executed successfully.
[2026-04-05 13:35:15,739:run_diverse_configs.py#L206:INFO]: Performance for config 5: 4.351850883301813
[2026-04-05 13:35:15,739:run_diverse_configs.py#L137:INFO]: Running config 6/10 for ssb_flat_tiny_72
[2026-04-05 13:35:15,739:MySQL_Database.py#L242:INFO]: Transpiling workload from PostgreSQL to MySQL syntax...
[2026-04-05 13:35:15,832:MySQL_Database.py#L79:INFO]: MySQL knobs persisted to mysqld-auto.cnf. Restarting to apply...
[2026-04-05 13:35:15,832:MySQL_Database.py#L189:INFO]: Restarting MySQL service...
[2026-04-05 13:35:20,416:MySQL_Database.py#L199:INFO]: Waiting for MySQL to become available...
[2026-04-05 13:35:20,448:MySQL_Database.py#L217:INFO]: MySQL is back up! (Took 0.03s)
[2026-04-05 13:35:20,449:MySQL_Database.py#L32:INFO]: Closed old MySQL connection.
[2026-04-05 13:35:20,510:MySQL_Database.py#L267:INFO]: Executing transpiled workload olap_workloads/ssb_flat_tiny_72.wg (10 queries)...
[2026-04-05 13:36:04,745:MySQL_Database.py#L294:INFO]: Workload olap_workloads/ssb_flat_tiny_72.wg executed successfully.
[2026-04-05 13:36:04,745:run_diverse_configs.py#L206:INFO]: Performance for config 6: 4.423455623700283
[2026-04-05 13:36:04,749:run_diverse_configs.py#L137:INFO]: Running config 7/10 for ssb_flat_tiny_72
[2026-04-05 13:36:04,749:MySQL_Database.py#L242:INFO]: Transpiling workload from PostgreSQL to MySQL syntax...
[2026-04-05 13:36:04,827:MySQL_Database.py#L79:INFO]: MySQL knobs persisted to mysqld-auto.cnf. Restarting to apply...
[2026-04-05 13:36:04,827:MySQL_Database.py#L189:INFO]: Restarting MySQL service...
[2026-04-05 13:36:09,858:MySQL_Database.py#L199:INFO]: Waiting for MySQL to become available...
[2026-04-05 13:36:09,892:MySQL_Database.py#L217:INFO]: MySQL is back up! (Took 0.03s)
[2026-04-05 13:36:09,893:MySQL_Database.py#L32:INFO]: Closed old MySQL connection.
[2026-04-05 13:36:09,949:MySQL_Database.py#L267:INFO]: Executing transpiled workload olap_workloads/ssb_flat_tiny_72.wg (10 queries)...
[2026-04-05 13:36:55,143:MySQL_Database.py#L294:INFO]: Workload olap_workloads/ssb_flat_tiny_72.wg executed successfully.
[2026-04-05 13:36:55,143:run_diverse_configs.py#L206:INFO]: Performance for config 7: 4.519457072901423
[2026-04-05 13:36:55,144:run_diverse_configs.py#L137:INFO]: Running config 8/10 for ssb_flat_tiny_72
[2026-04-05 13:36:55,144:MySQL_Database.py#L242:INFO]: Transpiling workload from PostgreSQL to MySQL syntax...
[2026-04-05 13:36:55,234:MySQL_Database.py#L79:INFO]: MySQL knobs persisted to mysqld-auto.cnf. Restarting to apply...
[2026-04-05 13:36:55,234:MySQL_Database.py#L189:INFO]: Restarting MySQL service...
[2026-04-05 13:37:00,519:MySQL_Database.py#L199:INFO]: Waiting for MySQL to become available...
[2026-04-05 13:37:00,591:MySQL_Database.py#L217:INFO]: MySQL is back up! (Took 0.07s)
[2026-04-05 13:37:00,591:MySQL_Database.py#L32:INFO]: Closed old MySQL connection.
[2026-04-05 13:37:00,703:MySQL_Database.py#L267:INFO]: Executing transpiled workload olap_workloads/ssb_flat_tiny_72.wg (10 queries)...
[2026-04-05 13:37:46,630:MySQL_Database.py#L294:INFO]: Workload olap_workloads/ssb_flat_tiny_72.wg executed successfully.
[2026-04-05 13:37:46,630:run_diverse_configs.py#L206:INFO]: Performance for config 8: 4.592664624599275
[2026-04-05 13:37:46,631:run_diverse_configs.py#L137:INFO]: Running config 9/10 for ssb_flat_tiny_72
[2026-04-05 13:37:46,631:MySQL_Database.py#L242:INFO]: Transpiling workload from PostgreSQL to MySQL syntax...
[2026-04-05 13:37:46,713:MySQL_Database.py#L79:INFO]: MySQL knobs persisted to mysqld-auto.cnf. Restarting to apply...
[2026-04-05 13:37:46,713:MySQL_Database.py#L189:INFO]: Restarting MySQL service...
[2026-04-05 13:37:51,796:MySQL_Database.py#L199:INFO]: Waiting for MySQL to become available...
[2026-04-05 13:37:51,827:MySQL_Database.py#L217:INFO]: MySQL is back up! (Took 0.03s)
[2026-04-05 13:37:51,828:MySQL_Database.py#L32:INFO]: Closed old MySQL connection.
[2026-04-05 13:37:51,883:MySQL_Database.py#L267:INFO]: Executing transpiled workload olap_workloads/ssb_flat_tiny_72.wg (10 queries)...
[2026-04-05 13:38:37,394:MySQL_Database.py#L294:INFO]: Workload olap_workloads/ssb_flat_tiny_72.wg executed successfully.
[2026-04-05 13:38:37,394:run_diverse_configs.py#L206:INFO]: Performance for config 9: 4.55107122840127
[2026-04-05 13:38:37,394:run_diverse_configs.py#L137:INFO]: Running config 10/10 for ssb_flat_tiny_72
[2026-04-05 13:38:37,395:MySQL_Database.py#L242:INFO]: Transpiling workload from PostgreSQL to MySQL syntax...
[2026-04-05 13:38:37,484:MySQL_Database.py#L79:INFO]: MySQL knobs persisted to mysqld-auto.cnf. Restarting to apply...
[2026-04-05 13:38:37,484:MySQL_Database.py#L189:INFO]: Restarting MySQL service...
[2026-04-05 13:38:41,512:MySQL_Database.py#L199:INFO]: Waiting for MySQL to become available...
[2026-04-05 13:38:41,564:MySQL_Database.py#L217:INFO]: MySQL is back up! (Took 0.05s)
[2026-04-05 13:38:41,564:MySQL_Database.py#L32:INFO]: Closed old MySQL connection.
[2026-04-05 13:38:41,620:MySQL_Database.py#L267:INFO]: Executing transpiled workload olap_workloads/ssb_flat_tiny_72.wg (10 queries)...
[2026-04-05 13:39:35,155:MySQL_Database.py#L294:INFO]: Workload olap_workloads/ssb_flat_tiny_72.wg executed successfully.
[2026-04-05 13:39:35,155:run_diverse_configs.py#L206:INFO]: Performance for config 10: 5.3534702075005045
[2026-04-05 13:39:35,155:run_diverse_configs.py#L129:INFO]: Running 10 configs for ssb_flat_tiny_155
[2026-04-05 13:39:35,155:run_diverse_configs.py#L137:INFO]: Running config 1/10 for ssb_flat_tiny_155
[2026-04-05 13:39:35,156:MySQL_Database.py#L242:INFO]: Transpiling workload from PostgreSQL to MySQL syntax...
[2026-04-05 13:39:35,251:MySQL_Database.py#L79:INFO]: MySQL knobs persisted to mysqld-auto.cnf. Restarting to apply...
[2026-04-05 13:39:35,252:MySQL_Database.py#L189:INFO]: Restarting MySQL service...
[2026-04-05 13:39:39,033:MySQL_Database.py#L199:INFO]: Waiting for MySQL to become available...
[2026-04-05 13:39:39,095:MySQL_Database.py#L217:INFO]: MySQL is back up! (Took 0.06s)
[2026-04-05 13:39:39,095:MySQL_Database.py#L32:INFO]: Closed old MySQL connection.
[2026-04-05 13:39:39,151:MySQL_Database.py#L267:INFO]: Executing transpiled workload olap_workloads/ssb_flat_tiny_155.wg (10 queries)...
[2026-04-05 13:40:22,455:MySQL_Database.py#L294:INFO]: Workload olap_workloads/ssb_flat_tiny_155.wg executed successfully.
[2026-04-05 13:40:22,455:run_diverse_configs.py#L206:INFO]: Performance for config 1: 4.330399707201286
[2026-04-05 13:40:22,456:run_diverse_configs.py#L137:INFO]: Running config 2/10 for ssb_flat_tiny_155
[2026-04-05 13:40:22,456:MySQL_Database.py#L242:INFO]: Transpiling workload from PostgreSQL to MySQL syntax...
[2026-04-05 13:40:22,545:MySQL_Database.py#L79:INFO]: MySQL knobs persisted to mysqld-auto.cnf. Restarting to apply...
[2026-04-05 13:40:22,545:MySQL_Database.py#L189:INFO]: Restarting MySQL service...
[2026-04-05 13:40:26,825:MySQL_Database.py#L199:INFO]: Waiting for MySQL to become available...
[2026-04-05 13:40:26,867:MySQL_Database.py#L217:INFO]: MySQL is back up! (Took 0.04s)
[2026-04-05 13:40:26,868:MySQL_Database.py#L32:INFO]: Closed old MySQL connection.
[2026-04-05 13:40:26,925:MySQL_Database.py#L267:INFO]: Executing transpiled workload olap_workloads/ssb_flat_tiny_155.wg (10 queries)...
[2026-04-05 13:41:09,652:MySQL_Database.py#L294:INFO]: Workload olap_workloads/ssb_flat_tiny_155.wg executed successfully.
[2026-04-05 13:41:09,652:run_diverse_configs.py#L206:INFO]: Performance for config 2: 4.272699235199252
[2026-04-05 13:41:09,652:run_diverse_configs.py#L137:INFO]: Running config 3/10 for ssb_flat_tiny_155
[2026-04-05 13:41:09,653:MySQL_Database.py#L242:INFO]: Transpiling workload from PostgreSQL to MySQL syntax...
[2026-04-05 13:41:09,745:MySQL_Database.py#L79:INFO]: MySQL knobs persisted to mysqld-auto.cnf. Restarting to apply...
[2026-04-05 13:41:09,745:MySQL_Database.py#L189:INFO]: Restarting MySQL service...
[2026-04-05 13:41:15,130:MySQL_Database.py#L199:INFO]: Waiting for MySQL to become available...
[2026-04-05 13:41:15,161:MySQL_Database.py#L217:INFO]: MySQL is back up! (Took 0.03s)
[2026-04-05 13:41:15,161:MySQL_Database.py#L32:INFO]: Closed old MySQL connection.
[2026-04-05 13:41:15,248:MySQL_Database.py#L267:INFO]: Executing transpiled workload olap_workloads/ssb_flat_tiny_155.wg (10 queries)...
[2026-04-05 13:41:58,108:MySQL_Database.py#L294:INFO]: Workload olap_workloads/ssb_flat_tiny_155.wg executed successfully.
[2026-04-05 13:41:58,108:run_diverse_configs.py#L206:INFO]: Performance for config 3: 4.285989547599456
[2026-04-05 13:41:58,108:run_diverse_configs.py#L137:INFO]: Running config 4/10 for ssb_flat_tiny_155
[2026-04-05 13:41:58,109:MySQL_Database.py#L242:INFO]: Transpiling workload from PostgreSQL to MySQL syntax...
[2026-04-05 13:41:58,191:MySQL_Database.py#L79:INFO]: MySQL knobs persisted to mysqld-auto.cnf. Restarting to apply...
[2026-04-05 13:41:58,192:MySQL_Database.py#L189:INFO]: Restarting MySQL service...
[2026-04-05 13:42:03,123:MySQL_Database.py#L199:INFO]: Waiting for MySQL to become available...
[2026-04-05 13:42:03,157:MySQL_Database.py#L217:INFO]: MySQL is back up! (Took 0.03s)
[2026-04-05 13:42:03,157:MySQL_Database.py#L32:INFO]: Closed old MySQL connection.
[2026-04-05 13:42:03,214:MySQL_Database.py#L267:INFO]: Executing transpiled workload olap_workloads/ssb_flat_tiny_155.wg (10 queries)...
[2026-04-05 13:42:45,708:MySQL_Database.py#L294:INFO]: Workload olap_workloads/ssb_flat_tiny_155.wg executed successfully.
[2026-04-05 13:42:45,708:run_diverse_configs.py#L206:INFO]: Performance for config 4: 4.249414098900161
[2026-04-05 13:42:45,712:run_diverse_configs.py#L137:INFO]: Running config 5/10 for ssb_flat_tiny_155
[2026-04-05 13:42:45,713:MySQL_Database.py#L242:INFO]: Transpiling workload from PostgreSQL to MySQL syntax...
[2026-04-05 13:42:45,794:MySQL_Database.py#L79:INFO]: MySQL knobs persisted to mysqld-auto.cnf. Restarting to apply...
[2026-04-05 13:42:45,794:MySQL_Database.py#L189:INFO]: Restarting MySQL service...
[2026-04-05 13:42:49,773:MySQL_Database.py#L199:INFO]: Waiting for MySQL to become available...
[2026-04-05 13:42:49,804:MySQL_Database.py#L217:INFO]: MySQL is back up! (Took 0.03s)
[2026-04-05 13:42:49,804:MySQL_Database.py#L32:INFO]: Closed old MySQL connection.
[2026-04-05 13:42:49,861:MySQL_Database.py#L267:INFO]: Executing transpiled workload olap_workloads/ssb_flat_tiny_155.wg (10 queries)...
[2026-04-05 13:43:40,453:MySQL_Database.py#L294:INFO]: Workload olap_workloads/ssb_flat_tiny_155.wg executed successfully.
[2026-04-05 13:43:40,453:run_diverse_configs.py#L206:INFO]: Performance for config 5: 5.059209681599168
[2026-04-05 13:43:40,454:run_diverse_configs.py#L137:INFO]: Running config 6/10 for ssb_flat_tiny_155
[2026-04-05 13:43:40,454:MySQL_Database.py#L242:INFO]: Transpiling workload from PostgreSQL to MySQL syntax...
[2026-04-05 13:43:40,542:MySQL_Database.py#L79:INFO]: MySQL knobs persisted to mysqld-auto.cnf. Restarting to apply...
[2026-04-05 13:43:40,543:MySQL_Database.py#L189:INFO]: Restarting MySQL service...
[2026-04-05 13:43:44,321:MySQL_Database.py#L199:INFO]: Waiting for MySQL to become available...
[2026-04-05 13:43:44,351:MySQL_Database.py#L217:INFO]: MySQL is back up! (Took 0.03s)
[2026-04-05 13:43:44,352:MySQL_Database.py#L32:INFO]: Closed old MySQL connection.
[2026-04-05 13:43:44,408:MySQL_Database.py#L267:INFO]: Executing transpiled workload olap_workloads/ssb_flat_tiny_155.wg (10 queries)...
[2026-04-05 13:44:27,409:MySQL_Database.py#L294:INFO]: Workload olap_workloads/ssb_flat_tiny_155.wg executed successfully.
[2026-04-05 13:44:27,409:run_diverse_configs.py#L206:INFO]: Performance for config 6: 4.30009623740043
[2026-04-05 13:44:27,409:run_diverse_configs.py#L137:INFO]: Running config 7/10 for ssb_flat_tiny_155
[2026-04-05 13:44:27,410:MySQL_Database.py#L242:INFO]: Transpiling workload from PostgreSQL to MySQL syntax...
[2026-04-05 13:44:27,495:MySQL_Database.py#L79:INFO]: MySQL knobs persisted to mysqld-auto.cnf. Restarting to apply...
[2026-04-05 13:44:27,495:MySQL_Database.py#L189:INFO]: Restarting MySQL service...
[2026-04-05 13:44:32,730:MySQL_Database.py#L199:INFO]: Waiting for MySQL to become available...
[2026-04-05 13:44:32,762:MySQL_Database.py#L217:INFO]: MySQL is back up! (Took 0.03s)
[2026-04-05 13:44:32,762:MySQL_Database.py#L32:INFO]: Closed old MySQL connection.
[2026-04-05 13:44:32,818:MySQL_Database.py#L267:INFO]: Executing transpiled workload olap_workloads/ssb_flat_tiny_155.wg (10 queries)...
[2026-04-05 13:45:19,053:MySQL_Database.py#L294:INFO]: Workload olap_workloads/ssb_flat_tiny_155.wg executed successfully.
[2026-04-05 13:45:19,053:run_diverse_configs.py#L206:INFO]: Performance for config 7: 4.6234602713986535
[2026-04-05 13:45:19,053:run_diverse_configs.py#L137:INFO]: Running config 8/10 for ssb_flat_tiny_155
[2026-04-05 13:45:19,054:MySQL_Database.py#L242:INFO]: Transpiling workload from PostgreSQL to MySQL syntax...
[2026-04-05 13:45:19,272:MySQL_Database.py#L79:INFO]: MySQL knobs persisted to mysqld-auto.cnf. Restarting to apply...
[2026-04-05 13:45:19,272:MySQL_Database.py#L189:INFO]: Restarting MySQL service...
[2026-04-05 13:45:24,706:MySQL_Database.py#L199:INFO]: Waiting for MySQL to become available...
[2026-04-05 13:45:24,737:MySQL_Database.py#L217:INFO]: MySQL is back up! (Took 0.03s)
[2026-04-05 13:45:24,738:MySQL_Database.py#L32:INFO]: Closed old MySQL connection.
[2026-04-05 13:45:24,793:MySQL_Database.py#L267:INFO]: Executing transpiled workload olap_workloads/ssb_flat_tiny_155.wg (10 queries)...
[2026-04-05 13:46:09,280:MySQL_Database.py#L294:INFO]: Workload olap_workloads/ssb_flat_tiny_155.wg executed successfully.
[2026-04-05 13:46:09,280:run_diverse_configs.py#L206:INFO]: Performance for config 8: 4.448667644400848
[2026-04-05 13:46:09,281:run_diverse_configs.py#L137:INFO]: Running config 9/10 for ssb_flat_tiny_155
[2026-04-05 13:46:09,281:MySQL_Database.py#L242:INFO]: Transpiling workload from PostgreSQL to MySQL syntax...
[2026-04-05 13:46:09,560:MySQL_Database.py#L79:INFO]: MySQL knobs persisted to mysqld-auto.cnf. Restarting to apply...
[2026-04-05 13:46:09,560:MySQL_Database.py#L189:INFO]: Restarting MySQL service...
[2026-04-05 13:46:15,147:MySQL_Database.py#L199:INFO]: Waiting for MySQL to become available...
[2026-04-05 13:46:15,204:MySQL_Database.py#L217:INFO]: MySQL is back up! (Took 0.06s)
[2026-04-05 13:46:15,205:MySQL_Database.py#L32:INFO]: Closed old MySQL connection.
[2026-04-05 13:46:15,263:MySQL_Database.py#L267:INFO]: Executing transpiled workload olap_workloads/ssb_flat_tiny_155.wg (10 queries)...
[2026-04-05 13:47:00,653:MySQL_Database.py#L294:INFO]: Workload olap_workloads/ssb_flat_tiny_155.wg executed successfully.
[2026-04-05 13:47:00,653:run_diverse_configs.py#L206:INFO]: Performance for config 9: 4.538994403800461
[2026-04-05 13:47:00,653:run_diverse_configs.py#L137:INFO]: Running config 10/10 for ssb_flat_tiny_155
[2026-04-05 13:47:00,654:MySQL_Database.py#L242:INFO]: Transpiling workload from PostgreSQL to MySQL syntax...
[2026-04-05 13:47:00,937:MySQL_Database.py#L79:INFO]: MySQL knobs persisted to mysqld-auto.cnf. Restarting to apply...
[2026-04-05 13:47:00,938:MySQL_Database.py#L189:INFO]: Restarting MySQL service...
[2026-04-05 13:47:06,523:MySQL_Database.py#L199:INFO]: Waiting for MySQL to become available...
[2026-04-05 13:47:06,556:MySQL_Database.py#L217:INFO]: MySQL is back up! (Took 0.03s)
[2026-04-05 13:47:06,556:MySQL_Database.py#L32:INFO]: Closed old MySQL connection.
[2026-04-05 13:47:06,612:MySQL_Database.py#L267:INFO]: Executing transpiled workload olap_workloads/ssb_flat_tiny_155.wg (10 queries)...
[2026-04-05 13:48:21,981:MySQL_Database.py#L294:INFO]: Workload olap_workloads/ssb_flat_tiny_155.wg executed successfully.
[2026-04-05 13:48:21,981:run_diverse_configs.py#L206:INFO]: Performance for config 10: 7.536935067200102
[2026-04-05 13:48:21,982:run_diverse_configs.py#L129:INFO]: Running 10 configs for ssb_flat_tiny_161
[2026-04-05 13:48:21,982:run_diverse_configs.py#L137:INFO]: Running config 1/10 for ssb_flat_tiny_161
[2026-04-05 13:48:21,982:MySQL_Database.py#L242:INFO]: Transpiling workload from PostgreSQL to MySQL syntax...
[2026-04-05 13:48:22,294:MySQL_Database.py#L79:INFO]: MySQL knobs persisted to mysqld-auto.cnf. Restarting to apply...
[2026-04-05 13:48:22,294:MySQL_Database.py#L189:INFO]: Restarting MySQL service...
[2026-04-05 13:48:27,580:MySQL_Database.py#L199:INFO]: Waiting for MySQL to become available...
[2026-04-05 13:48:27,612:MySQL_Database.py#L217:INFO]: MySQL is back up! (Took 0.03s)
[2026-04-05 13:48:27,613:MySQL_Database.py#L32:INFO]: Closed old MySQL connection.
[2026-04-05 13:48:27,671:MySQL_Database.py#L267:INFO]: Executing transpiled workload olap_workloads/ssb_flat_tiny_161.wg (15 queries)...
[2026-04-05 13:49:42,804:MySQL_Database.py#L294:INFO]: Workload olap_workloads/ssb_flat_tiny_161.wg executed successfully.
[2026-04-05 13:49:42,804:run_diverse_configs.py#L206:INFO]: Performance for config 1: 5.008845248133487
[2026-04-05 13:49:42,804:run_diverse_configs.py#L137:INFO]: Running config 2/10 for ssb_flat_tiny_161
[2026-04-05 13:49:42,804:MySQL_Database.py#L242:INFO]: Transpiling workload from PostgreSQL to MySQL syntax...
[2026-04-05 13:49:43,085:MySQL_Database.py#L79:INFO]: MySQL knobs persisted to mysqld-auto.cnf. Restarting to apply...
[2026-04-05 13:49:43,085:MySQL_Database.py#L189:INFO]: Restarting MySQL service...
[2026-04-05 13:49:48,823:MySQL_Database.py#L199:INFO]: Waiting for MySQL to become available...
[2026-04-05 13:49:48,853:MySQL_Database.py#L217:INFO]: MySQL is back up! (Took 0.03s)
[2026-04-05 13:49:48,853:MySQL_Database.py#L32:INFO]: Closed old MySQL connection.
[2026-04-05 13:49:48,909:MySQL_Database.py#L267:INFO]: Executing transpiled workload olap_workloads/ssb_flat_tiny_161.wg (15 queries)...
[2026-04-05 13:50:49,967:MySQL_Database.py#L294:INFO]: Workload olap_workloads/ssb_flat_tiny_161.wg executed successfully.
[2026-04-05 13:50:49,967:run_diverse_configs.py#L206:INFO]: Performance for config 2: 4.070500936599759
[2026-04-05 13:50:49,967:run_diverse_configs.py#L137:INFO]: Running config 3/10 for ssb_flat_tiny_161
[2026-04-05 13:50:49,967:MySQL_Database.py#L242:INFO]: Transpiling workload from PostgreSQL to MySQL syntax...
[2026-04-05 13:50:50,278:MySQL_Database.py#L79:INFO]: MySQL knobs persisted to mysqld-auto.cnf. Restarting to apply...
[2026-04-05 13:50:50,278:MySQL_Database.py#L189:INFO]: Restarting MySQL service...
[2026-04-05 13:50:56,166:MySQL_Database.py#L199:INFO]: Waiting for MySQL to become available...
[2026-04-05 13:50:56,215:MySQL_Database.py#L217:INFO]: MySQL is back up! (Took 0.05s)
[2026-04-05 13:50:56,215:MySQL_Database.py#L32:INFO]: Closed old MySQL connection.
[2026-04-05 13:50:56,272:MySQL_Database.py#L267:INFO]: Executing transpiled workload olap_workloads/ssb_flat_tiny_161.wg (15 queries)...
[2026-04-05 13:52:10,456:MySQL_Database.py#L294:INFO]: Workload olap_workloads/ssb_flat_tiny_161.wg executed successfully.
[2026-04-05 13:52:10,456:run_diverse_configs.py#L206:INFO]: Performance for config 3: 4.945583258000746
[2026-04-05 13:52:10,456:run_diverse_configs.py#L137:INFO]: Running config 4/10 for ssb_flat_tiny_161
[2026-04-05 13:52:10,456:MySQL_Database.py#L242:INFO]: Transpiling workload from PostgreSQL to MySQL syntax...
[2026-04-05 13:52:10,750:MySQL_Database.py#L79:INFO]: MySQL knobs persisted to mysqld-auto.cnf. Restarting to apply...
[2026-04-05 13:52:10,750:MySQL_Database.py#L189:INFO]: Restarting MySQL service...
[2026-04-05 13:52:16,186:MySQL_Database.py#L199:INFO]: Waiting for MySQL to become available...
[2026-04-05 13:52:16,217:MySQL_Database.py#L217:INFO]: MySQL is back up! (Took 0.03s)
[2026-04-05 13:52:16,217:MySQL_Database.py#L32:INFO]: Closed old MySQL connection.
[2026-04-05 13:52:16,273:MySQL_Database.py#L267:INFO]: Executing transpiled workload olap_workloads/ssb_flat_tiny_161.wg (15 queries)...
[2026-04-05 13:53:29,943:MySQL_Database.py#L294:INFO]: Workload olap_workloads/ssb_flat_tiny_161.wg executed successfully.
[2026-04-05 13:53:29,943:run_diverse_configs.py#L206:INFO]: Performance for config 4: 4.911330803400293
[2026-04-05 13:53:29,943:run_diverse_configs.py#L137:INFO]: Running config 5/10 for ssb_flat_tiny_161
[2026-04-05 13:53:29,944:MySQL_Database.py#L242:INFO]: Transpiling workload from PostgreSQL to MySQL syntax...
[2026-04-05 13:53:30,245:MySQL_Database.py#L79:INFO]: MySQL knobs persisted to mysqld-auto.cnf. Restarting to apply...
[2026-04-05 13:53:30,245:MySQL_Database.py#L189:INFO]: Restarting MySQL service...
[2026-04-05 13:53:35,332:MySQL_Database.py#L199:INFO]: Waiting for MySQL to become available...
[2026-04-05 13:53:35,366:MySQL_Database.py#L217:INFO]: MySQL is back up! (Took 0.03s)
[2026-04-05 13:53:35,366:MySQL_Database.py#L32:INFO]: Closed old MySQL connection.
[2026-04-05 13:53:35,422:MySQL_Database.py#L267:INFO]: Executing transpiled workload olap_workloads/ssb_flat_tiny_161.wg (15 queries)...
[2026-04-05 13:54:42,192:MySQL_Database.py#L294:INFO]: Workload olap_workloads/ssb_flat_tiny_161.wg executed successfully.
[2026-04-05 13:54:42,193:run_diverse_configs.py#L206:INFO]: Performance for config 5: 4.451381508400663
[2026-04-05 13:54:42,209:run_diverse_configs.py#L137:INFO]: Running config 6/10 for ssb_flat_tiny_161
[2026-04-05 13:54:42,210:MySQL_Database.py#L242:INFO]: Transpiling workload from PostgreSQL to MySQL syntax...
[2026-04-05 13:54:42,507:MySQL_Database.py#L79:INFO]: MySQL knobs persisted to mysqld-auto.cnf. Restarting to apply...
[2026-04-05 13:54:42,507:MySQL_Database.py#L189:INFO]: Restarting MySQL service...
[2026-04-05 13:54:47,946:MySQL_Database.py#L199:INFO]: Waiting for MySQL to become available...
[2026-04-05 13:54:48,014:MySQL_Database.py#L217:INFO]: MySQL is back up! (Took 0.07s)
[2026-04-05 13:54:48,015:MySQL_Database.py#L32:INFO]: Closed old MySQL connection.
[2026-04-05 13:54:48,126:MySQL_Database.py#L267:INFO]: Executing transpiled workload olap_workloads/ssb_flat_tiny_161.wg (15 queries)...
[2026-04-05 13:55:51,105:MySQL_Database.py#L294:INFO]: Workload olap_workloads/ssb_flat_tiny_161.wg executed successfully.
[2026-04-05 13:55:51,106:run_diverse_configs.py#L206:INFO]: Performance for config 6: 4.198593234134993
[2026-04-05 13:55:51,106:run_diverse_configs.py#L137:INFO]: Running config 7/10 for ssb_flat_tiny_161
[2026-04-05 13:55:51,106:MySQL_Database.py#L242:INFO]: Transpiling workload from PostgreSQL to MySQL syntax...
[2026-04-05 13:55:51,397:MySQL_Database.py#L79:INFO]: MySQL knobs persisted to mysqld-auto.cnf. Restarting to apply...
[2026-04-05 13:55:51,397:MySQL_Database.py#L189:INFO]: Restarting MySQL service...
[2026-04-05 13:55:58,088:MySQL_Database.py#L199:INFO]: Waiting for MySQL to become available...
[2026-04-05 13:55:58,123:MySQL_Database.py#L217:INFO]: MySQL is back up! (Took 0.03s)
[2026-04-05 13:55:58,123:MySQL_Database.py#L32:INFO]: Closed old MySQL connection.
[2026-04-05 13:55:58,180:MySQL_Database.py#L267:INFO]: Executing transpiled workload olap_workloads/ssb_flat_tiny_161.wg (15 queries)...
[2026-04-05 13:57:00,547:MySQL_Database.py#L294:INFO]: Workload olap_workloads/ssb_flat_tiny_161.wg executed successfully.
[2026-04-05 13:57:00,547:run_diverse_configs.py#L206:INFO]: Performance for config 7: 4.157810689266383
[2026-04-05 13:57:00,547:run_diverse_configs.py#L137:INFO]: Running config 8/10 for ssb_flat_tiny_161
[2026-04-05 13:57:00,548:MySQL_Database.py#L242:INFO]: Transpiling workload from PostgreSQL to MySQL syntax...
[2026-04-05 13:57:00,836:MySQL_Database.py#L79:INFO]: MySQL knobs persisted to mysqld-auto.cnf. Restarting to apply...
[2026-04-05 13:57:00,836:MySQL_Database.py#L189:INFO]: Restarting MySQL service...
[2026-04-05 13:57:07,575:MySQL_Database.py#L199:INFO]: Waiting for MySQL to become available...
[2026-04-05 13:57:07,607:MySQL_Database.py#L217:INFO]: MySQL is back up! (Took 0.03s)
[2026-04-05 13:57:07,607:MySQL_Database.py#L32:INFO]: Closed old MySQL connection.
[2026-04-05 13:57:07,662:MySQL_Database.py#L267:INFO]: Executing transpiled workload olap_workloads/ssb_flat_tiny_161.wg (15 queries)...
[2026-04-05 13:58:07,786:MySQL_Database.py#L294:INFO]: Workload olap_workloads/ssb_flat_tiny_161.wg executed successfully.
[2026-04-05 13:58:07,787:run_diverse_configs.py#L206:INFO]: Performance for config 8: 4.008251243532868
[2026-04-05 13:58:07,787:run_diverse_configs.py#L137:INFO]: Running config 9/10 for ssb_flat_tiny_161
[2026-04-05 13:58:07,787:MySQL_Database.py#L242:INFO]: Transpiling workload from PostgreSQL to MySQL syntax...
[2026-04-05 13:58:08,091:MySQL_Database.py#L79:INFO]: MySQL knobs persisted to mysqld-auto.cnf. Restarting to apply...
[2026-04-05 13:58:08,092:MySQL_Database.py#L189:INFO]: Restarting MySQL service...
[2026-04-05 13:58:15,033:MySQL_Database.py#L199:INFO]: Waiting for MySQL to become available...
[2026-04-05 13:58:15,097:MySQL_Database.py#L217:INFO]: MySQL is back up! (Took 0.06s)
[2026-04-05 13:58:15,097:MySQL_Database.py#L32:INFO]: Closed old MySQL connection.
[2026-04-05 13:58:15,160:MySQL_Database.py#L267:INFO]: Executing transpiled workload olap_workloads/ssb_flat_tiny_161.wg (15 queries)...
[2026-04-05 13:59:17,637:MySQL_Database.py#L294:INFO]: Workload olap_workloads/ssb_flat_tiny_161.wg executed successfully.
[2026-04-05 13:59:17,637:run_diverse_configs.py#L206:INFO]: Performance for config 9: 4.165144490799866
[2026-04-05 13:59:17,637:run_diverse_configs.py#L137:INFO]: Running config 10/10 for ssb_flat_tiny_161
[2026-04-05 13:59:17,638:MySQL_Database.py#L242:INFO]: Transpiling workload from PostgreSQL to MySQL syntax...
[2026-04-05 13:59:17,964:MySQL_Database.py#L79:INFO]: MySQL knobs persisted to mysqld-auto.cnf. Restarting to apply...
[2026-04-05 13:59:17,965:MySQL_Database.py#L189:INFO]: Restarting MySQL service...
[2026-04-05 13:59:24,301:MySQL_Database.py#L199:INFO]: Waiting for MySQL to become available...
[2026-04-05 13:59:24,331:MySQL_Database.py#L217:INFO]: MySQL is back up! (Took 0.03s)
[2026-04-05 13:59:24,332:MySQL_Database.py#L32:INFO]: Closed old MySQL connection.
[2026-04-05 13:59:24,387:MySQL_Database.py#L267:INFO]: Executing transpiled workload olap_workloads/ssb_flat_tiny_161.wg (15 queries)...
[2026-04-05 14:00:27,069:MySQL_Database.py#L294:INFO]: Workload olap_workloads/ssb_flat_tiny_161.wg executed successfully.
[2026-04-05 14:00:27,070:run_diverse_configs.py#L206:INFO]: Performance for config 10: 4.17879429286501
[2026-04-05 14:00:27,070:run_diverse_configs.py#L129:INFO]: Running 10 configs for ssb_flat_tiny_229
[2026-04-05 14:00:27,070:run_diverse_configs.py#L137:INFO]: Running config 1/10 for ssb_flat_tiny_229
[2026-04-05 14:00:27,071:MySQL_Database.py#L242:INFO]: Transpiling workload from PostgreSQL to MySQL syntax...
[2026-04-05 14:00:27,357:MySQL_Database.py#L79:INFO]: MySQL knobs persisted to mysqld-auto.cnf. Restarting to apply...
[2026-04-05 14:00:27,357:MySQL_Database.py#L189:INFO]: Restarting MySQL service...
[2026-04-05 14:00:32,893:MySQL_Database.py#L199:INFO]: Waiting for MySQL to become available...
[2026-04-05 14:00:32,923:MySQL_Database.py#L217:INFO]: MySQL is back up! (Took 0.03s)
[2026-04-05 14:00:32,923:MySQL_Database.py#L32:INFO]: Closed old MySQL connection.
[2026-04-05 14:00:32,980:MySQL_Database.py#L267:INFO]: Executing transpiled workload olap_workloads/ssb_flat_tiny_229.wg (17 queries)...
[2026-04-05 14:02:11,657:MySQL_Database.py#L294:INFO]: Workload olap_workloads/ssb_flat_tiny_229.wg executed successfully.
[2026-04-05 14:02:11,657:run_diverse_configs.py#L206:INFO]: Performance for config 1: 5.804526849528295
[2026-04-05 14:02:11,657:run_diverse_configs.py#L137:INFO]: Running config 2/10 for ssb_flat_tiny_229
[2026-04-05 14:02:11,658:MySQL_Database.py#L242:INFO]: Transpiling workload from PostgreSQL to MySQL syntax...
[2026-04-05 14:02:11,953:MySQL_Database.py#L79:INFO]: MySQL knobs persisted to mysqld-auto.cnf. Restarting to apply...
[2026-04-05 14:02:11,953:MySQL_Database.py#L189:INFO]: Restarting MySQL service...
[2026-04-05 14:02:17,138:MySQL_Database.py#L199:INFO]: Waiting for MySQL to become available...
[2026-04-05 14:02:17,170:MySQL_Database.py#L217:INFO]: MySQL is back up! (Took 0.03s)
[2026-04-05 14:02:17,170:MySQL_Database.py#L32:INFO]: Closed old MySQL connection.
[2026-04-05 14:02:17,225:MySQL_Database.py#L267:INFO]: Executing transpiled workload olap_workloads/ssb_flat_tiny_229.wg (17 queries)...
[2026-04-05 14:03:47,457:MySQL_Database.py#L294:INFO]: Workload olap_workloads/ssb_flat_tiny_229.wg executed successfully.
[2026-04-05 14:03:47,457:run_diverse_configs.py#L206:INFO]: Performance for config 2: 5.3077443072945565
[2026-04-05 14:03:47,457:run_diverse_configs.py#L137:INFO]: Running config 3/10 for ssb_flat_tiny_229
[2026-04-05 14:03:47,458:MySQL_Database.py#L242:INFO]: Transpiling workload from PostgreSQL to MySQL syntax...
[2026-04-05 14:03:47,730:MySQL_Database.py#L79:INFO]: MySQL knobs persisted to mysqld-auto.cnf. Restarting to apply...
[2026-04-05 14:03:47,730:MySQL_Database.py#L189:INFO]: Restarting MySQL service...
[2026-04-05 14:03:53,416:MySQL_Database.py#L199:INFO]: Waiting for MySQL to become available...
[2026-04-05 14:03:53,457:MySQL_Database.py#L217:INFO]: MySQL is back up! (Took 0.04s)
[2026-04-05 14:03:53,457:MySQL_Database.py#L32:INFO]: Closed old MySQL connection.
[2026-04-05 14:03:53,512:MySQL_Database.py#L267:INFO]: Executing transpiled workload olap_workloads/ssb_flat_tiny_229.wg (17 queries)...
[2026-04-05 14:05:30,363:MySQL_Database.py#L294:INFO]: Workload olap_workloads/ssb_flat_tiny_229.wg executed successfully.
[2026-04-05 14:05:30,363:run_diverse_configs.py#L206:INFO]: Performance for config 3: 5.69711168735247
[2026-04-05 14:05:30,363:run_diverse_configs.py#L137:INFO]: Running config 4/10 for ssb_flat_tiny_229
[2026-04-05 14:05:30,364:MySQL_Database.py#L242:INFO]: Transpiling workload from PostgreSQL to MySQL syntax...
[2026-04-05 14:05:30,641:MySQL_Database.py#L79:INFO]: MySQL knobs persisted to mysqld-auto.cnf. Restarting to apply...
[2026-04-05 14:05:30,641:MySQL_Database.py#L189:INFO]: Restarting MySQL service...
[2026-04-05 14:05:35,525:MySQL_Database.py#L199:INFO]: Waiting for MySQL to become available...
[2026-04-05 14:05:35,555:MySQL_Database.py#L217:INFO]: MySQL is back up! (Took 0.03s)
[2026-04-05 14:05:35,555:MySQL_Database.py#L32:INFO]: Closed old MySQL connection.
[2026-04-05 14:05:35,611:MySQL_Database.py#L267:INFO]: Executing transpiled workload olap_workloads/ssb_flat_tiny_229.wg (17 queries)...
[2026-04-05 14:07:12,942:MySQL_Database.py#L294:INFO]: Workload olap_workloads/ssb_flat_tiny_229.wg executed successfully.
[2026-04-05 14:07:12,942:run_diverse_configs.py#L206:INFO]: Performance for config 4: 5.72536188894061
[2026-04-05 14:07:12,942:run_diverse_configs.py#L137:INFO]: Running config 5/10 for ssb_flat_tiny_229
[2026-04-05 14:07:12,943:MySQL_Database.py#L242:INFO]: Transpiling workload from PostgreSQL to MySQL syntax...
[2026-04-05 14:07:13,217:MySQL_Database.py#L79:INFO]: MySQL knobs persisted to mysqld-auto.cnf. Restarting to apply...
[2026-04-05 14:07:13,218:MySQL_Database.py#L189:INFO]: Restarting MySQL service...
[2026-04-05 14:07:18,603:MySQL_Database.py#L199:INFO]: Waiting for MySQL to become available...
[2026-04-05 14:07:18,634:MySQL_Database.py#L217:INFO]: MySQL is back up! (Took 0.03s)
[2026-04-05 14:07:18,634:MySQL_Database.py#L32:INFO]: Closed old MySQL connection.
[2026-04-05 14:07:18,690:MySQL_Database.py#L267:INFO]: Executing transpiled workload olap_workloads/ssb_flat_tiny_229.wg (17 queries)...
[2026-04-05 14:08:54,406:MySQL_Database.py#L294:INFO]: Workload olap_workloads/ssb_flat_tiny_229.wg executed successfully.
[2026-04-05 14:08:54,406:run_diverse_configs.py#L206:INFO]: Performance for config 5: 5.630300581883228
[2026-04-05 14:08:54,406:run_diverse_configs.py#L137:INFO]: Running config 6/10 for ssb_flat_tiny_229
[2026-04-05 14:08:54,407:MySQL_Database.py#L242:INFO]: Transpiling workload from PostgreSQL to MySQL syntax...
[2026-04-05 14:08:54,667:MySQL_Database.py#L79:INFO]: MySQL knobs persisted to mysqld-auto.cnf. Restarting to apply...
[2026-04-05 14:08:54,667:MySQL_Database.py#L189:INFO]: Restarting MySQL service...
[2026-04-05 14:08:59,701:MySQL_Database.py#L199:INFO]: Waiting for MySQL to become available...
[2026-04-05 14:08:59,733:MySQL_Database.py#L217:INFO]: MySQL is back up! (Took 0.03s)
[2026-04-05 14:08:59,734:MySQL_Database.py#L32:INFO]: Closed old MySQL connection.
[2026-04-05 14:08:59,789:MySQL_Database.py#L267:INFO]: Executing transpiled workload olap_workloads/ssb_flat_tiny_229.wg (17 queries)...
[2026-04-05 14:10:34,420:MySQL_Database.py#L294:INFO]: Workload olap_workloads/ssb_flat_tiny_229.wg executed successfully.
[2026-04-05 14:10:34,420:run_diverse_configs.py#L206:INFO]: Performance for config 6: 5.566507655706065
[2026-04-05 14:10:34,420:run_diverse_configs.py#L137:INFO]: Running config 7/10 for ssb_flat_tiny_229
[2026-04-05 14:10:34,421:MySQL_Database.py#L242:INFO]: Transpiling workload from PostgreSQL to MySQL syntax...
[2026-04-05 14:10:34,727:MySQL_Database.py#L79:INFO]: MySQL knobs persisted to mysqld-auto.cnf. Restarting to apply...
[2026-04-05 14:10:34,727:MySQL_Database.py#L189:INFO]: Restarting MySQL service...
[2026-04-05 14:10:40,515:MySQL_Database.py#L199:INFO]: Waiting for MySQL to become available...
[2026-04-05 14:10:40,546:MySQL_Database.py#L217:INFO]: MySQL is back up! (Took 0.03s)
[2026-04-05 14:10:40,546:MySQL_Database.py#L32:INFO]: Closed old MySQL connection.
[2026-04-05 14:10:40,601:MySQL_Database.py#L267:INFO]: Executing transpiled workload olap_workloads/ssb_flat_tiny_229.wg (17 queries)...
[2026-04-05 14:12:05,407:MySQL_Database.py#L294:INFO]: Workload olap_workloads/ssb_flat_tiny_229.wg executed successfully.
[2026-04-05 14:12:05,407:run_diverse_configs.py#L206:INFO]: Performance for config 7: 4.988543896235676
[2026-04-05 14:12:05,407:run_diverse_configs.py#L137:INFO]: Running config 8/10 for ssb_flat_tiny_229
[2026-04-05 14:12:05,407:MySQL_Database.py#L242:INFO]: Transpiling workload from PostgreSQL to MySQL syntax...
[2026-04-05 14:12:05,504:MySQL_Database.py#L79:INFO]: MySQL knobs persisted to mysqld-auto.cnf. Restarting to apply...
[2026-04-05 14:12:05,505:MySQL_Database.py#L189:INFO]: Restarting MySQL service...
[2026-04-05 14:12:10,136:MySQL_Database.py#L199:INFO]: Waiting for MySQL to become available...
[2026-04-05 14:12:10,167:MySQL_Database.py#L217:INFO]: MySQL is back up! (Took 0.03s)
[2026-04-05 14:12:10,167:MySQL_Database.py#L32:INFO]: Closed old MySQL connection.
[2026-04-05 14:12:10,225:MySQL_Database.py#L267:INFO]: Executing transpiled workload olap_workloads/ssb_flat_tiny_229.wg (17 queries)...
[2026-04-05 14:13:34,081:MySQL_Database.py#L294:INFO]: Workload olap_workloads/ssb_flat_tiny_229.wg executed successfully.
[2026-04-05 14:13:34,082:run_diverse_configs.py#L206:INFO]: Performance for config 8: 4.932741498646518
[2026-04-05 14:13:34,082:run_diverse_configs.py#L137:INFO]: Running config 9/10 for ssb_flat_tiny_229
[2026-04-05 14:13:34,082:MySQL_Database.py#L242:INFO]: Transpiling workload from PostgreSQL to MySQL syntax...
[2026-04-05 14:13:34,175:MySQL_Database.py#L79:INFO]: MySQL knobs persisted to mysqld-auto.cnf. Restarting to apply...
[2026-04-05 14:13:34,176:MySQL_Database.py#L189:INFO]: Restarting MySQL service...
[2026-04-05 14:13:39,059:MySQL_Database.py#L199:INFO]: Waiting for MySQL to become available...
[2026-04-05 14:13:39,089:MySQL_Database.py#L217:INFO]: MySQL is back up! (Took 0.03s)
[2026-04-05 14:13:39,089:MySQL_Database.py#L32:INFO]: Closed old MySQL connection.
[2026-04-05 14:13:39,145:MySQL_Database.py#L267:INFO]: Executing transpiled workload olap_workloads/ssb_flat_tiny_229.wg (17 queries)...
[2026-04-05 14:15:02,625:MySQL_Database.py#L294:INFO]: Workload olap_workloads/ssb_flat_tiny_229.wg executed successfully.
[2026-04-05 14:15:02,625:run_diverse_configs.py#L206:INFO]: Performance for config 9: 4.910564303999041
[2026-04-05 14:15:02,625:run_diverse_configs.py#L137:INFO]: Running config 10/10 for ssb_flat_tiny_229
[2026-04-05 14:15:02,626:MySQL_Database.py#L242:INFO]: Transpiling workload from PostgreSQL to MySQL syntax...
[2026-04-05 14:15:02,717:MySQL_Database.py#L79:INFO]: MySQL knobs persisted to mysqld-auto.cnf. Restarting to apply...
[2026-04-05 14:15:02,717:MySQL_Database.py#L189:INFO]: Restarting MySQL service...
[2026-04-05 14:15:07,498:MySQL_Database.py#L199:INFO]: Waiting for MySQL to become available...
[2026-04-05 14:15:07,535:MySQL_Database.py#L217:INFO]: MySQL is back up! (Took 0.04s)
[2026-04-05 14:15:07,535:MySQL_Database.py#L32:INFO]: Closed old MySQL connection.
[2026-04-05 14:15:07,594:MySQL_Database.py#L267:INFO]: Executing transpiled workload olap_workloads/ssb_flat_tiny_229.wg (17 queries)...
[2026-04-05 14:16:33,993:MySQL_Database.py#L294:INFO]: Workload olap_workloads/ssb_flat_tiny_229.wg executed successfully.
[2026-04-05 14:16:33,993:run_diverse_configs.py#L206:INFO]: Performance for config 10: 5.082312250646817
[2026-04-05 14:16:33,994:run_diverse_configs.py#L129:INFO]: Running 10 configs for ssb_flat_tiny_43
[2026-04-05 14:16:33,994:run_diverse_configs.py#L137:INFO]: Running config 1/10 for ssb_flat_tiny_43
[2026-04-05 14:16:33,995:MySQL_Database.py#L242:INFO]: Transpiling workload from PostgreSQL to MySQL syntax...
[2026-04-05 14:16:34,083:MySQL_Database.py#L79:INFO]: MySQL knobs persisted to mysqld-auto.cnf. Restarting to apply...
[2026-04-05 14:16:34,083:MySQL_Database.py#L189:INFO]: Restarting MySQL service...
[2026-04-05 14:16:38,615:MySQL_Database.py#L199:INFO]: Waiting for MySQL to become available...
[2026-04-05 14:16:38,648:MySQL_Database.py#L217:INFO]: MySQL is back up! (Took 0.03s)
[2026-04-05 14:16:38,649:MySQL_Database.py#L32:INFO]: Closed old MySQL connection.
[2026-04-05 14:16:38,706:MySQL_Database.py#L267:INFO]: Executing transpiled workload olap_workloads/ssb_flat_tiny_43.wg (17 queries)...
[2026-04-05 14:17:53,701:MySQL_Database.py#L294:INFO]: Workload olap_workloads/ssb_flat_tiny_43.wg executed successfully.
[2026-04-05 14:17:53,702:run_diverse_configs.py#L206:INFO]: Performance for config 1: 4.411507715176627
[2026-04-05 14:17:53,702:run_diverse_configs.py#L137:INFO]: Running config 2/10 for ssb_flat_tiny_43
[2026-04-05 14:17:53,702:MySQL_Database.py#L242:INFO]: Transpiling workload from PostgreSQL to MySQL syntax...
[2026-04-05 14:17:53,791:MySQL_Database.py#L79:INFO]: MySQL knobs persisted to mysqld-auto.cnf. Restarting to apply...
[2026-04-05 14:17:53,792:MySQL_Database.py#L189:INFO]: Restarting MySQL service...
[2026-04-05 14:17:58,573:MySQL_Database.py#L199:INFO]: Waiting for MySQL to become available...
[2026-04-05 14:17:58,622:MySQL_Database.py#L217:INFO]: MySQL is back up! (Took 0.05s)
[2026-04-05 14:17:58,622:MySQL_Database.py#L32:INFO]: Closed old MySQL connection.
[2026-04-05 14:17:58,678:MySQL_Database.py#L267:INFO]: Executing transpiled workload olap_workloads/ssb_flat_tiny_43.wg (17 queries)...
[2026-04-05 14:19:14,142:MySQL_Database.py#L294:INFO]: Workload olap_workloads/ssb_flat_tiny_43.wg executed successfully.
[2026-04-05 14:19:14,142:run_diverse_configs.py#L206:INFO]: Performance for config 2: 4.439040182059055
[2026-04-05 14:19:14,142:run_diverse_configs.py#L137:INFO]: Running config 3/10 for ssb_flat_tiny_43
[2026-04-05 14:19:14,142:MySQL_Database.py#L242:INFO]: Transpiling workload from PostgreSQL to MySQL syntax...
[2026-04-05 14:19:14,229:MySQL_Database.py#L79:INFO]: MySQL knobs persisted to mysqld-auto.cnf. Restarting to apply...
[2026-04-05 14:19:14,230:MySQL_Database.py#L189:INFO]: Restarting MySQL service...
[2026-04-05 14:19:18,863:MySQL_Database.py#L199:INFO]: Waiting for MySQL to become available...
[2026-04-05 14:19:18,910:MySQL_Database.py#L217:INFO]: MySQL is back up! (Took 0.05s)
[2026-04-05 14:19:18,910:MySQL_Database.py#L32:INFO]: Closed old MySQL connection.
[2026-04-05 14:19:18,967:MySQL_Database.py#L267:INFO]: Executing transpiled workload olap_workloads/ssb_flat_tiny_43.wg (17 queries)...
[2026-04-05 14:20:37,851:MySQL_Database.py#L294:INFO]: Workload olap_workloads/ssb_flat_tiny_43.wg executed successfully.
[2026-04-05 14:20:37,851:run_diverse_configs.py#L206:INFO]: Performance for config 3: 4.640234777058461
[2026-04-05 14:20:37,851:run_diverse_configs.py#L137:INFO]: Running config 4/10 for ssb_flat_tiny_43
[2026-04-05 14:20:37,852:MySQL_Database.py#L242:INFO]: Transpiling workload from PostgreSQL to MySQL syntax...
[2026-04-05 14:20:37,943:MySQL_Database.py#L79:INFO]: MySQL knobs persisted to mysqld-auto.cnf. Restarting to apply...
[2026-04-05 14:20:37,943:MySQL_Database.py#L189:INFO]: Restarting MySQL service...
[2026-04-05 14:20:43,277:MySQL_Database.py#L199:INFO]: Waiting for MySQL to become available...
[2026-04-05 14:20:43,307:MySQL_Database.py#L217:INFO]: MySQL is back up! (Took 0.03s)
[2026-04-05 14:20:43,307:MySQL_Database.py#L32:INFO]: Closed old MySQL connection.
[2026-04-05 14:20:43,363:MySQL_Database.py#L267:INFO]: Executing transpiled workload olap_workloads/ssb_flat_tiny_43.wg (17 queries)...
[2026-04-05 14:21:57,170:MySQL_Database.py#L294:INFO]: Workload olap_workloads/ssb_flat_tiny_43.wg executed successfully.
[2026-04-05 14:21:57,170:run_diverse_configs.py#L206:INFO]: Performance for config 4: 4.341577391999582
[2026-04-05 14:21:57,170:run_diverse_configs.py#L137:INFO]: Running config 5/10 for ssb_flat_tiny_43
[2026-04-05 14:21:57,170:MySQL_Database.py#L242:INFO]: Transpiling workload from PostgreSQL to MySQL syntax...
[2026-04-05 14:21:57,255:MySQL_Database.py#L79:INFO]: MySQL knobs persisted to mysqld-auto.cnf. Restarting to apply...
[2026-04-05 14:21:57,255:MySQL_Database.py#L189:INFO]: Restarting MySQL service...
[2026-04-05 14:22:02,692:MySQL_Database.py#L199:INFO]: Waiting for MySQL to become available...
[2026-04-05 14:22:02,730:MySQL_Database.py#L217:INFO]: MySQL is back up! (Took 0.04s)
[2026-04-05 14:22:02,730:MySQL_Database.py#L32:INFO]: Closed old MySQL connection.
[2026-04-05 14:22:02,787:MySQL_Database.py#L267:INFO]: Executing transpiled workload olap_workloads/ssb_flat_tiny_43.wg (17 queries)...
[2026-04-05 14:23:19,309:MySQL_Database.py#L294:INFO]: Workload olap_workloads/ssb_flat_tiny_43.wg executed successfully.
[2026-04-05 14:23:19,309:run_diverse_configs.py#L206:INFO]: Performance for config 5: 4.501310098589302
[2026-04-05 14:23:19,310:run_diverse_configs.py#L137:INFO]: Running config 6/10 for ssb_flat_tiny_43
[2026-04-05 14:23:19,310:MySQL_Database.py#L242:INFO]: Transpiling workload from PostgreSQL to MySQL syntax...
[2026-04-05 14:23:19,397:MySQL_Database.py#L79:INFO]: MySQL knobs persisted to mysqld-auto.cnf. Restarting to apply...
[2026-04-05 14:23:19,398:MySQL_Database.py#L189:INFO]: Restarting MySQL service...
[2026-04-05 14:23:24,029:MySQL_Database.py#L199:INFO]: Waiting for MySQL to become available...
[2026-04-05 14:23:24,068:MySQL_Database.py#L217:INFO]: MySQL is back up! (Took 0.04s)
[2026-04-05 14:23:24,069:MySQL_Database.py#L32:INFO]: Closed old MySQL connection.
[2026-04-05 14:23:24,125:MySQL_Database.py#L267:INFO]: Executing transpiled workload olap_workloads/ssb_flat_tiny_43.wg (17 queries)...
[2026-04-05 14:24:39,451:MySQL_Database.py#L294:INFO]: Workload olap_workloads/ssb_flat_tiny_43.wg executed successfully.
[2026-04-05 14:24:39,451:run_diverse_configs.py#L206:INFO]: Performance for config 6: 4.430945450176402
[2026-04-05 14:24:39,451:run_diverse_configs.py#L137:INFO]: Running config 7/10 for ssb_flat_tiny_43
[2026-04-05 14:24:39,452:MySQL_Database.py#L242:INFO]: Transpiling workload from PostgreSQL to MySQL syntax...
[2026-04-05 14:24:39,543:MySQL_Database.py#L79:INFO]: MySQL knobs persisted to mysqld-auto.cnf. Restarting to apply...
[2026-04-05 14:24:39,543:MySQL_Database.py#L189:INFO]: Restarting MySQL service...
[2026-04-05 14:24:44,525:MySQL_Database.py#L199:INFO]: Waiting for MySQL to become available...
[2026-04-05 14:24:44,584:MySQL_Database.py#L217:INFO]: MySQL is back up! (Took 0.06s)
[2026-04-05 14:24:44,585:MySQL_Database.py#L32:INFO]: Closed old MySQL connection.
[2026-04-05 14:24:44,697:MySQL_Database.py#L267:INFO]: Executing transpiled workload olap_workloads/ssb_flat_tiny_43.wg (17 queries)...
[2026-04-05 14:26:00,842:MySQL_Database.py#L294:INFO]: Workload olap_workloads/ssb_flat_tiny_43.wg executed successfully.
[2026-04-05 14:26:00,842:run_diverse_configs.py#L206:INFO]: Performance for config 7: 4.479079808705993
[2026-04-05 14:26:00,842:run_diverse_configs.py#L137:INFO]: Running config 8/10 for ssb_flat_tiny_43
[2026-04-05 14:26:00,843:MySQL_Database.py#L242:INFO]: Transpiling workload from PostgreSQL to MySQL syntax...
[2026-04-05 14:26:00,930:MySQL_Database.py#L79:INFO]: MySQL knobs persisted to mysqld-auto.cnf. Restarting to apply...
[2026-04-05 14:26:00,930:MySQL_Database.py#L189:INFO]: Restarting MySQL service...
[2026-04-05 14:26:06,212:MySQL_Database.py#L199:INFO]: Waiting for MySQL to become available...
[2026-04-05 14:26:06,245:MySQL_Database.py#L217:INFO]: MySQL is back up! (Took 0.03s)
[2026-04-05 14:26:06,245:MySQL_Database.py#L32:INFO]: Closed old MySQL connection.
[2026-04-05 14:26:06,301:MySQL_Database.py#L267:INFO]: Executing transpiled workload olap_workloads/ssb_flat_tiny_43.wg (17 queries)...
[2026-04-05 14:27:20,730:MySQL_Database.py#L294:INFO]: Workload olap_workloads/ssb_flat_tiny_43.wg executed successfully.
[2026-04-05 14:27:20,730:run_diverse_configs.py#L206:INFO]: Performance for config 8: 4.378169614705257
[2026-04-05 14:27:20,731:run_diverse_configs.py#L137:INFO]: Running config 9/10 for ssb_flat_tiny_43
[2026-04-05 14:27:20,731:MySQL_Database.py#L242:INFO]: Transpiling workload from PostgreSQL to MySQL syntax...
[2026-04-05 14:27:20,825:MySQL_Database.py#L79:INFO]: MySQL knobs persisted to mysqld-auto.cnf. Restarting to apply...
[2026-04-05 14:27:20,825:MySQL_Database.py#L189:INFO]: Restarting MySQL service...
[2026-04-05 14:27:25,607:MySQL_Database.py#L199:INFO]: Waiting for MySQL to become available...
[2026-04-05 14:27:25,638:MySQL_Database.py#L217:INFO]: MySQL is back up! (Took 0.03s)
[2026-04-05 14:27:25,638:MySQL_Database.py#L32:INFO]: Closed old MySQL connection.
[2026-04-05 14:27:25,694:MySQL_Database.py#L267:INFO]: Executing transpiled workload olap_workloads/ssb_flat_tiny_43.wg (17 queries)...
[2026-04-05 14:28:40,755:MySQL_Database.py#L294:INFO]: Workload olap_workloads/ssb_flat_tiny_43.wg executed successfully.
[2026-04-05 14:28:40,755:run_diverse_configs.py#L206:INFO]: Performance for config 9: 4.415369922117166
[2026-04-05 14:28:40,755:run_diverse_configs.py#L137:INFO]: Running config 10/10 for ssb_flat_tiny_43
[2026-04-05 14:28:40,756:MySQL_Database.py#L242:INFO]: Transpiling workload from PostgreSQL to MySQL syntax...
[2026-04-05 14:28:40,864:MySQL_Database.py#L79:INFO]: MySQL knobs persisted to mysqld-auto.cnf. Restarting to apply...
[2026-04-05 14:28:40,865:MySQL_Database.py#L189:INFO]: Restarting MySQL service...
[2026-04-05 14:28:45,345:MySQL_Database.py#L199:INFO]: Waiting for MySQL to become available...
[2026-04-05 14:28:45,376:MySQL_Database.py#L217:INFO]: MySQL is back up! (Took 0.03s)
[2026-04-05 14:28:45,377:MySQL_Database.py#L32:INFO]: Closed old MySQL connection.
[2026-04-05 14:28:45,433:MySQL_Database.py#L267:INFO]: Executing transpiled workload olap_workloads/ssb_flat_tiny_43.wg (17 queries)...
[2026-04-05 14:30:18,365:MySQL_Database.py#L294:INFO]: Workload olap_workloads/ssb_flat_tiny_43.wg executed successfully.
[2026-04-05 14:30:18,365:run_diverse_configs.py#L206:INFO]: Performance for config 10: 5.466594685940756
[2026-04-05 14:30:18,366:run_diverse_configs.py#L129:INFO]: Running 10 configs for ssb_flat_tiny_154
[2026-04-05 14:30:18,366:run_diverse_configs.py#L137:INFO]: Running config 1/10 for ssb_flat_tiny_154
[2026-04-05 14:30:18,367:MySQL_Database.py#L242:INFO]: Transpiling workload from PostgreSQL to MySQL syntax...
[2026-04-05 14:30:18,456:MySQL_Database.py#L79:INFO]: MySQL knobs persisted to mysqld-auto.cnf. Restarting to apply...
[2026-04-05 14:30:18,456:MySQL_Database.py#L189:INFO]: Restarting MySQL service...
[2026-04-05 14:30:22,838:MySQL_Database.py#L199:INFO]: Waiting for MySQL to become available...
[2026-04-05 14:30:22,884:MySQL_Database.py#L217:INFO]: MySQL is back up! (Took 0.05s)
[2026-04-05 14:30:22,884:MySQL_Database.py#L32:INFO]: Closed old MySQL connection.
[2026-04-05 14:30:22,940:MySQL_Database.py#L267:INFO]: Executing transpiled workload olap_workloads/ssb_flat_tiny_154.wg (17 queries)...
[2026-04-05 14:32:57,480:MySQL_Database.py#L294:INFO]: Workload olap_workloads/ssb_flat_tiny_154.wg executed successfully.
[2026-04-05 14:32:57,480:run_diverse_configs.py#L206:INFO]: Performance for config 1: 9.090570418354165
[2026-04-05 14:32:57,480:run_diverse_configs.py#L137:INFO]: Running config 2/10 for ssb_flat_tiny_154
[2026-04-05 14:32:57,480:MySQL_Database.py#L242:INFO]: Transpiling workload from PostgreSQL to MySQL syntax...
[2026-04-05 14:32:57,572:MySQL_Database.py#L79:INFO]: MySQL knobs persisted to mysqld-auto.cnf. Restarting to apply...
[2026-04-05 14:32:57,573:MySQL_Database.py#L189:INFO]: Restarting MySQL service...
[2026-04-05 14:33:02,808:MySQL_Database.py#L199:INFO]: Waiting for MySQL to become available...
[2026-04-05 14:33:02,838:MySQL_Database.py#L217:INFO]: MySQL is back up! (Took 0.03s)
[2026-04-05 14:33:02,838:MySQL_Database.py#L32:INFO]: Closed old MySQL connection.
[2026-04-05 14:33:02,894:MySQL_Database.py#L267:INFO]: Executing transpiled workload olap_workloads/ssb_flat_tiny_154.wg (17 queries)...
[2026-04-05 14:34:32,949:MySQL_Database.py#L294:INFO]: Workload olap_workloads/ssb_flat_tiny_154.wg executed successfully.
[2026-04-05 14:34:32,949:run_diverse_configs.py#L206:INFO]: Performance for config 2: 5.297336612352143
[2026-04-05 14:34:32,952:run_diverse_configs.py#L137:INFO]: Running config 3/10 for ssb_flat_tiny_154
[2026-04-05 14:34:32,952:MySQL_Database.py#L242:INFO]: Transpiling workload from PostgreSQL to MySQL syntax...
[2026-04-05 14:34:33,041:MySQL_Database.py#L79:INFO]: MySQL knobs persisted to mysqld-auto.cnf. Restarting to apply...
[2026-04-05 14:34:33,041:MySQL_Database.py#L189:INFO]: Restarting MySQL service...
[2026-04-05 14:34:38,424:MySQL_Database.py#L199:INFO]: Waiting for MySQL to become available...
[2026-04-05 14:34:38,482:MySQL_Database.py#L217:INFO]: MySQL is back up! (Took 0.06s)
[2026-04-05 14:34:38,482:MySQL_Database.py#L32:INFO]: Closed old MySQL connection.
[2026-04-05 14:34:38,540:MySQL_Database.py#L267:INFO]: Executing transpiled workload olap_workloads/ssb_flat_tiny_154.wg (17 queries)...
[2026-04-05 14:36:30,154:MySQL_Database.py#L294:INFO]: Workload olap_workloads/ssb_flat_tiny_154.wg executed successfully.
[2026-04-05 14:36:30,154:run_diverse_configs.py#L206:INFO]: Performance for config 3: 6.565481326292844
[2026-04-05 14:36:30,154:run_diverse_configs.py#L137:INFO]: Running config 4/10 for ssb_flat_tiny_154
[2026-04-05 14:36:30,154:MySQL_Database.py#L242:INFO]: Transpiling workload from PostgreSQL to MySQL syntax...
[2026-04-05 14:36:30,248:MySQL_Database.py#L79:INFO]: MySQL knobs persisted to mysqld-auto.cnf. Restarting to apply...
[2026-04-05 14:36:30,248:MySQL_Database.py#L189:INFO]: Restarting MySQL service...
[2026-04-05 14:36:35,786:MySQL_Database.py#L199:INFO]: Waiting for MySQL to become available...
[2026-04-05 14:36:35,816:MySQL_Database.py#L217:INFO]: MySQL is back up! (Took 0.03s)
[2026-04-05 14:36:35,816:MySQL_Database.py#L32:INFO]: Closed old MySQL connection.
[2026-04-05 14:36:35,872:MySQL_Database.py#L267:INFO]: Executing transpiled workload olap_workloads/ssb_flat_tiny_154.wg (17 queries)...
[2026-04-05 14:38:07,013:MySQL_Database.py#L294:INFO]: Workload olap_workloads/ssb_flat_tiny_154.wg executed successfully.
[2026-04-05 14:38:07,013:run_diverse_configs.py#L206:INFO]: Performance for config 4: 5.361256059704294
[2026-04-05 14:38:07,013:run_diverse_configs.py#L137:INFO]: Running config 5/10 for ssb_flat_tiny_154
[2026-04-05 14:38:07,014:MySQL_Database.py#L242:INFO]: Transpiling workload from PostgreSQL to MySQL syntax...
[2026-04-05 14:38:07,108:MySQL_Database.py#L79:INFO]: MySQL knobs persisted to mysqld-auto.cnf. Restarting to apply...
[2026-04-05 14:38:07,108:MySQL_Database.py#L189:INFO]: Restarting MySQL service...
[2026-04-05 14:38:11,789:MySQL_Database.py#L199:INFO]: Waiting for MySQL to become available...
[2026-04-05 14:38:11,826:MySQL_Database.py#L217:INFO]: MySQL is back up! (Took 0.04s)
[2026-04-05 14:38:11,826:MySQL_Database.py#L32:INFO]: Closed old MySQL connection.
[2026-04-05 14:38:11,884:MySQL_Database.py#L267:INFO]: Executing transpiled workload olap_workloads/ssb_flat_tiny_154.wg (17 queries)...
[2026-04-05 14:40:02,417:MySQL_Database.py#L294:INFO]: Workload olap_workloads/ssb_flat_tiny_154.wg executed successfully.
[2026-04-05 14:40:02,417:run_diverse_configs.py#L206:INFO]: Performance for config 5: 6.501939722470364
[2026-04-05 14:40:02,417:run_diverse_configs.py#L137:INFO]: Running config 6/10 for ssb_flat_tiny_154
[2026-04-05 14:40:02,418:MySQL_Database.py#L242:INFO]: Transpiling workload from PostgreSQL to MySQL syntax...
[2026-04-05 14:40:02,505:MySQL_Database.py#L79:INFO]: MySQL knobs persisted to mysqld-auto.cnf. Restarting to apply...
[2026-04-05 14:40:02,506:MySQL_Database.py#L189:INFO]: Restarting MySQL service...
[2026-04-05 14:40:06,886:MySQL_Database.py#L199:INFO]: Waiting for MySQL to become available...
[2026-04-05 14:40:06,916:MySQL_Database.py#L217:INFO]: MySQL is back up! (Took 0.03s)
[2026-04-05 14:40:06,916:MySQL_Database.py#L32:INFO]: Closed old MySQL connection.
[2026-04-05 14:40:06,972:MySQL_Database.py#L267:INFO]: Executing transpiled workload olap_workloads/ssb_flat_tiny_154.wg (17 queries)...
[2026-04-05 14:41:37,922:MySQL_Database.py#L294:INFO]: Workload olap_workloads/ssb_flat_tiny_154.wg executed successfully.
[2026-04-05 14:41:37,922:run_diverse_configs.py#L206:INFO]: Performance for config 6: 5.349993890940609
[2026-04-05 14:41:37,923:run_diverse_configs.py#L137:INFO]: Running config 7/10 for ssb_flat_tiny_154
[2026-04-05 14:41:37,923:MySQL_Database.py#L242:INFO]: Transpiling workload from PostgreSQL to MySQL syntax...
[2026-04-05 14:41:38,008:MySQL_Database.py#L79:INFO]: MySQL knobs persisted to mysqld-auto.cnf. Restarting to apply...
[2026-04-05 14:41:38,009:MySQL_Database.py#L189:INFO]: Restarting MySQL service...
[2026-04-05 14:41:42,992:MySQL_Database.py#L199:INFO]: Waiting for MySQL to become available...
[2026-04-05 14:41:43,022:MySQL_Database.py#L217:INFO]: MySQL is back up! (Took 0.03s)
[2026-04-05 14:41:43,023:MySQL_Database.py#L32:INFO]: Closed old MySQL connection.
[2026-04-05 14:41:43,079:MySQL_Database.py#L267:INFO]: Executing transpiled workload olap_workloads/ssb_flat_tiny_154.wg (17 queries)...
[2026-04-05 14:43:43,951:MySQL_Database.py#L294:INFO]: Workload olap_workloads/ssb_flat_tiny_154.wg executed successfully.
[2026-04-05 14:43:43,952:run_diverse_configs.py#L206:INFO]: Performance for config 7: 7.110123359471532
[2026-04-05 14:43:43,952:run_diverse_configs.py#L137:INFO]: Running config 8/10 for ssb_flat_tiny_154
[2026-04-05 14:43:43,952:MySQL_Database.py#L242:INFO]: Transpiling workload from PostgreSQL to MySQL syntax...
[2026-04-05 14:43:44,059:MySQL_Database.py#L79:INFO]: MySQL knobs persisted to mysqld-auto.cnf. Restarting to apply...
[2026-04-05 14:43:44,059:MySQL_Database.py#L189:INFO]: Restarting MySQL service...
[2026-04-05 14:43:49,393:MySQL_Database.py#L199:INFO]: Waiting for MySQL to become available...
[2026-04-05 14:43:49,424:MySQL_Database.py#L217:INFO]: MySQL is back up! (Took 0.03s)
[2026-04-05 14:43:49,425:MySQL_Database.py#L32:INFO]: Closed old MySQL connection.
[2026-04-05 14:43:49,481:MySQL_Database.py#L267:INFO]: Executing transpiled workload olap_workloads/ssb_flat_tiny_154.wg (17 queries)...
[2026-04-05 14:45:39,591:MySQL_Database.py#L294:INFO]: Workload olap_workloads/ssb_flat_tiny_154.wg executed successfully.
[2026-04-05 14:45:39,591:run_diverse_configs.py#L206:INFO]: Performance for config 8: 6.477041059647865
[2026-04-05 14:45:39,591:run_diverse_configs.py#L137:INFO]: Running config 9/10 for ssb_flat_tiny_154
[2026-04-05 14:45:39,592:MySQL_Database.py#L242:INFO]: Transpiling workload from PostgreSQL to MySQL syntax...
[2026-04-05 14:45:39,688:MySQL_Database.py#L79:INFO]: MySQL knobs persisted to mysqld-auto.cnf. Restarting to apply...
[2026-04-05 14:45:39,689:MySQL_Database.py#L189:INFO]: Restarting MySQL service...
[2026-04-05 14:45:44,320:MySQL_Database.py#L199:INFO]: Waiting for MySQL to become available...
[2026-04-05 14:45:44,352:MySQL_Database.py#L217:INFO]: MySQL is back up! (Took 0.03s)
[2026-04-05 14:45:44,353:MySQL_Database.py#L32:INFO]: Closed old MySQL connection.
[2026-04-05 14:45:44,412:MySQL_Database.py#L267:INFO]: Executing transpiled workload olap_workloads/ssb_flat_tiny_154.wg (17 queries)...
[2026-04-05 14:47:33,862:MySQL_Database.py#L294:INFO]: Workload olap_workloads/ssb_flat_tiny_154.wg executed successfully.
[2026-04-05 14:47:33,862:run_diverse_configs.py#L206:INFO]: Performance for config 9: 6.438200379766332
[2026-04-05 14:47:33,862:run_diverse_configs.py#L137:INFO]: Running config 10/10 for ssb_flat_tiny_154
[2026-04-05 14:47:33,862:MySQL_Database.py#L242:INFO]: Transpiling workload from PostgreSQL to MySQL syntax...
[2026-04-05 14:47:33,958:MySQL_Database.py#L79:INFO]: MySQL knobs persisted to mysqld-auto.cnf. Restarting to apply...
[2026-04-05 14:47:33,958:MySQL_Database.py#L189:INFO]: Restarting MySQL service...
[2026-04-05 14:47:37,937:MySQL_Database.py#L199:INFO]: Waiting for MySQL to become available...
[2026-04-05 14:47:37,969:MySQL_Database.py#L217:INFO]: MySQL is back up! (Took 0.03s)
[2026-04-05 14:47:37,969:MySQL_Database.py#L32:INFO]: Closed old MySQL connection.
[2026-04-05 14:47:38,025:MySQL_Database.py#L267:INFO]: Executing transpiled workload olap_workloads/ssb_flat_tiny_154.wg (17 queries)...
[2026-04-05 14:50:09,936:MySQL_Database.py#L294:INFO]: Workload olap_workloads/ssb_flat_tiny_154.wg executed successfully.
[2026-04-05 14:50:09,936:run_diverse_configs.py#L206:INFO]: Performance for config 10: 8.935877179646495
