[2026-04-18 14:24:48,354:run_diverse_configs.py#L82:INFO]: ====================================================================================================
[2026-04-18 14:24:48,354:run_diverse_configs.py#L83:INFO]: E2ETune: Running Diverse Configs for tpch
[2026-04-18 14:24:48,354:run_diverse_configs.py#L84:INFO]: ====================================================================================================
[2026-04-18 14:24:48,354:run_diverse_configs.py#L85:INFO]: Config: config/config.yaml
[2026-04-18 14:24:48,354:run_diverse_configs.py#L86:INFO]: Host: localhost  DB: tpch
[2026-04-18 14:24:48,354:run_diverse_configs.py#L87:INFO]: Benchmark: tpch  Type: olap
[2026-04-18 14:24:48,355:run_diverse_configs.py#L88:INFO]: Workload path: ./olap_workloads
[2026-04-18 14:24:48,355:run_diverse_configs.py#L89:INFO]: ====================================================================================================
[2026-04-18 14:24:48,416:run_diverse_configs.py#L129:INFO]: Running 10 configs for tpch_218
[2026-04-18 14:24:48,417:run_diverse_configs.py#L137:INFO]: Running config 1/10 for tpch_218
[2026-04-18 14:24:48,422:MySQL_Database.py#L253:INFO]: Transpiling workload from PostgreSQL to MySQL syntax...
[2026-04-18 14:24:48,448:MySQL_Database.py#L81:INFO]: MySQL knobs persisted to mysqld-auto.cnf. Restarting to apply...
[2026-04-18 14:24:48,448:MySQL_Database.py#L200:INFO]: Restarting MySQL service...
[2026-04-18 14:24:56,296:MySQL_Database.py#L210:INFO]: Waiting for MySQL to become available...
[2026-04-18 14:24:56,363:MySQL_Database.py#L228:INFO]: MySQL is back up! (Took 0.07s)
[2026-04-18 14:24:56,364:MySQL_Database.py#L32:INFO]: Closed old MySQL connection.
[2026-04-18 14:24:56,424:MySQL_Database.py#L278:INFO]: Executing transpiled workload olap_workloads/tpch_218.wg (19 queries)...
[2026-04-18 14:29:22,520:MySQL_Database.py#L305:INFO]: Workload olap_workloads/tpch_218.wg executed successfully.
[2026-04-18 14:29:22,520:run_diverse_configs.py#L206:INFO]: Performance for config 1: 14.00504626537134
[2026-04-18 14:29:22,521:run_diverse_configs.py#L137:INFO]: Running config 2/10 for tpch_218
[2026-04-18 14:29:22,521:MySQL_Database.py#L253:INFO]: Transpiling workload from PostgreSQL to MySQL syntax...
[2026-04-18 14:29:22,554:MySQL_Database.py#L81:INFO]: MySQL knobs persisted to mysqld-auto.cnf. Restarting to apply...
[2026-04-18 14:29:22,554:MySQL_Database.py#L200:INFO]: Restarting MySQL service...
[2026-04-18 14:29:30,697:MySQL_Database.py#L210:INFO]: Waiting for MySQL to become available...
[2026-04-18 14:29:30,765:MySQL_Database.py#L228:INFO]: MySQL is back up! (Took 0.07s)
[2026-04-18 14:29:30,765:MySQL_Database.py#L32:INFO]: Closed old MySQL connection.
[2026-04-18 14:29:30,826:MySQL_Database.py#L278:INFO]: Executing transpiled workload olap_workloads/tpch_218.wg (19 queries)...
[2026-04-18 14:34:01,194:MySQL_Database.py#L305:INFO]: Workload olap_workloads/tpch_218.wg executed successfully.
[2026-04-18 14:34:01,194:run_diverse_configs.py#L206:INFO]: Performance for config 2: 14.229845551161194
[2026-04-18 14:34:01,194:run_diverse_configs.py#L137:INFO]: Running config 3/10 for tpch_218
[2026-04-18 14:34:01,195:MySQL_Database.py#L253:INFO]: Transpiling workload from PostgreSQL to MySQL syntax...
[2026-04-18 14:34:01,227:MySQL_Database.py#L81:INFO]: MySQL knobs persisted to mysqld-auto.cnf. Restarting to apply...
[2026-04-18 14:34:01,227:MySQL_Database.py#L200:INFO]: Restarting MySQL service...
[2026-04-18 14:34:09,322:MySQL_Database.py#L210:INFO]: Waiting for MySQL to become available...
[2026-04-18 14:34:09,443:MySQL_Database.py#L228:INFO]: MySQL is back up! (Took 0.12s)
[2026-04-18 14:34:09,444:MySQL_Database.py#L32:INFO]: Closed old MySQL connection.
[2026-04-18 14:34:09,565:MySQL_Database.py#L278:INFO]: Executing transpiled workload olap_workloads/tpch_218.wg (19 queries)...
[2026-04-18 14:38:32,817:MySQL_Database.py#L305:INFO]: Workload olap_workloads/tpch_218.wg executed successfully.
[2026-04-18 14:38:32,817:run_diverse_configs.py#L206:INFO]: Performance for config 3: 13.855341372325233
[2026-04-18 14:38:32,818:run_diverse_configs.py#L137:INFO]: Running config 4/10 for tpch_218
[2026-04-18 14:38:32,818:MySQL_Database.py#L253:INFO]: Transpiling workload from PostgreSQL to MySQL syntax...
[2026-04-18 14:38:32,850:MySQL_Database.py#L81:INFO]: MySQL knobs persisted to mysqld-auto.cnf. Restarting to apply...
[2026-04-18 14:38:32,850:MySQL_Database.py#L200:INFO]: Restarting MySQL service...
[2026-04-18 14:38:40,638:MySQL_Database.py#L210:INFO]: Waiting for MySQL to become available...
[2026-04-18 14:38:40,708:MySQL_Database.py#L228:INFO]: MySQL is back up! (Took 0.07s)
[2026-04-18 14:38:40,708:MySQL_Database.py#L32:INFO]: Closed old MySQL connection.
[2026-04-18 14:38:40,768:MySQL_Database.py#L278:INFO]: Executing transpiled workload olap_workloads/tpch_218.wg (19 queries)...
[2026-04-18 14:43:05,990:MySQL_Database.py#L305:INFO]: Workload olap_workloads/tpch_218.wg executed successfully.
[2026-04-18 14:43:05,990:run_diverse_configs.py#L206:INFO]: Performance for config 4: 13.959024524585786
[2026-04-18 14:43:05,991:run_diverse_configs.py#L137:INFO]: Running config 5/10 for tpch_218
[2026-04-18 14:43:05,991:MySQL_Database.py#L253:INFO]: Transpiling workload from PostgreSQL to MySQL syntax...
[2026-04-18 14:43:06,024:MySQL_Database.py#L81:INFO]: MySQL knobs persisted to mysqld-auto.cnf. Restarting to apply...
[2026-04-18 14:43:06,024:MySQL_Database.py#L200:INFO]: Restarting MySQL service...
[2026-04-18 14:43:14,117:MySQL_Database.py#L210:INFO]: Waiting for MySQL to become available...
[2026-04-18 14:43:14,185:MySQL_Database.py#L228:INFO]: MySQL is back up! (Took 0.07s)
[2026-04-18 14:43:14,186:MySQL_Database.py#L32:INFO]: Closed old MySQL connection.
[2026-04-18 14:43:14,247:MySQL_Database.py#L278:INFO]: Executing transpiled workload olap_workloads/tpch_218.wg (19 queries)...
[2026-04-18 14:47:38,167:MySQL_Database.py#L305:INFO]: Workload olap_workloads/tpch_218.wg executed successfully.
[2026-04-18 14:47:38,167:run_diverse_configs.py#L206:INFO]: Performance for config 5: 13.89047640390498
[2026-04-18 14:47:38,167:run_diverse_configs.py#L137:INFO]: Running config 6/10 for tpch_218
[2026-04-18 14:47:38,168:MySQL_Database.py#L253:INFO]: Transpiling workload from PostgreSQL to MySQL syntax...
[2026-04-18 14:47:38,199:MySQL_Database.py#L81:INFO]: MySQL knobs persisted to mysqld-auto.cnf. Restarting to apply...
[2026-04-18 14:47:38,199:MySQL_Database.py#L200:INFO]: Restarting MySQL service...
[2026-04-18 14:47:46,591:MySQL_Database.py#L210:INFO]: Waiting for MySQL to become available...
[2026-04-18 14:47:46,655:MySQL_Database.py#L228:INFO]: MySQL is back up! (Took 0.06s)
[2026-04-18 14:47:46,655:MySQL_Database.py#L32:INFO]: Closed old MySQL connection.
[2026-04-18 14:47:46,717:MySQL_Database.py#L278:INFO]: Executing transpiled workload olap_workloads/tpch_218.wg (19 queries)...
[2026-04-18 14:52:12,875:MySQL_Database.py#L305:INFO]: Workload olap_workloads/tpch_218.wg executed successfully.
[2026-04-18 14:52:12,875:run_diverse_configs.py#L206:INFO]: Performance for config 6: 14.008305846174297
[2026-04-18 14:52:12,875:run_diverse_configs.py#L137:INFO]: Running config 7/10 for tpch_218
[2026-04-18 14:52:12,876:MySQL_Database.py#L253:INFO]: Transpiling workload from PostgreSQL to MySQL syntax...
[2026-04-18 14:52:12,910:MySQL_Database.py#L81:INFO]: MySQL knobs persisted to mysqld-auto.cnf. Restarting to apply...
[2026-04-18 14:52:12,911:MySQL_Database.py#L200:INFO]: Restarting MySQL service...
[2026-04-18 14:52:20,954:MySQL_Database.py#L210:INFO]: Waiting for MySQL to become available...
[2026-04-18 14:52:21,018:MySQL_Database.py#L228:INFO]: MySQL is back up! (Took 0.06s)
[2026-04-18 14:52:21,018:MySQL_Database.py#L32:INFO]: Closed old MySQL connection.
[2026-04-18 14:52:21,080:MySQL_Database.py#L278:INFO]: Executing transpiled workload olap_workloads/tpch_218.wg (19 queries)...
[2026-04-18 14:56:44,908:MySQL_Database.py#L305:INFO]: Workload olap_workloads/tpch_218.wg executed successfully.
[2026-04-18 14:56:44,908:run_diverse_configs.py#L206:INFO]: Performance for config 7: 13.885649689889856
[2026-04-18 14:56:44,908:run_diverse_configs.py#L137:INFO]: Running config 8/10 for tpch_218
[2026-04-18 14:56:44,908:MySQL_Database.py#L253:INFO]: Transpiling workload from PostgreSQL to MySQL syntax...
[2026-04-18 14:56:44,941:MySQL_Database.py#L81:INFO]: MySQL knobs persisted to mysqld-auto.cnf. Restarting to apply...
[2026-04-18 14:56:44,941:MySQL_Database.py#L200:INFO]: Restarting MySQL service...
[2026-04-18 14:56:53,487:MySQL_Database.py#L210:INFO]: Waiting for MySQL to become available...
[2026-04-18 14:56:53,618:MySQL_Database.py#L228:INFO]: MySQL is back up! (Took 0.13s)
[2026-04-18 14:56:53,618:MySQL_Database.py#L32:INFO]: Closed old MySQL connection.
[2026-04-18 14:56:53,737:MySQL_Database.py#L278:INFO]: Executing transpiled workload olap_workloads/tpch_218.wg (19 queries)...
[2026-04-18 15:01:18,954:MySQL_Database.py#L305:INFO]: Workload olap_workloads/tpch_218.wg executed successfully.
[2026-04-18 15:01:18,954:run_diverse_configs.py#L206:INFO]: Performance for config 8: 13.95876819853622
[2026-04-18 15:01:18,954:run_diverse_configs.py#L137:INFO]: Running config 9/10 for tpch_218
[2026-04-18 15:01:18,955:MySQL_Database.py#L253:INFO]: Transpiling workload from PostgreSQL to MySQL syntax...
[2026-04-18 15:01:18,987:MySQL_Database.py#L81:INFO]: MySQL knobs persisted to mysqld-auto.cnf. Restarting to apply...
[2026-04-18 15:01:18,987:MySQL_Database.py#L200:INFO]: Restarting MySQL service...
[2026-04-18 15:01:26,831:MySQL_Database.py#L210:INFO]: Waiting for MySQL to become available...
[2026-04-18 15:01:26,896:MySQL_Database.py#L228:INFO]: MySQL is back up! (Took 0.06s)
[2026-04-18 15:01:26,896:MySQL_Database.py#L32:INFO]: Closed old MySQL connection.
[2026-04-18 15:01:26,957:MySQL_Database.py#L278:INFO]: Executing transpiled workload olap_workloads/tpch_218.wg (19 queries)...
[2026-04-18 15:05:53,122:MySQL_Database.py#L305:INFO]: Workload olap_workloads/tpch_218.wg executed successfully.
[2026-04-18 15:05:53,122:run_diverse_configs.py#L206:INFO]: Performance for config 9: 14.008644048884316
[2026-04-18 15:05:53,123:run_diverse_configs.py#L137:INFO]: Running config 10/10 for tpch_218
[2026-04-18 15:05:53,123:MySQL_Database.py#L253:INFO]: Transpiling workload from PostgreSQL to MySQL syntax...
[2026-04-18 15:05:53,155:MySQL_Database.py#L81:INFO]: MySQL knobs persisted to mysqld-auto.cnf. Restarting to apply...
[2026-04-18 15:05:53,155:MySQL_Database.py#L200:INFO]: Restarting MySQL service...
[2026-04-18 15:06:01,247:MySQL_Database.py#L210:INFO]: Waiting for MySQL to become available...
[2026-04-18 15:06:01,329:MySQL_Database.py#L228:INFO]: MySQL is back up! (Took 0.08s)
[2026-04-18 15:06:01,329:MySQL_Database.py#L32:INFO]: Closed old MySQL connection.
[2026-04-18 15:06:01,389:MySQL_Database.py#L278:INFO]: Executing transpiled workload olap_workloads/tpch_218.wg (19 queries)...
[2026-04-18 15:10:26,104:MySQL_Database.py#L305:INFO]: Workload olap_workloads/tpch_218.wg executed successfully.
[2026-04-18 15:10:26,104:run_diverse_configs.py#L206:INFO]: Performance for config 10: 13.932325593318398
[2026-04-18 15:10:26,105:run_diverse_configs.py#L129:INFO]: Running 10 configs for tpch_206
[2026-04-18 15:10:26,105:run_diverse_configs.py#L137:INFO]: Running config 1/10 for tpch_206
[2026-04-18 15:10:26,111:MySQL_Database.py#L253:INFO]: Transpiling workload from PostgreSQL to MySQL syntax...
[2026-04-18 15:10:26,146:MySQL_Database.py#L81:INFO]: MySQL knobs persisted to mysqld-auto.cnf. Restarting to apply...
[2026-04-18 15:10:26,146:MySQL_Database.py#L200:INFO]: Restarting MySQL service...
[2026-04-18 15:10:34,899:MySQL_Database.py#L210:INFO]: Waiting for MySQL to become available...
[2026-04-18 15:10:34,968:MySQL_Database.py#L228:INFO]: MySQL is back up! (Took 0.07s)
[2026-04-18 15:10:34,968:MySQL_Database.py#L32:INFO]: Closed old MySQL connection.
[2026-04-18 15:10:35,029:MySQL_Database.py#L278:INFO]: Executing transpiled workload olap_workloads/tpch_206.wg (19 queries)...
[2026-04-18 15:14:03,606:MySQL_Database.py#L305:INFO]: Workload olap_workloads/tpch_206.wg executed successfully.
[2026-04-18 15:14:03,606:run_diverse_configs.py#L206:INFO]: Performance for config 1: 10.977732458421471
[2026-04-18 15:14:03,607:run_diverse_configs.py#L137:INFO]: Running config 2/10 for tpch_206
[2026-04-18 15:14:03,607:MySQL_Database.py#L253:INFO]: Transpiling workload from PostgreSQL to MySQL syntax...
[2026-04-18 15:14:03,642:MySQL_Database.py#L81:INFO]: MySQL knobs persisted to mysqld-auto.cnf. Restarting to apply...
[2026-04-18 15:14:03,642:MySQL_Database.py#L200:INFO]: Restarting MySQL service...
[2026-04-18 15:14:12,235:MySQL_Database.py#L210:INFO]: Waiting for MySQL to become available...
[2026-04-18 15:14:12,300:MySQL_Database.py#L228:INFO]: MySQL is back up! (Took 0.06s)
[2026-04-18 15:14:12,300:MySQL_Database.py#L32:INFO]: Closed old MySQL connection.
[2026-04-18 15:14:12,422:MySQL_Database.py#L278:INFO]: Executing transpiled workload olap_workloads/tpch_206.wg (19 queries)...
[2026-04-18 15:17:42,128:MySQL_Database.py#L305:INFO]: Workload olap_workloads/tpch_206.wg executed successfully.
[2026-04-18 15:17:42,128:run_diverse_configs.py#L206:INFO]: Performance for config 2: 11.037096675460864
[2026-04-18 15:17:42,128:run_diverse_configs.py#L137:INFO]: Running config 3/10 for tpch_206
[2026-04-18 15:17:42,129:MySQL_Database.py#L253:INFO]: Transpiling workload from PostgreSQL to MySQL syntax...
[2026-04-18 15:17:42,158:MySQL_Database.py#L81:INFO]: MySQL knobs persisted to mysqld-auto.cnf. Restarting to apply...
[2026-04-18 15:17:42,158:MySQL_Database.py#L200:INFO]: Restarting MySQL service...
[2026-04-18 15:17:50,551:MySQL_Database.py#L210:INFO]: Waiting for MySQL to become available...
[2026-04-18 15:17:50,619:MySQL_Database.py#L228:INFO]: MySQL is back up! (Took 0.07s)
[2026-04-18 15:17:50,619:MySQL_Database.py#L32:INFO]: Closed old MySQL connection.
[2026-04-18 15:17:50,680:MySQL_Database.py#L278:INFO]: Executing transpiled workload olap_workloads/tpch_206.wg (19 queries)...
[2026-04-18 15:21:21,619:MySQL_Database.py#L305:INFO]: Workload olap_workloads/tpch_206.wg executed successfully.
[2026-04-18 15:21:21,619:run_diverse_configs.py#L206:INFO]: Performance for config 3: 11.102008199784905
[2026-04-18 15:21:21,620:run_diverse_configs.py#L137:INFO]: Running config 4/10 for tpch_206
[2026-04-18 15:21:21,620:MySQL_Database.py#L253:INFO]: Transpiling workload from PostgreSQL to MySQL syntax...
[2026-04-18 15:21:21,654:MySQL_Database.py#L81:INFO]: MySQL knobs persisted to mysqld-auto.cnf. Restarting to apply...
[2026-04-18 15:21:21,654:MySQL_Database.py#L200:INFO]: Restarting MySQL service...
[2026-04-18 15:21:30,050:MySQL_Database.py#L210:INFO]: Waiting for MySQL to become available...
[2026-04-18 15:21:30,116:MySQL_Database.py#L228:INFO]: MySQL is back up! (Took 0.07s)
[2026-04-18 15:21:30,117:MySQL_Database.py#L32:INFO]: Closed old MySQL connection.
[2026-04-18 15:21:30,177:MySQL_Database.py#L278:INFO]: Executing transpiled workload olap_workloads/tpch_206.wg (19 queries)...
[2026-04-18 15:24:59,236:MySQL_Database.py#L305:INFO]: Workload olap_workloads/tpch_206.wg executed successfully.
[2026-04-18 15:24:59,236:run_diverse_configs.py#L206:INFO]: Performance for config 4: 11.003047980588713
[2026-04-18 15:24:59,236:run_diverse_configs.py#L137:INFO]: Running config 5/10 for tpch_206
[2026-04-18 15:24:59,237:MySQL_Database.py#L253:INFO]: Transpiling workload from PostgreSQL to MySQL syntax...
[2026-04-18 15:24:59,273:MySQL_Database.py#L81:INFO]: MySQL knobs persisted to mysqld-auto.cnf. Restarting to apply...
[2026-04-18 15:24:59,273:MySQL_Database.py#L200:INFO]: Restarting MySQL service...
[2026-04-18 15:25:07,564:MySQL_Database.py#L210:INFO]: Waiting for MySQL to become available...
[2026-04-18 15:25:07,632:MySQL_Database.py#L228:INFO]: MySQL is back up! (Took 0.07s)
[2026-04-18 15:25:07,633:MySQL_Database.py#L32:INFO]: Closed old MySQL connection.
[2026-04-18 15:25:07,694:MySQL_Database.py#L278:INFO]: Executing transpiled workload olap_workloads/tpch_206.wg (19 queries)...
[2026-04-18 15:28:35,567:MySQL_Database.py#L305:INFO]: Workload olap_workloads/tpch_206.wg executed successfully.
[2026-04-18 15:28:35,567:run_diverse_configs.py#L206:INFO]: Performance for config 5: 10.940635784406608
[2026-04-18 15:28:35,568:run_diverse_configs.py#L137:INFO]: Running config 6/10 for tpch_206
[2026-04-18 15:28:35,568:MySQL_Database.py#L253:INFO]: Transpiling workload from PostgreSQL to MySQL syntax...
[2026-04-18 15:28:35,603:MySQL_Database.py#L81:INFO]: MySQL knobs persisted to mysqld-auto.cnf. Restarting to apply...
[2026-04-18 15:28:35,603:MySQL_Database.py#L200:INFO]: Restarting MySQL service...
[2026-04-18 15:28:44,005:MySQL_Database.py#L210:INFO]: Waiting for MySQL to become available...
[2026-04-18 15:28:44,069:MySQL_Database.py#L228:INFO]: MySQL is back up! (Took 0.06s)
[2026-04-18 15:28:44,069:MySQL_Database.py#L32:INFO]: Closed old MySQL connection.
[2026-04-18 15:28:44,130:MySQL_Database.py#L278:INFO]: Executing transpiled workload olap_workloads/tpch_206.wg (19 queries)...
[2026-04-18 15:32:14,787:MySQL_Database.py#L305:INFO]: Workload olap_workloads/tpch_206.wg executed successfully.
[2026-04-18 15:32:14,787:run_diverse_configs.py#L206:INFO]: Performance for config 6: 11.087163967693126
[2026-04-18 15:32:14,787:run_diverse_configs.py#L137:INFO]: Running config 7/10 for tpch_206
[2026-04-18 15:32:14,788:MySQL_Database.py#L253:INFO]: Transpiling workload from PostgreSQL to MySQL syntax...
[2026-04-18 15:32:14,818:MySQL_Database.py#L81:INFO]: MySQL knobs persisted to mysqld-auto.cnf. Restarting to apply...
[2026-04-18 15:32:14,818:MySQL_Database.py#L200:INFO]: Restarting MySQL service...
[2026-04-18 15:32:23,364:MySQL_Database.py#L210:INFO]: Waiting for MySQL to become available...
[2026-04-18 15:32:23,429:MySQL_Database.py#L228:INFO]: MySQL is back up! (Took 0.06s)
[2026-04-18 15:32:23,429:MySQL_Database.py#L32:INFO]: Closed old MySQL connection.
[2026-04-18 15:32:23,490:MySQL_Database.py#L278:INFO]: Executing transpiled workload olap_workloads/tpch_206.wg (19 queries)...
[2026-04-18 15:35:53,194:MySQL_Database.py#L305:INFO]: Workload olap_workloads/tpch_206.wg executed successfully.
[2026-04-18 15:35:53,194:run_diverse_configs.py#L206:INFO]: Performance for config 7: 11.037021736050711
[2026-04-18 15:35:53,194:run_diverse_configs.py#L137:INFO]: Running config 8/10 for tpch_206
[2026-04-18 15:35:53,195:MySQL_Database.py#L253:INFO]: Transpiling workload from PostgreSQL to MySQL syntax...
[2026-04-18 15:35:53,225:MySQL_Database.py#L81:INFO]: MySQL knobs persisted to mysqld-auto.cnf. Restarting to apply...
[2026-04-18 15:35:53,225:MySQL_Database.py#L200:INFO]: Restarting MySQL service...
[2026-04-18 15:36:01,667:MySQL_Database.py#L210:INFO]: Waiting for MySQL to become available...
[2026-04-18 15:36:01,765:MySQL_Database.py#L228:INFO]: MySQL is back up! (Took 0.10s)
[2026-04-18 15:36:01,765:MySQL_Database.py#L32:INFO]: Closed old MySQL connection.
[2026-04-18 15:36:01,827:MySQL_Database.py#L278:INFO]: Executing transpiled workload olap_workloads/tpch_206.wg (19 queries)...
[2026-04-18 15:39:34,109:MySQL_Database.py#L305:INFO]: Workload olap_workloads/tpch_206.wg executed successfully.
[2026-04-18 15:39:34,109:run_diverse_configs.py#L206:INFO]: Performance for config 8: 11.172690038887882
[2026-04-18 15:39:34,109:run_diverse_configs.py#L137:INFO]: Running config 9/10 for tpch_206
[2026-04-18 15:39:34,110:MySQL_Database.py#L253:INFO]: Transpiling workload from PostgreSQL to MySQL syntax...
[2026-04-18 15:39:34,145:MySQL_Database.py#L81:INFO]: MySQL knobs persisted to mysqld-auto.cnf. Restarting to apply...
[2026-04-18 15:39:34,145:MySQL_Database.py#L200:INFO]: Restarting MySQL service...
[2026-04-18 15:39:42,237:MySQL_Database.py#L210:INFO]: Waiting for MySQL to become available...
[2026-04-18 15:39:42,362:MySQL_Database.py#L228:INFO]: MySQL is back up! (Took 0.12s)
[2026-04-18 15:39:42,362:MySQL_Database.py#L32:INFO]: Closed old MySQL connection.
[2026-04-18 15:39:42,483:MySQL_Database.py#L278:INFO]: Executing transpiled workload olap_workloads/tpch_206.wg (19 queries)...
[2026-04-18 15:43:12,587:MySQL_Database.py#L305:INFO]: Workload olap_workloads/tpch_206.wg executed successfully.
[2026-04-18 15:43:12,587:run_diverse_configs.py#L206:INFO]: Performance for config 9: 11.058046086470744
[2026-04-18 15:43:12,587:run_diverse_configs.py#L137:INFO]: Running config 10/10 for tpch_206
[2026-04-18 15:43:12,588:MySQL_Database.py#L253:INFO]: Transpiling workload from PostgreSQL to MySQL syntax...
[2026-04-18 15:43:12,623:MySQL_Database.py#L81:INFO]: MySQL knobs persisted to mysqld-auto.cnf. Restarting to apply...
[2026-04-18 15:43:12,623:MySQL_Database.py#L200:INFO]: Restarting MySQL service...
[2026-04-18 15:43:20,663:MySQL_Database.py#L210:INFO]: Waiting for MySQL to become available...
[2026-04-18 15:43:20,735:MySQL_Database.py#L228:INFO]: MySQL is back up! (Took 0.07s)
[2026-04-18 15:43:20,735:MySQL_Database.py#L32:INFO]: Closed old MySQL connection.
[2026-04-18 15:43:20,795:MySQL_Database.py#L278:INFO]: Executing transpiled workload olap_workloads/tpch_206.wg (19 queries)...
[2026-04-18 15:46:52,127:MySQL_Database.py#L305:INFO]: Workload olap_workloads/tpch_206.wg executed successfully.
[2026-04-18 15:46:52,128:run_diverse_configs.py#L206:INFO]: Performance for config 10: 11.122722371554884
[2026-04-18 15:46:52,128:run_diverse_configs.py#L129:INFO]: Running 10 configs for tpch_148
[2026-04-18 15:46:52,128:run_diverse_configs.py#L137:INFO]: Running config 1/10 for tpch_148
[2026-04-18 15:46:52,134:MySQL_Database.py#L253:INFO]: Transpiling workload from PostgreSQL to MySQL syntax...
[2026-04-18 15:46:52,165:MySQL_Database.py#L81:INFO]: MySQL knobs persisted to mysqld-auto.cnf. Restarting to apply...
[2026-04-18 15:46:52,165:MySQL_Database.py#L200:INFO]: Restarting MySQL service...
[2026-04-18 15:47:00,154:MySQL_Database.py#L210:INFO]: Waiting for MySQL to become available...
[2026-04-18 15:47:00,219:MySQL_Database.py#L228:INFO]: MySQL is back up! (Took 0.06s)
[2026-04-18 15:47:00,219:MySQL_Database.py#L32:INFO]: Closed old MySQL connection.
[2026-04-18 15:47:00,280:MySQL_Database.py#L278:INFO]: Executing transpiled workload olap_workloads/tpch_148.wg (13 queries)...
[2026-04-18 15:49:41,101:MySQL_Database.py#L305:INFO]: Workload olap_workloads/tpch_148.wg executed successfully.
[2026-04-18 15:49:41,101:run_diverse_configs.py#L206:INFO]: Performance for config 1: 12.37080971413077
[2026-04-18 15:49:41,102:run_diverse_configs.py#L137:INFO]: Running config 2/10 for tpch_148
[2026-04-18 15:49:41,102:MySQL_Database.py#L253:INFO]: Transpiling workload from PostgreSQL to MySQL syntax...
[2026-04-18 15:49:41,133:MySQL_Database.py#L81:INFO]: MySQL knobs persisted to mysqld-auto.cnf. Restarting to apply...
[2026-04-18 15:49:41,133:MySQL_Database.py#L200:INFO]: Restarting MySQL service...
[2026-04-18 15:49:49,624:MySQL_Database.py#L210:INFO]: Waiting for MySQL to become available...
[2026-04-18 15:49:49,687:MySQL_Database.py#L228:INFO]: MySQL is back up! (Took 0.06s)
[2026-04-18 15:49:49,688:MySQL_Database.py#L32:INFO]: Closed old MySQL connection.
[2026-04-18 15:49:49,749:MySQL_Database.py#L278:INFO]: Executing transpiled workload olap_workloads/tpch_148.wg (13 queries)...
[2026-04-18 15:52:30,877:MySQL_Database.py#L305:INFO]: Workload olap_workloads/tpch_148.wg executed successfully.
[2026-04-18 15:52:30,877:run_diverse_configs.py#L206:INFO]: Performance for config 2: 12.394404023133506
[2026-04-18 15:52:30,877:run_diverse_configs.py#L137:INFO]: Running config 3/10 for tpch_148
[2026-04-18 15:52:30,878:MySQL_Database.py#L253:INFO]: Transpiling workload from PostgreSQL to MySQL syntax...
[2026-04-18 15:52:30,907:MySQL_Database.py#L81:INFO]: MySQL knobs persisted to mysqld-auto.cnf. Restarting to apply...
[2026-04-18 15:52:30,907:MySQL_Database.py#L200:INFO]: Restarting MySQL service...
[2026-04-18 15:52:38,997:MySQL_Database.py#L210:INFO]: Waiting for MySQL to become available...
[2026-04-18 15:52:39,061:MySQL_Database.py#L228:INFO]: MySQL is back up! (Took 0.06s)
[2026-04-18 15:52:39,061:MySQL_Database.py#L32:INFO]: Closed old MySQL connection.
[2026-04-18 15:52:39,122:MySQL_Database.py#L278:INFO]: Executing transpiled workload olap_workloads/tpch_148.wg (13 queries)...
[2026-04-18 15:55:18,864:MySQL_Database.py#L305:INFO]: Workload olap_workloads/tpch_148.wg executed successfully.
[2026-04-18 15:55:18,864:run_diverse_configs.py#L206:INFO]: Performance for config 3: 12.287814306668364
[2026-04-18 15:55:18,865:run_diverse_configs.py#L137:INFO]: Running config 4/10 for tpch_148
[2026-04-18 15:55:18,865:MySQL_Database.py#L253:INFO]: Transpiling workload from PostgreSQL to MySQL syntax...
[2026-04-18 15:55:18,898:MySQL_Database.py#L81:INFO]: MySQL knobs persisted to mysqld-auto.cnf. Restarting to apply...
[2026-04-18 15:55:18,898:MySQL_Database.py#L200:INFO]: Restarting MySQL service...
[2026-04-18 15:55:27,199:MySQL_Database.py#L210:INFO]: Waiting for MySQL to become available...
[2026-04-18 15:55:27,265:MySQL_Database.py#L228:INFO]: MySQL is back up! (Took 0.07s)
[2026-04-18 15:55:27,265:MySQL_Database.py#L32:INFO]: Closed old MySQL connection.
[2026-04-18 15:55:27,363:MySQL_Database.py#L278:INFO]: Executing transpiled workload olap_workloads/tpch_148.wg (13 queries)...
[2026-04-18 15:58:07,145:MySQL_Database.py#L305:INFO]: Workload olap_workloads/tpch_148.wg executed successfully.
[2026-04-18 15:58:07,145:run_diverse_configs.py#L206:INFO]: Performance for config 4: 12.290841927536977
[2026-04-18 15:58:07,145:run_diverse_configs.py#L137:INFO]: Running config 5/10 for tpch_148
[2026-04-18 15:58:07,146:MySQL_Database.py#L253:INFO]: Transpiling workload from PostgreSQL to MySQL syntax...
[2026-04-18 15:58:07,179:MySQL_Database.py#L81:INFO]: MySQL knobs persisted to mysqld-auto.cnf. Restarting to apply...
[2026-04-18 15:58:07,179:MySQL_Database.py#L200:INFO]: Restarting MySQL service...
[2026-04-18 15:58:15,774:MySQL_Database.py#L210:INFO]: Waiting for MySQL to become available...
[2026-04-18 15:58:15,892:MySQL_Database.py#L228:INFO]: MySQL is back up! (Took 0.12s)
[2026-04-18 15:58:15,892:MySQL_Database.py#L32:INFO]: Closed old MySQL connection.
[2026-04-18 15:58:16,014:MySQL_Database.py#L278:INFO]: Executing transpiled workload olap_workloads/tpch_148.wg (13 queries)...
[2026-04-18 16:00:53,882:MySQL_Database.py#L305:INFO]: Workload olap_workloads/tpch_148.wg executed successfully.
[2026-04-18 16:00:53,883:run_diverse_configs.py#L206:INFO]: Performance for config 5: 12.14367849784545
[2026-04-18 16:00:53,883:run_diverse_configs.py#L137:INFO]: Running config 6/10 for tpch_148
[2026-04-18 16:00:53,883:MySQL_Database.py#L253:INFO]: Transpiling workload from PostgreSQL to MySQL syntax...
[2026-04-18 16:00:53,919:MySQL_Database.py#L81:INFO]: MySQL knobs persisted to mysqld-auto.cnf. Restarting to apply...
[2026-04-18 16:00:53,919:MySQL_Database.py#L200:INFO]: Restarting MySQL service...
[2026-04-18 16:01:02,161:MySQL_Database.py#L210:INFO]: Waiting for MySQL to become available...
[2026-04-18 16:01:02,227:MySQL_Database.py#L228:INFO]: MySQL is back up! (Took 0.07s)
[2026-04-18 16:01:02,227:MySQL_Database.py#L32:INFO]: Closed old MySQL connection.
[2026-04-18 16:01:02,288:MySQL_Database.py#L278:INFO]: Executing transpiled workload olap_workloads/tpch_148.wg (13 queries)...
[2026-04-18 16:03:42,958:MySQL_Database.py#L305:INFO]: Workload olap_workloads/tpch_148.wg executed successfully.
[2026-04-18 16:03:42,959:run_diverse_configs.py#L206:INFO]: Performance for config 6: 12.359185113105923
[2026-04-18 16:03:42,959:run_diverse_configs.py#L137:INFO]: Running config 7/10 for tpch_148
[2026-04-18 16:03:42,959:MySQL_Database.py#L253:INFO]: Transpiling workload from PostgreSQL to MySQL syntax...
[2026-04-18 16:03:42,993:MySQL_Database.py#L81:INFO]: MySQL knobs persisted to mysqld-auto.cnf. Restarting to apply...
[2026-04-18 16:03:42,993:MySQL_Database.py#L200:INFO]: Restarting MySQL service...
[2026-04-18 16:03:51,540:MySQL_Database.py#L210:INFO]: Waiting for MySQL to become available...
[2026-04-18 16:03:51,650:MySQL_Database.py#L228:INFO]: MySQL is back up! (Took 0.11s)
[2026-04-18 16:03:51,650:MySQL_Database.py#L32:INFO]: Closed old MySQL connection.
[2026-04-18 16:03:51,751:MySQL_Database.py#L278:INFO]: Executing transpiled workload olap_workloads/tpch_148.wg (13 queries)...
[2026-04-18 16:06:31,690:MySQL_Database.py#L305:INFO]: Workload olap_workloads/tpch_148.wg executed successfully.
[2026-04-18 16:06:31,691:run_diverse_configs.py#L206:INFO]: Performance for config 7: 12.302947665385615
[2026-04-18 16:06:31,691:run_diverse_configs.py#L137:INFO]: Running config 8/10 for tpch_148
[2026-04-18 16:06:31,691:MySQL_Database.py#L253:INFO]: Transpiling workload from PostgreSQL to MySQL syntax...
[2026-04-18 16:06:31,727:MySQL_Database.py#L81:INFO]: MySQL knobs persisted to mysqld-auto.cnf. Restarting to apply...
[2026-04-18 16:06:31,727:MySQL_Database.py#L200:INFO]: Restarting MySQL service...
[2026-04-18 16:06:40,018:MySQL_Database.py#L210:INFO]: Waiting for MySQL to become available...
[2026-04-18 16:06:40,131:MySQL_Database.py#L228:INFO]: MySQL is back up! (Took 0.11s)
[2026-04-18 16:06:40,131:MySQL_Database.py#L32:INFO]: Closed old MySQL connection.
[2026-04-18 16:06:40,253:MySQL_Database.py#L278:INFO]: Executing transpiled workload olap_workloads/tpch_148.wg (13 queries)...
[2026-04-18 16:09:21,046:MySQL_Database.py#L305:INFO]: Workload olap_workloads/tpch_148.wg executed successfully.
[2026-04-18 16:09:21,046:run_diverse_configs.py#L206:INFO]: Performance for config 8: 12.368646146084826
[2026-04-18 16:09:21,046:run_diverse_configs.py#L137:INFO]: Running config 9/10 for tpch_148
[2026-04-18 16:09:21,047:MySQL_Database.py#L253:INFO]: Transpiling workload from PostgreSQL to MySQL syntax...
[2026-04-18 16:09:21,075:MySQL_Database.py#L81:INFO]: MySQL knobs persisted to mysqld-auto.cnf. Restarting to apply...
[2026-04-18 16:09:21,076:MySQL_Database.py#L200:INFO]: Restarting MySQL service...
[2026-04-18 16:09:29,517:MySQL_Database.py#L210:INFO]: Waiting for MySQL to become available...
[2026-04-18 16:09:29,646:MySQL_Database.py#L228:INFO]: MySQL is back up! (Took 0.13s)
[2026-04-18 16:09:29,646:MySQL_Database.py#L32:INFO]: Closed old MySQL connection.
[2026-04-18 16:09:29,768:MySQL_Database.py#L278:INFO]: Executing transpiled workload olap_workloads/tpch_148.wg (13 queries)...
[2026-04-18 16:12:09,548:MySQL_Database.py#L305:INFO]: Workload olap_workloads/tpch_148.wg executed successfully.
[2026-04-18 16:12:09,548:run_diverse_configs.py#L206:INFO]: Performance for config 9: 12.290744067850309
[2026-04-18 16:12:09,549:run_diverse_configs.py#L137:INFO]: Running config 10/10 for tpch_148
[2026-04-18 16:12:09,549:MySQL_Database.py#L253:INFO]: Transpiling workload from PostgreSQL to MySQL syntax...
[2026-04-18 16:12:09,586:MySQL_Database.py#L81:INFO]: MySQL knobs persisted to mysqld-auto.cnf. Restarting to apply...
[2026-04-18 16:12:09,586:MySQL_Database.py#L200:INFO]: Restarting MySQL service...
[2026-04-18 16:12:18,033:MySQL_Database.py#L210:INFO]: Waiting for MySQL to become available...
[2026-04-18 16:12:18,157:MySQL_Database.py#L228:INFO]: MySQL is back up! (Took 0.12s)
[2026-04-18 16:12:18,157:MySQL_Database.py#L32:INFO]: Closed old MySQL connection.
[2026-04-18 16:12:18,278:MySQL_Database.py#L278:INFO]: Executing transpiled workload olap_workloads/tpch_148.wg (13 queries)...
[2026-04-18 16:14:58,917:MySQL_Database.py#L305:INFO]: Workload olap_workloads/tpch_148.wg executed successfully.
[2026-04-18 16:14:58,917:run_diverse_configs.py#L206:INFO]: Performance for config 10: 12.356746230560999
[2026-04-18 16:14:58,917:run_diverse_configs.py#L129:INFO]: Running 10 configs for tpch_27
[2026-04-18 16:14:58,917:run_diverse_configs.py#L137:INFO]: Running config 1/10 for tpch_27
[2026-04-18 16:14:58,924:MySQL_Database.py#L253:INFO]: Transpiling workload from PostgreSQL to MySQL syntax...
[2026-04-18 16:14:58,952:MySQL_Database.py#L81:INFO]: MySQL knobs persisted to mysqld-auto.cnf. Restarting to apply...
[2026-04-18 16:14:58,952:MySQL_Database.py#L200:INFO]: Restarting MySQL service...
[2026-04-18 16:15:07,497:MySQL_Database.py#L210:INFO]: Waiting for MySQL to become available...
[2026-04-18 16:15:07,616:MySQL_Database.py#L228:INFO]: MySQL is back up! (Took 0.12s)
[2026-04-18 16:15:07,617:MySQL_Database.py#L32:INFO]: Closed old MySQL connection.
[2026-04-18 16:15:07,722:MySQL_Database.py#L278:INFO]: Executing transpiled workload olap_workloads/tpch_27.wg (14 queries)...
[2026-04-18 16:18:32,107:MySQL_Database.py#L305:INFO]: Workload olap_workloads/tpch_27.wg executed successfully.
[2026-04-18 16:18:32,107:run_diverse_configs.py#L206:INFO]: Performance for config 1: 14.598893510310777
[2026-04-18 16:18:32,108:run_diverse_configs.py#L137:INFO]: Running config 2/10 for tpch_27
[2026-04-18 16:18:32,108:MySQL_Database.py#L253:INFO]: Transpiling workload from PostgreSQL to MySQL syntax...
[2026-04-18 16:18:32,141:MySQL_Database.py#L81:INFO]: MySQL knobs persisted to mysqld-auto.cnf. Restarting to apply...
[2026-04-18 16:18:32,141:MySQL_Database.py#L200:INFO]: Restarting MySQL service...
[2026-04-18 16:18:39,929:MySQL_Database.py#L210:INFO]: Waiting for MySQL to become available...
[2026-04-18 16:18:39,997:MySQL_Database.py#L228:INFO]: MySQL is back up! (Took 0.07s)
[2026-04-18 16:18:39,997:MySQL_Database.py#L32:INFO]: Closed old MySQL connection.
[2026-04-18 16:18:40,113:MySQL_Database.py#L278:INFO]: Executing transpiled workload olap_workloads/tpch_27.wg (14 queries)...
[2026-04-18 16:22:05,217:MySQL_Database.py#L305:INFO]: Workload olap_workloads/tpch_27.wg executed successfully.
[2026-04-18 16:22:05,217:run_diverse_configs.py#L206:INFO]: Performance for config 2: 14.650249809991303
[2026-04-18 16:22:05,217:run_diverse_configs.py#L137:INFO]: Running config 3/10 for tpch_27
[2026-04-18 16:22:05,218:MySQL_Database.py#L253:INFO]: Transpiling workload from PostgreSQL to MySQL syntax...
[2026-04-18 16:22:05,250:MySQL_Database.py#L81:INFO]: MySQL knobs persisted to mysqld-auto.cnf. Restarting to apply...
[2026-04-18 16:22:05,250:MySQL_Database.py#L200:INFO]: Restarting MySQL service...
[2026-04-18 16:22:13,491:MySQL_Database.py#L210:INFO]: Waiting for MySQL to become available...
[2026-04-18 16:22:13,555:MySQL_Database.py#L228:INFO]: MySQL is back up! (Took 0.06s)
[2026-04-18 16:22:13,555:MySQL_Database.py#L32:INFO]: Closed old MySQL connection.
[2026-04-18 16:22:13,616:MySQL_Database.py#L278:INFO]: Executing transpiled workload olap_workloads/tpch_27.wg (14 queries)...
[2026-04-18 16:25:38,525:MySQL_Database.py#L305:INFO]: Workload olap_workloads/tpch_27.wg executed successfully.
[2026-04-18 16:25:38,525:run_diverse_configs.py#L206:INFO]: Performance for config 3: 14.63633558656355
[2026-04-18 16:25:38,525:run_diverse_configs.py#L137:INFO]: Running config 4/10 for tpch_27
[2026-04-18 16:25:38,526:MySQL_Database.py#L253:INFO]: Transpiling workload from PostgreSQL to MySQL syntax...
[2026-04-18 16:25:38,560:MySQL_Database.py#L81:INFO]: MySQL knobs persisted to mysqld-auto.cnf. Restarting to apply...
[2026-04-18 16:25:38,560:MySQL_Database.py#L200:INFO]: Restarting MySQL service...
[2026-04-18 16:25:46,904:MySQL_Database.py#L210:INFO]: Waiting for MySQL to become available...
[2026-04-18 16:25:46,978:MySQL_Database.py#L228:INFO]: MySQL is back up! (Took 0.07s)
[2026-04-18 16:25:46,978:MySQL_Database.py#L32:INFO]: Closed old MySQL connection.
[2026-04-18 16:25:47,045:MySQL_Database.py#L278:INFO]: Executing transpiled workload olap_workloads/tpch_27.wg (14 queries)...
[2026-04-18 16:29:13,434:MySQL_Database.py#L305:INFO]: Workload olap_workloads/tpch_27.wg executed successfully.
[2026-04-18 16:29:13,434:run_diverse_configs.py#L206:INFO]: Performance for config 4: 14.742035120060402
[2026-04-18 16:29:13,434:run_diverse_configs.py#L137:INFO]: Running config 5/10 for tpch_27
[2026-04-18 16:29:13,435:MySQL_Database.py#L253:INFO]: Transpiling workload from PostgreSQL to MySQL syntax...
[2026-04-18 16:29:13,464:MySQL_Database.py#L81:INFO]: MySQL knobs persisted to mysqld-auto.cnf. Restarting to apply...
[2026-04-18 16:29:13,464:MySQL_Database.py#L200:INFO]: Restarting MySQL service...
[2026-04-18 16:29:21,361:MySQL_Database.py#L210:INFO]: Waiting for MySQL to become available...
[2026-04-18 16:29:21,426:MySQL_Database.py#L228:INFO]: MySQL is back up! (Took 0.06s)
[2026-04-18 16:29:21,426:MySQL_Database.py#L32:INFO]: Closed old MySQL connection.
[2026-04-18 16:29:21,488:MySQL_Database.py#L278:INFO]: Executing transpiled workload olap_workloads/tpch_27.wg (14 queries)...
[2026-04-18 16:32:46,392:MySQL_Database.py#L305:INFO]: Workload olap_workloads/tpch_27.wg executed successfully.
[2026-04-18 16:32:46,392:run_diverse_configs.py#L206:INFO]: Performance for config 5: 14.635925900523684
[2026-04-18 16:32:46,392:run_diverse_configs.py#L137:INFO]: Running config 6/10 for tpch_27
[2026-04-18 16:32:46,392:MySQL_Database.py#L253:INFO]: Transpiling workload from PostgreSQL to MySQL syntax...
[2026-04-18 16:32:46,425:MySQL_Database.py#L81:INFO]: MySQL knobs persisted to mysqld-auto.cnf. Restarting to apply...
[2026-04-18 16:32:46,425:MySQL_Database.py#L200:INFO]: Restarting MySQL service...
[2026-04-18 16:32:54,769:MySQL_Database.py#L210:INFO]: Waiting for MySQL to become available...
[2026-04-18 16:32:54,833:MySQL_Database.py#L228:INFO]: MySQL is back up! (Took 0.06s)
[2026-04-18 16:32:54,834:MySQL_Database.py#L32:INFO]: Closed old MySQL connection.
[2026-04-18 16:32:54,899:MySQL_Database.py#L278:INFO]: Executing transpiled workload olap_workloads/tpch_27.wg (14 queries)...
[2026-04-18 16:36:21,324:MySQL_Database.py#L305:INFO]: Workload olap_workloads/tpch_27.wg executed successfully.
[2026-04-18 16:36:21,324:run_diverse_configs.py#L206:INFO]: Performance for config 6: 14.744579552007574
[2026-04-18 16:36:21,324:run_diverse_configs.py#L137:INFO]: Running config 7/10 for tpch_27
[2026-04-18 16:36:21,325:MySQL_Database.py#L253:INFO]: Transpiling workload from PostgreSQL to MySQL syntax...
[2026-04-18 16:36:21,363:MySQL_Database.py#L81:INFO]: MySQL knobs persisted to mysqld-auto.cnf. Restarting to apply...
[2026-04-18 16:36:21,363:MySQL_Database.py#L200:INFO]: Restarting MySQL service...
[2026-04-18 16:36:29,204:MySQL_Database.py#L210:INFO]: Waiting for MySQL to become available...
[2026-04-18 16:36:29,268:MySQL_Database.py#L228:INFO]: MySQL is back up! (Took 0.06s)
[2026-04-18 16:36:29,268:MySQL_Database.py#L32:INFO]: Closed old MySQL connection.
[2026-04-18 16:36:29,330:MySQL_Database.py#L278:INFO]: Executing transpiled workload olap_workloads/tpch_27.wg (14 queries)...
[2026-04-18 16:39:53,853:MySQL_Database.py#L305:INFO]: Workload olap_workloads/tpch_27.wg executed successfully.
[2026-04-18 16:39:53,853:run_diverse_configs.py#L206:INFO]: Performance for config 7: 14.608739739649796
[2026-04-18 16:39:53,853:run_diverse_configs.py#L137:INFO]: Running config 8/10 for tpch_27
[2026-04-18 16:39:53,853:MySQL_Database.py#L253:INFO]: Transpiling workload from PostgreSQL to MySQL syntax...
[2026-04-18 16:39:53,886:MySQL_Database.py#L81:INFO]: MySQL knobs persisted to mysqld-auto.cnf. Restarting to apply...
[2026-04-18 16:39:53,886:MySQL_Database.py#L200:INFO]: Restarting MySQL service...
[2026-04-18 16:40:02,635:MySQL_Database.py#L210:INFO]: Waiting for MySQL to become available...
[2026-04-18 16:40:02,700:MySQL_Database.py#L228:INFO]: MySQL is back up! (Took 0.07s)
[2026-04-18 16:40:02,700:MySQL_Database.py#L32:INFO]: Closed old MySQL connection.
[2026-04-18 16:40:02,761:MySQL_Database.py#L278:INFO]: Executing transpiled workload olap_workloads/tpch_27.wg (14 queries)...
[2026-04-18 16:43:29,040:MySQL_Database.py#L305:INFO]: Workload olap_workloads/tpch_27.wg executed successfully.
[2026-04-18 16:43:29,040:run_diverse_configs.py#L206:INFO]: Performance for config 8: 14.734167289521013
[2026-04-18 16:43:29,040:run_diverse_configs.py#L137:INFO]: Running config 9/10 for tpch_27
[2026-04-18 16:43:29,041:MySQL_Database.py#L253:INFO]: Transpiling workload from PostgreSQL to MySQL syntax...
[2026-04-18 16:43:29,074:MySQL_Database.py#L81:INFO]: MySQL knobs persisted to mysqld-auto.cnf. Restarting to apply...
[2026-04-18 16:43:29,075:MySQL_Database.py#L200:INFO]: Restarting MySQL service...
[2026-04-18 16:43:37,166:MySQL_Database.py#L210:INFO]: Waiting for MySQL to become available...
[2026-04-18 16:43:37,239:MySQL_Database.py#L228:INFO]: MySQL is back up! (Took 0.07s)
[2026-04-18 16:43:37,240:MySQL_Database.py#L32:INFO]: Closed old MySQL connection.
[2026-04-18 16:43:37,301:MySQL_Database.py#L278:INFO]: Executing transpiled workload olap_workloads/tpch_27.wg (14 queries)...
[2026-04-18 16:47:02,673:MySQL_Database.py#L305:INFO]: Workload olap_workloads/tpch_27.wg executed successfully.
[2026-04-18 16:47:02,674:run_diverse_configs.py#L206:INFO]: Performance for config 9: 14.66945007706194
[2026-04-18 16:47:02,674:run_diverse_configs.py#L137:INFO]: Running config 10/10 for tpch_27
[2026-04-18 16:47:02,674:MySQL_Database.py#L253:INFO]: Transpiling workload from PostgreSQL to MySQL syntax...
[2026-04-18 16:47:02,707:MySQL_Database.py#L81:INFO]: MySQL knobs persisted to mysqld-auto.cnf. Restarting to apply...
[2026-04-18 16:47:02,707:MySQL_Database.py#L200:INFO]: Restarting MySQL service...
[2026-04-18 16:47:10,501:MySQL_Database.py#L210:INFO]: Waiting for MySQL to become available...
[2026-04-18 16:47:10,567:MySQL_Database.py#L228:INFO]: MySQL is back up! (Took 0.07s)
[2026-04-18 16:47:10,567:MySQL_Database.py#L32:INFO]: Closed old MySQL connection.
[2026-04-18 16:47:10,628:MySQL_Database.py#L278:INFO]: Executing transpiled workload olap_workloads/tpch_27.wg (14 queries)...
[2026-04-18 16:50:37,012:MySQL_Database.py#L305:INFO]: Workload olap_workloads/tpch_27.wg executed successfully.
[2026-04-18 16:50:37,012:run_diverse_configs.py#L206:INFO]: Performance for config 10: 14.741674469351503
[2026-04-18 16:50:37,013:run_diverse_configs.py#L129:INFO]: Running 10 configs for tpch_140
[2026-04-18 16:50:37,013:run_diverse_configs.py#L137:INFO]: Running config 1/10 for tpch_140
[2026-04-18 16:50:37,019:MySQL_Database.py#L253:INFO]: Transpiling workload from PostgreSQL to MySQL syntax...
[2026-04-18 16:50:37,051:MySQL_Database.py#L81:INFO]: MySQL knobs persisted to mysqld-auto.cnf. Restarting to apply...
[2026-04-18 16:50:37,051:MySQL_Database.py#L200:INFO]: Restarting MySQL service...
[2026-04-18 16:50:44,996:MySQL_Database.py#L210:INFO]: Waiting for MySQL to become available...
[2026-04-18 16:50:45,060:MySQL_Database.py#L228:INFO]: MySQL is back up! (Took 0.06s)
[2026-04-18 16:50:45,060:MySQL_Database.py#L32:INFO]: Closed old MySQL connection.
[2026-04-18 16:50:45,123:MySQL_Database.py#L278:INFO]: Executing transpiled workload olap_workloads/tpch_140.wg (15 queries)...
[2026-04-18 16:51:44,620:MySQL_Database.py#L305:INFO]: Workload olap_workloads/tpch_140.wg executed successfully.
[2026-04-18 16:51:44,620:run_diverse_configs.py#L206:INFO]: Performance for config 1: 3.9664486540481447
[2026-04-18 16:51:44,620:run_diverse_configs.py#L137:INFO]: Running config 2/10 for tpch_140
[2026-04-18 16:51:44,621:MySQL_Database.py#L253:INFO]: Transpiling workload from PostgreSQL to MySQL syntax...
[2026-04-18 16:51:44,653:MySQL_Database.py#L81:INFO]: MySQL knobs persisted to mysqld-auto.cnf. Restarting to apply...
[2026-04-18 16:51:44,653:MySQL_Database.py#L200:INFO]: Restarting MySQL service...
[2026-04-18 16:51:53,402:MySQL_Database.py#L210:INFO]: Waiting for MySQL to become available...
[2026-04-18 16:51:53,474:MySQL_Database.py#L228:INFO]: MySQL is back up! (Took 0.07s)
[2026-04-18 16:51:53,474:MySQL_Database.py#L32:INFO]: Closed old MySQL connection.
[2026-04-18 16:51:53,593:MySQL_Database.py#L278:INFO]: Executing transpiled workload olap_workloads/tpch_140.wg (15 queries)...
[2026-04-18 16:52:52,077:MySQL_Database.py#L305:INFO]: Workload olap_workloads/tpch_140.wg executed successfully.
[2026-04-18 16:52:52,077:run_diverse_configs.py#L206:INFO]: Performance for config 2: 3.8989046511861187
[2026-04-18 16:52:52,078:run_diverse_configs.py#L137:INFO]: Running config 3/10 for tpch_140
[2026-04-18 16:52:52,078:MySQL_Database.py#L253:INFO]: Transpiling workload from PostgreSQL to MySQL syntax...
[2026-04-18 16:52:52,110:MySQL_Database.py#L81:INFO]: MySQL knobs persisted to mysqld-auto.cnf. Restarting to apply...
[2026-04-18 16:52:52,110:MySQL_Database.py#L200:INFO]: Restarting MySQL service...
[2026-04-18 16:53:00,755:MySQL_Database.py#L210:INFO]: Waiting for MySQL to become available...
[2026-04-18 16:53:00,821:MySQL_Database.py#L228:INFO]: MySQL is back up! (Took 0.07s)
[2026-04-18 16:53:00,821:MySQL_Database.py#L32:INFO]: Closed old MySQL connection.
[2026-04-18 16:53:00,882:MySQL_Database.py#L278:INFO]: Executing transpiled workload olap_workloads/tpch_140.wg (15 queries)...
[2026-04-18 16:54:00,458:MySQL_Database.py#L305:INFO]: Workload olap_workloads/tpch_140.wg executed successfully.
[2026-04-18 16:54:00,458:run_diverse_configs.py#L206:INFO]: Performance for config 3: 3.971707174523423
[2026-04-18 16:54:00,458:run_diverse_configs.py#L137:INFO]: Running config 4/10 for tpch_140
[2026-04-18 16:54:00,459:MySQL_Database.py#L253:INFO]: Transpiling workload from PostgreSQL to MySQL syntax...
[2026-04-18 16:54:00,491:MySQL_Database.py#L81:INFO]: MySQL knobs persisted to mysqld-auto.cnf. Restarting to apply...
[2026-04-18 16:54:00,491:MySQL_Database.py#L200:INFO]: Restarting MySQL service...
[2026-04-18 16:54:09,244:MySQL_Database.py#L210:INFO]: Waiting for MySQL to become available...
[2026-04-18 16:54:09,310:MySQL_Database.py#L228:INFO]: MySQL is back up! (Took 0.07s)
[2026-04-18 16:54:09,310:MySQL_Database.py#L32:INFO]: Closed old MySQL connection.
[2026-04-18 16:54:09,371:MySQL_Database.py#L278:INFO]: Executing transpiled workload olap_workloads/tpch_140.wg (15 queries)...
[2026-04-18 16:55:08,845:MySQL_Database.py#L305:INFO]: Workload olap_workloads/tpch_140.wg executed successfully.
[2026-04-18 16:55:08,845:run_diverse_configs.py#L206:INFO]: Performance for config 4: 3.964855081991603
[2026-04-18 16:55:08,845:run_diverse_configs.py#L137:INFO]: Running config 5/10 for tpch_140
[2026-04-18 16:55:08,846:MySQL_Database.py#L253:INFO]: Transpiling workload from PostgreSQL to MySQL syntax...
[2026-04-18 16:55:08,878:MySQL_Database.py#L81:INFO]: MySQL knobs persisted to mysqld-auto.cnf. Restarting to apply...
[2026-04-18 16:55:08,878:MySQL_Database.py#L200:INFO]: Restarting MySQL service...
[2026-04-18 16:55:16,718:MySQL_Database.py#L210:INFO]: Waiting for MySQL to become available...
[2026-04-18 16:55:16,789:MySQL_Database.py#L228:INFO]: MySQL is back up! (Took 0.07s)
[2026-04-18 16:55:16,789:MySQL_Database.py#L32:INFO]: Closed old MySQL connection.
[2026-04-18 16:55:16,850:MySQL_Database.py#L278:INFO]: Executing transpiled workload olap_workloads/tpch_140.wg (15 queries)...
[2026-04-18 16:56:15,981:MySQL_Database.py#L305:INFO]: Workload olap_workloads/tpch_140.wg executed successfully.
[2026-04-18 16:56:15,981:run_diverse_configs.py#L206:INFO]: Performance for config 5: 3.9419953835507235
[2026-04-18 16:56:15,981:run_diverse_configs.py#L137:INFO]: Running config 6/10 for tpch_140
[2026-04-18 16:56:15,981:MySQL_Database.py#L253:INFO]: Transpiling workload from PostgreSQL to MySQL syntax...
[2026-04-18 16:56:16,016:MySQL_Database.py#L81:INFO]: MySQL knobs persisted to mysqld-auto.cnf. Restarting to apply...
[2026-04-18 16:56:16,016:MySQL_Database.py#L200:INFO]: Restarting MySQL service...
[2026-04-18 16:56:24,107:MySQL_Database.py#L210:INFO]: Waiting for MySQL to become available...
[2026-04-18 16:56:24,174:MySQL_Database.py#L228:INFO]: MySQL is back up! (Took 0.07s)
[2026-04-18 16:56:24,174:MySQL_Database.py#L32:INFO]: Closed old MySQL connection.
[2026-04-18 16:56:24,234:MySQL_Database.py#L278:INFO]: Executing transpiled workload olap_workloads/tpch_140.wg (15 queries)...
[2026-04-18 16:57:23,699:MySQL_Database.py#L305:INFO]: Workload olap_workloads/tpch_140.wg executed successfully.
[2026-04-18 16:57:23,699:run_diverse_configs.py#L206:INFO]: Performance for config 6: 3.964245485793799
[2026-04-18 16:57:23,699:run_diverse_configs.py#L137:INFO]: Running config 7/10 for tpch_140
[2026-04-18 16:57:23,700:MySQL_Database.py#L253:INFO]: Transpiling workload from PostgreSQL to MySQL syntax...
[2026-04-18 16:57:23,726:MySQL_Database.py#L81:INFO]: MySQL knobs persisted to mysqld-auto.cnf. Restarting to apply...
[2026-04-18 16:57:23,726:MySQL_Database.py#L200:INFO]: Restarting MySQL service...
[2026-04-18 16:57:31,567:MySQL_Database.py#L210:INFO]: Waiting for MySQL to become available...
[2026-04-18 16:57:31,631:MySQL_Database.py#L228:INFO]: MySQL is back up! (Took 0.06s)
[2026-04-18 16:57:31,632:MySQL_Database.py#L32:INFO]: Closed old MySQL connection.
[2026-04-18 16:57:31,692:MySQL_Database.py#L278:INFO]: Executing transpiled workload olap_workloads/tpch_140.wg (15 queries)...
[2026-04-18 16:58:31,332:MySQL_Database.py#L305:INFO]: Workload olap_workloads/tpch_140.wg executed successfully.
[2026-04-18 16:58:31,332:run_diverse_configs.py#L206:INFO]: Performance for config 7: 3.9759585042794545
[2026-04-18 16:58:31,333:run_diverse_configs.py#L137:INFO]: Running config 8/10 for tpch_140
[2026-04-18 16:58:31,333:MySQL_Database.py#L253:INFO]: Transpiling workload from PostgreSQL to MySQL syntax...
[2026-04-18 16:58:31,365:MySQL_Database.py#L81:INFO]: MySQL knobs persisted to mysqld-auto.cnf. Restarting to apply...
[2026-04-18 16:58:31,365:MySQL_Database.py#L200:INFO]: Restarting MySQL service...
[2026-04-18 16:58:40,107:MySQL_Database.py#L210:INFO]: Waiting for MySQL to become available...
[2026-04-18 16:58:40,224:MySQL_Database.py#L228:INFO]: MySQL is back up! (Took 0.12s)
[2026-04-18 16:58:40,225:MySQL_Database.py#L32:INFO]: Closed old MySQL connection.
[2026-04-18 16:58:40,345:MySQL_Database.py#L278:INFO]: Executing transpiled workload olap_workloads/tpch_140.wg (15 queries)...
[2026-04-18 16:59:40,353:MySQL_Database.py#L305:INFO]: Workload olap_workloads/tpch_140.wg executed successfully.
[2026-04-18 16:59:40,353:run_diverse_configs.py#L206:INFO]: Performance for config 8: 4.000435265277823
[2026-04-18 16:59:40,353:run_diverse_configs.py#L137:INFO]: Running config 9/10 for tpch_140
[2026-04-18 16:59:40,354:MySQL_Database.py#L253:INFO]: Transpiling workload from PostgreSQL to MySQL syntax...
[2026-04-18 16:59:40,393:MySQL_Database.py#L81:INFO]: MySQL knobs persisted to mysqld-auto.cnf. Restarting to apply...
[2026-04-18 16:59:40,393:MySQL_Database.py#L200:INFO]: Restarting MySQL service...
[2026-04-18 16:59:48,435:MySQL_Database.py#L210:INFO]: Waiting for MySQL to become available...
[2026-04-18 16:59:48,498:MySQL_Database.py#L228:INFO]: MySQL is back up! (Took 0.06s)
[2026-04-18 16:59:48,499:MySQL_Database.py#L32:INFO]: Closed old MySQL connection.
[2026-04-18 16:59:48,560:MySQL_Database.py#L278:INFO]: Executing transpiled workload olap_workloads/tpch_140.wg (15 queries)...
[2026-04-18 17:00:48,583:MySQL_Database.py#L305:INFO]: Workload olap_workloads/tpch_140.wg executed successfully.
[2026-04-18 17:00:48,584:run_diverse_configs.py#L206:INFO]: Performance for config 9: 4.001530245070656
[2026-04-18 17:00:48,584:run_diverse_configs.py#L137:INFO]: Running config 10/10 for tpch_140
[2026-04-18 17:00:48,584:MySQL_Database.py#L253:INFO]: Transpiling workload from PostgreSQL to MySQL syntax...
[2026-04-18 17:00:48,616:MySQL_Database.py#L81:INFO]: MySQL knobs persisted to mysqld-auto.cnf. Restarting to apply...
[2026-04-18 17:00:48,616:MySQL_Database.py#L200:INFO]: Restarting MySQL service...
[2026-04-18 17:00:56,910:MySQL_Database.py#L210:INFO]: Waiting for MySQL to become available...
[2026-04-18 17:00:56,974:MySQL_Database.py#L228:INFO]: MySQL is back up! (Took 0.06s)
[2026-04-18 17:00:56,974:MySQL_Database.py#L32:INFO]: Closed old MySQL connection.
[2026-04-18 17:00:57,035:MySQL_Database.py#L278:INFO]: Executing transpiled workload olap_workloads/tpch_140.wg (15 queries)...
[2026-04-18 17:01:55,812:MySQL_Database.py#L305:INFO]: Workload olap_workloads/tpch_140.wg executed successfully.
[2026-04-18 17:01:55,812:run_diverse_configs.py#L206:INFO]: Performance for config 10: 3.9184337458883722
[2026-04-18 17:01:55,813:run_diverse_configs.py#L129:INFO]: Running 10 configs for tpch_168
[2026-04-18 17:01:55,813:run_diverse_configs.py#L137:INFO]: Running config 1/10 for tpch_168
[2026-04-18 17:01:55,819:MySQL_Database.py#L253:INFO]: Transpiling workload from PostgreSQL to MySQL syntax...
[2026-04-18 17:01:55,846:MySQL_Database.py#L81:INFO]: MySQL knobs persisted to mysqld-auto.cnf. Restarting to apply...
[2026-04-18 17:01:55,846:MySQL_Database.py#L200:INFO]: Restarting MySQL service...
[2026-04-18 17:02:04,240:MySQL_Database.py#L210:INFO]: Waiting for MySQL to become available...
[2026-04-18 17:02:04,314:MySQL_Database.py#L228:INFO]: MySQL is back up! (Took 0.07s)
[2026-04-18 17:02:04,314:MySQL_Database.py#L32:INFO]: Closed old MySQL connection.
[2026-04-18 17:02:04,435:MySQL_Database.py#L278:INFO]: Executing transpiled workload olap_workloads/tpch_168.wg (2 queries)...
[2026-04-18 17:02:20,130:MySQL_Database.py#L305:INFO]: Workload olap_workloads/tpch_168.wg executed successfully.
[2026-04-18 17:02:20,130:run_diverse_configs.py#L206:INFO]: Performance for config 1: 7.847022018162534
[2026-04-18 17:02:20,130:run_diverse_configs.py#L137:INFO]: Running config 2/10 for tpch_168
[2026-04-18 17:02:20,130:MySQL_Database.py#L253:INFO]: Transpiling workload from PostgreSQL to MySQL syntax...
[2026-04-18 17:02:20,153:MySQL_Database.py#L81:INFO]: MySQL knobs persisted to mysqld-auto.cnf. Restarting to apply...
[2026-04-18 17:02:20,153:MySQL_Database.py#L200:INFO]: Restarting MySQL service...
[2026-04-18 17:02:28,750:MySQL_Database.py#L210:INFO]: Waiting for MySQL to become available...
[2026-04-18 17:02:28,879:MySQL_Database.py#L228:INFO]: MySQL is back up! (Took 0.13s)
[2026-04-18 17:02:28,879:MySQL_Database.py#L32:INFO]: Closed old MySQL connection.
[2026-04-18 17:02:28,940:MySQL_Database.py#L278:INFO]: Executing transpiled workload olap_workloads/tpch_168.wg (2 queries)...
[2026-04-18 17:02:43,594:MySQL_Database.py#L305:INFO]: Workload olap_workloads/tpch_168.wg executed successfully.
[2026-04-18 17:02:43,594:run_diverse_configs.py#L206:INFO]: Performance for config 2: 7.326793032465503
[2026-04-18 17:02:43,594:run_diverse_configs.py#L137:INFO]: Running config 3/10 for tpch_168
[2026-04-18 17:02:43,595:MySQL_Database.py#L253:INFO]: Transpiling workload from PostgreSQL to MySQL syntax...
[2026-04-18 17:02:43,613:MySQL_Database.py#L81:INFO]: MySQL knobs persisted to mysqld-auto.cnf. Restarting to apply...
[2026-04-18 17:02:43,613:MySQL_Database.py#L200:INFO]: Restarting MySQL service...
[2026-04-18 17:02:52,061:MySQL_Database.py#L210:INFO]: Waiting for MySQL to become available...
[2026-04-18 17:02:52,127:MySQL_Database.py#L228:INFO]: MySQL is back up! (Took 0.07s)
[2026-04-18 17:02:52,127:MySQL_Database.py#L32:INFO]: Closed old MySQL connection.
[2026-04-18 17:02:52,187:MySQL_Database.py#L278:INFO]: Executing transpiled workload olap_workloads/tpch_168.wg (2 queries)...
[2026-04-18 17:03:06,071:MySQL_Database.py#L305:INFO]: Workload olap_workloads/tpch_168.wg executed successfully.
[2026-04-18 17:03:06,071:run_diverse_configs.py#L206:INFO]: Performance for config 3: 6.941185588482767
[2026-04-18 17:03:06,071:run_diverse_configs.py#L137:INFO]: Running config 4/10 for tpch_168
[2026-04-18 17:03:06,071:MySQL_Database.py#L253:INFO]: Transpiling workload from PostgreSQL to MySQL syntax...
[2026-04-18 17:03:06,097:MySQL_Database.py#L81:INFO]: MySQL knobs persisted to mysqld-auto.cnf. Restarting to apply...
[2026-04-18 17:03:06,097:MySQL_Database.py#L200:INFO]: Restarting MySQL service...
[2026-04-18 17:03:14,542:MySQL_Database.py#L210:INFO]: Waiting for MySQL to become available...
[2026-04-18 17:03:14,620:MySQL_Database.py#L228:INFO]: MySQL is back up! (Took 0.08s)
[2026-04-18 17:03:14,621:MySQL_Database.py#L32:INFO]: Closed old MySQL connection.
[2026-04-18 17:03:14,681:MySQL_Database.py#L278:INFO]: Executing transpiled workload olap_workloads/tpch_168.wg (2 queries)...
[2026-04-18 17:03:29,906:MySQL_Database.py#L305:INFO]: Workload olap_workloads/tpch_168.wg executed successfully.
[2026-04-18 17:03:29,907:run_diverse_configs.py#L206:INFO]: Performance for config 4: 7.612424477003515
[2026-04-18 17:03:29,907:run_diverse_configs.py#L137:INFO]: Running config 5/10 for tpch_168
[2026-04-18 17:03:29,907:MySQL_Database.py#L253:INFO]: Transpiling workload from PostgreSQL to MySQL syntax...
[2026-04-18 17:03:29,931:MySQL_Database.py#L81:INFO]: MySQL knobs persisted to mysqld-auto.cnf. Restarting to apply...
[2026-04-18 17:03:29,931:MySQL_Database.py#L200:INFO]: Restarting MySQL service...
[2026-04-18 17:03:37,822:MySQL_Database.py#L210:INFO]: Waiting for MySQL to become available...
[2026-04-18 17:03:37,887:MySQL_Database.py#L228:INFO]: MySQL is back up! (Took 0.07s)
[2026-04-18 17:03:37,887:MySQL_Database.py#L32:INFO]: Closed old MySQL connection.
[2026-04-18 17:03:37,954:MySQL_Database.py#L278:INFO]: Executing transpiled workload olap_workloads/tpch_168.wg (2 queries)...
[2026-04-18 17:03:52,287:MySQL_Database.py#L305:INFO]: Workload olap_workloads/tpch_168.wg executed successfully.
[2026-04-18 17:03:52,287:run_diverse_configs.py#L206:INFO]: Performance for config 5: 7.166415872052312
[2026-04-18 17:03:52,287:run_diverse_configs.py#L137:INFO]: Running config 6/10 for tpch_168
[2026-04-18 17:03:52,288:MySQL_Database.py#L253:INFO]: Transpiling workload from PostgreSQL to MySQL syntax...
[2026-04-18 17:03:52,300:MySQL_Database.py#L81:INFO]: MySQL knobs persisted to mysqld-auto.cnf. Restarting to apply...
[2026-04-18 17:03:52,300:MySQL_Database.py#L200:INFO]: Restarting MySQL service...
[2026-04-18 17:04:00,241:MySQL_Database.py#L210:INFO]: Waiting for MySQL to become available...
[2026-04-18 17:04:00,306:MySQL_Database.py#L228:INFO]: MySQL is back up! (Took 0.06s)
[2026-04-18 17:04:00,306:MySQL_Database.py#L32:INFO]: Closed old MySQL connection.
[2026-04-18 17:04:00,367:MySQL_Database.py#L278:INFO]: Executing transpiled workload olap_workloads/tpch_168.wg (2 queries)...
[2026-04-18 17:04:14,966:MySQL_Database.py#L305:INFO]: Workload olap_workloads/tpch_168.wg executed successfully.
[2026-04-18 17:04:14,966:run_diverse_configs.py#L206:INFO]: Performance for config 6: 7.298866553697735
[2026-04-18 17:04:14,966:run_diverse_configs.py#L137:INFO]: Running config 7/10 for tpch_168
[2026-04-18 17:04:14,967:MySQL_Database.py#L253:INFO]: Transpiling workload from PostgreSQL to MySQL syntax...
[2026-04-18 17:04:14,984:MySQL_Database.py#L81:INFO]: MySQL knobs persisted to mysqld-auto.cnf. Restarting to apply...
[2026-04-18 17:04:14,984:MySQL_Database.py#L200:INFO]: Restarting MySQL service...
[2026-04-18 17:04:23,730:MySQL_Database.py#L210:INFO]: Waiting for MySQL to become available...
[2026-04-18 17:04:23,863:MySQL_Database.py#L228:INFO]: MySQL is back up! (Took 0.13s)
[2026-04-18 17:04:23,863:MySQL_Database.py#L32:INFO]: Closed old MySQL connection.
[2026-04-18 17:04:23,984:MySQL_Database.py#L278:INFO]: Executing transpiled workload olap_workloads/tpch_168.wg (2 queries)...
[2026-04-18 17:04:38,011:MySQL_Database.py#L305:INFO]: Workload olap_workloads/tpch_168.wg executed successfully.
[2026-04-18 17:04:38,011:run_diverse_configs.py#L206:INFO]: Performance for config 7: 7.013029968831688
[2026-04-18 17:04:38,011:run_diverse_configs.py#L137:INFO]: Running config 8/10 for tpch_168
[2026-04-18 17:04:38,012:MySQL_Database.py#L253:INFO]: Transpiling workload from PostgreSQL to MySQL syntax...
[2026-04-18 17:04:38,035:MySQL_Database.py#L81:INFO]: MySQL knobs persisted to mysqld-auto.cnf. Restarting to apply...
[2026-04-18 17:04:38,035:MySQL_Database.py#L200:INFO]: Restarting MySQL service...
[2026-04-18 17:04:46,174:MySQL_Database.py#L210:INFO]: Waiting for MySQL to become available...
[2026-04-18 17:04:46,239:MySQL_Database.py#L228:INFO]: MySQL is back up! (Took 0.06s)
[2026-04-18 17:04:46,239:MySQL_Database.py#L32:INFO]: Closed old MySQL connection.
[2026-04-18 17:04:46,334:MySQL_Database.py#L278:INFO]: Executing transpiled workload olap_workloads/tpch_168.wg (2 queries)...
[2026-04-18 17:05:00,266:MySQL_Database.py#L305:INFO]: Workload olap_workloads/tpch_168.wg executed successfully.
[2026-04-18 17:05:00,266:run_diverse_configs.py#L206:INFO]: Performance for config 8: 6.965693759964779
[2026-04-18 17:05:00,266:run_diverse_configs.py#L137:INFO]: Running config 9/10 for tpch_168
[2026-04-18 17:05:00,267:MySQL_Database.py#L253:INFO]: Transpiling workload from PostgreSQL to MySQL syntax...
[2026-04-18 17:05:00,299:MySQL_Database.py#L81:INFO]: MySQL knobs persisted to mysqld-auto.cnf. Restarting to apply...
[2026-04-18 17:05:00,299:MySQL_Database.py#L200:INFO]: Restarting MySQL service...
[2026-04-18 17:05:08,592:MySQL_Database.py#L210:INFO]: Waiting for MySQL to become available...
[2026-04-18 17:05:08,658:MySQL_Database.py#L228:INFO]: MySQL is back up! (Took 0.07s)
[2026-04-18 17:05:08,658:MySQL_Database.py#L32:INFO]: Closed old MySQL connection.
[2026-04-18 17:05:08,779:MySQL_Database.py#L278:INFO]: Executing transpiled workload olap_workloads/tpch_168.wg (2 queries)...
[2026-04-18 17:05:23,313:MySQL_Database.py#L305:INFO]: Workload olap_workloads/tpch_168.wg executed successfully.
[2026-04-18 17:05:23,313:run_diverse_configs.py#L206:INFO]: Performance for config 9: 7.266269472660497
[2026-04-18 17:05:23,313:run_diverse_configs.py#L137:INFO]: Running config 10/10 for tpch_168
[2026-04-18 17:05:23,313:MySQL_Database.py#L253:INFO]: Transpiling workload from PostgreSQL to MySQL syntax...
[2026-04-18 17:05:23,336:MySQL_Database.py#L81:INFO]: MySQL knobs persisted to mysqld-auto.cnf. Restarting to apply...
[2026-04-18 17:05:23,336:MySQL_Database.py#L200:INFO]: Restarting MySQL service...
[2026-04-18 17:05:31,977:MySQL_Database.py#L210:INFO]: Waiting for MySQL to become available...
[2026-04-18 17:05:32,044:MySQL_Database.py#L228:INFO]: MySQL is back up! (Took 0.07s)
[2026-04-18 17:05:32,044:MySQL_Database.py#L32:INFO]: Closed old MySQL connection.
[2026-04-18 17:05:32,105:MySQL_Database.py#L278:INFO]: Executing transpiled workload olap_workloads/tpch_168.wg (2 queries)...
[2026-04-18 17:05:47,112:MySQL_Database.py#L305:INFO]: Workload olap_workloads/tpch_168.wg executed successfully.
[2026-04-18 17:05:47,112:run_diverse_configs.py#L206:INFO]: Performance for config 10: 7.503181383479387
[2026-04-18 17:05:47,112:run_diverse_configs.py#L129:INFO]: Running 10 configs for tpch_122
[2026-04-18 17:05:47,112:run_diverse_configs.py#L137:INFO]: Running config 1/10 for tpch_122
[2026-04-18 17:05:47,119:MySQL_Database.py#L253:INFO]: Transpiling workload from PostgreSQL to MySQL syntax...
[2026-04-18 17:05:47,150:MySQL_Database.py#L81:INFO]: MySQL knobs persisted to mysqld-auto.cnf. Restarting to apply...
[2026-04-18 17:05:47,150:MySQL_Database.py#L200:INFO]: Restarting MySQL service...
[2026-04-18 17:05:55,394:MySQL_Database.py#L210:INFO]: Waiting for MySQL to become available...
[2026-04-18 17:05:55,462:MySQL_Database.py#L228:INFO]: MySQL is back up! (Took 0.07s)
[2026-04-18 17:05:55,462:MySQL_Database.py#L32:INFO]: Closed old MySQL connection.
[2026-04-18 17:05:55,522:MySQL_Database.py#L278:INFO]: Executing transpiled workload olap_workloads/tpch_122.wg (7 queries)...
[2026-04-18 17:06:34,710:MySQL_Database.py#L305:INFO]: Workload olap_workloads/tpch_122.wg executed successfully.
[2026-04-18 17:06:34,710:run_diverse_configs.py#L206:INFO]: Performance for config 1: 5.598111895711294
[2026-04-18 17:06:34,710:run_diverse_configs.py#L137:INFO]: Running config 2/10 for tpch_122
[2026-04-18 17:06:34,711:MySQL_Database.py#L253:INFO]: Transpiling workload from PostgreSQL to MySQL syntax...
[2026-04-18 17:06:34,739:MySQL_Database.py#L81:INFO]: MySQL knobs persisted to mysqld-auto.cnf. Restarting to apply...
[2026-04-18 17:06:34,739:MySQL_Database.py#L200:INFO]: Restarting MySQL service...
[2026-04-18 17:06:42,880:MySQL_Database.py#L210:INFO]: Waiting for MySQL to become available...
[2026-04-18 17:06:42,944:MySQL_Database.py#L228:INFO]: MySQL is back up! (Took 0.06s)
[2026-04-18 17:06:42,944:MySQL_Database.py#L32:INFO]: Closed old MySQL connection.
[2026-04-18 17:06:43,006:MySQL_Database.py#L278:INFO]: Executing transpiled workload olap_workloads/tpch_122.wg (7 queries)...
[2026-04-18 17:07:22,256:MySQL_Database.py#L305:INFO]: Workload olap_workloads/tpch_122.wg executed successfully.
[2026-04-18 17:07:22,256:run_diverse_configs.py#L206:INFO]: Performance for config 2: 5.607046388488795
[2026-04-18 17:07:22,257:run_diverse_configs.py#L137:INFO]: Running config 3/10 for tpch_122
[2026-04-18 17:07:22,257:MySQL_Database.py#L253:INFO]: Transpiling workload from PostgreSQL to MySQL syntax...
[2026-04-18 17:07:22,280:MySQL_Database.py#L81:INFO]: MySQL knobs persisted to mysqld-auto.cnf. Restarting to apply...
[2026-04-18 17:07:22,280:MySQL_Database.py#L200:INFO]: Restarting MySQL service...
[2026-04-18 17:07:30,277:MySQL_Database.py#L210:INFO]: Waiting for MySQL to become available...
[2026-04-18 17:07:30,416:MySQL_Database.py#L228:INFO]: MySQL is back up! (Took 0.14s)
[2026-04-18 17:07:30,416:MySQL_Database.py#L32:INFO]: Closed old MySQL connection.
[2026-04-18 17:07:30,518:MySQL_Database.py#L278:INFO]: Executing transpiled workload olap_workloads/tpch_122.wg (7 queries)...
[2026-04-18 17:08:08,566:MySQL_Database.py#L305:INFO]: Workload olap_workloads/tpch_122.wg executed successfully.
[2026-04-18 17:08:08,567:run_diverse_configs.py#L206:INFO]: Performance for config 3: 5.435347994856004
[2026-04-18 17:08:08,567:run_diverse_configs.py#L137:INFO]: Running config 4/10 for tpch_122
[2026-04-18 17:08:08,567:MySQL_Database.py#L253:INFO]: Transpiling workload from PostgreSQL to MySQL syntax...
[2026-04-18 17:08:08,592:MySQL_Database.py#L81:INFO]: MySQL knobs persisted to mysqld-auto.cnf. Restarting to apply...
[2026-04-18 17:08:08,592:MySQL_Database.py#L200:INFO]: Restarting MySQL service...
[2026-04-18 17:08:16,787:MySQL_Database.py#L210:INFO]: Waiting for MySQL to become available...
[2026-04-18 17:08:16,852:MySQL_Database.py#L228:INFO]: MySQL is back up! (Took 0.06s)
[2026-04-18 17:08:16,853:MySQL_Database.py#L32:INFO]: Closed old MySQL connection.
[2026-04-18 17:08:16,914:MySQL_Database.py#L278:INFO]: Executing transpiled workload olap_workloads/tpch_122.wg (7 queries)...
[2026-04-18 17:08:56,335:MySQL_Database.py#L305:INFO]: Workload olap_workloads/tpch_122.wg executed successfully.
[2026-04-18 17:08:56,335:run_diverse_configs.py#L206:INFO]: Performance for config 4: 5.631494716874191
[2026-04-18 17:08:56,335:run_diverse_configs.py#L137:INFO]: Running config 5/10 for tpch_122
[2026-04-18 17:08:56,336:MySQL_Database.py#L253:INFO]: Transpiling workload from PostgreSQL to MySQL syntax...
[2026-04-18 17:08:56,354:MySQL_Database.py#L81:INFO]: MySQL knobs persisted to mysqld-auto.cnf. Restarting to apply...
[2026-04-18 17:08:56,355:MySQL_Database.py#L200:INFO]: Restarting MySQL service...
[2026-04-18 17:09:04,149:MySQL_Database.py#L210:INFO]: Waiting for MySQL to become available...
[2026-04-18 17:09:04,216:MySQL_Database.py#L228:INFO]: MySQL is back up! (Took 0.07s)
[2026-04-18 17:09:04,216:MySQL_Database.py#L32:INFO]: Closed old MySQL connection.
[2026-04-18 17:09:04,278:MySQL_Database.py#L278:INFO]: Executing transpiled workload olap_workloads/tpch_122.wg (7 queries)...
[2026-04-18 17:09:42,618:MySQL_Database.py#L305:INFO]: Workload olap_workloads/tpch_122.wg executed successfully.
[2026-04-18 17:09:42,618:run_diverse_configs.py#L206:INFO]: Performance for config 5: 5.4770649011646
[2026-04-18 17:09:42,618:run_diverse_configs.py#L137:INFO]: Running config 6/10 for tpch_122
[2026-04-18 17:09:42,619:MySQL_Database.py#L253:INFO]: Transpiling workload from PostgreSQL to MySQL syntax...
[2026-04-18 17:09:42,648:MySQL_Database.py#L81:INFO]: MySQL knobs persisted to mysqld-auto.cnf. Restarting to apply...
[2026-04-18 17:09:42,649:MySQL_Database.py#L200:INFO]: Restarting MySQL service...
[2026-04-18 17:09:50,645:MySQL_Database.py#L210:INFO]: Waiting for MySQL to become available...
[2026-04-18 17:09:50,753:MySQL_Database.py#L228:INFO]: MySQL is back up! (Took 0.11s)
[2026-04-18 17:09:50,753:MySQL_Database.py#L32:INFO]: Closed old MySQL connection.
[2026-04-18 17:09:50,813:MySQL_Database.py#L278:INFO]: Executing transpiled workload olap_workloads/tpch_122.wg (7 queries)...
[2026-04-18 17:10:30,176:MySQL_Database.py#L305:INFO]: Workload olap_workloads/tpch_122.wg executed successfully.
[2026-04-18 17:10:30,176:run_diverse_configs.py#L206:INFO]: Performance for config 6: 5.623203857602285
[2026-04-18 17:10:30,177:run_diverse_configs.py#L137:INFO]: Running config 7/10 for tpch_122
[2026-04-18 17:10:30,177:MySQL_Database.py#L253:INFO]: Transpiling workload from PostgreSQL to MySQL syntax...
[2026-04-18 17:10:30,195:MySQL_Database.py#L81:INFO]: MySQL knobs persisted to mysqld-auto.cnf. Restarting to apply...
[2026-04-18 17:10:30,195:MySQL_Database.py#L200:INFO]: Restarting MySQL service...
[2026-04-18 17:10:38,139:MySQL_Database.py#L210:INFO]: Waiting for MySQL to become available...
[2026-04-18 17:10:38,204:MySQL_Database.py#L228:INFO]: MySQL is back up! (Took 0.06s)
[2026-04-18 17:10:38,204:MySQL_Database.py#L32:INFO]: Closed old MySQL connection.
[2026-04-18 17:10:38,265:MySQL_Database.py#L278:INFO]: Executing transpiled workload olap_workloads/tpch_122.wg (7 queries)...
[2026-04-18 17:11:16,421:MySQL_Database.py#L305:INFO]: Workload olap_workloads/tpch_122.wg executed successfully.
[2026-04-18 17:11:16,422:run_diverse_configs.py#L206:INFO]: Performance for config 7: 5.450806152873805
[2026-04-18 17:11:16,422:run_diverse_configs.py#L137:INFO]: Running config 8/10 for tpch_122
[2026-04-18 17:11:16,423:MySQL_Database.py#L253:INFO]: Transpiling workload from PostgreSQL to MySQL syntax...
[2026-04-18 17:11:16,454:MySQL_Database.py#L81:INFO]: MySQL knobs persisted to mysqld-auto.cnf. Restarting to apply...
[2026-04-18 17:11:16,454:MySQL_Database.py#L200:INFO]: Restarting MySQL service...
[2026-04-18 17:11:24,594:MySQL_Database.py#L210:INFO]: Waiting for MySQL to become available...
[2026-04-18 17:11:24,660:MySQL_Database.py#L228:INFO]: MySQL is back up! (Took 0.07s)
[2026-04-18 17:11:24,660:MySQL_Database.py#L32:INFO]: Closed old MySQL connection.
[2026-04-18 17:11:24,721:MySQL_Database.py#L278:INFO]: Executing transpiled workload olap_workloads/tpch_122.wg (7 queries)...
[2026-04-18 17:12:03,869:MySQL_Database.py#L305:INFO]: Workload olap_workloads/tpch_122.wg executed successfully.
[2026-04-18 17:12:03,869:run_diverse_configs.py#L206:INFO]: Performance for config 8: 5.592539236282131
[2026-04-18 17:12:03,870:run_diverse_configs.py#L137:INFO]: Running config 9/10 for tpch_122
[2026-04-18 17:12:03,870:MySQL_Database.py#L253:INFO]: Transpiling workload from PostgreSQL to MySQL syntax...
[2026-04-18 17:12:03,894:MySQL_Database.py#L81:INFO]: MySQL knobs persisted to mysqld-auto.cnf. Restarting to apply...
[2026-04-18 17:12:03,894:MySQL_Database.py#L200:INFO]: Restarting MySQL service...
[2026-04-18 17:12:12,186:MySQL_Database.py#L210:INFO]: Waiting for MySQL to become available...
[2026-04-18 17:12:12,251:MySQL_Database.py#L228:INFO]: MySQL is back up! (Took 0.06s)
[2026-04-18 17:12:12,251:MySQL_Database.py#L32:INFO]: Closed old MySQL connection.
[2026-04-18 17:12:12,312:MySQL_Database.py#L278:INFO]: Executing transpiled workload olap_workloads/tpch_122.wg (7 queries)...
[2026-04-18 17:12:50,087:MySQL_Database.py#L305:INFO]: Workload olap_workloads/tpch_122.wg executed successfully.
[2026-04-18 17:12:50,088:run_diverse_configs.py#L206:INFO]: Performance for config 9: 5.396420575545302
[2026-04-18 17:12:50,088:run_diverse_configs.py#L137:INFO]: Running config 10/10 for tpch_122
[2026-04-18 17:12:50,088:MySQL_Database.py#L253:INFO]: Transpiling workload from PostgreSQL to MySQL syntax...
[2026-04-18 17:12:50,120:MySQL_Database.py#L81:INFO]: MySQL knobs persisted to mysqld-auto.cnf. Restarting to apply...
[2026-04-18 17:12:50,120:MySQL_Database.py#L200:INFO]: Restarting MySQL service...
[2026-04-18 17:12:58,564:MySQL_Database.py#L210:INFO]: Waiting for MySQL to become available...
[2026-04-18 17:12:58,628:MySQL_Database.py#L228:INFO]: MySQL is back up! (Took 0.06s)
[2026-04-18 17:12:58,628:MySQL_Database.py#L32:INFO]: Closed old MySQL connection.
[2026-04-18 17:12:58,690:MySQL_Database.py#L278:INFO]: Executing transpiled workload olap_workloads/tpch_122.wg (7 queries)...
[2026-04-18 17:13:38,095:MySQL_Database.py#L305:INFO]: Workload olap_workloads/tpch_122.wg executed successfully.
[2026-04-18 17:13:38,095:run_diverse_configs.py#L206:INFO]: Performance for config 10: 5.629250326326916
[2026-04-18 17:13:38,095:run_diverse_configs.py#L129:INFO]: Running 10 configs for tpch_271
[2026-04-18 17:13:38,096:run_diverse_configs.py#L137:INFO]: Running config 1/10 for tpch_271
[2026-04-18 17:13:38,096:MySQL_Database.py#L253:INFO]: Transpiling workload from PostgreSQL to MySQL syntax...
[2026-04-18 17:13:38,121:MySQL_Database.py#L81:INFO]: MySQL knobs persisted to mysqld-auto.cnf. Restarting to apply...
[2026-04-18 17:13:38,121:MySQL_Database.py#L200:INFO]: Restarting MySQL service...
[2026-04-18 17:13:45,960:MySQL_Database.py#L210:INFO]: Waiting for MySQL to become available...
[2026-04-18 17:13:46,023:MySQL_Database.py#L228:INFO]: MySQL is back up! (Took 0.06s)
[2026-04-18 17:13:46,024:MySQL_Database.py#L32:INFO]: Closed old MySQL connection.
[2026-04-18 17:13:46,085:MySQL_Database.py#L278:INFO]: Executing transpiled workload olap_workloads/tpch_271.wg (11 queries)...
[2026-04-18 17:15:36,247:MySQL_Database.py#L305:INFO]: Workload olap_workloads/tpch_271.wg executed successfully.
[2026-04-18 17:15:36,248:run_diverse_configs.py#L206:INFO]: Performance for config 1: 10.014771308919245
[2026-04-18 17:15:36,248:run_diverse_configs.py#L137:INFO]: Running config 2/10 for tpch_271
[2026-04-18 17:15:36,248:MySQL_Database.py#L253:INFO]: Transpiling workload from PostgreSQL to MySQL syntax...
[2026-04-18 17:15:36,279:MySQL_Database.py#L81:INFO]: MySQL knobs persisted to mysqld-auto.cnf. Restarting to apply...
[2026-04-18 17:15:36,279:MySQL_Database.py#L200:INFO]: Restarting MySQL service...
[2026-04-18 17:15:44,322:MySQL_Database.py#L210:INFO]: Waiting for MySQL to become available...
[2026-04-18 17:15:44,429:MySQL_Database.py#L228:INFO]: MySQL is back up! (Took 0.11s)
[2026-04-18 17:15:44,429:MySQL_Database.py#L32:INFO]: Closed old MySQL connection.
[2026-04-18 17:15:44,530:MySQL_Database.py#L278:INFO]: Executing transpiled workload olap_workloads/tpch_271.wg (11 queries)...
[2026-04-18 17:17:35,065:MySQL_Database.py#L305:INFO]: Workload olap_workloads/tpch_271.wg executed successfully.
[2026-04-18 17:17:35,065:run_diverse_configs.py#L206:INFO]: Performance for config 2: 10.048552573531527
[2026-04-18 17:17:35,066:run_diverse_configs.py#L137:INFO]: Running config 3/10 for tpch_271
[2026-04-18 17:17:35,066:MySQL_Database.py#L253:INFO]: Transpiling workload from PostgreSQL to MySQL syntax...
[2026-04-18 17:17:35,091:MySQL_Database.py#L81:INFO]: MySQL knobs persisted to mysqld-auto.cnf. Restarting to apply...
[2026-04-18 17:17:35,091:MySQL_Database.py#L200:INFO]: Restarting MySQL service...
[2026-04-18 17:17:43,941:MySQL_Database.py#L210:INFO]: Waiting for MySQL to become available...
[2026-04-18 17:17:44,012:MySQL_Database.py#L228:INFO]: MySQL is back up! (Took 0.07s)
[2026-04-18 17:17:44,012:MySQL_Database.py#L32:INFO]: Closed old MySQL connection.
[2026-04-18 17:17:44,073:MySQL_Database.py#L278:INFO]: Executing transpiled workload olap_workloads/tpch_271.wg (11 queries)...
[2026-04-18 17:19:34,396:MySQL_Database.py#L305:INFO]: Workload olap_workloads/tpch_271.wg executed successfully.
[2026-04-18 17:19:34,396:run_diverse_configs.py#L206:INFO]: Performance for config 3: 10.029315458525987
[2026-04-18 17:19:34,396:run_diverse_configs.py#L137:INFO]: Running config 4/10 for tpch_271
[2026-04-18 17:19:34,397:MySQL_Database.py#L253:INFO]: Transpiling workload from PostgreSQL to MySQL syntax...
[2026-04-18 17:19:34,428:MySQL_Database.py#L81:INFO]: MySQL knobs persisted to mysqld-auto.cnf. Restarting to apply...
[2026-04-18 17:19:34,429:MySQL_Database.py#L200:INFO]: Restarting MySQL service...
[2026-04-18 17:19:42,367:MySQL_Database.py#L210:INFO]: Waiting for MySQL to become available...
[2026-04-18 17:19:42,501:MySQL_Database.py#L228:INFO]: MySQL is back up! (Took 0.13s)
[2026-04-18 17:19:42,501:MySQL_Database.py#L32:INFO]: Closed old MySQL connection.
[2026-04-18 17:19:42,562:MySQL_Database.py#L278:INFO]: Executing transpiled workload olap_workloads/tpch_271.wg (11 queries)...
[2026-04-18 17:21:33,907:MySQL_Database.py#L305:INFO]: Workload olap_workloads/tpch_271.wg executed successfully.
[2026-04-18 17:21:33,907:run_diverse_configs.py#L206:INFO]: Performance for config 4: 10.122184636367654
[2026-04-18 17:21:33,907:run_diverse_configs.py#L137:INFO]: Running config 5/10 for tpch_271
[2026-04-18 17:21:33,908:MySQL_Database.py#L253:INFO]: Transpiling workload from PostgreSQL to MySQL syntax...
[2026-04-18 17:21:33,930:MySQL_Database.py#L81:INFO]: MySQL knobs persisted to mysqld-auto.cnf. Restarting to apply...
[2026-04-18 17:21:33,930:MySQL_Database.py#L200:INFO]: Restarting MySQL service...
[2026-04-18 17:21:41,872:MySQL_Database.py#L210:INFO]: Waiting for MySQL to become available...
[2026-04-18 17:21:41,974:MySQL_Database.py#L228:INFO]: MySQL is back up! (Took 0.10s)
[2026-04-18 17:21:41,974:MySQL_Database.py#L32:INFO]: Closed old MySQL connection.
[2026-04-18 17:21:42,035:MySQL_Database.py#L278:INFO]: Executing transpiled workload olap_workloads/tpch_271.wg (11 queries)...
[2026-04-18 17:23:33,116:MySQL_Database.py#L305:INFO]: Workload olap_workloads/tpch_271.wg executed successfully.
[2026-04-18 17:23:33,116:run_diverse_configs.py#L206:INFO]: Performance for config 5: 10.098154566293074
[2026-04-18 17:23:33,116:run_diverse_configs.py#L137:INFO]: Running config 6/10 for tpch_271
[2026-04-18 17:23:33,117:MySQL_Database.py#L253:INFO]: Transpiling workload from PostgreSQL to MySQL syntax...
[2026-04-18 17:23:33,147:MySQL_Database.py#L81:INFO]: MySQL knobs persisted to mysqld-auto.cnf. Restarting to apply...
[2026-04-18 17:23:33,148:MySQL_Database.py#L200:INFO]: Restarting MySQL service...
[2026-04-18 17:23:41,240:MySQL_Database.py#L210:INFO]: Waiting for MySQL to become available...
[2026-04-18 17:23:41,365:MySQL_Database.py#L228:INFO]: MySQL is back up! (Took 0.12s)
[2026-04-18 17:23:41,365:MySQL_Database.py#L32:INFO]: Closed old MySQL connection.
[2026-04-18 17:23:41,486:MySQL_Database.py#L278:INFO]: Executing transpiled workload olap_workloads/tpch_271.wg (11 queries)...
[2026-04-18 17:25:32,861:MySQL_Database.py#L305:INFO]: Workload olap_workloads/tpch_271.wg executed successfully.
[2026-04-18 17:25:32,861:run_diverse_configs.py#L206:INFO]: Performance for config 6: 10.124892082700336
[2026-04-18 17:25:32,861:run_diverse_configs.py#L137:INFO]: Running config 7/10 for tpch_271
[2026-04-18 17:25:32,861:MySQL_Database.py#L253:INFO]: Transpiling workload from PostgreSQL to MySQL syntax...
[2026-04-18 17:25:32,887:MySQL_Database.py#L81:INFO]: MySQL knobs persisted to mysqld-auto.cnf. Restarting to apply...
[2026-04-18 17:25:32,888:MySQL_Database.py#L200:INFO]: Restarting MySQL service...
[2026-04-18 17:25:40,726:MySQL_Database.py#L210:INFO]: Waiting for MySQL to become available...
[2026-04-18 17:25:40,797:MySQL_Database.py#L228:INFO]: MySQL is back up! (Took 0.07s)
[2026-04-18 17:25:40,797:MySQL_Database.py#L32:INFO]: Closed old MySQL connection.
[2026-04-18 17:25:40,857:MySQL_Database.py#L278:INFO]: Executing transpiled workload olap_workloads/tpch_271.wg (11 queries)...
[2026-04-18 17:27:32,044:MySQL_Database.py#L305:INFO]: Workload olap_workloads/tpch_271.wg executed successfully.
[2026-04-18 17:27:32,044:run_diverse_configs.py#L206:INFO]: Performance for config 7: 10.107838367281312
[2026-04-18 17:27:32,044:run_diverse_configs.py#L137:INFO]: Running config 8/10 for tpch_271
[2026-04-18 17:27:32,045:MySQL_Database.py#L253:INFO]: Transpiling workload from PostgreSQL to MySQL syntax...
[2026-04-18 17:27:32,070:MySQL_Database.py#L81:INFO]: MySQL knobs persisted to mysqld-auto.cnf. Restarting to apply...
[2026-04-18 17:27:32,070:MySQL_Database.py#L200:INFO]: Restarting MySQL service...
[2026-04-18 17:27:40,318:MySQL_Database.py#L210:INFO]: Waiting for MySQL to become available...
[2026-04-18 17:27:40,421:MySQL_Database.py#L228:INFO]: MySQL is back up! (Took 0.10s)
[2026-04-18 17:27:40,421:MySQL_Database.py#L32:INFO]: Closed old MySQL connection.
[2026-04-18 17:27:40,481:MySQL_Database.py#L278:INFO]: Executing transpiled workload olap_workloads/tpch_271.wg (11 queries)...
[2026-04-18 17:29:31,276:MySQL_Database.py#L305:INFO]: Workload olap_workloads/tpch_271.wg executed successfully.
[2026-04-18 17:29:31,276:run_diverse_configs.py#L206:INFO]: Performance for config 8: 10.072180087889798
[2026-04-18 17:29:31,276:run_diverse_configs.py#L137:INFO]: Running config 9/10 for tpch_271
[2026-04-18 17:29:31,277:MySQL_Database.py#L253:INFO]: Transpiling workload from PostgreSQL to MySQL syntax...
[2026-04-18 17:29:31,303:MySQL_Database.py#L81:INFO]: MySQL knobs persisted to mysqld-auto.cnf. Restarting to apply...
[2026-04-18 17:29:31,303:MySQL_Database.py#L200:INFO]: Restarting MySQL service...
[2026-04-18 17:29:39,797:MySQL_Database.py#L210:INFO]: Waiting for MySQL to become available...
[2026-04-18 17:29:39,866:MySQL_Database.py#L228:INFO]: MySQL is back up! (Took 0.07s)
[2026-04-18 17:29:39,866:MySQL_Database.py#L32:INFO]: Closed old MySQL connection.
[2026-04-18 17:29:39,927:MySQL_Database.py#L278:INFO]: Executing transpiled workload olap_workloads/tpch_271.wg (11 queries)...
[2026-04-18 17:31:30,934:MySQL_Database.py#L305:INFO]: Workload olap_workloads/tpch_271.wg executed successfully.
[2026-04-18 17:31:30,934:run_diverse_configs.py#L206:INFO]: Performance for config 9: 10.091452290727334
[2026-04-18 17:31:30,934:run_diverse_configs.py#L137:INFO]: Running config 10/10 for tpch_271
[2026-04-18 17:31:30,935:MySQL_Database.py#L253:INFO]: Transpiling workload from PostgreSQL to MySQL syntax...
[2026-04-18 17:31:30,970:MySQL_Database.py#L81:INFO]: MySQL knobs persisted to mysqld-auto.cnf. Restarting to apply...
[2026-04-18 17:31:30,971:MySQL_Database.py#L200:INFO]: Restarting MySQL service...
[2026-04-18 17:31:39,268:MySQL_Database.py#L210:INFO]: Waiting for MySQL to become available...
[2026-04-18 17:31:39,342:MySQL_Database.py#L228:INFO]: MySQL is back up! (Took 0.07s)
[2026-04-18 17:31:39,342:MySQL_Database.py#L32:INFO]: Closed old MySQL connection.
[2026-04-18 17:31:39,403:MySQL_Database.py#L278:INFO]: Executing transpiled workload olap_workloads/tpch_271.wg (11 queries)...
[2026-04-18 17:33:30,221:MySQL_Database.py#L305:INFO]: Workload olap_workloads/tpch_271.wg executed successfully.
[2026-04-18 17:33:30,221:run_diverse_configs.py#L206:INFO]: Performance for config 10: 10.074346959294582
[2026-04-18 17:33:30,222:run_diverse_configs.py#L129:INFO]: Running 10 configs for tpch_42
[2026-04-18 17:33:30,222:run_diverse_configs.py#L137:INFO]: Running config 1/10 for tpch_42
[2026-04-18 17:33:30,228:MySQL_Database.py#L253:INFO]: Transpiling workload from PostgreSQL to MySQL syntax...
[2026-04-18 17:33:30,266:MySQL_Database.py#L81:INFO]: MySQL knobs persisted to mysqld-auto.cnf. Restarting to apply...
[2026-04-18 17:33:30,266:MySQL_Database.py#L200:INFO]: Restarting MySQL service...
[2026-04-18 17:33:38,865:MySQL_Database.py#L210:INFO]: Waiting for MySQL to become available...
[2026-04-18 17:33:38,932:MySQL_Database.py#L228:INFO]: MySQL is back up! (Took 0.07s)
[2026-04-18 17:33:38,932:MySQL_Database.py#L32:INFO]: Closed old MySQL connection.
[2026-04-18 17:33:38,995:MySQL_Database.py#L278:INFO]: Executing transpiled workload olap_workloads/tpch_42.wg (4 queries)...
[2026-04-18 17:35:23,599:MySQL_Database.py#L305:INFO]: Workload olap_workloads/tpch_42.wg executed successfully.
[2026-04-18 17:35:23,599:run_diverse_configs.py#L206:INFO]: Performance for config 1: 26.150882412679493
[2026-04-18 17:35:23,599:run_diverse_configs.py#L137:INFO]: Running config 2/10 for tpch_42
[2026-04-18 17:35:23,600:MySQL_Database.py#L253:INFO]: Transpiling workload from PostgreSQL to MySQL syntax...
[2026-04-18 17:35:23,623:MySQL_Database.py#L81:INFO]: MySQL knobs persisted to mysqld-auto.cnf. Restarting to apply...
[2026-04-18 17:35:23,623:MySQL_Database.py#L200:INFO]: Restarting MySQL service...
[2026-04-18 17:35:32,417:MySQL_Database.py#L210:INFO]: Waiting for MySQL to become available...
[2026-04-18 17:35:32,482:MySQL_Database.py#L228:INFO]: MySQL is back up! (Took 0.07s)
[2026-04-18 17:35:32,483:MySQL_Database.py#L32:INFO]: Closed old MySQL connection.
[2026-04-18 17:35:32,544:MySQL_Database.py#L278:INFO]: Executing transpiled workload olap_workloads/tpch_42.wg (4 queries)...
[2026-04-18 17:37:17,877:MySQL_Database.py#L305:INFO]: Workload olap_workloads/tpch_42.wg executed successfully.
[2026-04-18 17:37:17,877:run_diverse_configs.py#L206:INFO]: Performance for config 2: 26.333001243765466
[2026-04-18 17:37:17,877:run_diverse_configs.py#L137:INFO]: Running config 3/10 for tpch_42
[2026-04-18 17:37:17,878:MySQL_Database.py#L253:INFO]: Transpiling workload from PostgreSQL to MySQL syntax...
[2026-04-18 17:37:17,901:MySQL_Database.py#L81:INFO]: MySQL knobs persisted to mysqld-auto.cnf. Restarting to apply...
[2026-04-18 17:37:17,901:MySQL_Database.py#L200:INFO]: Restarting MySQL service...
[2026-04-18 17:37:25,740:MySQL_Database.py#L210:INFO]: Waiting for MySQL to become available...
[2026-04-18 17:37:25,810:MySQL_Database.py#L228:INFO]: MySQL is back up! (Took 0.07s)
[2026-04-18 17:37:25,811:MySQL_Database.py#L32:INFO]: Closed old MySQL connection.
[2026-04-18 17:37:25,872:MySQL_Database.py#L278:INFO]: Executing transpiled workload olap_workloads/tpch_42.wg (4 queries)...
[2026-04-18 17:39:10,466:MySQL_Database.py#L305:INFO]: Workload olap_workloads/tpch_42.wg executed successfully.
[2026-04-18 17:39:10,466:run_diverse_configs.py#L206:INFO]: Performance for config 3: 26.148239126545377
[2026-04-18 17:39:10,466:run_diverse_configs.py#L137:INFO]: Running config 4/10 for tpch_42
[2026-04-18 17:39:10,466:MySQL_Database.py#L253:INFO]: Transpiling workload from PostgreSQL to MySQL syntax...
[2026-04-18 17:39:10,489:MySQL_Database.py#L81:INFO]: MySQL knobs persisted to mysqld-auto.cnf. Restarting to apply...
[2026-04-18 17:39:10,490:MySQL_Database.py#L200:INFO]: Restarting MySQL service...
[2026-04-18 17:39:19,186:MySQL_Database.py#L210:INFO]: Waiting for MySQL to become available...
[2026-04-18 17:39:19,258:MySQL_Database.py#L228:INFO]: MySQL is back up! (Took 0.07s)
[2026-04-18 17:39:19,259:MySQL_Database.py#L32:INFO]: Closed old MySQL connection.
[2026-04-18 17:39:19,319:MySQL_Database.py#L278:INFO]: Executing transpiled workload olap_workloads/tpch_42.wg (4 queries)...
[2026-04-18 17:41:02,935:MySQL_Database.py#L305:INFO]: Workload olap_workloads/tpch_42.wg executed successfully.
[2026-04-18 17:41:02,935:run_diverse_configs.py#L206:INFO]: Performance for config 4: 25.903873565723188
[2026-04-18 17:41:02,935:run_diverse_configs.py#L137:INFO]: Running config 5/10 for tpch_42
[2026-04-18 17:41:02,936:MySQL_Database.py#L253:INFO]: Transpiling workload from PostgreSQL to MySQL syntax...
[2026-04-18 17:41:02,963:MySQL_Database.py#L81:INFO]: MySQL knobs persisted to mysqld-auto.cnf. Restarting to apply...
[2026-04-18 17:41:02,963:MySQL_Database.py#L200:INFO]: Restarting MySQL service...
[2026-04-18 17:41:11,308:MySQL_Database.py#L242:ERROR]: Failed to restart MySQL: Command '['sudo', 'systemctl', 'restart', 'mysql']' died with <Signals.SIGINT: 2>.
[2026-04-18 17:41:11,309:MySQL_Database.py#L278:INFO]: Executing transpiled workload olap_workloads/tpch_42.wg (4 queries)...
[2026-04-18 17:41:11,309:run_diverse_configs.py#L208:ERROR]: Error running config 5 for tpch_42: MySQL Connection not available
[2026-04-18 17:41:11,310:run_diverse_configs.py#L137:INFO]: Running config 6/10 for tpch_42
[2026-04-18 17:41:11,310:MySQL_Database.py#L32:INFO]: Closed old MySQL connection.
[2026-04-18 17:41:11,312:MySQL_Database.py#L53:ERROR]: Connection attempt 1 failed: 2003: Can't connect to MySQL server on 'localhost:3306' (Errno 111: Connection refused)
[2026-04-18 17:41:11,312:MySQL_Database.py#L57:INFO]: Attempting to start MySQL service...
[2026-04-18 17:41:15,073:MySQL_Database.py#L253:INFO]: Transpiling workload from PostgreSQL to MySQL syntax...
[2026-04-18 17:41:15,098:MySQL_Database.py#L81:INFO]: MySQL knobs persisted to mysqld-auto.cnf. Restarting to apply...
[2026-04-18 17:41:15,098:MySQL_Database.py#L200:INFO]: Restarting MySQL service...
[2026-04-18 17:41:24,001:MySQL_Database.py#L210:INFO]: Waiting for MySQL to become available...
[2026-04-18 17:41:24,069:MySQL_Database.py#L228:INFO]: MySQL is back up! (Took 0.07s)
[2026-04-18 17:41:24,069:MySQL_Database.py#L32:INFO]: Closed old MySQL connection.
[2026-04-18 17:41:24,130:MySQL_Database.py#L278:INFO]: Executing transpiled workload olap_workloads/tpch_42.wg (4 queries)...
[2026-04-18 17:43:09,670:MySQL_Database.py#L305:INFO]: Workload olap_workloads/tpch_42.wg executed successfully.
[2026-04-18 17:43:09,671:run_diverse_configs.py#L206:INFO]: Performance for config 6: 26.38504989806097
[2026-04-18 17:43:09,671:run_diverse_configs.py#L137:INFO]: Running config 7/10 for tpch_42
[2026-04-18 17:43:09,671:MySQL_Database.py#L253:INFO]: Transpiling workload from PostgreSQL to MySQL syntax...
[2026-04-18 17:43:09,696:MySQL_Database.py#L81:INFO]: MySQL knobs persisted to mysqld-auto.cnf. Restarting to apply...
[2026-04-18 17:43:09,696:MySQL_Database.py#L200:INFO]: Restarting MySQL service...
[2026-04-18 17:43:18,444:MySQL_Database.py#L210:INFO]: Waiting for MySQL to become available...
[2026-04-18 17:43:18,508:MySQL_Database.py#L228:INFO]: MySQL is back up! (Took 0.06s)
[2026-04-18 17:43:18,508:MySQL_Database.py#L32:INFO]: Closed old MySQL connection.
[2026-04-18 17:43:18,570:MySQL_Database.py#L278:INFO]: Executing transpiled workload olap_workloads/tpch_42.wg (4 queries)...
[2026-04-18 17:45:03,652:MySQL_Database.py#L305:INFO]: Workload olap_workloads/tpch_42.wg executed successfully.
[2026-04-18 17:45:03,652:run_diverse_configs.py#L206:INFO]: Performance for config 7: 26.27050826267805
[2026-04-18 17:45:03,653:run_diverse_configs.py#L137:INFO]: Running config 8/10 for tpch_42
[2026-04-18 17:45:03,653:MySQL_Database.py#L253:INFO]: Transpiling workload from PostgreSQL to MySQL syntax...
[2026-04-18 17:45:03,681:MySQL_Database.py#L81:INFO]: MySQL knobs persisted to mysqld-auto.cnf. Restarting to apply...
[2026-04-18 17:45:03,681:MySQL_Database.py#L200:INFO]: Restarting MySQL service...
[2026-04-18 17:45:11,873:MySQL_Database.py#L210:INFO]: Waiting for MySQL to become available...
[2026-04-18 17:45:11,937:MySQL_Database.py#L228:INFO]: MySQL is back up! (Took 0.06s)
[2026-04-18 17:45:11,938:MySQL_Database.py#L32:INFO]: Closed old MySQL connection.
[2026-04-18 17:45:11,999:MySQL_Database.py#L278:INFO]: Executing transpiled workload olap_workloads/tpch_42.wg (4 queries)...
[2026-04-18 17:46:57,269:MySQL_Database.py#L305:INFO]: Workload olap_workloads/tpch_42.wg executed successfully.
[2026-04-18 17:46:57,269:run_diverse_configs.py#L206:INFO]: Performance for config 8: 26.317388887982816
[2026-04-18 17:46:57,270:run_diverse_configs.py#L137:INFO]: Running config 9/10 for tpch_42
[2026-04-18 17:46:57,270:MySQL_Database.py#L253:INFO]: Transpiling workload from PostgreSQL to MySQL syntax...
[2026-04-18 17:46:57,299:MySQL_Database.py#L81:INFO]: MySQL knobs persisted to mysqld-auto.cnf. Restarting to apply...
[2026-04-18 17:46:57,300:MySQL_Database.py#L200:INFO]: Restarting MySQL service...
[2026-04-18 17:47:05,445:MySQL_Database.py#L210:INFO]: Waiting for MySQL to become available...
[2026-04-18 17:47:05,564:MySQL_Database.py#L228:INFO]: MySQL is back up! (Took 0.12s)
[2026-04-18 17:47:05,564:MySQL_Database.py#L32:INFO]: Closed old MySQL connection.
[2026-04-18 17:47:05,625:MySQL_Database.py#L278:INFO]: Executing transpiled workload olap_workloads/tpch_42.wg (4 queries)...
[2026-04-18 17:48:49,871:MySQL_Database.py#L305:INFO]: Workload olap_workloads/tpch_42.wg executed successfully.
[2026-04-18 17:48:49,871:run_diverse_configs.py#L206:INFO]: Performance for config 9: 26.061367185553536
[2026-04-18 17:48:49,871:run_diverse_configs.py#L137:INFO]: Running config 10/10 for tpch_42
[2026-04-18 17:48:49,871:MySQL_Database.py#L253:INFO]: Transpiling workload from PostgreSQL to MySQL syntax...
[2026-04-18 17:48:49,900:MySQL_Database.py#L81:INFO]: MySQL knobs persisted to mysqld-auto.cnf. Restarting to apply...
[2026-04-18 17:48:49,900:MySQL_Database.py#L200:INFO]: Restarting MySQL service...
[2026-04-18 17:48:57,890:MySQL_Database.py#L210:INFO]: Waiting for MySQL to become available...
[2026-04-18 17:48:57,969:MySQL_Database.py#L228:INFO]: MySQL is back up! (Took 0.08s)
[2026-04-18 17:48:57,969:MySQL_Database.py#L32:INFO]: Closed old MySQL connection.
[2026-04-18 17:48:58,030:MySQL_Database.py#L278:INFO]: Executing transpiled workload olap_workloads/tpch_42.wg (4 queries)...
[2026-04-18 17:50:42,597:MySQL_Database.py#L305:INFO]: Workload olap_workloads/tpch_42.wg executed successfully.
[2026-04-18 17:50:42,597:run_diverse_configs.py#L206:INFO]: Performance for config 10: 26.141530154505745
[2026-04-18 17:50:42,597:run_diverse_configs.py#L129:INFO]: Running 10 configs for tpch_9
[2026-04-18 17:50:42,598:run_diverse_configs.py#L137:INFO]: Running config 1/10 for tpch_9
[2026-04-18 17:50:42,604:MySQL_Database.py#L253:INFO]: Transpiling workload from PostgreSQL to MySQL syntax...
[2026-04-18 17:50:42,628:MySQL_Database.py#L81:INFO]: MySQL knobs persisted to mysqld-auto.cnf. Restarting to apply...
[2026-04-18 17:50:42,628:MySQL_Database.py#L200:INFO]: Restarting MySQL service...
[2026-04-18 17:50:51,422:MySQL_Database.py#L210:INFO]: Waiting for MySQL to become available...
[2026-04-18 17:50:51,497:MySQL_Database.py#L228:INFO]: MySQL is back up! (Took 0.07s)
[2026-04-18 17:50:51,497:MySQL_Database.py#L32:INFO]: Closed old MySQL connection.
[2026-04-18 17:50:51,562:MySQL_Database.py#L278:INFO]: Executing transpiled workload olap_workloads/tpch_9.wg (5 queries)...
[2026-04-18 17:51:27,043:MySQL_Database.py#L305:INFO]: Workload olap_workloads/tpch_9.wg executed successfully.
[2026-04-18 17:51:27,043:run_diverse_configs.py#L206:INFO]: Performance for config 1: 7.096050426643342
[2026-04-18 17:51:27,043:run_diverse_configs.py#L137:INFO]: Running config 2/10 for tpch_9
[2026-04-18 17:51:27,043:MySQL_Database.py#L253:INFO]: Transpiling workload from PostgreSQL to MySQL syntax...
[2026-04-18 17:51:27,073:MySQL_Database.py#L81:INFO]: MySQL knobs persisted to mysqld-auto.cnf. Restarting to apply...
[2026-04-18 17:51:27,074:MySQL_Database.py#L200:INFO]: Restarting MySQL service...
[2026-04-18 17:51:35,868:MySQL_Database.py#L210:INFO]: Waiting for MySQL to become available...
[2026-04-18 17:51:35,934:MySQL_Database.py#L228:INFO]: MySQL is back up! (Took 0.07s)
[2026-04-18 17:51:35,934:MySQL_Database.py#L32:INFO]: Closed old MySQL connection.
[2026-04-18 17:51:35,996:MySQL_Database.py#L278:INFO]: Executing transpiled workload olap_workloads/tpch_9.wg (5 queries)...
[2026-04-18 17:52:11,911:MySQL_Database.py#L305:INFO]: Workload olap_workloads/tpch_9.wg executed successfully.
[2026-04-18 17:52:11,911:run_diverse_configs.py#L206:INFO]: Performance for config 2: 7.182878880389035
[2026-04-18 17:52:11,911:run_diverse_configs.py#L137:INFO]: Running config 3/10 for tpch_9
[2026-04-18 17:52:11,912:MySQL_Database.py#L253:INFO]: Transpiling workload from PostgreSQL to MySQL syntax...
[2026-04-18 17:52:11,945:MySQL_Database.py#L81:INFO]: MySQL knobs persisted to mysqld-auto.cnf. Restarting to apply...
[2026-04-18 17:52:11,945:MySQL_Database.py#L200:INFO]: Restarting MySQL service...
[2026-04-18 17:52:20,239:MySQL_Database.py#L210:INFO]: Waiting for MySQL to become available...
[2026-04-18 17:52:20,366:MySQL_Database.py#L228:INFO]: MySQL is back up! (Took 0.13s)
[2026-04-18 17:52:20,367:MySQL_Database.py#L32:INFO]: Closed old MySQL connection.
[2026-04-18 17:52:20,438:MySQL_Database.py#L278:INFO]: Executing transpiled workload olap_workloads/tpch_9.wg (5 queries)...
[2026-04-18 17:52:56,777:MySQL_Database.py#L305:INFO]: Workload olap_workloads/tpch_9.wg executed successfully.
[2026-04-18 17:52:56,777:run_diverse_configs.py#L206:INFO]: Performance for config 3: 7.267783103790134
[2026-04-18 17:52:56,778:run_diverse_configs.py#L137:INFO]: Running config 4/10 for tpch_9
[2026-04-18 17:52:56,778:MySQL_Database.py#L253:INFO]: Transpiling workload from PostgreSQL to MySQL syntax...
[2026-04-18 17:52:56,807:MySQL_Database.py#L81:INFO]: MySQL knobs persisted to mysqld-auto.cnf. Restarting to apply...
[2026-04-18 17:52:56,808:MySQL_Database.py#L200:INFO]: Restarting MySQL service...
[2026-04-18 17:53:04,597:MySQL_Database.py#L210:INFO]: Waiting for MySQL to become available...
[2026-04-18 17:53:04,665:MySQL_Database.py#L228:INFO]: MySQL is back up! (Took 0.07s)
[2026-04-18 17:53:04,665:MySQL_Database.py#L32:INFO]: Closed old MySQL connection.
[2026-04-18 17:53:04,738:MySQL_Database.py#L278:INFO]: Executing transpiled workload olap_workloads/tpch_9.wg (5 queries)...
[2026-04-18 17:53:41,127:MySQL_Database.py#L305:INFO]: Workload olap_workloads/tpch_9.wg executed successfully.
[2026-04-18 17:53:41,127:run_diverse_configs.py#L206:INFO]: Performance for config 4: 7.277572220377624
[2026-04-18 17:53:41,127:run_diverse_configs.py#L137:INFO]: Running config 5/10 for tpch_9
[2026-04-18 17:53:41,128:MySQL_Database.py#L253:INFO]: Transpiling workload from PostgreSQL to MySQL syntax...
[2026-04-18 17:53:41,157:MySQL_Database.py#L81:INFO]: MySQL knobs persisted to mysqld-auto.cnf. Restarting to apply...
[2026-04-18 17:53:41,157:MySQL_Database.py#L200:INFO]: Restarting MySQL service...
[2026-04-18 17:53:48,997:MySQL_Database.py#L210:INFO]: Waiting for MySQL to become available...
[2026-04-18 17:53:49,064:MySQL_Database.py#L228:INFO]: MySQL is back up! (Took 0.07s)
[2026-04-18 17:53:49,065:MySQL_Database.py#L32:INFO]: Closed old MySQL connection.
[2026-04-18 17:53:49,127:MySQL_Database.py#L278:INFO]: Executing transpiled workload olap_workloads/tpch_9.wg (5 queries)...
[2026-04-18 17:54:24,657:MySQL_Database.py#L305:INFO]: Workload olap_workloads/tpch_9.wg executed successfully.
[2026-04-18 17:54:24,657:run_diverse_configs.py#L206:INFO]: Performance for config 5: 7.105921874660998
[2026-04-18 17:54:24,657:run_diverse_configs.py#L137:INFO]: Running config 6/10 for tpch_9
[2026-04-18 17:54:24,658:MySQL_Database.py#L253:INFO]: Transpiling workload from PostgreSQL to MySQL syntax...
[2026-04-18 17:54:24,683:MySQL_Database.py#L81:INFO]: MySQL knobs persisted to mysqld-auto.cnf. Restarting to apply...
[2026-04-18 17:54:24,683:MySQL_Database.py#L200:INFO]: Restarting MySQL service...
[2026-04-18 17:54:33,429:MySQL_Database.py#L210:INFO]: Waiting for MySQL to become available...
[2026-04-18 17:54:33,494:MySQL_Database.py#L228:INFO]: MySQL is back up! (Took 0.07s)
[2026-04-18 17:54:33,495:MySQL_Database.py#L32:INFO]: Closed old MySQL connection.
[2026-04-18 17:54:33,616:MySQL_Database.py#L278:INFO]: Executing transpiled workload olap_workloads/tpch_9.wg (5 queries)...
[2026-04-18 17:55:09,331:MySQL_Database.py#L305:INFO]: Workload olap_workloads/tpch_9.wg executed successfully.
[2026-04-18 17:55:09,331:run_diverse_configs.py#L206:INFO]: Performance for config 6: 7.142827943805605
[2026-04-18 17:55:09,331:run_diverse_configs.py#L137:INFO]: Running config 7/10 for tpch_9
[2026-04-18 17:55:09,332:MySQL_Database.py#L253:INFO]: Transpiling workload from PostgreSQL to MySQL syntax...
[2026-04-18 17:55:09,353:MySQL_Database.py#L81:INFO]: MySQL knobs persisted to mysqld-auto.cnf. Restarting to apply...
[2026-04-18 17:55:09,353:MySQL_Database.py#L200:INFO]: Restarting MySQL service...
[2026-04-18 17:55:17,748:MySQL_Database.py#L210:INFO]: Waiting for MySQL to become available...
[2026-04-18 17:55:17,829:MySQL_Database.py#L228:INFO]: MySQL is back up! (Took 0.08s)
[2026-04-18 17:55:17,829:MySQL_Database.py#L32:INFO]: Closed old MySQL connection.
[2026-04-18 17:55:17,889:MySQL_Database.py#L278:INFO]: Executing transpiled workload olap_workloads/tpch_9.wg (5 queries)...
[2026-04-18 17:55:54,411:MySQL_Database.py#L305:INFO]: Workload olap_workloads/tpch_9.wg executed successfully.
[2026-04-18 17:55:54,411:run_diverse_configs.py#L206:INFO]: Performance for config 7: 7.304235454648733
[2026-04-18 17:55:54,411:run_diverse_configs.py#L137:INFO]: Running config 8/10 for tpch_9
[2026-04-18 17:55:54,412:MySQL_Database.py#L253:INFO]: Transpiling workload from PostgreSQL to MySQL syntax...
[2026-04-18 17:55:54,437:MySQL_Database.py#L81:INFO]: MySQL knobs persisted to mysqld-auto.cnf. Restarting to apply...
[2026-04-18 17:55:54,438:MySQL_Database.py#L200:INFO]: Restarting MySQL service...
[2026-04-18 17:56:02,239:MySQL_Database.py#L210:INFO]: Waiting for MySQL to become available...
[2026-04-18 17:56:02,303:MySQL_Database.py#L228:INFO]: MySQL is back up! (Took 0.06s)
[2026-04-18 17:56:02,303:MySQL_Database.py#L32:INFO]: Closed old MySQL connection.
[2026-04-18 17:56:02,365:MySQL_Database.py#L278:INFO]: Executing transpiled workload olap_workloads/tpch_9.wg (5 queries)...
[2026-04-18 17:56:37,487:MySQL_Database.py#L305:INFO]: Workload olap_workloads/tpch_9.wg executed successfully.
[2026-04-18 17:56:37,487:run_diverse_configs.py#L206:INFO]: Performance for config 8: 7.024318945780396
[2026-04-18 17:56:37,487:run_diverse_configs.py#L137:INFO]: Running config 9/10 for tpch_9
[2026-04-18 17:56:37,488:MySQL_Database.py#L253:INFO]: Transpiling workload from PostgreSQL to MySQL syntax...
[2026-04-18 17:56:37,503:MySQL_Database.py#L81:INFO]: MySQL knobs persisted to mysqld-auto.cnf. Restarting to apply...
[2026-04-18 17:56:37,503:MySQL_Database.py#L200:INFO]: Restarting MySQL service...
[2026-04-18 17:56:45,646:MySQL_Database.py#L210:INFO]: Waiting for MySQL to become available...
[2026-04-18 17:56:45,715:MySQL_Database.py#L228:INFO]: MySQL is back up! (Took 0.07s)
[2026-04-18 17:56:45,715:MySQL_Database.py#L32:INFO]: Closed old MySQL connection.
[2026-04-18 17:56:45,776:MySQL_Database.py#L278:INFO]: Executing transpiled workload olap_workloads/tpch_9.wg (5 queries)...
[2026-04-18 17:57:21,922:MySQL_Database.py#L305:INFO]: Workload olap_workloads/tpch_9.wg executed successfully.
[2026-04-18 17:57:21,922:run_diverse_configs.py#L206:INFO]: Performance for config 9: 7.229159499611706
[2026-04-18 17:57:21,922:run_diverse_configs.py#L137:INFO]: Running config 10/10 for tpch_9
[2026-04-18 17:57:21,923:MySQL_Database.py#L253:INFO]: Transpiling workload from PostgreSQL to MySQL syntax...
[2026-04-18 17:57:21,953:MySQL_Database.py#L81:INFO]: MySQL knobs persisted to mysqld-auto.cnf. Restarting to apply...
[2026-04-18 17:57:21,953:MySQL_Database.py#L200:INFO]: Restarting MySQL service...
[2026-04-18 17:57:30,055:MySQL_Database.py#L210:INFO]: Waiting for MySQL to become available...
[2026-04-18 17:57:30,124:MySQL_Database.py#L228:INFO]: MySQL is back up! (Took 0.07s)
[2026-04-18 17:57:30,125:MySQL_Database.py#L32:INFO]: Closed old MySQL connection.
[2026-04-18 17:57:30,204:MySQL_Database.py#L278:INFO]: Executing transpiled workload olap_workloads/tpch_9.wg (5 queries)...
[2026-04-18 17:58:05,081:MySQL_Database.py#L305:INFO]: Workload olap_workloads/tpch_9.wg executed successfully.
[2026-04-18 17:58:05,081:run_diverse_configs.py#L206:INFO]: Performance for config 10: 6.975241588614881
[2026-04-18 17:58:05,082:run_diverse_configs.py#L129:INFO]: Running 10 configs for tpch_121
[2026-04-18 17:58:05,082:run_diverse_configs.py#L137:INFO]: Running config 1/10 for tpch_121
[2026-04-18 17:58:05,088:MySQL_Database.py#L253:INFO]: Transpiling workload from PostgreSQL to MySQL syntax...
[2026-04-18 17:58:05,129:MySQL_Database.py#L81:INFO]: MySQL knobs persisted to mysqld-auto.cnf. Restarting to apply...
[2026-04-18 17:58:05,129:MySQL_Database.py#L200:INFO]: Restarting MySQL service...
[2026-04-18 17:58:13,624:MySQL_Database.py#L210:INFO]: Waiting for MySQL to become available...
[2026-04-18 17:58:13,728:MySQL_Database.py#L228:INFO]: MySQL is back up! (Took 0.10s)
[2026-04-18 17:58:13,729:MySQL_Database.py#L32:INFO]: Closed old MySQL connection.
[2026-04-18 17:58:13,789:MySQL_Database.py#L278:INFO]: Executing transpiled workload olap_workloads/tpch_121.wg (12 queries)...
[2026-04-18 17:59:57,236:MySQL_Database.py#L305:INFO]: Workload olap_workloads/tpch_121.wg executed successfully.
[2026-04-18 17:59:57,236:run_diverse_configs.py#L206:INFO]: Performance for config 1: 8.620540229487233
[2026-04-18 17:59:57,237:run_diverse_configs.py#L137:INFO]: Running config 2/10 for tpch_121
[2026-04-18 17:59:57,237:MySQL_Database.py#L253:INFO]: Transpiling workload from PostgreSQL to MySQL syntax...
[2026-04-18 17:59:57,267:MySQL_Database.py#L81:INFO]: MySQL knobs persisted to mysqld-auto.cnf. Restarting to apply...
[2026-04-18 17:59:57,268:MySQL_Database.py#L200:INFO]: Restarting MySQL service...
[2026-04-18 18:00:06,014:MySQL_Database.py#L210:INFO]: Waiting for MySQL to become available...
[2026-04-18 18:00:06,084:MySQL_Database.py#L228:INFO]: MySQL is back up! (Took 0.07s)
[2026-04-18 18:00:06,085:MySQL_Database.py#L32:INFO]: Closed old MySQL connection.
[2026-04-18 18:00:06,145:MySQL_Database.py#L278:INFO]: Executing transpiled workload olap_workloads/tpch_121.wg (12 queries)...
[2026-04-18 18:01:49,091:MySQL_Database.py#L305:INFO]: Workload olap_workloads/tpch_121.wg executed successfully.
[2026-04-18 18:01:49,091:run_diverse_configs.py#L206:INFO]: Performance for config 2: 8.578755911400853
[2026-04-18 18:01:49,091:run_diverse_configs.py#L137:INFO]: Running config 3/10 for tpch_121
[2026-04-18 18:01:49,092:MySQL_Database.py#L253:INFO]: Transpiling workload from PostgreSQL to MySQL syntax...
[2026-04-18 18:01:49,116:MySQL_Database.py#L81:INFO]: MySQL knobs persisted to mysqld-auto.cnf. Restarting to apply...
[2026-04-18 18:01:49,117:MySQL_Database.py#L200:INFO]: Restarting MySQL service...
[2026-04-18 18:01:57,312:MySQL_Database.py#L210:INFO]: Waiting for MySQL to become available...
[2026-04-18 18:01:57,381:MySQL_Database.py#L228:INFO]: MySQL is back up! (Took 0.07s)
[2026-04-18 18:01:57,381:MySQL_Database.py#L32:INFO]: Closed old MySQL connection.
[2026-04-18 18:01:57,491:MySQL_Database.py#L278:INFO]: Executing transpiled workload olap_workloads/tpch_121.wg (12 queries)...
[2026-04-18 18:03:39,553:MySQL_Database.py#L305:INFO]: Workload olap_workloads/tpch_121.wg executed successfully.
[2026-04-18 18:03:39,553:run_diverse_configs.py#L206:INFO]: Performance for config 3: 8.505137854915423
[2026-04-18 18:03:39,554:run_diverse_configs.py#L137:INFO]: Running config 4/10 for tpch_121
[2026-04-18 18:03:39,554:MySQL_Database.py#L253:INFO]: Transpiling workload from PostgreSQL to MySQL syntax...
[2026-04-18 18:03:39,584:MySQL_Database.py#L81:INFO]: MySQL knobs persisted to mysqld-auto.cnf. Restarting to apply...
[2026-04-18 18:03:39,585:MySQL_Database.py#L200:INFO]: Restarting MySQL service...
[2026-04-18 18:03:47,777:MySQL_Database.py#L210:INFO]: Waiting for MySQL to become available...
[2026-04-18 18:03:47,898:MySQL_Database.py#L228:INFO]: MySQL is back up! (Took 0.12s)
[2026-04-18 18:03:47,898:MySQL_Database.py#L32:INFO]: Closed old MySQL connection.
[2026-04-18 18:03:48,017:MySQL_Database.py#L278:INFO]: Executing transpiled workload olap_workloads/tpch_121.wg (12 queries)...
[2026-04-18 18:05:31,488:MySQL_Database.py#L305:INFO]: Workload olap_workloads/tpch_121.wg executed successfully.
[2026-04-18 18:05:31,488:run_diverse_configs.py#L206:INFO]: Performance for config 4: 8.622537342753882
[2026-04-18 18:05:31,488:run_diverse_configs.py#L137:INFO]: Running config 5/10 for tpch_121
[2026-04-18 18:05:31,489:MySQL_Database.py#L253:INFO]: Transpiling workload from PostgreSQL to MySQL syntax...
[2026-04-18 18:05:31,520:MySQL_Database.py#L81:INFO]: MySQL knobs persisted to mysqld-auto.cnf. Restarting to apply...
[2026-04-18 18:05:31,520:MySQL_Database.py#L200:INFO]: Restarting MySQL service...
[2026-04-18 18:05:40,214:MySQL_Database.py#L210:INFO]: Waiting for MySQL to become available...
[2026-04-18 18:05:40,283:MySQL_Database.py#L228:INFO]: MySQL is back up! (Took 0.07s)
[2026-04-18 18:05:40,284:MySQL_Database.py#L32:INFO]: Closed old MySQL connection.
[2026-04-18 18:05:40,345:MySQL_Database.py#L278:INFO]: Executing transpiled workload olap_workloads/tpch_121.wg (12 queries)...
[2026-04-18 18:07:22,263:MySQL_Database.py#L305:INFO]: Workload olap_workloads/tpch_121.wg executed successfully.
[2026-04-18 18:07:22,263:run_diverse_configs.py#L206:INFO]: Performance for config 5: 8.493083436080875
[2026-04-18 18:07:22,263:run_diverse_configs.py#L137:INFO]: Running config 6/10 for tpch_121
[2026-04-18 18:07:22,264:MySQL_Database.py#L253:INFO]: Transpiling workload from PostgreSQL to MySQL syntax...
[2026-04-18 18:07:22,295:MySQL_Database.py#L81:INFO]: MySQL knobs persisted to mysqld-auto.cnf. Restarting to apply...
[2026-04-18 18:07:22,295:MySQL_Database.py#L200:INFO]: Restarting MySQL service...
[2026-04-18 18:07:30,587:MySQL_Database.py#L210:INFO]: Waiting for MySQL to become available...
[2026-04-18 18:07:30,670:MySQL_Database.py#L228:INFO]: MySQL is back up! (Took 0.08s)
[2026-04-18 18:07:30,670:MySQL_Database.py#L32:INFO]: Closed old MySQL connection.
[2026-04-18 18:07:30,733:MySQL_Database.py#L278:INFO]: Executing transpiled workload olap_workloads/tpch_121.wg (12 queries)...
[2026-04-18 18:09:13,160:MySQL_Database.py#L305:INFO]: Workload olap_workloads/tpch_121.wg executed successfully.
[2026-04-18 18:09:13,160:run_diverse_configs.py#L206:INFO]: Performance for config 6: 8.535542016189234
[2026-04-18 18:09:13,160:run_diverse_configs.py#L137:INFO]: Running config 7/10 for tpch_121
[2026-04-18 18:09:13,161:MySQL_Database.py#L253:INFO]: Transpiling workload from PostgreSQL to MySQL syntax...
[2026-04-18 18:09:13,191:MySQL_Database.py#L81:INFO]: MySQL knobs persisted to mysqld-auto.cnf. Restarting to apply...
[2026-04-18 18:09:13,192:MySQL_Database.py#L200:INFO]: Restarting MySQL service...
[2026-04-18 18:09:21,034:MySQL_Database.py#L210:INFO]: Waiting for MySQL to become available...
[2026-04-18 18:09:21,099:MySQL_Database.py#L228:INFO]: MySQL is back up! (Took 0.06s)
[2026-04-18 18:09:21,099:MySQL_Database.py#L32:INFO]: Closed old MySQL connection.
[2026-04-18 18:09:21,159:MySQL_Database.py#L278:INFO]: Executing transpiled workload olap_workloads/tpch_121.wg (12 queries)...
[2026-04-18 18:11:04,137:MySQL_Database.py#L305:INFO]: Workload olap_workloads/tpch_121.wg executed successfully.
[2026-04-18 18:11:04,137:run_diverse_configs.py#L206:INFO]: Performance for config 7: 8.581437942106277
[2026-04-18 18:11:04,138:run_diverse_configs.py#L137:INFO]: Running config 8/10 for tpch_121
[2026-04-18 18:11:04,138:MySQL_Database.py#L253:INFO]: Transpiling workload from PostgreSQL to MySQL syntax...
[2026-04-18 18:11:04,168:MySQL_Database.py#L81:INFO]: MySQL knobs persisted to mysqld-auto.cnf. Restarting to apply...
[2026-04-18 18:11:04,169:MySQL_Database.py#L200:INFO]: Restarting MySQL service...
[2026-04-18 18:11:12,508:MySQL_Database.py#L210:INFO]: Waiting for MySQL to become available...
[2026-04-18 18:11:12,571:MySQL_Database.py#L228:INFO]: MySQL is back up! (Took 0.06s)
[2026-04-18 18:11:12,572:MySQL_Database.py#L32:INFO]: Closed old MySQL connection.
[2026-04-18 18:11:12,633:MySQL_Database.py#L278:INFO]: Executing transpiled workload olap_workloads/tpch_121.wg (12 queries)...
[2026-04-18 18:12:54,765:MySQL_Database.py#L305:INFO]: Workload olap_workloads/tpch_121.wg executed successfully.
[2026-04-18 18:12:54,765:run_diverse_configs.py#L206:INFO]: Performance for config 8: 8.51100707841882
[2026-04-18 18:12:54,766:run_diverse_configs.py#L137:INFO]: Running config 9/10 for tpch_121
[2026-04-18 18:12:54,766:MySQL_Database.py#L253:INFO]: Transpiling workload from PostgreSQL to MySQL syntax...
[2026-04-18 18:12:54,792:MySQL_Database.py#L81:INFO]: MySQL knobs persisted to mysqld-auto.cnf. Restarting to apply...
[2026-04-18 18:12:54,792:MySQL_Database.py#L200:INFO]: Restarting MySQL service...
[2026-04-18 18:13:02,884:MySQL_Database.py#L210:INFO]: Waiting for MySQL to become available...
[2026-04-18 18:13:03,009:MySQL_Database.py#L228:INFO]: MySQL is back up! (Took 0.12s)
[2026-04-18 18:13:03,009:MySQL_Database.py#L32:INFO]: Closed old MySQL connection.
[2026-04-18 18:13:03,106:MySQL_Database.py#L278:INFO]: Executing transpiled workload olap_workloads/tpch_121.wg (12 queries)...
[2026-04-18 18:14:45,285:MySQL_Database.py#L305:INFO]: Workload olap_workloads/tpch_121.wg executed successfully.
[2026-04-18 18:14:45,285:run_diverse_configs.py#L206:INFO]: Performance for config 9: 8.514872665905083
[2026-04-18 18:14:45,286:run_diverse_configs.py#L137:INFO]: Running config 10/10 for tpch_121
[2026-04-18 18:14:45,286:MySQL_Database.py#L253:INFO]: Transpiling workload from PostgreSQL to MySQL syntax...
[2026-04-18 18:14:45,316:MySQL_Database.py#L81:INFO]: MySQL knobs persisted to mysqld-auto.cnf. Restarting to apply...
[2026-04-18 18:14:45,316:MySQL_Database.py#L200:INFO]: Restarting MySQL service...
[2026-04-18 18:14:53,359:MySQL_Database.py#L210:INFO]: Waiting for MySQL to become available...
[2026-04-18 18:14:53,503:MySQL_Database.py#L228:INFO]: MySQL is back up! (Took 0.14s)
[2026-04-18 18:14:53,503:MySQL_Database.py#L32:INFO]: Closed old MySQL connection.
[2026-04-18 18:14:53,594:MySQL_Database.py#L278:INFO]: Executing transpiled workload olap_workloads/tpch_121.wg (12 queries)...
[2026-04-18 18:16:36,426:MySQL_Database.py#L305:INFO]: Workload olap_workloads/tpch_121.wg executed successfully.
[2026-04-18 18:16:36,426:run_diverse_configs.py#L206:INFO]: Performance for config 10: 8.56929899926763
[2026-04-18 18:16:36,426:run_diverse_configs.py#L129:INFO]: Running 10 configs for tpch_256
[2026-04-18 18:16:36,427:run_diverse_configs.py#L137:INFO]: Running config 1/10 for tpch_256
[2026-04-18 18:16:36,433:MySQL_Database.py#L253:INFO]: Transpiling workload from PostgreSQL to MySQL syntax...
[2026-04-18 18:16:36,467:MySQL_Database.py#L81:INFO]: MySQL knobs persisted to mysqld-auto.cnf. Restarting to apply...
[2026-04-18 18:16:36,467:MySQL_Database.py#L200:INFO]: Restarting MySQL service...
[2026-04-18 18:16:44,858:MySQL_Database.py#L210:INFO]: Waiting for MySQL to become available...
[2026-04-18 18:16:44,922:MySQL_Database.py#L228:INFO]: MySQL is back up! (Took 0.06s)
[2026-04-18 18:16:44,922:MySQL_Database.py#L32:INFO]: Closed old MySQL connection.
[2026-04-18 18:16:44,984:MySQL_Database.py#L278:INFO]: Executing transpiled workload olap_workloads/tpch_256.wg (13 queries)...
[2026-04-18 18:17:34,261:MySQL_Database.py#L305:INFO]: Workload olap_workloads/tpch_256.wg executed successfully.
[2026-04-18 18:17:34,261:run_diverse_configs.py#L206:INFO]: Performance for config 1: 3.7904549899439397
[2026-04-18 18:17:34,261:run_diverse_configs.py#L137:INFO]: Running config 2/10 for tpch_256
[2026-04-18 18:17:34,262:MySQL_Database.py#L253:INFO]: Transpiling workload from PostgreSQL to MySQL syntax...
[2026-04-18 18:17:34,294:MySQL_Database.py#L81:INFO]: MySQL knobs persisted to mysqld-auto.cnf. Restarting to apply...
[2026-04-18 18:17:34,294:MySQL_Database.py#L200:INFO]: Restarting MySQL service...
[2026-04-18 18:17:42,334:MySQL_Database.py#L210:INFO]: Waiting for MySQL to become available...
[2026-04-18 18:17:42,405:MySQL_Database.py#L228:INFO]: MySQL is back up! (Took 0.07s)
[2026-04-18 18:17:42,405:MySQL_Database.py#L32:INFO]: Closed old MySQL connection.
[2026-04-18 18:17:42,466:MySQL_Database.py#L278:INFO]: Executing transpiled workload olap_workloads/tpch_256.wg (13 queries)...
[2026-04-18 18:18:32,472:MySQL_Database.py#L305:INFO]: Workload olap_workloads/tpch_256.wg executed successfully.
[2026-04-18 18:18:32,472:run_diverse_configs.py#L206:INFO]: Performance for config 2: 3.8465469752151806
[2026-04-18 18:18:32,472:run_diverse_configs.py#L137:INFO]: Running config 3/10 for tpch_256
[2026-04-18 18:18:32,472:MySQL_Database.py#L253:INFO]: Transpiling workload from PostgreSQL to MySQL syntax...
[2026-04-18 18:18:32,504:MySQL_Database.py#L81:INFO]: MySQL knobs persisted to mysqld-auto.cnf. Restarting to apply...
[2026-04-18 18:18:32,505:MySQL_Database.py#L200:INFO]: Restarting MySQL service...
[2026-04-18 18:18:40,847:MySQL_Database.py#L210:INFO]: Waiting for MySQL to become available...
[2026-04-18 18:18:40,920:MySQL_Database.py#L228:INFO]: MySQL is back up! (Took 0.07s)
[2026-04-18 18:18:40,920:MySQL_Database.py#L32:INFO]: Closed old MySQL connection.
[2026-04-18 18:18:40,981:MySQL_Database.py#L278:INFO]: Executing transpiled workload olap_workloads/tpch_256.wg (13 queries)...
[2026-04-18 18:19:30,425:MySQL_Database.py#L305:INFO]: Workload olap_workloads/tpch_256.wg executed successfully.
[2026-04-18 18:19:30,425:run_diverse_configs.py#L206:INFO]: Performance for config 3: 3.803278861280817
[2026-04-18 18:19:30,425:run_diverse_configs.py#L137:INFO]: Running config 4/10 for tpch_256
[2026-04-18 18:19:30,426:MySQL_Database.py#L253:INFO]: Transpiling workload from PostgreSQL to MySQL syntax...
[2026-04-18 18:19:30,457:MySQL_Database.py#L81:INFO]: MySQL knobs persisted to mysqld-auto.cnf. Restarting to apply...
[2026-04-18 18:19:30,457:MySQL_Database.py#L200:INFO]: Restarting MySQL service...
[2026-04-18 18:19:38,245:MySQL_Database.py#L210:INFO]: Waiting for MySQL to become available...
[2026-04-18 18:19:38,317:MySQL_Database.py#L228:INFO]: MySQL is back up! (Took 0.07s)
[2026-04-18 18:19:38,317:MySQL_Database.py#L32:INFO]: Closed old MySQL connection.
[2026-04-18 18:19:38,437:MySQL_Database.py#L278:INFO]: Executing transpiled workload olap_workloads/tpch_256.wg (13 queries)...
[2026-04-18 18:20:28,704:MySQL_Database.py#L305:INFO]: Workload olap_workloads/tpch_256.wg executed successfully.
[2026-04-18 18:20:28,704:run_diverse_configs.py#L206:INFO]: Performance for config 4: 3.8666486574623447
[2026-04-18 18:20:28,705:run_diverse_configs.py#L137:INFO]: Running config 5/10 for tpch_256
[2026-04-18 18:20:28,705:MySQL_Database.py#L253:INFO]: Transpiling workload from PostgreSQL to MySQL syntax...
[2026-04-18 18:20:28,737:MySQL_Database.py#L81:INFO]: MySQL knobs persisted to mysqld-auto.cnf. Restarting to apply...
[2026-04-18 18:20:28,737:MySQL_Database.py#L200:INFO]: Restarting MySQL service...
[2026-04-18 18:20:36,681:MySQL_Database.py#L210:INFO]: Waiting for MySQL to become available...
[2026-04-18 18:20:36,756:MySQL_Database.py#L228:INFO]: MySQL is back up! (Took 0.07s)
[2026-04-18 18:20:36,756:MySQL_Database.py#L32:INFO]: Closed old MySQL connection.
[2026-04-18 18:20:36,817:MySQL_Database.py#L278:INFO]: Executing transpiled workload olap_workloads/tpch_256.wg (13 queries)...
[2026-04-18 18:21:25,667:MySQL_Database.py#L305:INFO]: Workload olap_workloads/tpch_256.wg executed successfully.
[2026-04-18 18:21:25,667:run_diverse_configs.py#L206:INFO]: Performance for config 5: 3.757668897223014
[2026-04-18 18:21:25,667:run_diverse_configs.py#L137:INFO]: Running config 6/10 for tpch_256
[2026-04-18 18:21:25,668:MySQL_Database.py#L253:INFO]: Transpiling workload from PostgreSQL to MySQL syntax...
[2026-04-18 18:21:25,698:MySQL_Database.py#L81:INFO]: MySQL knobs persisted to mysqld-auto.cnf. Restarting to apply...
[2026-04-18 18:21:25,699:MySQL_Database.py#L200:INFO]: Restarting MySQL service...
[2026-04-18 18:21:34,094:MySQL_Database.py#L210:INFO]: Waiting for MySQL to become available...
[2026-04-18 18:21:34,191:MySQL_Database.py#L228:INFO]: MySQL is back up! (Took 0.10s)
[2026-04-18 18:21:34,191:MySQL_Database.py#L32:INFO]: Closed old MySQL connection.
[2026-04-18 18:21:34,251:MySQL_Database.py#L278:INFO]: Executing transpiled workload olap_workloads/tpch_256.wg (13 queries)...
[2026-04-18 18:22:23,719:MySQL_Database.py#L305:INFO]: Workload olap_workloads/tpch_256.wg executed successfully.
[2026-04-18 18:22:23,719:run_diverse_configs.py#L206:INFO]: Performance for config 6: 3.8051924776070964
[2026-04-18 18:22:23,719:run_diverse_configs.py#L137:INFO]: Running config 7/10 for tpch_256
[2026-04-18 18:22:23,720:MySQL_Database.py#L253:INFO]: Transpiling workload from PostgreSQL to MySQL syntax...
[2026-04-18 18:22:23,751:MySQL_Database.py#L81:INFO]: MySQL knobs persisted to mysqld-auto.cnf. Restarting to apply...
[2026-04-18 18:22:23,751:MySQL_Database.py#L200:INFO]: Restarting MySQL service...
[2026-04-18 18:22:31,543:MySQL_Database.py#L210:INFO]: Waiting for MySQL to become available...
[2026-04-18 18:22:31,607:MySQL_Database.py#L228:INFO]: MySQL is back up! (Took 0.06s)
[2026-04-18 18:22:31,608:MySQL_Database.py#L32:INFO]: Closed old MySQL connection.
[2026-04-18 18:22:31,699:MySQL_Database.py#L278:INFO]: Executing transpiled workload olap_workloads/tpch_256.wg (13 queries)...
[2026-04-18 18:23:20,600:MySQL_Database.py#L305:INFO]: Workload olap_workloads/tpch_256.wg executed successfully.
[2026-04-18 18:23:20,600:run_diverse_configs.py#L206:INFO]: Performance for config 7: 3.7615489383729606
[2026-04-18 18:23:20,600:run_diverse_configs.py#L137:INFO]: Running config 8/10 for tpch_256
[2026-04-18 18:23:20,601:MySQL_Database.py#L253:INFO]: Transpiling workload from PostgreSQL to MySQL syntax...
[2026-04-18 18:23:20,632:MySQL_Database.py#L81:INFO]: MySQL knobs persisted to mysqld-auto.cnf. Restarting to apply...
[2026-04-18 18:23:20,632:MySQL_Database.py#L200:INFO]: Restarting MySQL service...
[2026-04-18 18:23:28,926:MySQL_Database.py#L210:INFO]: Waiting for MySQL to become available...
[2026-04-18 18:23:28,991:MySQL_Database.py#L228:INFO]: MySQL is back up! (Took 0.06s)
[2026-04-18 18:23:28,991:MySQL_Database.py#L32:INFO]: Closed old MySQL connection.
[2026-04-18 18:23:29,053:MySQL_Database.py#L278:INFO]: Executing transpiled workload olap_workloads/tpch_256.wg (13 queries)...
[2026-04-18 18:24:18,897:MySQL_Database.py#L305:INFO]: Workload olap_workloads/tpch_256.wg executed successfully.
[2026-04-18 18:24:18,897:run_diverse_configs.py#L206:INFO]: Performance for config 8: 3.8341222623936257
[2026-04-18 18:24:18,897:run_diverse_configs.py#L137:INFO]: Running config 9/10 for tpch_256
[2026-04-18 18:24:18,898:MySQL_Database.py#L253:INFO]: Transpiling workload from PostgreSQL to MySQL syntax...
[2026-04-18 18:24:18,928:MySQL_Database.py#L81:INFO]: MySQL knobs persisted to mysqld-auto.cnf. Restarting to apply...
[2026-04-18 18:24:18,929:MySQL_Database.py#L200:INFO]: Restarting MySQL service...
[2026-04-18 18:24:27,425:MySQL_Database.py#L210:INFO]: Waiting for MySQL to become available...
[2026-04-18 18:24:27,489:MySQL_Database.py#L228:INFO]: MySQL is back up! (Took 0.06s)
[2026-04-18 18:24:27,490:MySQL_Database.py#L32:INFO]: Closed old MySQL connection.
[2026-04-18 18:24:27,555:MySQL_Database.py#L278:INFO]: Executing transpiled workload olap_workloads/tpch_256.wg (13 queries)...
[2026-04-18 18:25:17,673:MySQL_Database.py#L305:INFO]: Workload olap_workloads/tpch_256.wg executed successfully.
[2026-04-18 18:25:17,673:run_diverse_configs.py#L206:INFO]: Performance for config 9: 3.855162631935225
[2026-04-18 18:25:17,673:run_diverse_configs.py#L137:INFO]: Running config 10/10 for tpch_256
[2026-04-18 18:25:17,674:MySQL_Database.py#L253:INFO]: Transpiling workload from PostgreSQL to MySQL syntax...
[2026-04-18 18:25:17,705:MySQL_Database.py#L81:INFO]: MySQL knobs persisted to mysqld-auto.cnf. Restarting to apply...
[2026-04-18 18:25:17,706:MySQL_Database.py#L200:INFO]: Restarting MySQL service...
[2026-04-18 18:25:25,900:MySQL_Database.py#L210:INFO]: Waiting for MySQL to become available...
[2026-04-18 18:25:26,031:MySQL_Database.py#L228:INFO]: MySQL is back up! (Took 0.13s)
[2026-04-18 18:25:26,032:MySQL_Database.py#L32:INFO]: Closed old MySQL connection.
[2026-04-18 18:25:26,153:MySQL_Database.py#L278:INFO]: Executing transpiled workload olap_workloads/tpch_256.wg (13 queries)...
[2026-04-18 18:26:13,949:MySQL_Database.py#L305:INFO]: Workload olap_workloads/tpch_256.wg executed successfully.
[2026-04-18 18:26:13,949:run_diverse_configs.py#L206:INFO]: Performance for config 10: 3.676572667649732
