[2026-04-05 14:50:09,936:run_diverse_configs.py#L82:INFO]: ====================================================================================================
[2026-04-05 14:50:09,936:run_diverse_configs.py#L83:INFO]: E2ETune: Running Diverse Configs for tpch
[2026-04-05 14:50:09,936:run_diverse_configs.py#L84:INFO]: ====================================================================================================
[2026-04-05 14:50:09,936:run_diverse_configs.py#L85:INFO]: Config: config/config.yaml
[2026-04-05 14:50:09,936:run_diverse_configs.py#L86:INFO]: Host: localhost  DB: tpch
[2026-04-05 14:50:09,936:run_diverse_configs.py#L87:INFO]: Benchmark: tpch  Type: olap
[2026-04-05 14:50:09,936:run_diverse_configs.py#L88:INFO]: Workload path: ./olap_workloads
[2026-04-05 14:50:09,937:run_diverse_configs.py#L89:INFO]: ====================================================================================================
[2026-04-05 14:50:09,993:run_diverse_configs.py#L129:INFO]: Running 10 configs for tpch_218
[2026-04-05 14:50:09,993:run_diverse_configs.py#L137:INFO]: Running config 1/10 for tpch_218
[2026-04-05 14:50:09,994:MySQL_Database.py#L242:INFO]: Transpiling workload from PostgreSQL to MySQL syntax...
[2026-04-05 14:50:10,078:MySQL_Database.py#L79:INFO]: MySQL knobs persisted to mysqld-auto.cnf. Restarting to apply...
[2026-04-05 14:50:10,078:MySQL_Database.py#L189:INFO]: Restarting MySQL service...
[2026-04-05 14:50:14,611:MySQL_Database.py#L199:INFO]: Waiting for MySQL to become available...
[2026-04-05 14:50:14,642:MySQL_Database.py#L217:INFO]: MySQL is back up! (Took 0.03s)
[2026-04-05 14:50:14,643:MySQL_Database.py#L32:INFO]: Closed old MySQL connection.
[2026-04-05 14:50:14,717:MySQL_Database.py#L267:INFO]: Executing transpiled workload olap_workloads/tpch_218.wg (19 queries)...
[2026-04-05 14:53:46,226:MySQL_Database.py#L294:INFO]: Workload olap_workloads/tpch_218.wg executed successfully.
[2026-04-05 14:53:46,226:run_diverse_configs.py#L206:INFO]: Performance for config 1: 11.132032293421952
[2026-04-05 14:53:46,226:run_diverse_configs.py#L137:INFO]: Running config 2/10 for tpch_218
[2026-04-05 14:53:46,227:MySQL_Database.py#L242:INFO]: Transpiling workload from PostgreSQL to MySQL syntax...
[2026-04-05 14:53:46,320:MySQL_Database.py#L79:INFO]: MySQL knobs persisted to mysqld-auto.cnf. Restarting to apply...
[2026-04-05 14:53:46,320:MySQL_Database.py#L189:INFO]: Restarting MySQL service...
[2026-04-05 14:53:50,750:MySQL_Database.py#L199:INFO]: Waiting for MySQL to become available...
[2026-04-05 14:53:50,781:MySQL_Database.py#L217:INFO]: MySQL is back up! (Took 0.03s)
[2026-04-05 14:53:50,781:MySQL_Database.py#L32:INFO]: Closed old MySQL connection.
[2026-04-05 14:53:50,836:MySQL_Database.py#L267:INFO]: Executing transpiled workload olap_workloads/tpch_218.wg (19 queries)...
[2026-04-05 14:57:21,018:MySQL_Database.py#L294:INFO]: Workload olap_workloads/tpch_218.wg executed successfully.
[2026-04-05 14:57:21,018:run_diverse_configs.py#L206:INFO]: Performance for config 2: 11.062168739368452
[2026-04-05 14:57:21,018:run_diverse_configs.py#L137:INFO]: Running config 3/10 for tpch_218
[2026-04-05 14:57:21,018:MySQL_Database.py#L242:INFO]: Transpiling workload from PostgreSQL to MySQL syntax...
[2026-04-05 14:57:21,115:MySQL_Database.py#L79:INFO]: MySQL knobs persisted to mysqld-auto.cnf. Restarting to apply...
[2026-04-05 14:57:21,115:MySQL_Database.py#L189:INFO]: Restarting MySQL service...
[2026-04-05 14:57:25,698:MySQL_Database.py#L199:INFO]: Waiting for MySQL to become available...
[2026-04-05 14:57:25,756:MySQL_Database.py#L217:INFO]: MySQL is back up! (Took 0.06s)
[2026-04-05 14:57:25,756:MySQL_Database.py#L32:INFO]: Closed old MySQL connection.
[2026-04-05 14:57:25,813:MySQL_Database.py#L267:INFO]: Executing transpiled workload olap_workloads/tpch_218.wg (19 queries)...
[2026-04-05 15:01:52,874:MySQL_Database.py#L294:INFO]: Workload olap_workloads/tpch_218.wg executed successfully.
[2026-04-05 15:01:52,874:run_diverse_configs.py#L206:INFO]: Performance for config 3: 14.055833557946913
[2026-04-05 15:01:52,874:run_diverse_configs.py#L137:INFO]: Running config 4/10 for tpch_218
[2026-04-05 15:01:52,875:MySQL_Database.py#L242:INFO]: Transpiling workload from PostgreSQL to MySQL syntax...
[2026-04-05 15:01:52,971:MySQL_Database.py#L79:INFO]: MySQL knobs persisted to mysqld-auto.cnf. Restarting to apply...
[2026-04-05 15:01:52,972:MySQL_Database.py#L189:INFO]: Restarting MySQL service...
[2026-04-05 15:01:58,356:MySQL_Database.py#L199:INFO]: Waiting for MySQL to become available...
[2026-04-05 15:01:58,386:MySQL_Database.py#L217:INFO]: MySQL is back up! (Took 0.03s)
[2026-04-05 15:01:58,387:MySQL_Database.py#L32:INFO]: Closed old MySQL connection.
[2026-04-05 15:01:58,443:MySQL_Database.py#L267:INFO]: Executing transpiled workload olap_workloads/tpch_218.wg (19 queries)...
[2026-04-05 15:05:30,309:MySQL_Database.py#L294:INFO]: Workload olap_workloads/tpch_218.wg executed successfully.
[2026-04-05 15:05:30,309:run_diverse_configs.py#L206:INFO]: Performance for config 4: 11.15082055694687
[2026-04-05 15:05:30,309:run_diverse_configs.py#L137:INFO]: Running config 5/10 for tpch_218
[2026-04-05 15:05:30,309:MySQL_Database.py#L242:INFO]: Transpiling workload from PostgreSQL to MySQL syntax...
[2026-04-05 15:05:30,583:MySQL_Database.py#L79:INFO]: MySQL knobs persisted to mysqld-auto.cnf. Restarting to apply...
[2026-04-05 15:05:30,583:MySQL_Database.py#L189:INFO]: Restarting MySQL service...
[2026-04-05 15:05:37,123:MySQL_Database.py#L199:INFO]: Waiting for MySQL to become available...
[2026-04-05 15:05:37,156:MySQL_Database.py#L217:INFO]: MySQL is back up! (Took 0.03s)
[2026-04-05 15:05:37,156:MySQL_Database.py#L32:INFO]: Closed old MySQL connection.
[2026-04-05 15:05:37,212:MySQL_Database.py#L267:INFO]: Executing transpiled workload olap_workloads/tpch_218.wg (19 queries)...
[2026-04-05 15:09:03,905:MySQL_Database.py#L294:INFO]: Workload olap_workloads/tpch_218.wg executed successfully.
[2026-04-05 15:09:03,905:run_diverse_configs.py#L206:INFO]: Performance for config 5: 10.878574866841326
[2026-04-05 15:09:03,905:run_diverse_configs.py#L137:INFO]: Running config 6/10 for tpch_218
[2026-04-05 15:09:03,906:MySQL_Database.py#L242:INFO]: Transpiling workload from PostgreSQL to MySQL syntax...
[2026-04-05 15:09:03,995:MySQL_Database.py#L79:INFO]: MySQL knobs persisted to mysqld-auto.cnf. Restarting to apply...
[2026-04-05 15:09:03,995:MySQL_Database.py#L189:INFO]: Restarting MySQL service...
[2026-04-05 15:09:09,280:MySQL_Database.py#L199:INFO]: Waiting for MySQL to become available...
[2026-04-05 15:09:09,310:MySQL_Database.py#L217:INFO]: MySQL is back up! (Took 0.03s)
[2026-04-05 15:09:09,310:MySQL_Database.py#L32:INFO]: Closed old MySQL connection.
[2026-04-05 15:09:09,366:MySQL_Database.py#L267:INFO]: Executing transpiled workload olap_workloads/tpch_218.wg (19 queries)...
[2026-04-05 15:12:36,768:MySQL_Database.py#L294:INFO]: Workload olap_workloads/tpch_218.wg executed successfully.
[2026-04-05 15:12:36,768:run_diverse_configs.py#L206:INFO]: Performance for config 6: 10.91588803036843
[2026-04-05 15:12:36,768:run_diverse_configs.py#L137:INFO]: Running config 7/10 for tpch_218
[2026-04-05 15:12:36,769:MySQL_Database.py#L242:INFO]: Transpiling workload from PostgreSQL to MySQL syntax...
[2026-04-05 15:12:36,864:MySQL_Database.py#L79:INFO]: MySQL knobs persisted to mysqld-auto.cnf. Restarting to apply...
[2026-04-05 15:12:36,865:MySQL_Database.py#L189:INFO]: Restarting MySQL service...
[2026-04-05 15:12:41,194:MySQL_Database.py#L199:INFO]: Waiting for MySQL to become available...
[2026-04-05 15:12:41,224:MySQL_Database.py#L217:INFO]: MySQL is back up! (Took 0.03s)
[2026-04-05 15:12:41,225:MySQL_Database.py#L32:INFO]: Closed old MySQL connection.
[2026-04-05 15:12:41,280:MySQL_Database.py#L267:INFO]: Executing transpiled workload olap_workloads/tpch_218.wg (19 queries)...
[2026-04-05 15:17:12,935:MySQL_Database.py#L294:INFO]: Workload olap_workloads/tpch_218.wg executed successfully.
[2026-04-05 15:17:12,935:run_diverse_configs.py#L206:INFO]: Performance for config 7: 14.29759373589523
[2026-04-05 15:17:12,935:run_diverse_configs.py#L137:INFO]: Running config 8/10 for tpch_218
[2026-04-05 15:17:12,936:MySQL_Database.py#L242:INFO]: Transpiling workload from PostgreSQL to MySQL syntax...
[2026-04-05 15:17:13,025:MySQL_Database.py#L79:INFO]: MySQL knobs persisted to mysqld-auto.cnf. Restarting to apply...
[2026-04-05 15:17:13,025:MySQL_Database.py#L189:INFO]: Restarting MySQL service...
[2026-04-05 15:17:18,511:MySQL_Database.py#L199:INFO]: Waiting for MySQL to become available...
[2026-04-05 15:17:18,543:MySQL_Database.py#L217:INFO]: MySQL is back up! (Took 0.03s)
[2026-04-05 15:17:18,543:MySQL_Database.py#L32:INFO]: Closed old MySQL connection.
[2026-04-05 15:17:18,605:MySQL_Database.py#L267:INFO]: Executing transpiled workload olap_workloads/tpch_218.wg (19 queries)...
[2026-04-05 15:21:23,140:MySQL_Database.py#L294:INFO]: Workload olap_workloads/tpch_218.wg executed successfully.
[2026-04-05 15:21:23,140:run_diverse_configs.py#L206:INFO]: Performance for config 8: 12.870253586841404
[2026-04-05 15:21:23,141:run_diverse_configs.py#L137:INFO]: Running config 9/10 for tpch_218
[2026-04-05 15:21:23,141:MySQL_Database.py#L242:INFO]: Transpiling workload from PostgreSQL to MySQL syntax...
[2026-04-05 15:21:23,233:MySQL_Database.py#L79:INFO]: MySQL knobs persisted to mysqld-auto.cnf. Restarting to apply...
[2026-04-05 15:21:23,233:MySQL_Database.py#L189:INFO]: Restarting MySQL service...
[2026-04-05 15:21:27,563:MySQL_Database.py#L199:INFO]: Waiting for MySQL to become available...
[2026-04-05 15:21:27,594:MySQL_Database.py#L217:INFO]: MySQL is back up! (Took 0.03s)
[2026-04-05 15:21:27,594:MySQL_Database.py#L32:INFO]: Closed old MySQL connection.
[2026-04-05 15:21:27,649:MySQL_Database.py#L267:INFO]: Executing transpiled workload olap_workloads/tpch_218.wg (19 queries)...
[2026-04-05 15:24:56,911:MySQL_Database.py#L294:INFO]: Workload olap_workloads/tpch_218.wg executed successfully.
[2026-04-05 15:24:56,912:run_diverse_configs.py#L206:INFO]: Performance for config 9: 11.013795569051965
[2026-04-05 15:24:56,914:run_diverse_configs.py#L137:INFO]: Running config 10/10 for tpch_218
[2026-04-05 15:24:56,915:MySQL_Database.py#L242:INFO]: Transpiling workload from PostgreSQL to MySQL syntax...
[2026-04-05 15:24:57,008:MySQL_Database.py#L79:INFO]: MySQL knobs persisted to mysqld-auto.cnf. Restarting to apply...
[2026-04-05 15:24:57,008:MySQL_Database.py#L189:INFO]: Restarting MySQL service...
[2026-04-05 15:25:01,138:MySQL_Database.py#L199:INFO]: Waiting for MySQL to become available...
[2026-04-05 15:25:01,171:MySQL_Database.py#L217:INFO]: MySQL is back up! (Took 0.03s)
[2026-04-05 15:25:01,171:MySQL_Database.py#L32:INFO]: Closed old MySQL connection.
[2026-04-05 15:25:01,227:MySQL_Database.py#L267:INFO]: Executing transpiled workload olap_workloads/tpch_218.wg (19 queries)...
[2026-04-05 15:30:11,956:MySQL_Database.py#L294:INFO]: Workload olap_workloads/tpch_218.wg executed successfully.
[2026-04-05 15:30:11,956:run_diverse_configs.py#L206:INFO]: Performance for config 10: 16.354131744105345
[2026-04-05 15:30:11,957:run_diverse_configs.py#L129:INFO]: Running 10 configs for tpch_206
[2026-04-05 15:30:11,957:run_diverse_configs.py#L137:INFO]: Running config 1/10 for tpch_206
[2026-04-05 15:30:11,958:MySQL_Database.py#L242:INFO]: Transpiling workload from PostgreSQL to MySQL syntax...
[2026-04-05 15:30:12,050:MySQL_Database.py#L79:INFO]: MySQL knobs persisted to mysqld-auto.cnf. Restarting to apply...
[2026-04-05 15:30:12,050:MySQL_Database.py#L189:INFO]: Restarting MySQL service...
[2026-04-05 15:30:17,185:MySQL_Database.py#L199:INFO]: Waiting for MySQL to become available...
[2026-04-05 15:30:17,216:MySQL_Database.py#L217:INFO]: MySQL is back up! (Took 0.03s)
[2026-04-05 15:30:17,216:MySQL_Database.py#L32:INFO]: Closed old MySQL connection.
[2026-04-05 15:30:17,272:MySQL_Database.py#L267:INFO]: Executing transpiled workload olap_workloads/tpch_206.wg (19 queries)...
[2026-04-05 15:33:03,682:MySQL_Database.py#L294:INFO]: Workload olap_workloads/tpch_206.wg executed successfully.
[2026-04-05 15:33:03,682:run_diverse_configs.py#L206:INFO]: Performance for config 1: 8.75842769468344
[2026-04-05 15:33:03,683:run_diverse_configs.py#L137:INFO]: Running config 2/10 for tpch_206
[2026-04-05 15:33:03,683:MySQL_Database.py#L242:INFO]: Transpiling workload from PostgreSQL to MySQL syntax...
[2026-04-05 15:33:03,783:MySQL_Database.py#L79:INFO]: MySQL knobs persisted to mysqld-auto.cnf. Restarting to apply...
[2026-04-05 15:33:03,784:MySQL_Database.py#L189:INFO]: Restarting MySQL service...
[2026-04-05 15:33:08,415:MySQL_Database.py#L199:INFO]: Waiting for MySQL to become available...
[2026-04-05 15:33:08,476:MySQL_Database.py#L217:INFO]: MySQL is back up! (Took 0.06s)
[2026-04-05 15:33:08,476:MySQL_Database.py#L32:INFO]: Closed old MySQL connection.
[2026-04-05 15:33:08,541:MySQL_Database.py#L267:INFO]: Executing transpiled workload olap_workloads/tpch_206.wg (19 queries)...
[2026-04-05 15:35:51,730:MySQL_Database.py#L294:INFO]: Workload olap_workloads/tpch_206.wg executed successfully.
[2026-04-05 15:35:51,730:run_diverse_configs.py#L206:INFO]: Performance for config 2: 8.58885994910624
[2026-04-05 15:35:51,730:run_diverse_configs.py#L137:INFO]: Running config 3/10 for tpch_206
[2026-04-05 15:35:51,730:MySQL_Database.py#L242:INFO]: Transpiling workload from PostgreSQL to MySQL syntax...
[2026-04-05 15:35:51,832:MySQL_Database.py#L79:INFO]: MySQL knobs persisted to mysqld-auto.cnf. Restarting to apply...
[2026-04-05 15:35:51,832:MySQL_Database.py#L189:INFO]: Restarting MySQL service...
[2026-04-05 15:35:56,965:MySQL_Database.py#L199:INFO]: Waiting for MySQL to become available...
[2026-04-05 15:35:57,019:MySQL_Database.py#L217:INFO]: MySQL is back up! (Took 0.05s)
[2026-04-05 15:35:57,019:MySQL_Database.py#L32:INFO]: Closed old MySQL connection.
[2026-04-05 15:35:57,121:MySQL_Database.py#L267:INFO]: Executing transpiled workload olap_workloads/tpch_206.wg (19 queries)...
[2026-04-05 15:39:47,099:MySQL_Database.py#L294:INFO]: Workload olap_workloads/tpch_206.wg executed successfully.
[2026-04-05 15:39:47,099:run_diverse_configs.py#L206:INFO]: Performance for config 3: 12.104070494577938
[2026-04-05 15:39:47,099:run_diverse_configs.py#L137:INFO]: Running config 4/10 for tpch_206
[2026-04-05 15:39:47,099:MySQL_Database.py#L242:INFO]: Transpiling workload from PostgreSQL to MySQL syntax...
[2026-04-05 15:39:47,194:MySQL_Database.py#L79:INFO]: MySQL knobs persisted to mysqld-auto.cnf. Restarting to apply...
[2026-04-05 15:39:47,194:MySQL_Database.py#L189:INFO]: Restarting MySQL service...
[2026-04-05 15:39:52,729:MySQL_Database.py#L199:INFO]: Waiting for MySQL to become available...
[2026-04-05 15:39:52,760:MySQL_Database.py#L217:INFO]: MySQL is back up! (Took 0.03s)
[2026-04-05 15:39:52,761:MySQL_Database.py#L32:INFO]: Closed old MySQL connection.
[2026-04-05 15:39:52,817:MySQL_Database.py#L267:INFO]: Executing transpiled workload olap_workloads/tpch_206.wg (19 queries)...
[2026-04-05 15:43:06,076:MySQL_Database.py#L294:INFO]: Workload olap_workloads/tpch_206.wg executed successfully.
[2026-04-05 15:43:06,076:run_diverse_configs.py#L206:INFO]: Performance for config 4: 10.171508741632447
[2026-04-05 15:43:06,080:run_diverse_configs.py#L137:INFO]: Running config 5/10 for tpch_206
[2026-04-05 15:43:06,081:MySQL_Database.py#L242:INFO]: Transpiling workload from PostgreSQL to MySQL syntax...
[2026-04-05 15:43:06,178:MySQL_Database.py#L79:INFO]: MySQL knobs persisted to mysqld-auto.cnf. Restarting to apply...
[2026-04-05 15:43:06,179:MySQL_Database.py#L189:INFO]: Restarting MySQL service...
[2026-04-05 15:43:10,859:MySQL_Database.py#L199:INFO]: Waiting for MySQL to become available...
[2026-04-05 15:43:10,890:MySQL_Database.py#L217:INFO]: MySQL is back up! (Took 0.03s)
[2026-04-05 15:43:10,890:MySQL_Database.py#L32:INFO]: Closed old MySQL connection.
[2026-04-05 15:43:10,946:MySQL_Database.py#L267:INFO]: Executing transpiled workload olap_workloads/tpch_206.wg (19 queries)...
[2026-04-05 15:46:42,265:MySQL_Database.py#L294:INFO]: Workload olap_workloads/tpch_206.wg executed successfully.
[2026-04-05 15:46:42,265:run_diverse_configs.py#L206:INFO]: Performance for config 5: 11.12206144684215
[2026-04-05 15:46:42,265:run_diverse_configs.py#L137:INFO]: Running config 6/10 for tpch_206
[2026-04-05 15:46:42,266:MySQL_Database.py#L242:INFO]: Transpiling workload from PostgreSQL to MySQL syntax...
[2026-04-05 15:46:42,362:MySQL_Database.py#L79:INFO]: MySQL knobs persisted to mysqld-auto.cnf. Restarting to apply...
[2026-04-05 15:46:42,362:MySQL_Database.py#L189:INFO]: Restarting MySQL service...
[2026-04-05 15:46:46,691:MySQL_Database.py#L199:INFO]: Waiting for MySQL to become available...
[2026-04-05 15:46:46,734:MySQL_Database.py#L217:INFO]: MySQL is back up! (Took 0.04s)
[2026-04-05 15:46:46,735:MySQL_Database.py#L32:INFO]: Closed old MySQL connection.
[2026-04-05 15:46:46,791:MySQL_Database.py#L267:INFO]: Executing transpiled workload olap_workloads/tpch_206.wg (19 queries)...
[2026-04-05 15:50:15,301:MySQL_Database.py#L294:INFO]: Workload olap_workloads/tpch_206.wg executed successfully.
[2026-04-05 15:50:15,301:run_diverse_configs.py#L206:INFO]: Performance for config 6: 10.974201163736565
[2026-04-05 15:50:15,301:run_diverse_configs.py#L137:INFO]: Running config 7/10 for tpch_206
[2026-04-05 15:50:15,302:MySQL_Database.py#L242:INFO]: Transpiling workload from PostgreSQL to MySQL syntax...
[2026-04-05 15:50:15,408:MySQL_Database.py#L79:INFO]: MySQL knobs persisted to mysqld-auto.cnf. Restarting to apply...
[2026-04-05 15:50:15,408:MySQL_Database.py#L189:INFO]: Restarting MySQL service...
[2026-04-05 15:50:19,439:MySQL_Database.py#L199:INFO]: Waiting for MySQL to become available...
[2026-04-05 15:50:19,471:MySQL_Database.py#L217:INFO]: MySQL is back up! (Took 0.03s)
[2026-04-05 15:50:19,472:MySQL_Database.py#L32:INFO]: Closed old MySQL connection.
[2026-04-05 15:50:19,528:MySQL_Database.py#L267:INFO]: Executing transpiled workload olap_workloads/tpch_206.wg (19 queries)...
[2026-04-05 15:53:09,586:MySQL_Database.py#L294:INFO]: Workload olap_workloads/tpch_206.wg executed successfully.
[2026-04-05 15:53:09,586:run_diverse_configs.py#L206:INFO]: Performance for config 7: 8.950372267526722
[2026-04-05 15:53:09,586:run_diverse_configs.py#L137:INFO]: Running config 8/10 for tpch_206
[2026-04-05 15:53:09,586:MySQL_Database.py#L242:INFO]: Transpiling workload from PostgreSQL to MySQL syntax...
[2026-04-05 15:53:09,686:MySQL_Database.py#L79:INFO]: MySQL knobs persisted to mysqld-auto.cnf. Restarting to apply...
[2026-04-05 15:53:09,686:MySQL_Database.py#L189:INFO]: Restarting MySQL service...
[2026-04-05 15:53:14,468:MySQL_Database.py#L199:INFO]: Waiting for MySQL to become available...
[2026-04-05 15:53:14,511:MySQL_Database.py#L217:INFO]: MySQL is back up! (Took 0.04s)
[2026-04-05 15:53:14,511:MySQL_Database.py#L32:INFO]: Closed old MySQL connection.
[2026-04-05 15:53:14,567:MySQL_Database.py#L267:INFO]: Executing transpiled workload olap_workloads/tpch_206.wg (19 queries)...
[2026-04-05 15:56:30,190:MySQL_Database.py#L294:INFO]: Workload olap_workloads/tpch_206.wg executed successfully.
[2026-04-05 15:56:30,190:run_diverse_configs.py#L206:INFO]: Performance for config 8: 10.29592632999993
[2026-04-05 15:56:30,190:run_diverse_configs.py#L137:INFO]: Running config 9/10 for tpch_206
[2026-04-05 15:56:30,191:MySQL_Database.py#L242:INFO]: Transpiling workload from PostgreSQL to MySQL syntax...
[2026-04-05 15:56:30,291:MySQL_Database.py#L79:INFO]: MySQL knobs persisted to mysqld-auto.cnf. Restarting to apply...
[2026-04-05 15:56:30,291:MySQL_Database.py#L189:INFO]: Restarting MySQL service...
[2026-04-05 15:56:35,475:MySQL_Database.py#L199:INFO]: Waiting for MySQL to become available...
[2026-04-05 15:56:35,508:MySQL_Database.py#L217:INFO]: MySQL is back up! (Took 0.03s)
[2026-04-05 15:56:35,509:MySQL_Database.py#L32:INFO]: Closed old MySQL connection.
[2026-04-05 15:56:35,565:MySQL_Database.py#L267:INFO]: Executing transpiled workload olap_workloads/tpch_206.wg (19 queries)...
[2026-04-05 16:00:07,350:MySQL_Database.py#L294:INFO]: Workload olap_workloads/tpch_206.wg executed successfully.
[2026-04-05 16:00:07,351:run_diverse_configs.py#L206:INFO]: Performance for config 9: 11.146596949262618
[2026-04-05 16:00:07,351:run_diverse_configs.py#L137:INFO]: Running config 10/10 for tpch_206
[2026-04-05 16:00:07,351:MySQL_Database.py#L242:INFO]: Transpiling workload from PostgreSQL to MySQL syntax...
[2026-04-05 16:00:07,452:MySQL_Database.py#L79:INFO]: MySQL knobs persisted to mysqld-auto.cnf. Restarting to apply...
[2026-04-05 16:00:07,452:MySQL_Database.py#L189:INFO]: Restarting MySQL service...
[2026-04-05 16:00:12,437:MySQL_Database.py#L199:INFO]: Waiting for MySQL to become available...
[2026-04-05 16:00:12,468:MySQL_Database.py#L217:INFO]: MySQL is back up! (Took 0.03s)
[2026-04-05 16:00:12,468:MySQL_Database.py#L32:INFO]: Closed old MySQL connection.
[2026-04-05 16:00:12,524:MySQL_Database.py#L267:INFO]: Executing transpiled workload olap_workloads/tpch_206.wg (19 queries)...
[2026-04-05 16:03:45,650:MySQL_Database.py#L294:INFO]: Workload olap_workloads/tpch_206.wg executed successfully.
[2026-04-05 16:03:45,651:run_diverse_configs.py#L206:INFO]: Performance for config 10: 11.217141134578636
[2026-04-05 16:03:45,651:run_diverse_configs.py#L129:INFO]: Running 10 configs for tpch_148
[2026-04-05 16:03:45,651:run_diverse_configs.py#L137:INFO]: Running config 1/10 for tpch_148
[2026-04-05 16:03:45,652:MySQL_Database.py#L242:INFO]: Transpiling workload from PostgreSQL to MySQL syntax...
[2026-04-05 16:03:45,745:MySQL_Database.py#L79:INFO]: MySQL knobs persisted to mysqld-auto.cnf. Restarting to apply...
[2026-04-05 16:03:45,745:MySQL_Database.py#L189:INFO]: Restarting MySQL service...
[2026-04-05 16:03:50,528:MySQL_Database.py#L199:INFO]: Waiting for MySQL to become available...
[2026-04-05 16:03:50,565:MySQL_Database.py#L217:INFO]: MySQL is back up! (Took 0.04s)
[2026-04-05 16:03:50,566:MySQL_Database.py#L32:INFO]: Closed old MySQL connection.
[2026-04-05 16:03:50,622:MySQL_Database.py#L267:INFO]: Executing transpiled workload olap_workloads/tpch_148.wg (13 queries)...
[2026-04-05 16:05:53,048:MySQL_Database.py#L294:INFO]: Workload olap_workloads/tpch_148.wg executed successfully.
[2026-04-05 16:05:53,048:run_diverse_configs.py#L206:INFO]: Performance for config 1: 9.417331026231226
[2026-04-05 16:05:53,048:run_diverse_configs.py#L137:INFO]: Running config 2/10 for tpch_148
[2026-04-05 16:05:53,048:MySQL_Database.py#L242:INFO]: Transpiling workload from PostgreSQL to MySQL syntax...
[2026-04-05 16:05:53,148:MySQL_Database.py#L79:INFO]: MySQL knobs persisted to mysqld-auto.cnf. Restarting to apply...
[2026-04-05 16:05:53,148:MySQL_Database.py#L189:INFO]: Restarting MySQL service...
[2026-04-05 16:05:57,780:MySQL_Database.py#L199:INFO]: Waiting for MySQL to become available...
[2026-04-05 16:05:57,811:MySQL_Database.py#L217:INFO]: MySQL is back up! (Took 0.03s)
[2026-04-05 16:05:57,811:MySQL_Database.py#L32:INFO]: Closed old MySQL connection.
[2026-04-05 16:05:57,867:MySQL_Database.py#L267:INFO]: Executing transpiled workload olap_workloads/tpch_148.wg (13 queries)...
[2026-04-05 16:08:01,321:MySQL_Database.py#L294:INFO]: Workload olap_workloads/tpch_148.wg executed successfully.
[2026-04-05 16:08:01,321:run_diverse_configs.py#L206:INFO]: Performance for config 2: 9.49639054738621
[2026-04-05 16:08:01,321:run_diverse_configs.py#L137:INFO]: Running config 3/10 for tpch_148
[2026-04-05 16:08:01,321:MySQL_Database.py#L242:INFO]: Transpiling workload from PostgreSQL to MySQL syntax...
[2026-04-05 16:08:01,419:MySQL_Database.py#L79:INFO]: MySQL knobs persisted to mysqld-auto.cnf. Restarting to apply...
[2026-04-05 16:08:01,420:MySQL_Database.py#L189:INFO]: Restarting MySQL service...
[2026-04-05 16:08:06,101:MySQL_Database.py#L199:INFO]: Waiting for MySQL to become available...
[2026-04-05 16:08:06,132:MySQL_Database.py#L217:INFO]: MySQL is back up! (Took 0.03s)
[2026-04-05 16:08:06,132:MySQL_Database.py#L32:INFO]: Closed old MySQL connection.
[2026-04-05 16:08:06,187:MySQL_Database.py#L267:INFO]: Executing transpiled workload olap_workloads/tpch_148.wg (13 queries)...
[2026-04-05 16:10:29,914:MySQL_Database.py#L294:INFO]: Workload olap_workloads/tpch_148.wg executed successfully.
[2026-04-05 16:10:29,914:run_diverse_configs.py#L206:INFO]: Performance for config 3: 11.055875957768876
[2026-04-05 16:10:29,914:run_diverse_configs.py#L137:INFO]: Running config 4/10 for tpch_148
[2026-04-05 16:10:29,915:MySQL_Database.py#L242:INFO]: Transpiling workload from PostgreSQL to MySQL syntax...
[2026-04-05 16:10:30,016:MySQL_Database.py#L79:INFO]: MySQL knobs persisted to mysqld-auto.cnf. Restarting to apply...
[2026-04-05 16:10:30,016:MySQL_Database.py#L189:INFO]: Restarting MySQL service...
[2026-04-05 16:10:35,400:MySQL_Database.py#L199:INFO]: Waiting for MySQL to become available...
[2026-04-05 16:10:35,458:MySQL_Database.py#L217:INFO]: MySQL is back up! (Took 0.06s)
[2026-04-05 16:10:35,459:MySQL_Database.py#L32:INFO]: Closed old MySQL connection.
[2026-04-05 16:10:35,516:MySQL_Database.py#L267:INFO]: Executing transpiled workload olap_workloads/tpch_148.wg (13 queries)...
[2026-04-05 16:12:37,431:MySQL_Database.py#L294:INFO]: Workload olap_workloads/tpch_148.wg executed successfully.
[2026-04-05 16:12:37,431:run_diverse_configs.py#L206:INFO]: Performance for config 4: 9.378051023384055
[2026-04-05 16:12:37,431:run_diverse_configs.py#L137:INFO]: Running config 5/10 for tpch_148
[2026-04-05 16:12:37,431:MySQL_Database.py#L242:INFO]: Transpiling workload from PostgreSQL to MySQL syntax...
[2026-04-05 16:12:37,523:MySQL_Database.py#L79:INFO]: MySQL knobs persisted to mysqld-auto.cnf. Restarting to apply...
[2026-04-05 16:12:37,523:MySQL_Database.py#L189:INFO]: Restarting MySQL service...
[2026-04-05 16:12:42,461:MySQL_Database.py#L199:INFO]: Waiting for MySQL to become available...
[2026-04-05 16:12:42,504:MySQL_Database.py#L217:INFO]: MySQL is back up! (Took 0.04s)
[2026-04-05 16:12:42,505:MySQL_Database.py#L32:INFO]: Closed old MySQL connection.
[2026-04-05 16:12:42,561:MySQL_Database.py#L267:INFO]: Executing transpiled workload olap_workloads/tpch_148.wg (13 queries)...
[2026-04-05 16:14:45,374:MySQL_Database.py#L294:INFO]: Workload olap_workloads/tpch_148.wg executed successfully.
[2026-04-05 16:14:45,374:run_diverse_configs.py#L206:INFO]: Performance for config 5: 9.447162918077083
[2026-04-05 16:14:45,375:run_diverse_configs.py#L137:INFO]: Running config 6/10 for tpch_148
[2026-04-05 16:14:45,375:MySQL_Database.py#L242:INFO]: Transpiling workload from PostgreSQL to MySQL syntax...
[2026-04-05 16:14:45,467:MySQL_Database.py#L79:INFO]: MySQL knobs persisted to mysqld-auto.cnf. Restarting to apply...
[2026-04-05 16:14:45,468:MySQL_Database.py#L189:INFO]: Restarting MySQL service...
[2026-04-05 16:14:50,300:MySQL_Database.py#L199:INFO]: Waiting for MySQL to become available...
[2026-04-05 16:14:50,360:MySQL_Database.py#L217:INFO]: MySQL is back up! (Took 0.06s)
[2026-04-05 16:14:50,360:MySQL_Database.py#L32:INFO]: Closed old MySQL connection.
[2026-04-05 16:14:50,438:MySQL_Database.py#L267:INFO]: Executing transpiled workload olap_workloads/tpch_148.wg (13 queries)...
[2026-04-05 16:18:02,332:MySQL_Database.py#L294:INFO]: Workload olap_workloads/tpch_148.wg executed successfully.
[2026-04-05 16:18:02,332:run_diverse_configs.py#L206:INFO]: Performance for config 6: 14.761072165229752
[2026-04-05 16:18:02,333:run_diverse_configs.py#L137:INFO]: Running config 7/10 for tpch_148
[2026-04-05 16:18:02,333:MySQL_Database.py#L242:INFO]: Transpiling workload from PostgreSQL to MySQL syntax...
[2026-04-05 16:18:02,432:MySQL_Database.py#L79:INFO]: MySQL knobs persisted to mysqld-auto.cnf. Restarting to apply...
[2026-04-05 16:18:02,433:MySQL_Database.py#L189:INFO]: Restarting MySQL service...
[2026-04-05 16:18:07,214:MySQL_Database.py#L199:INFO]: Waiting for MySQL to become available...
[2026-04-05 16:18:07,251:MySQL_Database.py#L217:INFO]: MySQL is back up! (Took 0.04s)
[2026-04-05 16:18:07,251:MySQL_Database.py#L32:INFO]: Closed old MySQL connection.
[2026-04-05 16:18:07,307:MySQL_Database.py#L267:INFO]: Executing transpiled workload olap_workloads/tpch_148.wg (13 queries)...
[2026-04-05 16:20:10,192:MySQL_Database.py#L294:INFO]: Workload olap_workloads/tpch_148.wg executed successfully.
[2026-04-05 16:20:10,192:run_diverse_configs.py#L206:INFO]: Performance for config 7: 9.452631319615579
[2026-04-05 16:20:10,192:run_diverse_configs.py#L137:INFO]: Running config 8/10 for tpch_148
[2026-04-05 16:20:10,193:MySQL_Database.py#L242:INFO]: Transpiling workload from PostgreSQL to MySQL syntax...
[2026-04-05 16:20:10,286:MySQL_Database.py#L79:INFO]: MySQL knobs persisted to mysqld-auto.cnf. Restarting to apply...
[2026-04-05 16:20:10,286:MySQL_Database.py#L189:INFO]: Restarting MySQL service...
[2026-04-05 16:20:15,571:MySQL_Database.py#L199:INFO]: Waiting for MySQL to become available...
[2026-04-05 16:20:15,602:MySQL_Database.py#L217:INFO]: MySQL is back up! (Took 0.03s)
[2026-04-05 16:20:15,602:MySQL_Database.py#L32:INFO]: Closed old MySQL connection.
[2026-04-05 16:20:15,658:MySQL_Database.py#L267:INFO]: Executing transpiled workload olap_workloads/tpch_148.wg (13 queries)...
[2026-04-05 16:21:55,447:MySQL_Database.py#L294:INFO]: Workload olap_workloads/tpch_148.wg executed successfully.
[2026-04-05 16:21:55,447:run_diverse_configs.py#L206:INFO]: Performance for config 8: 7.676032263615455
[2026-04-05 16:21:55,447:run_diverse_configs.py#L137:INFO]: Running config 9/10 for tpch_148
[2026-04-05 16:21:55,448:MySQL_Database.py#L242:INFO]: Transpiling workload from PostgreSQL to MySQL syntax...
[2026-04-05 16:21:55,734:MySQL_Database.py#L79:INFO]: MySQL knobs persisted to mysqld-auto.cnf. Restarting to apply...
[2026-04-05 16:21:55,734:MySQL_Database.py#L189:INFO]: Restarting MySQL service...
[2026-04-05 16:22:01,472:MySQL_Database.py#L199:INFO]: Waiting for MySQL to become available...
[2026-04-05 16:22:01,503:MySQL_Database.py#L217:INFO]: MySQL is back up! (Took 0.03s)
[2026-04-05 16:22:01,504:MySQL_Database.py#L32:INFO]: Closed old MySQL connection.
[2026-04-05 16:22:01,559:MySQL_Database.py#L267:INFO]: Executing transpiled workload olap_workloads/tpch_148.wg (13 queries)...
[2026-04-05 16:24:05,172:MySQL_Database.py#L294:INFO]: Workload olap_workloads/tpch_148.wg executed successfully.
[2026-04-05 16:24:05,173:run_diverse_configs.py#L206:INFO]: Performance for config 9: 9.508689898999783
[2026-04-05 16:24:05,173:run_diverse_configs.py#L137:INFO]: Running config 10/10 for tpch_148
[2026-04-05 16:24:05,173:MySQL_Database.py#L242:INFO]: Transpiling workload from PostgreSQL to MySQL syntax...
[2026-04-05 16:24:05,469:MySQL_Database.py#L79:INFO]: MySQL knobs persisted to mysqld-auto.cnf. Restarting to apply...
[2026-04-05 16:24:05,469:MySQL_Database.py#L189:INFO]: Restarting MySQL service...
[2026-04-05 16:24:10,804:MySQL_Database.py#L199:INFO]: Waiting for MySQL to become available...
[2026-04-05 16:24:10,838:MySQL_Database.py#L217:INFO]: MySQL is back up! (Took 0.03s)
[2026-04-05 16:24:10,838:MySQL_Database.py#L32:INFO]: Closed old MySQL connection.
[2026-04-05 16:24:10,893:MySQL_Database.py#L267:INFO]: Executing transpiled workload olap_workloads/tpch_148.wg (13 queries)...
[2026-04-05 16:30:10,560:MySQL_Database.py#L294:INFO]: Workload olap_workloads/tpch_148.wg executed successfully.
[2026-04-05 16:30:10,560:run_diverse_configs.py#L206:INFO]: Performance for config 10: 27.666626956537723
[2026-04-05 16:30:10,560:run_diverse_configs.py#L129:INFO]: Running 10 configs for tpch_27
[2026-04-05 16:30:10,560:run_diverse_configs.py#L137:INFO]: Running config 1/10 for tpch_27
[2026-04-05 16:30:10,561:MySQL_Database.py#L242:INFO]: Transpiling workload from PostgreSQL to MySQL syntax...
[2026-04-05 16:30:10,847:MySQL_Database.py#L79:INFO]: MySQL knobs persisted to mysqld-auto.cnf. Restarting to apply...
[2026-04-05 16:30:10,847:MySQL_Database.py#L189:INFO]: Restarting MySQL service...
[2026-04-05 16:30:16,583:MySQL_Database.py#L199:INFO]: Waiting for MySQL to become available...
[2026-04-05 16:30:16,614:MySQL_Database.py#L217:INFO]: MySQL is back up! (Took 0.03s)
[2026-04-05 16:30:16,615:MySQL_Database.py#L32:INFO]: Closed old MySQL connection.
[2026-04-05 16:30:16,670:MySQL_Database.py#L267:INFO]: Executing transpiled workload olap_workloads/tpch_27.wg (14 queries)...
[2026-04-05 16:34:04,185:MySQL_Database.py#L294:INFO]: Workload olap_workloads/tpch_27.wg executed successfully.
[2026-04-05 16:34:04,185:run_diverse_configs.py#L206:INFO]: Performance for config 1: 16.25107446614337
[2026-04-05 16:34:04,186:run_diverse_configs.py#L137:INFO]: Running config 2/10 for tpch_27
[2026-04-05 16:34:04,186:MySQL_Database.py#L242:INFO]: Transpiling workload from PostgreSQL to MySQL syntax...
[2026-04-05 16:34:04,479:MySQL_Database.py#L79:INFO]: MySQL knobs persisted to mysqld-auto.cnf. Restarting to apply...
[2026-04-05 16:34:04,479:MySQL_Database.py#L189:INFO]: Restarting MySQL service...
[2026-04-05 16:34:10,971:MySQL_Database.py#L199:INFO]: Waiting for MySQL to become available...
[2026-04-05 16:34:11,003:MySQL_Database.py#L217:INFO]: MySQL is back up! (Took 0.03s)
[2026-04-05 16:34:11,004:MySQL_Database.py#L32:INFO]: Closed old MySQL connection.
[2026-04-05 16:34:11,059:MySQL_Database.py#L267:INFO]: Executing transpiled workload olap_workloads/tpch_27.wg (14 queries)...
[2026-04-05 16:38:00,485:MySQL_Database.py#L294:INFO]: Workload olap_workloads/tpch_27.wg executed successfully.
[2026-04-05 16:38:00,485:run_diverse_configs.py#L206:INFO]: Performance for config 2: 16.387608017215307
[2026-04-05 16:38:00,486:run_diverse_configs.py#L137:INFO]: Running config 3/10 for tpch_27
[2026-04-05 16:38:00,486:MySQL_Database.py#L242:INFO]: Transpiling workload from PostgreSQL to MySQL syntax...
[2026-04-05 16:38:00,783:MySQL_Database.py#L79:INFO]: MySQL knobs persisted to mysqld-auto.cnf. Restarting to apply...
[2026-04-05 16:38:00,783:MySQL_Database.py#L189:INFO]: Restarting MySQL service...
[2026-04-05 16:38:06,469:MySQL_Database.py#L199:INFO]: Waiting for MySQL to become available...
[2026-04-05 16:38:06,505:MySQL_Database.py#L217:INFO]: MySQL is back up! (Took 0.04s)
[2026-04-05 16:38:06,505:MySQL_Database.py#L32:INFO]: Closed old MySQL connection.
[2026-04-05 16:38:06,561:MySQL_Database.py#L267:INFO]: Executing transpiled workload olap_workloads/tpch_27.wg (14 queries)...
[2026-04-05 16:42:19,099:MySQL_Database.py#L294:INFO]: Workload olap_workloads/tpch_27.wg executed successfully.
[2026-04-05 16:42:19,099:run_diverse_configs.py#L206:INFO]: Performance for config 3: 18.038428146213327
[2026-04-05 16:42:19,099:run_diverse_configs.py#L137:INFO]: Running config 4/10 for tpch_27
[2026-04-05 16:42:19,100:MySQL_Database.py#L242:INFO]: Transpiling workload from PostgreSQL to MySQL syntax...
[2026-04-05 16:42:19,397:MySQL_Database.py#L79:INFO]: MySQL knobs persisted to mysqld-auto.cnf. Restarting to apply...
[2026-04-05 16:42:19,397:MySQL_Database.py#L189:INFO]: Restarting MySQL service...
[2026-04-05 16:42:25,183:MySQL_Database.py#L199:INFO]: Waiting for MySQL to become available...
[2026-04-05 16:42:25,248:MySQL_Database.py#L217:INFO]: MySQL is back up! (Took 0.06s)
[2026-04-05 16:42:25,249:MySQL_Database.py#L32:INFO]: Closed old MySQL connection.
[2026-04-05 16:42:25,361:MySQL_Database.py#L267:INFO]: Executing transpiled workload olap_workloads/tpch_27.wg (14 queries)...
[2026-04-05 16:45:33,587:MySQL_Database.py#L294:INFO]: Workload olap_workloads/tpch_27.wg executed successfully.
[2026-04-05 16:45:33,587:run_diverse_configs.py#L206:INFO]: Performance for config 4: 13.444676851358963
[2026-04-05 16:45:33,587:run_diverse_configs.py#L137:INFO]: Running config 5/10 for tpch_27
[2026-04-05 16:45:33,588:MySQL_Database.py#L242:INFO]: Transpiling workload from PostgreSQL to MySQL syntax...
[2026-04-05 16:45:33,831:MySQL_Database.py#L79:INFO]: MySQL knobs persisted to mysqld-auto.cnf. Restarting to apply...
[2026-04-05 16:45:33,832:MySQL_Database.py#L189:INFO]: Restarting MySQL service...
[2026-04-05 16:45:39,620:MySQL_Database.py#L199:INFO]: Waiting for MySQL to become available...
[2026-04-05 16:45:39,651:MySQL_Database.py#L217:INFO]: MySQL is back up! (Took 0.03s)
[2026-04-05 16:45:39,651:MySQL_Database.py#L32:INFO]: Closed old MySQL connection.
[2026-04-05 16:45:39,707:MySQL_Database.py#L267:INFO]: Executing transpiled workload olap_workloads/tpch_27.wg (14 queries)...
[2026-04-05 16:48:29,078:MySQL_Database.py#L294:INFO]: Workload olap_workloads/tpch_27.wg executed successfully.
[2026-04-05 16:48:29,078:run_diverse_configs.py#L206:INFO]: Performance for config 5: 12.097913064285033
[2026-04-05 16:48:29,078:run_diverse_configs.py#L137:INFO]: Running config 6/10 for tpch_27
[2026-04-05 16:48:29,079:MySQL_Database.py#L242:INFO]: Transpiling workload from PostgreSQL to MySQL syntax...
[2026-04-05 16:48:29,371:MySQL_Database.py#L79:INFO]: MySQL knobs persisted to mysqld-auto.cnf. Restarting to apply...
[2026-04-05 16:48:29,371:MySQL_Database.py#L189:INFO]: Restarting MySQL service...
[2026-04-05 16:48:35,610:MySQL_Database.py#L199:INFO]: Waiting for MySQL to become available...
[2026-04-05 16:48:35,641:MySQL_Database.py#L217:INFO]: MySQL is back up! (Took 0.03s)
[2026-04-05 16:48:35,641:MySQL_Database.py#L32:INFO]: Closed old MySQL connection.
[2026-04-05 16:48:35,698:MySQL_Database.py#L267:INFO]: Executing transpiled workload olap_workloads/tpch_27.wg (14 queries)...
[2026-04-05 16:52:09,034:MySQL_Database.py#L294:INFO]: Workload olap_workloads/tpch_27.wg executed successfully.
[2026-04-05 16:52:09,034:run_diverse_configs.py#L206:INFO]: Performance for config 6: 15.238268570785294
[2026-04-05 16:52:09,034:run_diverse_configs.py#L137:INFO]: Running config 7/10 for tpch_27
[2026-04-05 16:52:09,034:MySQL_Database.py#L242:INFO]: Transpiling workload from PostgreSQL to MySQL syntax...
[2026-04-05 16:52:09,319:MySQL_Database.py#L79:INFO]: MySQL knobs persisted to mysqld-auto.cnf. Restarting to apply...
[2026-04-05 16:52:09,319:MySQL_Database.py#L189:INFO]: Restarting MySQL service...
[2026-04-05 16:52:15,407:MySQL_Database.py#L199:INFO]: Waiting for MySQL to become available...
[2026-04-05 16:52:15,440:MySQL_Database.py#L217:INFO]: MySQL is back up! (Took 0.03s)
[2026-04-05 16:52:15,441:MySQL_Database.py#L32:INFO]: Closed old MySQL connection.
[2026-04-05 16:52:15,497:MySQL_Database.py#L267:INFO]: Executing transpiled workload olap_workloads/tpch_27.wg (14 queries)...
[2026-04-05 16:55:46,988:MySQL_Database.py#L294:INFO]: Workload olap_workloads/tpch_27.wg executed successfully.
[2026-04-05 16:55:46,989:run_diverse_configs.py#L206:INFO]: Performance for config 7: 15.10648994757087
[2026-04-05 16:55:46,989:run_diverse_configs.py#L137:INFO]: Running config 8/10 for tpch_27
[2026-04-05 16:55:46,989:MySQL_Database.py#L242:INFO]: Transpiling workload from PostgreSQL to MySQL syntax...
[2026-04-05 16:55:47,273:MySQL_Database.py#L79:INFO]: MySQL knobs persisted to mysqld-auto.cnf. Restarting to apply...
[2026-04-05 16:55:47,273:MySQL_Database.py#L189:INFO]: Restarting MySQL service...
[2026-04-05 16:55:52,909:MySQL_Database.py#L199:INFO]: Waiting for MySQL to become available...
[2026-04-05 16:55:52,979:MySQL_Database.py#L217:INFO]: MySQL is back up! (Took 0.07s)
[2026-04-05 16:55:52,979:MySQL_Database.py#L32:INFO]: Closed old MySQL connection.
[2026-04-05 16:55:53,035:MySQL_Database.py#L267:INFO]: Executing transpiled workload olap_workloads/tpch_27.wg (14 queries)...
[2026-04-05 16:58:41,953:MySQL_Database.py#L294:INFO]: Workload olap_workloads/tpch_27.wg executed successfully.
[2026-04-05 16:58:41,953:run_diverse_configs.py#L206:INFO]: Performance for config 8: 12.065565623785785
[2026-04-05 16:58:41,954:run_diverse_configs.py#L137:INFO]: Running config 9/10 for tpch_27
[2026-04-05 16:58:41,954:MySQL_Database.py#L242:INFO]: Transpiling workload from PostgreSQL to MySQL syntax...
[2026-04-05 16:58:42,327:MySQL_Database.py#L79:INFO]: MySQL knobs persisted to mysqld-auto.cnf. Restarting to apply...
[2026-04-05 16:58:42,327:MySQL_Database.py#L189:INFO]: Restarting MySQL service...
[2026-04-05 16:58:47,460:MySQL_Database.py#L199:INFO]: Waiting for MySQL to become available...
[2026-04-05 16:58:47,491:MySQL_Database.py#L217:INFO]: MySQL is back up! (Took 0.03s)
[2026-04-05 16:58:47,492:MySQL_Database.py#L32:INFO]: Closed old MySQL connection.
[2026-04-05 16:58:47,547:MySQL_Database.py#L267:INFO]: Executing transpiled workload olap_workloads/tpch_27.wg (14 queries)...
[2026-04-05 17:02:01,691:MySQL_Database.py#L294:INFO]: Workload olap_workloads/tpch_27.wg executed successfully.
[2026-04-05 17:02:01,691:run_diverse_configs.py#L206:INFO]: Performance for config 9: 13.867422717428001
[2026-04-05 17:02:01,692:run_diverse_configs.py#L137:INFO]: Running config 10/10 for tpch_27
[2026-04-05 17:02:01,692:MySQL_Database.py#L242:INFO]: Transpiling workload from PostgreSQL to MySQL syntax...
[2026-04-05 17:02:02,009:MySQL_Database.py#L79:INFO]: MySQL knobs persisted to mysqld-auto.cnf. Restarting to apply...
[2026-04-05 17:02:02,010:MySQL_Database.py#L189:INFO]: Restarting MySQL service...
[2026-04-05 17:02:08,397:MySQL_Database.py#L199:INFO]: Waiting for MySQL to become available...
[2026-04-05 17:02:08,428:MySQL_Database.py#L217:INFO]: MySQL is back up! (Took 0.03s)
[2026-04-05 17:02:08,428:MySQL_Database.py#L32:INFO]: Closed old MySQL connection.
[2026-04-05 17:02:08,485:MySQL_Database.py#L267:INFO]: Executing transpiled workload olap_workloads/tpch_27.wg (14 queries)...
[2026-04-05 17:05:57,947:MySQL_Database.py#L294:INFO]: Workload olap_workloads/tpch_27.wg executed successfully.
[2026-04-05 17:05:57,947:run_diverse_configs.py#L206:INFO]: Performance for config 10: 16.390157031643735
[2026-04-05 17:05:57,948:run_diverse_configs.py#L129:INFO]: Running 10 configs for tpch_140
[2026-04-05 17:05:57,948:run_diverse_configs.py#L137:INFO]: Running config 1/10 for tpch_140
[2026-04-05 17:05:57,949:MySQL_Database.py#L242:INFO]: Transpiling workload from PostgreSQL to MySQL syntax...
[2026-04-05 17:05:58,264:MySQL_Database.py#L79:INFO]: MySQL knobs persisted to mysqld-auto.cnf. Restarting to apply...
[2026-04-05 17:05:58,265:MySQL_Database.py#L189:INFO]: Restarting MySQL service...
[2026-04-05 17:06:04,352:MySQL_Database.py#L199:INFO]: Waiting for MySQL to become available...
[2026-04-05 17:06:04,382:MySQL_Database.py#L217:INFO]: MySQL is back up! (Took 0.03s)
[2026-04-05 17:06:04,382:MySQL_Database.py#L32:INFO]: Closed old MySQL connection.
[2026-04-05 17:06:04,437:MySQL_Database.py#L267:INFO]: Executing transpiled workload olap_workloads/tpch_140.wg (15 queries)...
[2026-04-05 17:07:08,971:MySQL_Database.py#L294:INFO]: Workload olap_workloads/tpch_140.wg executed successfully.
[2026-04-05 17:07:08,971:run_diverse_configs.py#L206:INFO]: Performance for config 1: 4.302218046600077
[2026-04-05 17:07:08,971:run_diverse_configs.py#L137:INFO]: Running config 2/10 for tpch_140
[2026-04-05 17:07:08,972:MySQL_Database.py#L242:INFO]: Transpiling workload from PostgreSQL to MySQL syntax...
[2026-04-05 17:07:09,064:MySQL_Database.py#L79:INFO]: MySQL knobs persisted to mysqld-auto.cnf. Restarting to apply...
[2026-04-05 17:07:09,064:MySQL_Database.py#L189:INFO]: Restarting MySQL service...
[2026-04-05 17:07:14,498:MySQL_Database.py#L199:INFO]: Waiting for MySQL to become available...
[2026-04-05 17:07:14,558:MySQL_Database.py#L217:INFO]: MySQL is back up! (Took 0.06s)
[2026-04-05 17:07:14,559:MySQL_Database.py#L32:INFO]: Closed old MySQL connection.
[2026-04-05 17:07:14,672:MySQL_Database.py#L267:INFO]: Executing transpiled workload olap_workloads/tpch_140.wg (15 queries)...
[2026-04-05 17:08:17,958:MySQL_Database.py#L294:INFO]: Workload olap_workloads/tpch_140.wg executed successfully.
[2026-04-05 17:08:17,958:run_diverse_configs.py#L206:INFO]: Performance for config 2: 4.219042522867676
[2026-04-05 17:08:17,959:run_diverse_configs.py#L137:INFO]: Running config 3/10 for tpch_140
[2026-04-05 17:08:17,959:MySQL_Database.py#L242:INFO]: Transpiling workload from PostgreSQL to MySQL syntax...
[2026-04-05 17:08:18,059:MySQL_Database.py#L79:INFO]: MySQL knobs persisted to mysqld-auto.cnf. Restarting to apply...
[2026-04-05 17:08:18,060:MySQL_Database.py#L189:INFO]: Restarting MySQL service...
[2026-04-05 17:08:22,741:MySQL_Database.py#L199:INFO]: Waiting for MySQL to become available...
[2026-04-05 17:08:22,772:MySQL_Database.py#L217:INFO]: MySQL is back up! (Took 0.03s)
[2026-04-05 17:08:22,772:MySQL_Database.py#L32:INFO]: Closed old MySQL connection.
[2026-04-05 17:08:22,828:MySQL_Database.py#L267:INFO]: Executing transpiled workload olap_workloads/tpch_140.wg (15 queries)...
[2026-04-05 17:09:26,424:MySQL_Database.py#L294:INFO]: Workload olap_workloads/tpch_140.wg executed successfully.
[2026-04-05 17:09:26,424:run_diverse_configs.py#L206:INFO]: Performance for config 3: 4.239741309200569
[2026-04-05 17:09:26,425:run_diverse_configs.py#L137:INFO]: Running config 4/10 for tpch_140
[2026-04-05 17:09:26,425:MySQL_Database.py#L242:INFO]: Transpiling workload from PostgreSQL to MySQL syntax...
[2026-04-05 17:09:26,516:MySQL_Database.py#L79:INFO]: MySQL knobs persisted to mysqld-auto.cnf. Restarting to apply...
[2026-04-05 17:09:26,516:MySQL_Database.py#L189:INFO]: Restarting MySQL service...
[2026-04-05 17:09:30,947:MySQL_Database.py#L199:INFO]: Waiting for MySQL to become available...
[2026-04-05 17:09:31,005:MySQL_Database.py#L217:INFO]: MySQL is back up! (Took 0.06s)
[2026-04-05 17:09:31,005:MySQL_Database.py#L32:INFO]: Closed old MySQL connection.
[2026-04-05 17:09:31,062:MySQL_Database.py#L267:INFO]: Executing transpiled workload olap_workloads/tpch_140.wg (15 queries)...
[2026-04-05 17:10:35,118:MySQL_Database.py#L294:INFO]: Workload olap_workloads/tpch_140.wg executed successfully.
[2026-04-05 17:10:35,118:run_diverse_configs.py#L206:INFO]: Performance for config 4: 4.270354590731828
[2026-04-05 17:10:35,118:run_diverse_configs.py#L137:INFO]: Running config 5/10 for tpch_140
[2026-04-05 17:10:35,119:MySQL_Database.py#L242:INFO]: Transpiling workload from PostgreSQL to MySQL syntax...
[2026-04-05 17:10:35,211:MySQL_Database.py#L79:INFO]: MySQL knobs persisted to mysqld-auto.cnf. Restarting to apply...
[2026-04-05 17:10:35,211:MySQL_Database.py#L189:INFO]: Restarting MySQL service...
[2026-04-05 17:10:40,293:MySQL_Database.py#L199:INFO]: Waiting for MySQL to become available...
[2026-04-05 17:10:40,323:MySQL_Database.py#L217:INFO]: MySQL is back up! (Took 0.03s)
[2026-04-05 17:10:40,324:MySQL_Database.py#L32:INFO]: Closed old MySQL connection.
[2026-04-05 17:10:40,379:MySQL_Database.py#L267:INFO]: Executing transpiled workload olap_workloads/tpch_140.wg (15 queries)...
[2026-04-05 17:11:40,715:MySQL_Database.py#L294:INFO]: Workload olap_workloads/tpch_140.wg executed successfully.
[2026-04-05 17:11:40,715:run_diverse_configs.py#L206:INFO]: Performance for config 5: 4.022337851799481
[2026-04-05 17:11:40,715:run_diverse_configs.py#L137:INFO]: Running config 6/10 for tpch_140
[2026-04-05 17:11:40,715:MySQL_Database.py#L242:INFO]: Transpiling workload from PostgreSQL to MySQL syntax...
[2026-04-05 17:11:40,816:MySQL_Database.py#L79:INFO]: MySQL knobs persisted to mysqld-auto.cnf. Restarting to apply...
[2026-04-05 17:11:40,816:MySQL_Database.py#L189:INFO]: Restarting MySQL service...
[2026-04-05 17:11:46,253:MySQL_Database.py#L199:INFO]: Waiting for MySQL to become available...
[2026-04-05 17:11:46,284:MySQL_Database.py#L217:INFO]: MySQL is back up! (Took 0.03s)
[2026-04-05 17:11:46,284:MySQL_Database.py#L32:INFO]: Closed old MySQL connection.
[2026-04-05 17:11:46,340:MySQL_Database.py#L267:INFO]: Executing transpiled workload olap_workloads/tpch_140.wg (15 queries)...
[2026-04-05 17:12:49,204:MySQL_Database.py#L294:INFO]: Workload olap_workloads/tpch_140.wg executed successfully.
[2026-04-05 17:12:49,204:run_diverse_configs.py#L206:INFO]: Performance for config 6: 4.1909578161993215
[2026-04-05 17:12:49,205:run_diverse_configs.py#L137:INFO]: Running config 7/10 for tpch_140
[2026-04-05 17:12:49,205:MySQL_Database.py#L242:INFO]: Transpiling workload from PostgreSQL to MySQL syntax...
[2026-04-05 17:12:49,298:MySQL_Database.py#L79:INFO]: MySQL knobs persisted to mysqld-auto.cnf. Restarting to apply...
[2026-04-05 17:12:49,298:MySQL_Database.py#L189:INFO]: Restarting MySQL service...
[2026-04-05 17:12:54,484:MySQL_Database.py#L199:INFO]: Waiting for MySQL to become available...
[2026-04-05 17:12:54,518:MySQL_Database.py#L217:INFO]: MySQL is back up! (Took 0.03s)
[2026-04-05 17:12:54,518:MySQL_Database.py#L32:INFO]: Closed old MySQL connection.
[2026-04-05 17:12:54,574:MySQL_Database.py#L267:INFO]: Executing transpiled workload olap_workloads/tpch_140.wg (15 queries)...
[2026-04-05 17:13:59,085:MySQL_Database.py#L294:INFO]: Workload olap_workloads/tpch_140.wg executed successfully.
[2026-04-05 17:13:59,086:run_diverse_configs.py#L206:INFO]: Performance for config 7: 4.300713829133504
[2026-04-05 17:13:59,086:run_diverse_configs.py#L137:INFO]: Running config 8/10 for tpch_140
[2026-04-05 17:13:59,086:MySQL_Database.py#L242:INFO]: Transpiling workload from PostgreSQL to MySQL syntax...
[2026-04-05 17:13:59,175:MySQL_Database.py#L79:INFO]: MySQL knobs persisted to mysqld-auto.cnf. Restarting to apply...
[2026-04-05 17:13:59,175:MySQL_Database.py#L189:INFO]: Restarting MySQL service...
[2026-04-05 17:14:03,354:MySQL_Database.py#L199:INFO]: Waiting for MySQL to become available...
[2026-04-05 17:14:03,384:MySQL_Database.py#L217:INFO]: MySQL is back up! (Took 0.03s)
[2026-04-05 17:14:03,385:MySQL_Database.py#L32:INFO]: Closed old MySQL connection.
[2026-04-05 17:14:03,440:MySQL_Database.py#L267:INFO]: Executing transpiled workload olap_workloads/tpch_140.wg (15 queries)...
[2026-04-05 17:14:57,352:MySQL_Database.py#L294:INFO]: Workload olap_workloads/tpch_140.wg executed successfully.
[2026-04-05 17:14:57,352:run_diverse_configs.py#L206:INFO]: Performance for config 8: 3.5940803681325635
[2026-04-05 17:14:57,352:run_diverse_configs.py#L137:INFO]: Running config 9/10 for tpch_140
[2026-04-05 17:14:57,352:MySQL_Database.py#L242:INFO]: Transpiling workload from PostgreSQL to MySQL syntax...
[2026-04-05 17:14:57,445:MySQL_Database.py#L79:INFO]: MySQL knobs persisted to mysqld-auto.cnf. Restarting to apply...
[2026-04-05 17:14:57,445:MySQL_Database.py#L189:INFO]: Restarting MySQL service...
[2026-04-05 17:15:02,730:MySQL_Database.py#L199:INFO]: Waiting for MySQL to become available...
[2026-04-05 17:15:02,760:MySQL_Database.py#L217:INFO]: MySQL is back up! (Took 0.03s)
[2026-04-05 17:15:02,760:MySQL_Database.py#L32:INFO]: Closed old MySQL connection.
[2026-04-05 17:15:02,816:MySQL_Database.py#L267:INFO]: Executing transpiled workload olap_workloads/tpch_140.wg (15 queries)...
[2026-04-05 17:15:54,252:MySQL_Database.py#L294:INFO]: Workload olap_workloads/tpch_140.wg executed successfully.
[2026-04-05 17:15:54,252:run_diverse_configs.py#L206:INFO]: Performance for config 9: 3.4290378104662524
[2026-04-05 17:15:54,256:run_diverse_configs.py#L137:INFO]: Running config 10/10 for tpch_140
[2026-04-05 17:15:54,257:MySQL_Database.py#L242:INFO]: Transpiling workload from PostgreSQL to MySQL syntax...
[2026-04-05 17:15:54,348:MySQL_Database.py#L79:INFO]: MySQL knobs persisted to mysqld-auto.cnf. Restarting to apply...
[2026-04-05 17:15:54,348:MySQL_Database.py#L189:INFO]: Restarting MySQL service...
[2026-04-05 17:15:58,828:MySQL_Database.py#L199:INFO]: Waiting for MySQL to become available...
[2026-04-05 17:15:58,861:MySQL_Database.py#L217:INFO]: MySQL is back up! (Took 0.03s)
[2026-04-05 17:15:58,861:MySQL_Database.py#L32:INFO]: Closed old MySQL connection.
[2026-04-05 17:15:58,916:MySQL_Database.py#L267:INFO]: Executing transpiled workload olap_workloads/tpch_140.wg (15 queries)...
[2026-04-05 17:16:49,537:MySQL_Database.py#L294:INFO]: Workload olap_workloads/tpch_140.wg executed successfully.
[2026-04-05 17:16:49,537:run_diverse_configs.py#L206:INFO]: Performance for config 10: 3.3746542089327702
[2026-04-05 17:16:49,537:run_diverse_configs.py#L129:INFO]: Running 10 configs for tpch_168
[2026-04-05 17:16:49,537:run_diverse_configs.py#L137:INFO]: Running config 1/10 for tpch_168
[2026-04-05 17:16:49,538:MySQL_Database.py#L242:INFO]: Transpiling workload from PostgreSQL to MySQL syntax...
[2026-04-05 17:16:49,620:MySQL_Database.py#L79:INFO]: MySQL knobs persisted to mysqld-auto.cnf. Restarting to apply...
[2026-04-05 17:16:49,620:MySQL_Database.py#L189:INFO]: Restarting MySQL service...
[2026-04-05 17:16:55,106:MySQL_Database.py#L199:INFO]: Waiting for MySQL to become available...
[2026-04-05 17:16:55,141:MySQL_Database.py#L217:INFO]: MySQL is back up! (Took 0.04s)
[2026-04-05 17:16:55,142:MySQL_Database.py#L32:INFO]: Closed old MySQL connection.
[2026-04-05 17:16:55,199:MySQL_Database.py#L267:INFO]: Executing transpiled workload olap_workloads/tpch_168.wg (2 queries)...
[2026-04-05 17:17:04,554:MySQL_Database.py#L294:INFO]: Workload olap_workloads/tpch_168.wg executed successfully.
[2026-04-05 17:17:04,554:run_diverse_configs.py#L206:INFO]: Performance for config 1: 4.677195242999005
[2026-04-05 17:17:04,554:run_diverse_configs.py#L137:INFO]: Running config 2/10 for tpch_168
[2026-04-05 17:17:04,555:MySQL_Database.py#L242:INFO]: Transpiling workload from PostgreSQL to MySQL syntax...
[2026-04-05 17:17:04,633:MySQL_Database.py#L79:INFO]: MySQL knobs persisted to mysqld-auto.cnf. Restarting to apply...
[2026-04-05 17:17:04,633:MySQL_Database.py#L189:INFO]: Restarting MySQL service...
[2026-04-05 17:17:08,862:MySQL_Database.py#L199:INFO]: Waiting for MySQL to become available...
[2026-04-05 17:17:08,895:MySQL_Database.py#L217:INFO]: MySQL is back up! (Took 0.03s)
[2026-04-05 17:17:08,895:MySQL_Database.py#L32:INFO]: Closed old MySQL connection.
[2026-04-05 17:17:08,951:MySQL_Database.py#L267:INFO]: Executing transpiled workload olap_workloads/tpch_168.wg (2 queries)...
[2026-04-05 17:17:17,673:MySQL_Database.py#L294:INFO]: Workload olap_workloads/tpch_168.wg executed successfully.
[2026-04-05 17:17:17,673:run_diverse_configs.py#L206:INFO]: Performance for config 2: 4.3606144485092955
[2026-04-05 17:17:17,673:run_diverse_configs.py#L137:INFO]: Running config 3/10 for tpch_168
[2026-04-05 17:17:17,674:MySQL_Database.py#L242:INFO]: Transpiling workload from PostgreSQL to MySQL syntax...
[2026-04-05 17:17:17,766:MySQL_Database.py#L79:INFO]: MySQL knobs persisted to mysqld-auto.cnf. Restarting to apply...
[2026-04-05 17:17:17,766:MySQL_Database.py#L189:INFO]: Restarting MySQL service...
[2026-04-05 17:17:22,801:MySQL_Database.py#L199:INFO]: Waiting for MySQL to become available...
[2026-04-05 17:17:22,838:MySQL_Database.py#L217:INFO]: MySQL is back up! (Took 0.04s)
[2026-04-05 17:17:22,838:MySQL_Database.py#L32:INFO]: Closed old MySQL connection.
[2026-04-05 17:17:22,894:MySQL_Database.py#L267:INFO]: Executing transpiled workload olap_workloads/tpch_168.wg (2 queries)...
[2026-04-05 17:17:31,972:MySQL_Database.py#L294:INFO]: Workload olap_workloads/tpch_168.wg executed successfully.
[2026-04-05 17:17:31,972:run_diverse_configs.py#L206:INFO]: Performance for config 3: 4.538918188001844
[2026-04-05 17:17:31,972:run_diverse_configs.py#L137:INFO]: Running config 4/10 for tpch_168
[2026-04-05 17:17:31,973:MySQL_Database.py#L242:INFO]: Transpiling workload from PostgreSQL to MySQL syntax...
[2026-04-05 17:17:32,053:MySQL_Database.py#L79:INFO]: MySQL knobs persisted to mysqld-auto.cnf. Restarting to apply...
[2026-04-05 17:17:32,053:MySQL_Database.py#L189:INFO]: Restarting MySQL service...
[2026-04-05 17:17:36,985:MySQL_Database.py#L199:INFO]: Waiting for MySQL to become available...
[2026-04-05 17:17:37,015:MySQL_Database.py#L217:INFO]: MySQL is back up! (Took 0.03s)
[2026-04-05 17:17:37,016:MySQL_Database.py#L32:INFO]: Closed old MySQL connection.
[2026-04-05 17:17:37,071:MySQL_Database.py#L267:INFO]: Executing transpiled workload olap_workloads/tpch_168.wg (2 queries)...
[2026-04-05 17:17:45,564:MySQL_Database.py#L294:INFO]: Workload olap_workloads/tpch_168.wg executed successfully.
[2026-04-05 17:17:45,564:run_diverse_configs.py#L206:INFO]: Performance for config 4: 4.246148213496781
[2026-04-05 17:17:45,564:run_diverse_configs.py#L137:INFO]: Running config 5/10 for tpch_168
[2026-04-05 17:17:45,565:MySQL_Database.py#L242:INFO]: Transpiling workload from PostgreSQL to MySQL syntax...
[2026-04-05 17:17:45,648:MySQL_Database.py#L79:INFO]: MySQL knobs persisted to mysqld-auto.cnf. Restarting to apply...
[2026-04-05 17:17:45,648:MySQL_Database.py#L189:INFO]: Restarting MySQL service...
[2026-04-05 17:17:50,479:MySQL_Database.py#L199:INFO]: Waiting for MySQL to become available...
[2026-04-05 17:17:50,510:MySQL_Database.py#L217:INFO]: MySQL is back up! (Took 0.03s)
[2026-04-05 17:17:50,510:MySQL_Database.py#L32:INFO]: Closed old MySQL connection.
[2026-04-05 17:17:50,566:MySQL_Database.py#L267:INFO]: Executing transpiled workload olap_workloads/tpch_168.wg (2 queries)...
[2026-04-05 17:17:59,313:MySQL_Database.py#L294:INFO]: Workload olap_workloads/tpch_168.wg executed successfully.
[2026-04-05 17:17:59,313:run_diverse_configs.py#L206:INFO]: Performance for config 5: 4.373155250999844
[2026-04-05 17:17:59,318:run_diverse_configs.py#L137:INFO]: Running config 6/10 for tpch_168
[2026-04-05 17:17:59,318:MySQL_Database.py#L242:INFO]: Transpiling workload from PostgreSQL to MySQL syntax...
[2026-04-05 17:17:59,395:MySQL_Database.py#L79:INFO]: MySQL knobs persisted to mysqld-auto.cnf. Restarting to apply...
[2026-04-05 17:17:59,395:MySQL_Database.py#L189:INFO]: Restarting MySQL service...
[2026-04-05 17:18:04,980:MySQL_Database.py#L199:INFO]: Waiting for MySQL to become available...
[2026-04-05 17:18:05,014:MySQL_Database.py#L217:INFO]: MySQL is back up! (Took 0.03s)
[2026-04-05 17:18:05,014:MySQL_Database.py#L32:INFO]: Closed old MySQL connection.
[2026-04-05 17:18:05,070:MySQL_Database.py#L267:INFO]: Executing transpiled workload olap_workloads/tpch_168.wg (2 queries)...
[2026-04-05 17:18:13,981:MySQL_Database.py#L294:INFO]: Workload olap_workloads/tpch_168.wg executed successfully.
[2026-04-05 17:18:13,982:run_diverse_configs.py#L206:INFO]: Performance for config 6: 4.4556591600121465
[2026-04-05 17:18:13,982:run_diverse_configs.py#L137:INFO]: Running config 7/10 for tpch_168
[2026-04-05 17:18:13,982:MySQL_Database.py#L242:INFO]: Transpiling workload from PostgreSQL to MySQL syntax...
[2026-04-05 17:18:14,060:MySQL_Database.py#L79:INFO]: MySQL knobs persisted to mysqld-auto.cnf. Restarting to apply...
[2026-04-05 17:18:14,060:MySQL_Database.py#L189:INFO]: Restarting MySQL service...
[2026-04-05 17:18:19,143:MySQL_Database.py#L199:INFO]: Waiting for MySQL to become available...
[2026-04-05 17:18:19,176:MySQL_Database.py#L217:INFO]: MySQL is back up! (Took 0.03s)
[2026-04-05 17:18:19,177:MySQL_Database.py#L32:INFO]: Closed old MySQL connection.
[2026-04-05 17:18:19,232:MySQL_Database.py#L267:INFO]: Executing transpiled workload olap_workloads/tpch_168.wg (2 queries)...
[2026-04-05 17:18:28,265:MySQL_Database.py#L294:INFO]: Workload olap_workloads/tpch_168.wg executed successfully.
[2026-04-05 17:18:28,266:run_diverse_configs.py#L206:INFO]: Performance for config 7: 4.51632914149377
[2026-04-05 17:18:28,266:run_diverse_configs.py#L137:INFO]: Running config 8/10 for tpch_168
[2026-04-05 17:18:28,266:MySQL_Database.py#L242:INFO]: Transpiling workload from PostgreSQL to MySQL syntax...
[2026-04-05 17:18:28,346:MySQL_Database.py#L79:INFO]: MySQL knobs persisted to mysqld-auto.cnf. Restarting to apply...
[2026-04-05 17:18:28,346:MySQL_Database.py#L189:INFO]: Restarting MySQL service...
[2026-04-05 17:18:33,027:MySQL_Database.py#L199:INFO]: Waiting for MySQL to become available...
[2026-04-05 17:18:33,080:MySQL_Database.py#L217:INFO]: MySQL is back up! (Took 0.05s)
[2026-04-05 17:18:33,080:MySQL_Database.py#L32:INFO]: Closed old MySQL connection.
[2026-04-05 17:18:33,147:MySQL_Database.py#L267:INFO]: Executing transpiled workload olap_workloads/tpch_168.wg (2 queries)...
[2026-04-05 17:18:41,820:MySQL_Database.py#L294:INFO]: Workload olap_workloads/tpch_168.wg executed successfully.
[2026-04-05 17:18:41,820:run_diverse_configs.py#L206:INFO]: Performance for config 8: 4.3362414084986085
[2026-04-05 17:18:41,820:run_diverse_configs.py#L137:INFO]: Running config 9/10 for tpch_168
[2026-04-05 17:18:41,820:MySQL_Database.py#L242:INFO]: Transpiling workload from PostgreSQL to MySQL syntax...
[2026-04-05 17:18:41,906:MySQL_Database.py#L79:INFO]: MySQL knobs persisted to mysqld-auto.cnf. Restarting to apply...
[2026-04-05 17:18:41,906:MySQL_Database.py#L189:INFO]: Restarting MySQL service...
[2026-04-05 17:18:46,790:MySQL_Database.py#L199:INFO]: Waiting for MySQL to become available...
[2026-04-05 17:18:46,826:MySQL_Database.py#L217:INFO]: MySQL is back up! (Took 0.04s)
[2026-04-05 17:18:46,826:MySQL_Database.py#L32:INFO]: Closed old MySQL connection.
[2026-04-05 17:18:46,884:MySQL_Database.py#L267:INFO]: Executing transpiled workload olap_workloads/tpch_168.wg (2 queries)...
[2026-04-05 17:18:56,281:MySQL_Database.py#L294:INFO]: Workload olap_workloads/tpch_168.wg executed successfully.
[2026-04-05 17:18:56,281:run_diverse_configs.py#L206:INFO]: Performance for config 9: 4.698511302500265
[2026-04-05 17:18:56,281:run_diverse_configs.py#L137:INFO]: Running config 10/10 for tpch_168
[2026-04-05 17:18:56,282:MySQL_Database.py#L242:INFO]: Transpiling workload from PostgreSQL to MySQL syntax...
[2026-04-05 17:18:56,363:MySQL_Database.py#L79:INFO]: MySQL knobs persisted to mysqld-auto.cnf. Restarting to apply...
[2026-04-05 17:18:56,363:MySQL_Database.py#L189:INFO]: Restarting MySQL service...
[2026-04-05 17:19:01,095:MySQL_Database.py#L199:INFO]: Waiting for MySQL to become available...
[2026-04-05 17:19:01,126:MySQL_Database.py#L217:INFO]: MySQL is back up! (Took 0.03s)
[2026-04-05 17:19:01,126:MySQL_Database.py#L32:INFO]: Closed old MySQL connection.
[2026-04-05 17:19:01,190:MySQL_Database.py#L267:INFO]: Executing transpiled workload olap_workloads/tpch_168.wg (2 queries)...
[2026-04-05 17:19:10,276:MySQL_Database.py#L294:INFO]: Workload olap_workloads/tpch_168.wg executed successfully.
[2026-04-05 17:19:10,276:run_diverse_configs.py#L206:INFO]: Performance for config 10: 4.542926911497489
[2026-04-05 17:19:10,277:run_diverse_configs.py#L129:INFO]: Running 10 configs for tpch_122
[2026-04-05 17:19:10,277:run_diverse_configs.py#L137:INFO]: Running config 1/10 for tpch_122
[2026-04-05 17:19:10,277:MySQL_Database.py#L242:INFO]: Transpiling workload from PostgreSQL to MySQL syntax...
[2026-04-05 17:19:10,360:MySQL_Database.py#L79:INFO]: MySQL knobs persisted to mysqld-auto.cnf. Restarting to apply...
[2026-04-05 17:19:10,360:MySQL_Database.py#L189:INFO]: Restarting MySQL service...
[2026-04-05 17:19:15,143:MySQL_Database.py#L199:INFO]: Waiting for MySQL to become available...
[2026-04-05 17:19:15,174:MySQL_Database.py#L217:INFO]: MySQL is back up! (Took 0.03s)
[2026-04-05 17:19:15,174:MySQL_Database.py#L32:INFO]: Closed old MySQL connection.
[2026-04-05 17:19:15,230:MySQL_Database.py#L267:INFO]: Executing transpiled workload olap_workloads/tpch_122.wg (7 queries)...
[2026-04-05 17:20:01,654:MySQL_Database.py#L294:INFO]: Workload olap_workloads/tpch_122.wg executed successfully.
[2026-04-05 17:20:01,654:run_diverse_configs.py#L206:INFO]: Performance for config 1: 6.631908809712123
[2026-04-05 17:20:01,654:run_diverse_configs.py#L137:INFO]: Running config 2/10 for tpch_122
[2026-04-05 17:20:01,654:MySQL_Database.py#L242:INFO]: Transpiling workload from PostgreSQL to MySQL syntax...
[2026-04-05 17:20:01,737:MySQL_Database.py#L79:INFO]: MySQL knobs persisted to mysqld-auto.cnf. Restarting to apply...
[2026-04-05 17:20:01,738:MySQL_Database.py#L189:INFO]: Restarting MySQL service...
[2026-04-05 17:20:06,120:MySQL_Database.py#L199:INFO]: Waiting for MySQL to become available...
[2026-04-05 17:20:06,154:MySQL_Database.py#L217:INFO]: MySQL is back up! (Took 0.03s)
[2026-04-05 17:20:06,154:MySQL_Database.py#L32:INFO]: Closed old MySQL connection.
[2026-04-05 17:20:06,210:MySQL_Database.py#L267:INFO]: Executing transpiled workload olap_workloads/tpch_122.wg (7 queries)...
[2026-04-05 17:21:01,604:MySQL_Database.py#L294:INFO]: Workload olap_workloads/tpch_122.wg executed successfully.
[2026-04-05 17:21:01,604:run_diverse_configs.py#L206:INFO]: Performance for config 2: 7.913397723143654
[2026-04-05 17:21:01,605:run_diverse_configs.py#L137:INFO]: Running config 3/10 for tpch_122
[2026-04-05 17:21:01,605:MySQL_Database.py#L242:INFO]: Transpiling workload from PostgreSQL to MySQL syntax...
[2026-04-05 17:21:01,703:MySQL_Database.py#L79:INFO]: MySQL knobs persisted to mysqld-auto.cnf. Restarting to apply...
[2026-04-05 17:21:01,703:MySQL_Database.py#L189:INFO]: Restarting MySQL service...
[2026-04-05 17:21:06,034:MySQL_Database.py#L199:INFO]: Waiting for MySQL to become available...
[2026-04-05 17:21:06,064:MySQL_Database.py#L217:INFO]: MySQL is back up! (Took 0.03s)
[2026-04-05 17:21:06,065:MySQL_Database.py#L32:INFO]: Closed old MySQL connection.
[2026-04-05 17:21:06,120:MySQL_Database.py#L267:INFO]: Executing transpiled workload olap_workloads/tpch_122.wg (7 queries)...
[2026-04-05 17:22:01,319:MySQL_Database.py#L294:INFO]: Workload olap_workloads/tpch_122.wg executed successfully.
[2026-04-05 17:22:01,320:run_diverse_configs.py#L206:INFO]: Performance for config 3: 7.885527973716047
[2026-04-05 17:22:01,320:run_diverse_configs.py#L137:INFO]: Running config 4/10 for tpch_122
[2026-04-05 17:22:01,320:MySQL_Database.py#L242:INFO]: Transpiling workload from PostgreSQL to MySQL syntax...
[2026-04-05 17:22:01,412:MySQL_Database.py#L79:INFO]: MySQL knobs persisted to mysqld-auto.cnf. Restarting to apply...
[2026-04-05 17:22:01,412:MySQL_Database.py#L189:INFO]: Restarting MySQL service...
[2026-04-05 17:22:05,943:MySQL_Database.py#L199:INFO]: Waiting for MySQL to become available...
[2026-04-05 17:22:05,973:MySQL_Database.py#L217:INFO]: MySQL is back up! (Took 0.03s)
[2026-04-05 17:22:05,973:MySQL_Database.py#L32:INFO]: Closed old MySQL connection.
[2026-04-05 17:22:06,082:MySQL_Database.py#L267:INFO]: Executing transpiled workload olap_workloads/tpch_122.wg (7 queries)...
[2026-04-05 17:23:01,402:MySQL_Database.py#L294:INFO]: Workload olap_workloads/tpch_122.wg executed successfully.
[2026-04-05 17:23:01,402:run_diverse_configs.py#L206:INFO]: Performance for config 4: 7.902750991430366
[2026-04-05 17:23:01,402:run_diverse_configs.py#L137:INFO]: Running config 5/10 for tpch_122
[2026-04-05 17:23:01,403:MySQL_Database.py#L242:INFO]: Transpiling workload from PostgreSQL to MySQL syntax...
[2026-04-05 17:23:01,497:MySQL_Database.py#L79:INFO]: MySQL knobs persisted to mysqld-auto.cnf. Restarting to apply...
[2026-04-05 17:23:01,497:MySQL_Database.py#L189:INFO]: Restarting MySQL service...
[2026-04-05 17:23:05,831:MySQL_Database.py#L199:INFO]: Waiting for MySQL to become available...
[2026-04-05 17:23:05,861:MySQL_Database.py#L217:INFO]: MySQL is back up! (Took 0.03s)
[2026-04-05 17:23:05,862:MySQL_Database.py#L32:INFO]: Closed old MySQL connection.
[2026-04-05 17:23:05,918:MySQL_Database.py#L267:INFO]: Executing transpiled workload olap_workloads/tpch_122.wg (7 queries)...
[2026-04-05 17:24:01,142:MySQL_Database.py#L294:INFO]: Workload olap_workloads/tpch_122.wg executed successfully.
[2026-04-05 17:24:01,142:run_diverse_configs.py#L206:INFO]: Performance for config 5: 7.889176300286116
[2026-04-05 17:24:01,143:run_diverse_configs.py#L137:INFO]: Running config 6/10 for tpch_122
[2026-04-05 17:24:01,143:MySQL_Database.py#L242:INFO]: Transpiling workload from PostgreSQL to MySQL syntax...
[2026-04-05 17:24:01,230:MySQL_Database.py#L79:INFO]: MySQL knobs persisted to mysqld-auto.cnf. Restarting to apply...
[2026-04-05 17:24:01,230:MySQL_Database.py#L189:INFO]: Restarting MySQL service...
[2026-04-05 17:24:05,912:MySQL_Database.py#L199:INFO]: Waiting for MySQL to become available...
[2026-04-05 17:24:05,954:MySQL_Database.py#L217:INFO]: MySQL is back up! (Took 0.04s)
[2026-04-05 17:24:05,955:MySQL_Database.py#L32:INFO]: Closed old MySQL connection.
[2026-04-05 17:24:06,010:MySQL_Database.py#L267:INFO]: Executing transpiled workload olap_workloads/tpch_122.wg (7 queries)...
[2026-04-05 17:24:35,840:MySQL_Database.py#L294:INFO]: Workload olap_workloads/tpch_122.wg executed successfully.
[2026-04-05 17:24:35,840:run_diverse_configs.py#L206:INFO]: Performance for config 6: 4.261316016856914
[2026-04-05 17:24:35,840:run_diverse_configs.py#L137:INFO]: Running config 7/10 for tpch_122
[2026-04-05 17:24:35,841:MySQL_Database.py#L242:INFO]: Transpiling workload from PostgreSQL to MySQL syntax...
[2026-04-05 17:24:35,930:MySQL_Database.py#L79:INFO]: MySQL knobs persisted to mysqld-auto.cnf. Restarting to apply...
[2026-04-05 17:24:35,930:MySQL_Database.py#L189:INFO]: Restarting MySQL service...
[2026-04-05 17:24:41,263:MySQL_Database.py#L199:INFO]: Waiting for MySQL to become available...
[2026-04-05 17:24:41,300:MySQL_Database.py#L217:INFO]: MySQL is back up! (Took 0.04s)
[2026-04-05 17:24:41,300:MySQL_Database.py#L32:INFO]: Closed old MySQL connection.
[2026-04-05 17:24:41,357:MySQL_Database.py#L267:INFO]: Executing transpiled workload olap_workloads/tpch_122.wg (7 queries)...
[2026-04-05 17:25:14,460:MySQL_Database.py#L294:INFO]: Workload olap_workloads/tpch_122.wg executed successfully.
[2026-04-05 17:25:14,460:run_diverse_configs.py#L206:INFO]: Performance for config 7: 4.729004564428968
[2026-04-05 17:25:14,461:run_diverse_configs.py#L137:INFO]: Running config 8/10 for tpch_122
[2026-04-05 17:25:14,461:MySQL_Database.py#L242:INFO]: Transpiling workload from PostgreSQL to MySQL syntax...
[2026-04-05 17:25:14,538:MySQL_Database.py#L79:INFO]: MySQL knobs persisted to mysqld-auto.cnf. Restarting to apply...
[2026-04-05 17:25:14,539:MySQL_Database.py#L189:INFO]: Restarting MySQL service...
[2026-04-05 17:25:20,071:MySQL_Database.py#L199:INFO]: Waiting for MySQL to become available...
[2026-04-05 17:25:20,102:MySQL_Database.py#L217:INFO]: MySQL is back up! (Took 0.03s)
[2026-04-05 17:25:20,103:MySQL_Database.py#L32:INFO]: Closed old MySQL connection.
[2026-04-05 17:25:20,159:MySQL_Database.py#L267:INFO]: Executing transpiled workload olap_workloads/tpch_122.wg (7 queries)...
[2026-04-05 17:26:06,327:MySQL_Database.py#L294:INFO]: Workload olap_workloads/tpch_122.wg executed successfully.
[2026-04-05 17:26:06,327:run_diverse_configs.py#L206:INFO]: Performance for config 8: 6.595423943142772
[2026-04-05 17:26:06,327:run_diverse_configs.py#L137:INFO]: Running config 9/10 for tpch_122
[2026-04-05 17:26:06,328:MySQL_Database.py#L242:INFO]: Transpiling workload from PostgreSQL to MySQL syntax...
[2026-04-05 17:26:06,413:MySQL_Database.py#L79:INFO]: MySQL knobs persisted to mysqld-auto.cnf. Restarting to apply...
[2026-04-05 17:26:06,413:MySQL_Database.py#L189:INFO]: Restarting MySQL service...
[2026-04-05 17:26:11,596:MySQL_Database.py#L199:INFO]: Waiting for MySQL to become available...
[2026-04-05 17:26:11,626:MySQL_Database.py#L217:INFO]: MySQL is back up! (Took 0.03s)
[2026-04-05 17:26:11,627:MySQL_Database.py#L32:INFO]: Closed old MySQL connection.
[2026-04-05 17:26:11,682:MySQL_Database.py#L267:INFO]: Executing transpiled workload olap_workloads/tpch_122.wg (7 queries)...
[2026-04-05 17:26:40,637:MySQL_Database.py#L294:INFO]: Workload olap_workloads/tpch_122.wg executed successfully.
[2026-04-05 17:26:40,637:run_diverse_configs.py#L206:INFO]: Performance for config 9: 4.136334907429825
[2026-04-05 17:26:40,637:run_diverse_configs.py#L137:INFO]: Running config 10/10 for tpch_122
[2026-04-05 17:26:40,638:MySQL_Database.py#L242:INFO]: Transpiling workload from PostgreSQL to MySQL syntax...
[2026-04-05 17:26:40,738:MySQL_Database.py#L79:INFO]: MySQL knobs persisted to mysqld-auto.cnf. Restarting to apply...
[2026-04-05 17:26:40,738:MySQL_Database.py#L189:INFO]: Restarting MySQL service...
[2026-04-05 17:26:45,520:MySQL_Database.py#L199:INFO]: Waiting for MySQL to become available...
[2026-04-05 17:26:45,551:MySQL_Database.py#L217:INFO]: MySQL is back up! (Took 0.03s)
[2026-04-05 17:26:45,551:MySQL_Database.py#L32:INFO]: Closed old MySQL connection.
[2026-04-05 17:26:45,608:MySQL_Database.py#L267:INFO]: Executing transpiled workload olap_workloads/tpch_122.wg (7 queries)...
[2026-04-05 17:27:59,828:MySQL_Database.py#L294:INFO]: Workload olap_workloads/tpch_122.wg executed successfully.
[2026-04-05 17:27:59,828:run_diverse_configs.py#L206:INFO]: Performance for config 10: 10.602911833428411
[2026-04-05 17:27:59,833:run_diverse_configs.py#L129:INFO]: Running 10 configs for tpch_271
[2026-04-05 17:27:59,833:run_diverse_configs.py#L137:INFO]: Running config 1/10 for tpch_271
[2026-04-05 17:27:59,835:MySQL_Database.py#L242:INFO]: Transpiling workload from PostgreSQL to MySQL syntax...
[2026-04-05 17:27:59,925:MySQL_Database.py#L79:INFO]: MySQL knobs persisted to mysqld-auto.cnf. Restarting to apply...
[2026-04-05 17:27:59,925:MySQL_Database.py#L189:INFO]: Restarting MySQL service...
[2026-04-05 17:28:04,307:MySQL_Database.py#L199:INFO]: Waiting for MySQL to become available...
[2026-04-05 17:28:04,358:MySQL_Database.py#L217:INFO]: MySQL is back up! (Took 0.05s)
[2026-04-05 17:28:04,358:MySQL_Database.py#L32:INFO]: Closed old MySQL connection.
[2026-04-05 17:28:04,470:MySQL_Database.py#L267:INFO]: Executing transpiled workload olap_workloads/tpch_271.wg (11 queries)...
[2026-04-05 17:29:30,426:MySQL_Database.py#L294:INFO]: Workload olap_workloads/tpch_271.wg executed successfully.
[2026-04-05 17:29:30,427:run_diverse_configs.py#L206:INFO]: Performance for config 1: 7.8141751144536435
[2026-04-05 17:29:30,427:run_diverse_configs.py#L137:INFO]: Running config 2/10 for tpch_271
[2026-04-05 17:29:30,427:MySQL_Database.py#L242:INFO]: Transpiling workload from PostgreSQL to MySQL syntax...
[2026-04-05 17:29:30,524:MySQL_Database.py#L79:INFO]: MySQL knobs persisted to mysqld-auto.cnf. Restarting to apply...
[2026-04-05 17:29:30,525:MySQL_Database.py#L189:INFO]: Restarting MySQL service...
[2026-04-05 17:29:35,306:MySQL_Database.py#L199:INFO]: Waiting for MySQL to become available...
[2026-04-05 17:29:35,369:MySQL_Database.py#L217:INFO]: MySQL is back up! (Took 0.06s)
[2026-04-05 17:29:35,369:MySQL_Database.py#L32:INFO]: Closed old MySQL connection.
[2026-04-05 17:29:35,482:MySQL_Database.py#L267:INFO]: Executing transpiled workload olap_workloads/tpch_271.wg (11 queries)...
[2026-04-05 17:31:00,958:MySQL_Database.py#L294:INFO]: Workload olap_workloads/tpch_271.wg executed successfully.
[2026-04-05 17:31:00,958:run_diverse_configs.py#L206:INFO]: Performance for config 2: 7.770565116635143
[2026-04-05 17:31:00,963:run_diverse_configs.py#L137:INFO]: Running config 3/10 for tpch_271
[2026-04-05 17:31:00,963:MySQL_Database.py#L242:INFO]: Transpiling workload from PostgreSQL to MySQL syntax...
[2026-04-05 17:31:01,058:MySQL_Database.py#L79:INFO]: MySQL knobs persisted to mysqld-auto.cnf. Restarting to apply...
[2026-04-05 17:31:01,058:MySQL_Database.py#L189:INFO]: Restarting MySQL service...
[2026-04-05 17:31:06,292:MySQL_Database.py#L199:INFO]: Waiting for MySQL to become available...
[2026-04-05 17:31:06,326:MySQL_Database.py#L217:INFO]: MySQL is back up! (Took 0.03s)
[2026-04-05 17:31:06,327:MySQL_Database.py#L32:INFO]: Closed old MySQL connection.
[2026-04-05 17:31:06,439:MySQL_Database.py#L267:INFO]: Executing transpiled workload olap_workloads/tpch_271.wg (11 queries)...
[2026-04-05 17:32:31,943:MySQL_Database.py#L294:INFO]: Workload olap_workloads/tpch_271.wg executed successfully.
[2026-04-05 17:32:31,943:run_diverse_configs.py#L206:INFO]: Performance for config 3: 7.773059679092099
[2026-04-05 17:32:31,943:run_diverse_configs.py#L137:INFO]: Running config 4/10 for tpch_271
[2026-04-05 17:32:31,943:MySQL_Database.py#L242:INFO]: Transpiling workload from PostgreSQL to MySQL syntax...
[2026-04-05 17:32:32,036:MySQL_Database.py#L79:INFO]: MySQL knobs persisted to mysqld-auto.cnf. Restarting to apply...
[2026-04-05 17:32:32,036:MySQL_Database.py#L189:INFO]: Restarting MySQL service...
[2026-04-05 17:32:37,672:MySQL_Database.py#L199:INFO]: Waiting for MySQL to become available...
[2026-04-05 17:32:37,707:MySQL_Database.py#L217:INFO]: MySQL is back up! (Took 0.04s)
[2026-04-05 17:32:37,708:MySQL_Database.py#L32:INFO]: Closed old MySQL connection.
[2026-04-05 17:32:37,765:MySQL_Database.py#L267:INFO]: Executing transpiled workload olap_workloads/tpch_271.wg (11 queries)...
[2026-04-05 17:34:02,000:MySQL_Database.py#L294:INFO]: Workload olap_workloads/tpch_271.wg executed successfully.
[2026-04-05 17:34:02,000:run_diverse_configs.py#L206:INFO]: Performance for config 4: 7.657704311272193
[2026-04-05 17:34:02,000:run_diverse_configs.py#L137:INFO]: Running config 5/10 for tpch_271
[2026-04-05 17:34:02,001:MySQL_Database.py#L242:INFO]: Transpiling workload from PostgreSQL to MySQL syntax...
[2026-04-05 17:34:02,101:MySQL_Database.py#L79:INFO]: MySQL knobs persisted to mysqld-auto.cnf. Restarting to apply...
[2026-04-05 17:34:02,101:MySQL_Database.py#L189:INFO]: Restarting MySQL service...
[2026-04-05 17:34:06,933:MySQL_Database.py#L199:INFO]: Waiting for MySQL to become available...
[2026-04-05 17:34:06,992:MySQL_Database.py#L217:INFO]: MySQL is back up! (Took 0.06s)
[2026-04-05 17:34:06,993:MySQL_Database.py#L32:INFO]: Closed old MySQL connection.
[2026-04-05 17:34:07,107:MySQL_Database.py#L267:INFO]: Executing transpiled workload olap_workloads/tpch_271.wg (11 queries)...
[2026-04-05 17:35:32,742:MySQL_Database.py#L294:INFO]: Workload olap_workloads/tpch_271.wg executed successfully.
[2026-04-05 17:35:32,742:run_diverse_configs.py#L206:INFO]: Performance for config 5: 7.784986196456223
[2026-04-05 17:35:32,742:run_diverse_configs.py#L137:INFO]: Running config 6/10 for tpch_271
[2026-04-05 17:35:32,743:MySQL_Database.py#L242:INFO]: Transpiling workload from PostgreSQL to MySQL syntax...
[2026-04-05 17:35:32,833:MySQL_Database.py#L79:INFO]: MySQL knobs persisted to mysqld-auto.cnf. Restarting to apply...
[2026-04-05 17:35:32,833:MySQL_Database.py#L189:INFO]: Restarting MySQL service...
[2026-04-05 17:35:38,568:MySQL_Database.py#L199:INFO]: Waiting for MySQL to become available...
[2026-04-05 17:35:38,599:MySQL_Database.py#L217:INFO]: MySQL is back up! (Took 0.03s)
[2026-04-05 17:35:38,599:MySQL_Database.py#L32:INFO]: Closed old MySQL connection.
[2026-04-05 17:35:38,654:MySQL_Database.py#L267:INFO]: Executing transpiled workload olap_workloads/tpch_271.wg (11 queries)...
[2026-04-05 17:37:16,480:MySQL_Database.py#L294:INFO]: Workload olap_workloads/tpch_271.wg executed successfully.
[2026-04-05 17:37:16,480:run_diverse_configs.py#L206:INFO]: Performance for config 6: 8.893192639635261
[2026-04-05 17:37:16,480:run_diverse_configs.py#L137:INFO]: Running config 7/10 for tpch_271
[2026-04-05 17:37:16,481:MySQL_Database.py#L242:INFO]: Transpiling workload from PostgreSQL to MySQL syntax...
[2026-04-05 17:37:16,569:MySQL_Database.py#L79:INFO]: MySQL knobs persisted to mysqld-auto.cnf. Restarting to apply...
[2026-04-05 17:37:16,569:MySQL_Database.py#L189:INFO]: Restarting MySQL service...
[2026-04-05 17:37:21,854:MySQL_Database.py#L199:INFO]: Waiting for MySQL to become available...
[2026-04-05 17:37:21,900:MySQL_Database.py#L217:INFO]: MySQL is back up! (Took 0.05s)
[2026-04-05 17:37:21,901:MySQL_Database.py#L32:INFO]: Closed old MySQL connection.
[2026-04-05 17:37:21,957:MySQL_Database.py#L267:INFO]: Executing transpiled workload olap_workloads/tpch_271.wg (11 queries)...
[2026-04-05 17:38:47,470:MySQL_Database.py#L294:INFO]: Workload olap_workloads/tpch_271.wg executed successfully.
[2026-04-05 17:38:47,471:run_diverse_configs.py#L206:INFO]: Performance for config 7: 7.77394263172755
[2026-04-05 17:38:47,471:run_diverse_configs.py#L137:INFO]: Running config 8/10 for tpch_271
[2026-04-05 17:38:47,471:MySQL_Database.py#L242:INFO]: Transpiling workload from PostgreSQL to MySQL syntax...
[2026-04-05 17:38:47,558:MySQL_Database.py#L79:INFO]: MySQL knobs persisted to mysqld-auto.cnf. Restarting to apply...
[2026-04-05 17:38:47,559:MySQL_Database.py#L189:INFO]: Restarting MySQL service...
[2026-04-05 17:38:53,296:MySQL_Database.py#L199:INFO]: Waiting for MySQL to become available...
[2026-04-05 17:38:53,326:MySQL_Database.py#L217:INFO]: MySQL is back up! (Took 0.03s)
[2026-04-05 17:38:53,327:MySQL_Database.py#L32:INFO]: Closed old MySQL connection.
[2026-04-05 17:38:53,382:MySQL_Database.py#L267:INFO]: Executing transpiled workload olap_workloads/tpch_271.wg (11 queries)...
[2026-04-05 17:40:18,037:MySQL_Database.py#L294:INFO]: Workload olap_workloads/tpch_271.wg executed successfully.
[2026-04-05 17:40:18,037:run_diverse_configs.py#L206:INFO]: Performance for config 8: 7.695870371635961
[2026-04-05 17:40:18,041:run_diverse_configs.py#L137:INFO]: Running config 9/10 for tpch_271
[2026-04-05 17:40:18,042:MySQL_Database.py#L242:INFO]: Transpiling workload from PostgreSQL to MySQL syntax...
[2026-04-05 17:40:18,140:MySQL_Database.py#L79:INFO]: MySQL knobs persisted to mysqld-auto.cnf. Restarting to apply...
[2026-04-05 17:40:18,140:MySQL_Database.py#L189:INFO]: Restarting MySQL service...
[2026-04-05 17:40:23,924:MySQL_Database.py#L199:INFO]: Waiting for MySQL to become available...
[2026-04-05 17:40:23,958:MySQL_Database.py#L217:INFO]: MySQL is back up! (Took 0.03s)
[2026-04-05 17:40:23,958:MySQL_Database.py#L32:INFO]: Closed old MySQL connection.
[2026-04-05 17:40:24,015:MySQL_Database.py#L267:INFO]: Executing transpiled workload olap_workloads/tpch_271.wg (11 queries)...
[2026-04-05 17:44:24,438:MySQL_Database.py#L294:INFO]: Workload olap_workloads/tpch_271.wg executed successfully.
[2026-04-05 17:44:24,438:run_diverse_configs.py#L206:INFO]: Performance for config 9: 21.85653530690946
[2026-04-05 17:44:24,438:run_diverse_configs.py#L137:INFO]: Running config 10/10 for tpch_271
[2026-04-05 17:44:24,438:MySQL_Database.py#L242:INFO]: Transpiling workload from PostgreSQL to MySQL syntax...
[2026-04-05 17:44:24,526:MySQL_Database.py#L79:INFO]: MySQL knobs persisted to mysqld-auto.cnf. Restarting to apply...
[2026-04-05 17:44:24,526:MySQL_Database.py#L189:INFO]: Restarting MySQL service...
[2026-04-05 17:44:28,756:MySQL_Database.py#L199:INFO]: Waiting for MySQL to become available...
[2026-04-05 17:44:28,787:MySQL_Database.py#L217:INFO]: MySQL is back up! (Took 0.03s)
[2026-04-05 17:44:28,787:MySQL_Database.py#L32:INFO]: Closed old MySQL connection.
[2026-04-05 17:44:28,843:MySQL_Database.py#L267:INFO]: Executing transpiled workload olap_workloads/tpch_271.wg (11 queries)...
[2026-04-05 17:49:46,034:MySQL_Database.py#L294:INFO]: Workload olap_workloads/tpch_271.wg executed successfully.
[2026-04-05 17:49:46,035:run_diverse_configs.py#L206:INFO]: Performance for config 10: 28.835512971272692
[2026-04-05 17:49:46,035:run_diverse_configs.py#L129:INFO]: Running 10 configs for tpch_42
[2026-04-05 17:49:46,035:run_diverse_configs.py#L137:INFO]: Running config 1/10 for tpch_42
[2026-04-05 17:49:46,036:MySQL_Database.py#L242:INFO]: Transpiling workload from PostgreSQL to MySQL syntax...
[2026-04-05 17:49:46,120:MySQL_Database.py#L79:INFO]: MySQL knobs persisted to mysqld-auto.cnf. Restarting to apply...
[2026-04-05 17:49:46,121:MySQL_Database.py#L189:INFO]: Restarting MySQL service...
[2026-04-05 17:49:50,451:MySQL_Database.py#L199:INFO]: Waiting for MySQL to become available...
[2026-04-05 17:49:50,483:MySQL_Database.py#L217:INFO]: MySQL is back up! (Took 0.03s)
[2026-04-05 17:49:50,484:MySQL_Database.py#L32:INFO]: Closed old MySQL connection.
[2026-04-05 17:49:50,540:MySQL_Database.py#L267:INFO]: Executing transpiled workload olap_workloads/tpch_42.wg (4 queries)...
[2026-04-05 17:51:29,632:MySQL_Database.py#L294:INFO]: Workload olap_workloads/tpch_42.wg executed successfully.
[2026-04-05 17:51:29,632:run_diverse_configs.py#L206:INFO]: Performance for config 1: 24.772873519999848
[2026-04-05 17:51:29,632:run_diverse_configs.py#L137:INFO]: Running config 2/10 for tpch_42
[2026-04-05 17:51:29,633:MySQL_Database.py#L242:INFO]: Transpiling workload from PostgreSQL to MySQL syntax...
[2026-04-05 17:51:29,725:MySQL_Database.py#L79:INFO]: MySQL knobs persisted to mysqld-auto.cnf. Restarting to apply...
[2026-04-05 17:51:29,725:MySQL_Database.py#L189:INFO]: Restarting MySQL service...
[2026-04-05 17:51:34,307:MySQL_Database.py#L199:INFO]: Waiting for MySQL to become available...
[2026-04-05 17:51:34,339:MySQL_Database.py#L217:INFO]: MySQL is back up! (Took 0.03s)
[2026-04-05 17:51:34,340:MySQL_Database.py#L32:INFO]: Closed old MySQL connection.
[2026-04-05 17:51:34,396:MySQL_Database.py#L267:INFO]: Executing transpiled workload olap_workloads/tpch_42.wg (4 queries)...
[2026-04-05 17:53:12,413:MySQL_Database.py#L294:INFO]: Workload olap_workloads/tpch_42.wg executed successfully.
[2026-04-05 17:53:12,414:run_diverse_configs.py#L206:INFO]: Performance for config 2: 24.504408012253407
[2026-04-05 17:53:12,414:run_diverse_configs.py#L137:INFO]: Running config 3/10 for tpch_42
[2026-04-05 17:53:12,414:MySQL_Database.py#L242:INFO]: Transpiling workload from PostgreSQL to MySQL syntax...
[2026-04-05 17:53:12,696:MySQL_Database.py#L79:INFO]: MySQL knobs persisted to mysqld-auto.cnf. Restarting to apply...
[2026-04-05 17:53:12,697:MySQL_Database.py#L189:INFO]: Restarting MySQL service...
[2026-04-05 17:53:18,081:MySQL_Database.py#L199:INFO]: Waiting for MySQL to become available...
[2026-04-05 17:53:18,111:MySQL_Database.py#L217:INFO]: MySQL is back up! (Took 0.03s)
[2026-04-05 17:53:18,112:MySQL_Database.py#L32:INFO]: Closed old MySQL connection.
[2026-04-05 17:53:18,167:MySQL_Database.py#L267:INFO]: Executing transpiled workload olap_workloads/tpch_42.wg (4 queries)...
[2026-04-05 17:55:15,232:MySQL_Database.py#L294:INFO]: Workload olap_workloads/tpch_42.wg executed successfully.
[2026-04-05 17:55:15,232:run_diverse_configs.py#L206:INFO]: Performance for config 3: 29.266323192496202
[2026-04-05 17:55:15,233:run_diverse_configs.py#L137:INFO]: Running config 4/10 for tpch_42
[2026-04-05 17:55:15,233:MySQL_Database.py#L242:INFO]: Transpiling workload from PostgreSQL to MySQL syntax...
[2026-04-05 17:55:15,504:MySQL_Database.py#L79:INFO]: MySQL knobs persisted to mysqld-auto.cnf. Restarting to apply...
[2026-04-05 17:55:15,505:MySQL_Database.py#L189:INFO]: Restarting MySQL service...
[2026-04-05 17:55:20,688:MySQL_Database.py#L199:INFO]: Waiting for MySQL to become available...
[2026-04-05 17:55:20,722:MySQL_Database.py#L217:INFO]: MySQL is back up! (Took 0.03s)
[2026-04-05 17:55:20,723:MySQL_Database.py#L32:INFO]: Closed old MySQL connection.
[2026-04-05 17:55:20,778:MySQL_Database.py#L267:INFO]: Executing transpiled workload olap_workloads/tpch_42.wg (4 queries)...
[2026-04-05 17:57:17,869:MySQL_Database.py#L294:INFO]: Workload olap_workloads/tpch_42.wg executed successfully.
[2026-04-05 17:57:17,869:run_diverse_configs.py#L206:INFO]: Performance for config 4: 29.272677420995024
[2026-04-05 17:57:17,869:run_diverse_configs.py#L137:INFO]: Running config 5/10 for tpch_42
[2026-04-05 17:57:17,870:MySQL_Database.py#L242:INFO]: Transpiling workload from PostgreSQL to MySQL syntax...
[2026-04-05 17:57:18,133:MySQL_Database.py#L79:INFO]: MySQL knobs persisted to mysqld-auto.cnf. Restarting to apply...
[2026-04-05 17:57:18,133:MySQL_Database.py#L189:INFO]: Restarting MySQL service...
[2026-04-05 17:57:24,122:MySQL_Database.py#L199:INFO]: Waiting for MySQL to become available...
[2026-04-05 17:57:24,152:MySQL_Database.py#L217:INFO]: MySQL is back up! (Took 0.03s)
[2026-04-05 17:57:24,153:MySQL_Database.py#L32:INFO]: Closed old MySQL connection.
[2026-04-05 17:57:24,208:MySQL_Database.py#L267:INFO]: Executing transpiled workload olap_workloads/tpch_42.wg (4 queries)...
[2026-04-05 17:59:21,642:MySQL_Database.py#L294:INFO]: Workload olap_workloads/tpch_42.wg executed successfully.
[2026-04-05 17:59:21,642:run_diverse_configs.py#L206:INFO]: Performance for config 5: 29.35833099250158
[2026-04-05 17:59:21,642:run_diverse_configs.py#L137:INFO]: Running config 6/10 for tpch_42
[2026-04-05 17:59:21,643:MySQL_Database.py#L242:INFO]: Transpiling workload from PostgreSQL to MySQL syntax...
[2026-04-05 17:59:21,927:MySQL_Database.py#L79:INFO]: MySQL knobs persisted to mysqld-auto.cnf. Restarting to apply...
[2026-04-05 17:59:21,927:MySQL_Database.py#L189:INFO]: Restarting MySQL service...
[2026-04-05 17:59:27,664:MySQL_Database.py#L199:INFO]: Waiting for MySQL to become available...
[2026-04-05 17:59:27,695:MySQL_Database.py#L217:INFO]: MySQL is back up! (Took 0.03s)
[2026-04-05 17:59:27,696:MySQL_Database.py#L32:INFO]: Closed old MySQL connection.
[2026-04-05 17:59:27,751:MySQL_Database.py#L267:INFO]: Executing transpiled workload olap_workloads/tpch_42.wg (4 queries)...
[2026-04-05 18:01:05,178:MySQL_Database.py#L294:INFO]: Workload olap_workloads/tpch_42.wg executed successfully.
[2026-04-05 18:01:05,178:run_diverse_configs.py#L206:INFO]: Performance for config 6: 24.3566634662493
[2026-04-05 18:01:05,178:run_diverse_configs.py#L137:INFO]: Running config 7/10 for tpch_42
[2026-04-05 18:01:05,179:MySQL_Database.py#L242:INFO]: Transpiling workload from PostgreSQL to MySQL syntax...
[2026-04-05 18:01:05,498:MySQL_Database.py#L79:INFO]: MySQL knobs persisted to mysqld-auto.cnf. Restarting to apply...
[2026-04-05 18:01:05,498:MySQL_Database.py#L189:INFO]: Restarting MySQL service...
[2026-04-05 18:01:10,481:MySQL_Database.py#L199:INFO]: Waiting for MySQL to become available...
[2026-04-05 18:01:10,512:MySQL_Database.py#L217:INFO]: MySQL is back up! (Took 0.03s)
[2026-04-05 18:01:10,512:MySQL_Database.py#L32:INFO]: Closed old MySQL connection.
[2026-04-05 18:01:10,569:MySQL_Database.py#L267:INFO]: Executing transpiled workload olap_workloads/tpch_42.wg (4 queries)...
[2026-04-05 18:02:43,563:MySQL_Database.py#L294:INFO]: Workload olap_workloads/tpch_42.wg executed successfully.
[2026-04-05 18:02:43,563:run_diverse_configs.py#L206:INFO]: Performance for config 7: 23.248312400493887
[2026-04-05 18:02:43,563:run_diverse_configs.py#L137:INFO]: Running config 8/10 for tpch_42
[2026-04-05 18:02:43,564:MySQL_Database.py#L242:INFO]: Transpiling workload from PostgreSQL to MySQL syntax...
[2026-04-05 18:02:43,658:MySQL_Database.py#L79:INFO]: MySQL knobs persisted to mysqld-auto.cnf. Restarting to apply...
[2026-04-05 18:02:43,658:MySQL_Database.py#L189:INFO]: Restarting MySQL service...
[2026-04-05 18:02:48,288:MySQL_Database.py#L199:INFO]: Waiting for MySQL to become available...
[2026-04-05 18:02:48,320:MySQL_Database.py#L217:INFO]: MySQL is back up! (Took 0.03s)
[2026-04-05 18:02:48,320:MySQL_Database.py#L32:INFO]: Closed old MySQL connection.
[2026-04-05 18:02:48,376:MySQL_Database.py#L267:INFO]: Executing transpiled workload olap_workloads/tpch_42.wg (4 queries)...
[2026-04-05 18:04:41,204:MySQL_Database.py#L294:INFO]: Workload olap_workloads/tpch_42.wg executed successfully.
[2026-04-05 18:04:41,204:run_diverse_configs.py#L206:INFO]: Performance for config 8: 28.20693970350112
[2026-04-05 18:04:41,205:run_diverse_configs.py#L137:INFO]: Running config 9/10 for tpch_42
[2026-04-05 18:04:41,205:MySQL_Database.py#L242:INFO]: Transpiling workload from PostgreSQL to MySQL syntax...
[2026-04-05 18:04:41,288:MySQL_Database.py#L79:INFO]: MySQL knobs persisted to mysqld-auto.cnf. Restarting to apply...
[2026-04-05 18:04:41,288:MySQL_Database.py#L189:INFO]: Restarting MySQL service...
[2026-04-05 18:04:45,820:MySQL_Database.py#L199:INFO]: Waiting for MySQL to become available...
[2026-04-05 18:04:45,852:MySQL_Database.py#L217:INFO]: MySQL is back up! (Took 0.03s)
[2026-04-05 18:04:45,853:MySQL_Database.py#L32:INFO]: Closed old MySQL connection.
[2026-04-05 18:04:45,908:MySQL_Database.py#L267:INFO]: Executing transpiled workload olap_workloads/tpch_42.wg (4 queries)...
[2026-04-05 18:06:23,573:MySQL_Database.py#L294:INFO]: Workload olap_workloads/tpch_42.wg executed successfully.
[2026-04-05 18:06:23,573:run_diverse_configs.py#L206:INFO]: Performance for config 9: 24.41606486550154
[2026-04-05 18:06:23,577:run_diverse_configs.py#L137:INFO]: Running config 10/10 for tpch_42
[2026-04-05 18:06:23,577:MySQL_Database.py#L242:INFO]: Transpiling workload from PostgreSQL to MySQL syntax...
[2026-04-05 18:06:23,656:MySQL_Database.py#L79:INFO]: MySQL knobs persisted to mysqld-auto.cnf. Restarting to apply...
[2026-04-05 18:06:23,656:MySQL_Database.py#L189:INFO]: Restarting MySQL service...
[2026-04-05 18:06:28,236:MySQL_Database.py#L199:INFO]: Waiting for MySQL to become available...
[2026-04-05 18:06:28,269:MySQL_Database.py#L217:INFO]: MySQL is back up! (Took 0.03s)
[2026-04-05 18:06:28,270:MySQL_Database.py#L32:INFO]: Closed old MySQL connection.
[2026-04-05 18:06:28,326:MySQL_Database.py#L267:INFO]: Executing transpiled workload olap_workloads/tpch_42.wg (4 queries)...
[2026-04-05 18:08:40,408:MySQL_Database.py#L294:INFO]: Workload olap_workloads/tpch_42.wg executed successfully.
[2026-04-05 18:08:40,408:run_diverse_configs.py#L206:INFO]: Performance for config 10: 33.02044412300165
[2026-04-05 18:08:40,408:run_diverse_configs.py#L129:INFO]: Running 10 configs for tpch_9
[2026-04-05 18:08:40,408:run_diverse_configs.py#L137:INFO]: Running config 1/10 for tpch_9
[2026-04-05 18:08:40,409:MySQL_Database.py#L242:INFO]: Transpiling workload from PostgreSQL to MySQL syntax...
[2026-04-05 18:08:40,501:MySQL_Database.py#L79:INFO]: MySQL knobs persisted to mysqld-auto.cnf. Restarting to apply...
[2026-04-05 18:08:40,501:MySQL_Database.py#L189:INFO]: Restarting MySQL service...
[2026-04-05 18:08:45,134:MySQL_Database.py#L199:INFO]: Waiting for MySQL to become available...
[2026-04-05 18:08:45,177:MySQL_Database.py#L217:INFO]: MySQL is back up! (Took 0.04s)
[2026-04-05 18:08:45,177:MySQL_Database.py#L32:INFO]: Closed old MySQL connection.
[2026-04-05 18:08:45,233:MySQL_Database.py#L267:INFO]: Executing transpiled workload olap_workloads/tpch_9.wg (5 queries)...
[2026-04-05 18:09:13,608:MySQL_Database.py#L294:INFO]: Workload olap_workloads/tpch_9.wg executed successfully.
[2026-04-05 18:09:13,608:run_diverse_configs.py#L206:INFO]: Performance for config 1: 5.67506069340161
[2026-04-05 18:09:13,609:run_diverse_configs.py#L137:INFO]: Running config 2/10 for tpch_9
[2026-04-05 18:09:13,609:MySQL_Database.py#L242:INFO]: Transpiling workload from PostgreSQL to MySQL syntax...
[2026-04-05 18:09:13,702:MySQL_Database.py#L79:INFO]: MySQL knobs persisted to mysqld-auto.cnf. Restarting to apply...
[2026-04-05 18:09:13,702:MySQL_Database.py#L189:INFO]: Restarting MySQL service...
[2026-04-05 18:09:18,484:MySQL_Database.py#L199:INFO]: Waiting for MySQL to become available...
[2026-04-05 18:09:18,514:MySQL_Database.py#L217:INFO]: MySQL is back up! (Took 0.03s)
[2026-04-05 18:09:18,514:MySQL_Database.py#L32:INFO]: Closed old MySQL connection.
[2026-04-05 18:09:18,570:MySQL_Database.py#L267:INFO]: Executing transpiled workload olap_workloads/tpch_9.wg (5 queries)...
[2026-04-05 18:09:47,013:MySQL_Database.py#L294:INFO]: Workload olap_workloads/tpch_9.wg executed successfully.
[2026-04-05 18:09:47,013:run_diverse_configs.py#L206:INFO]: Performance for config 2: 5.6885236078000165
[2026-04-05 18:09:47,013:run_diverse_configs.py#L137:INFO]: Running config 3/10 for tpch_9
[2026-04-05 18:09:47,014:MySQL_Database.py#L242:INFO]: Transpiling workload from PostgreSQL to MySQL syntax...
[2026-04-05 18:09:47,106:MySQL_Database.py#L79:INFO]: MySQL knobs persisted to mysqld-auto.cnf. Restarting to apply...
[2026-04-05 18:09:47,106:MySQL_Database.py#L189:INFO]: Restarting MySQL service...
[2026-04-05 18:09:51,889:MySQL_Database.py#L199:INFO]: Waiting for MySQL to become available...
[2026-04-05 18:09:51,919:MySQL_Database.py#L217:INFO]: MySQL is back up! (Took 0.03s)
[2026-04-05 18:09:51,919:MySQL_Database.py#L32:INFO]: Closed old MySQL connection.
[2026-04-05 18:09:51,974:MySQL_Database.py#L267:INFO]: Executing transpiled workload olap_workloads/tpch_9.wg (5 queries)...
[2026-04-05 18:10:20,227:MySQL_Database.py#L294:INFO]: Workload olap_workloads/tpch_9.wg executed successfully.
[2026-04-05 18:10:20,228:run_diverse_configs.py#L206:INFO]: Performance for config 3: 5.65054410599987
[2026-04-05 18:10:20,228:run_diverse_configs.py#L137:INFO]: Running config 4/10 for tpch_9
[2026-04-05 18:10:20,228:MySQL_Database.py#L242:INFO]: Transpiling workload from PostgreSQL to MySQL syntax...
[2026-04-05 18:10:20,320:MySQL_Database.py#L79:INFO]: MySQL knobs persisted to mysqld-auto.cnf. Restarting to apply...
[2026-04-05 18:10:20,320:MySQL_Database.py#L189:INFO]: Restarting MySQL service...
[2026-04-05 18:10:24,751:MySQL_Database.py#L199:INFO]: Waiting for MySQL to become available...
[2026-04-05 18:10:24,787:MySQL_Database.py#L217:INFO]: MySQL is back up! (Took 0.04s)
[2026-04-05 18:10:24,788:MySQL_Database.py#L32:INFO]: Closed old MySQL connection.
[2026-04-05 18:10:24,843:MySQL_Database.py#L267:INFO]: Executing transpiled workload olap_workloads/tpch_9.wg (5 queries)...
[2026-04-05 18:11:04,897:MySQL_Database.py#L294:INFO]: Workload olap_workloads/tpch_9.wg executed successfully.
[2026-04-05 18:11:04,897:run_diverse_configs.py#L206:INFO]: Performance for config 4: 8.010586019203766
[2026-04-05 18:11:04,897:run_diverse_configs.py#L137:INFO]: Running config 5/10 for tpch_9
[2026-04-05 18:11:04,898:MySQL_Database.py#L242:INFO]: Transpiling workload from PostgreSQL to MySQL syntax...
[2026-04-05 18:11:04,989:MySQL_Database.py#L79:INFO]: MySQL knobs persisted to mysqld-auto.cnf. Restarting to apply...
[2026-04-05 18:11:04,989:MySQL_Database.py#L189:INFO]: Restarting MySQL service...
[2026-04-05 18:11:09,921:MySQL_Database.py#L199:INFO]: Waiting for MySQL to become available...
[2026-04-05 18:11:09,990:MySQL_Database.py#L217:INFO]: MySQL is back up! (Took 0.07s)
[2026-04-05 18:11:09,990:MySQL_Database.py#L32:INFO]: Closed old MySQL connection.
[2026-04-05 18:11:10,048:MySQL_Database.py#L267:INFO]: Executing transpiled workload olap_workloads/tpch_9.wg (5 queries)...
[2026-04-05 18:11:39,011:MySQL_Database.py#L294:INFO]: Workload olap_workloads/tpch_9.wg executed successfully.
[2026-04-05 18:11:39,011:run_diverse_configs.py#L206:INFO]: Performance for config 5: 5.792540045198985
[2026-04-05 18:11:39,011:run_diverse_configs.py#L137:INFO]: Running config 6/10 for tpch_9
[2026-04-05 18:11:39,012:MySQL_Database.py#L242:INFO]: Transpiling workload from PostgreSQL to MySQL syntax...
[2026-04-05 18:11:39,103:MySQL_Database.py#L79:INFO]: MySQL knobs persisted to mysqld-auto.cnf. Restarting to apply...
[2026-04-05 18:11:39,103:MySQL_Database.py#L189:INFO]: Restarting MySQL service...
[2026-04-05 18:11:44,188:MySQL_Database.py#L199:INFO]: Waiting for MySQL to become available...
[2026-04-05 18:11:44,219:MySQL_Database.py#L217:INFO]: MySQL is back up! (Took 0.03s)
[2026-04-05 18:11:44,219:MySQL_Database.py#L32:INFO]: Closed old MySQL connection.
[2026-04-05 18:11:44,276:MySQL_Database.py#L267:INFO]: Executing transpiled workload olap_workloads/tpch_9.wg (5 queries)...
[2026-04-05 18:12:12,931:MySQL_Database.py#L294:INFO]: Workload olap_workloads/tpch_9.wg executed successfully.
[2026-04-05 18:12:12,931:run_diverse_configs.py#L206:INFO]: Performance for config 6: 5.73100754179759
[2026-04-05 18:12:12,931:run_diverse_configs.py#L137:INFO]: Running config 7/10 for tpch_9
[2026-04-05 18:12:12,932:MySQL_Database.py#L242:INFO]: Transpiling workload from PostgreSQL to MySQL syntax...
[2026-04-05 18:12:13,027:MySQL_Database.py#L79:INFO]: MySQL knobs persisted to mysqld-auto.cnf. Restarting to apply...
[2026-04-05 18:12:13,028:MySQL_Database.py#L189:INFO]: Restarting MySQL service...
[2026-04-05 18:12:18,863:MySQL_Database.py#L199:INFO]: Waiting for MySQL to become available...
[2026-04-05 18:12:18,895:MySQL_Database.py#L217:INFO]: MySQL is back up! (Took 0.03s)
[2026-04-05 18:12:18,895:MySQL_Database.py#L32:INFO]: Closed old MySQL connection.
[2026-04-05 18:12:18,950:MySQL_Database.py#L267:INFO]: Executing transpiled workload olap_workloads/tpch_9.wg (5 queries)...
[2026-04-05 18:12:47,037:MySQL_Database.py#L294:INFO]: Workload olap_workloads/tpch_9.wg executed successfully.
[2026-04-05 18:12:47,037:run_diverse_configs.py#L206:INFO]: Performance for config 7: 5.617282250797143
[2026-04-05 18:12:47,037:run_diverse_configs.py#L137:INFO]: Running config 8/10 for tpch_9
[2026-04-05 18:12:47,038:MySQL_Database.py#L242:INFO]: Transpiling workload from PostgreSQL to MySQL syntax...
[2026-04-05 18:12:47,128:MySQL_Database.py#L79:INFO]: MySQL knobs persisted to mysqld-auto.cnf. Restarting to apply...
[2026-04-05 18:12:47,128:MySQL_Database.py#L189:INFO]: Restarting MySQL service...
[2026-04-05 18:12:51,960:MySQL_Database.py#L199:INFO]: Waiting for MySQL to become available...
[2026-04-05 18:12:51,991:MySQL_Database.py#L217:INFO]: MySQL is back up! (Took 0.03s)
[2026-04-05 18:12:51,991:MySQL_Database.py#L32:INFO]: Closed old MySQL connection.
[2026-04-05 18:12:52,047:MySQL_Database.py#L267:INFO]: Executing transpiled workload olap_workloads/tpch_9.wg (5 queries)...
[2026-04-05 18:13:28,864:MySQL_Database.py#L294:INFO]: Workload olap_workloads/tpch_9.wg executed successfully.
[2026-04-05 18:13:28,865:run_diverse_configs.py#L206:INFO]: Performance for config 8: 7.363366697600577
[2026-04-05 18:13:28,865:run_diverse_configs.py#L137:INFO]: Running config 9/10 for tpch_9
[2026-04-05 18:13:28,865:MySQL_Database.py#L242:INFO]: Transpiling workload from PostgreSQL to MySQL syntax...
[2026-04-05 18:13:28,956:MySQL_Database.py#L79:INFO]: MySQL knobs persisted to mysqld-auto.cnf. Restarting to apply...
[2026-04-05 18:13:28,956:MySQL_Database.py#L189:INFO]: Restarting MySQL service...
[2026-04-05 18:13:34,240:MySQL_Database.py#L199:INFO]: Waiting for MySQL to become available...
[2026-04-05 18:13:34,271:MySQL_Database.py#L217:INFO]: MySQL is back up! (Took 0.03s)
[2026-04-05 18:13:34,271:MySQL_Database.py#L32:INFO]: Closed old MySQL connection.
[2026-04-05 18:13:34,327:MySQL_Database.py#L267:INFO]: Executing transpiled workload olap_workloads/tpch_9.wg (5 queries)...
[2026-04-05 18:14:13,087:MySQL_Database.py#L294:INFO]: Workload olap_workloads/tpch_9.wg executed successfully.
[2026-04-05 18:14:13,087:run_diverse_configs.py#L206:INFO]: Performance for config 9: 7.752035890799016
[2026-04-05 18:14:13,093:run_diverse_configs.py#L137:INFO]: Running config 10/10 for tpch_9
[2026-04-05 18:14:13,094:MySQL_Database.py#L242:INFO]: Transpiling workload from PostgreSQL to MySQL syntax...
[2026-04-05 18:14:13,199:MySQL_Database.py#L79:INFO]: MySQL knobs persisted to mysqld-auto.cnf. Restarting to apply...
[2026-04-05 18:14:13,199:MySQL_Database.py#L189:INFO]: Restarting MySQL service...
[2026-04-05 18:14:18,082:MySQL_Database.py#L199:INFO]: Waiting for MySQL to become available...
[2026-04-05 18:14:18,129:MySQL_Database.py#L217:INFO]: MySQL is back up! (Took 0.05s)
[2026-04-05 18:14:18,129:MySQL_Database.py#L32:INFO]: Closed old MySQL connection.
[2026-04-05 18:14:18,185:MySQL_Database.py#L267:INFO]: Executing transpiled workload olap_workloads/tpch_9.wg (5 queries)...
[2026-04-05 18:15:00,160:MySQL_Database.py#L294:INFO]: Workload olap_workloads/tpch_9.wg executed successfully.
[2026-04-05 18:15:00,160:run_diverse_configs.py#L206:INFO]: Performance for config 10: 8.3949089361995
[2026-04-05 18:15:00,161:run_diverse_configs.py#L129:INFO]: Running 10 configs for tpch_121
[2026-04-05 18:15:00,161:run_diverse_configs.py#L137:INFO]: Running config 1/10 for tpch_121
[2026-04-05 18:15:00,162:MySQL_Database.py#L242:INFO]: Transpiling workload from PostgreSQL to MySQL syntax...
[2026-04-05 18:15:00,260:MySQL_Database.py#L79:INFO]: MySQL knobs persisted to mysqld-auto.cnf. Restarting to apply...
[2026-04-05 18:15:00,261:MySQL_Database.py#L189:INFO]: Restarting MySQL service...
[2026-04-05 18:15:05,043:MySQL_Database.py#L199:INFO]: Waiting for MySQL to become available...
[2026-04-05 18:15:05,102:MySQL_Database.py#L217:INFO]: MySQL is back up! (Took 0.06s)
[2026-04-05 18:15:05,102:MySQL_Database.py#L32:INFO]: Closed old MySQL connection.
[2026-04-05 18:15:05,178:MySQL_Database.py#L267:INFO]: Executing transpiled workload olap_workloads/tpch_121.wg (12 queries)...
[2026-04-05 18:16:37,823:MySQL_Database.py#L294:INFO]: Workload olap_workloads/tpch_121.wg executed successfully.
[2026-04-05 18:16:37,823:run_diverse_configs.py#L206:INFO]: Performance for config 1: 7.7204292061675615
[2026-04-05 18:16:37,823:run_diverse_configs.py#L137:INFO]: Running config 2/10 for tpch_121
[2026-04-05 18:16:37,824:MySQL_Database.py#L242:INFO]: Transpiling workload from PostgreSQL to MySQL syntax...
[2026-04-05 18:16:37,916:MySQL_Database.py#L79:INFO]: MySQL knobs persisted to mysqld-auto.cnf. Restarting to apply...
[2026-04-05 18:16:37,916:MySQL_Database.py#L189:INFO]: Restarting MySQL service...
[2026-04-05 18:16:43,452:MySQL_Database.py#L199:INFO]: Waiting for MySQL to become available...
[2026-04-05 18:16:43,512:MySQL_Database.py#L217:INFO]: MySQL is back up! (Took 0.06s)
[2026-04-05 18:16:43,512:MySQL_Database.py#L32:INFO]: Closed old MySQL connection.
[2026-04-05 18:16:43,569:MySQL_Database.py#L267:INFO]: Executing transpiled workload olap_workloads/tpch_121.wg (12 queries)...
[2026-04-05 18:18:14,663:MySQL_Database.py#L294:INFO]: Workload olap_workloads/tpch_121.wg executed successfully.
[2026-04-05 18:18:14,663:run_diverse_configs.py#L206:INFO]: Performance for config 2: 7.591071365250779
[2026-04-05 18:18:14,663:run_diverse_configs.py#L137:INFO]: Running config 3/10 for tpch_121
[2026-04-05 18:18:14,663:MySQL_Database.py#L242:INFO]: Transpiling workload from PostgreSQL to MySQL syntax...
[2026-04-05 18:18:14,749:MySQL_Database.py#L79:INFO]: MySQL knobs persisted to mysqld-auto.cnf. Restarting to apply...
[2026-04-05 18:18:14,750:MySQL_Database.py#L189:INFO]: Restarting MySQL service...
[2026-04-05 18:18:19,883:MySQL_Database.py#L199:INFO]: Waiting for MySQL to become available...
[2026-04-05 18:18:19,915:MySQL_Database.py#L217:INFO]: MySQL is back up! (Took 0.03s)
[2026-04-05 18:18:19,915:MySQL_Database.py#L32:INFO]: Closed old MySQL connection.
[2026-04-05 18:18:19,971:MySQL_Database.py#L267:INFO]: Executing transpiled workload olap_workloads/tpch_121.wg (12 queries)...
[2026-04-05 18:19:51,519:MySQL_Database.py#L294:INFO]: Workload olap_workloads/tpch_121.wg executed successfully.
[2026-04-05 18:19:51,519:run_diverse_configs.py#L206:INFO]: Performance for config 3: 7.629017931166648
[2026-04-05 18:19:51,520:run_diverse_configs.py#L137:INFO]: Running config 4/10 for tpch_121
[2026-04-05 18:19:51,520:MySQL_Database.py#L242:INFO]: Transpiling workload from PostgreSQL to MySQL syntax...
[2026-04-05 18:19:51,613:MySQL_Database.py#L79:INFO]: MySQL knobs persisted to mysqld-auto.cnf. Restarting to apply...
[2026-04-05 18:19:51,614:MySQL_Database.py#L189:INFO]: Restarting MySQL service...
[2026-04-05 18:19:56,345:MySQL_Database.py#L199:INFO]: Waiting for MySQL to become available...
[2026-04-05 18:19:56,421:MySQL_Database.py#L217:INFO]: MySQL is back up! (Took 0.08s)
[2026-04-05 18:19:56,421:MySQL_Database.py#L32:INFO]: Closed old MySQL connection.
[2026-04-05 18:19:56,478:MySQL_Database.py#L267:INFO]: Executing transpiled workload olap_workloads/tpch_121.wg (12 queries)...
[2026-04-05 18:21:27,343:MySQL_Database.py#L294:INFO]: Workload olap_workloads/tpch_121.wg executed successfully.
[2026-04-05 18:21:27,344:run_diverse_configs.py#L206:INFO]: Performance for config 4: 7.57212808233453
[2026-04-05 18:21:27,344:run_diverse_configs.py#L137:INFO]: Running config 5/10 for tpch_121
[2026-04-05 18:21:27,344:MySQL_Database.py#L242:INFO]: Transpiling workload from PostgreSQL to MySQL syntax...
[2026-04-05 18:21:27,639:MySQL_Database.py#L79:INFO]: MySQL knobs persisted to mysqld-auto.cnf. Restarting to apply...
[2026-04-05 18:21:27,639:MySQL_Database.py#L189:INFO]: Restarting MySQL service...
[2026-04-05 18:21:33,826:MySQL_Database.py#L199:INFO]: Waiting for MySQL to become available...
[2026-04-05 18:21:33,856:MySQL_Database.py#L217:INFO]: MySQL is back up! (Took 0.03s)
[2026-04-05 18:21:33,857:MySQL_Database.py#L32:INFO]: Closed old MySQL connection.
[2026-04-05 18:21:33,913:MySQL_Database.py#L267:INFO]: Executing transpiled workload olap_workloads/tpch_121.wg (12 queries)...
[2026-04-05 18:23:05,279:MySQL_Database.py#L294:INFO]: Workload olap_workloads/tpch_121.wg executed successfully.
[2026-04-05 18:23:05,279:run_diverse_configs.py#L206:INFO]: Performance for config 5: 7.613824381582769
[2026-04-05 18:23:05,279:run_diverse_configs.py#L137:INFO]: Running config 6/10 for tpch_121
[2026-04-05 18:23:05,280:MySQL_Database.py#L242:INFO]: Transpiling workload from PostgreSQL to MySQL syntax...
[2026-04-05 18:23:05,571:MySQL_Database.py#L79:INFO]: MySQL knobs persisted to mysqld-auto.cnf. Restarting to apply...
[2026-04-05 18:23:05,571:MySQL_Database.py#L189:INFO]: Restarting MySQL service...
[2026-04-05 18:23:12,208:MySQL_Database.py#L199:INFO]: Waiting for MySQL to become available...
[2026-04-05 18:23:12,268:MySQL_Database.py#L217:INFO]: MySQL is back up! (Took 0.06s)
[2026-04-05 18:23:12,268:MySQL_Database.py#L32:INFO]: Closed old MySQL connection.
[2026-04-05 18:23:12,381:MySQL_Database.py#L267:INFO]: Executing transpiled workload olap_workloads/tpch_121.wg (12 queries)...
[2026-04-06 10:34:52,631:MySQL_Database.py#L294:INFO]: Workload olap_workloads/tpch_121.wg executed successfully.
[2026-04-06 10:34:52,631:run_diverse_configs.py#L206:INFO]: Performance for config 6: 4858.354157499583
[2026-04-06 10:34:52,631:run_diverse_configs.py#L137:INFO]: Running config 7/10 for tpch_121
[2026-04-06 10:34:52,631:MySQL_Database.py#L242:INFO]: Transpiling workload from PostgreSQL to MySQL syntax...
[2026-04-06 10:34:52,728:MySQL_Database.py#L79:INFO]: MySQL knobs persisted to mysqld-auto.cnf. Restarting to apply...
[2026-04-06 10:34:52,728:MySQL_Database.py#L189:INFO]: Restarting MySQL service...
[2026-04-06 10:34:58,061:MySQL_Database.py#L199:INFO]: Waiting for MySQL to become available...
[2026-04-06 10:34:58,092:MySQL_Database.py#L217:INFO]: MySQL is back up! (Took 0.03s)
[2026-04-06 10:34:58,092:MySQL_Database.py#L32:INFO]: Closed old MySQL connection.
[2026-04-06 10:34:58,148:MySQL_Database.py#L267:INFO]: Executing transpiled workload olap_workloads/tpch_121.wg (12 queries)...
[2026-04-06 10:35:55,077:MySQL_Database.py#L294:INFO]: Workload olap_workloads/tpch_121.wg executed successfully.
[2026-04-06 10:35:55,077:run_diverse_configs.py#L206:INFO]: Performance for config 7: 4.743998342334332
[2026-04-06 10:35:55,077:run_diverse_configs.py#L137:INFO]: Running config 8/10 for tpch_121
[2026-04-06 10:35:55,077:MySQL_Database.py#L242:INFO]: Transpiling workload from PostgreSQL to MySQL syntax...
[2026-04-06 10:35:55,166:MySQL_Database.py#L79:INFO]: MySQL knobs persisted to mysqld-auto.cnf. Restarting to apply...
[2026-04-06 10:35:55,167:MySQL_Database.py#L189:INFO]: Restarting MySQL service...
[2026-04-06 10:36:00,048:MySQL_Database.py#L199:INFO]: Waiting for MySQL to become available...
[2026-04-06 10:36:00,084:MySQL_Database.py#L217:INFO]: MySQL is back up! (Took 0.04s)
[2026-04-06 10:36:00,085:MySQL_Database.py#L32:INFO]: Closed old MySQL connection.
[2026-04-06 10:36:00,141:MySQL_Database.py#L267:INFO]: Executing transpiled workload olap_workloads/tpch_121.wg (12 queries)...
[2026-04-06 10:37:31,292:MySQL_Database.py#L294:INFO]: Workload olap_workloads/tpch_121.wg executed successfully.
[2026-04-06 10:37:31,292:run_diverse_configs.py#L206:INFO]: Performance for config 8: 7.5959123540839455
[2026-04-06 10:37:31,292:run_diverse_configs.py#L137:INFO]: Running config 9/10 for tpch_121
[2026-04-06 10:37:31,293:MySQL_Database.py#L242:INFO]: Transpiling workload from PostgreSQL to MySQL syntax...
[2026-04-06 10:37:31,388:MySQL_Database.py#L79:INFO]: MySQL knobs persisted to mysqld-auto.cnf. Restarting to apply...
[2026-04-06 10:37:31,388:MySQL_Database.py#L189:INFO]: Restarting MySQL service...
[2026-04-06 10:37:36,421:MySQL_Database.py#L199:INFO]: Waiting for MySQL to become available...
[2026-04-06 10:37:36,452:MySQL_Database.py#L217:INFO]: MySQL is back up! (Took 0.03s)
[2026-04-06 10:37:36,452:MySQL_Database.py#L32:INFO]: Closed old MySQL connection.
[2026-04-06 10:37:36,509:MySQL_Database.py#L267:INFO]: Executing transpiled workload olap_workloads/tpch_121.wg (12 queries)...
[2026-04-06 10:38:33,129:MySQL_Database.py#L294:INFO]: Workload olap_workloads/tpch_121.wg executed successfully.
[2026-04-06 10:38:33,129:run_diverse_configs.py#L206:INFO]: Performance for config 9: 4.718365671416298
[2026-04-06 10:38:33,130:run_diverse_configs.py#L137:INFO]: Running config 10/10 for tpch_121
[2026-04-06 10:38:33,130:MySQL_Database.py#L242:INFO]: Transpiling workload from PostgreSQL to MySQL syntax...
[2026-04-06 10:38:33,237:MySQL_Database.py#L79:INFO]: MySQL knobs persisted to mysqld-auto.cnf. Restarting to apply...
[2026-04-06 10:38:33,238:MySQL_Database.py#L189:INFO]: Restarting MySQL service...
[2026-04-06 10:38:38,773:MySQL_Database.py#L199:INFO]: Waiting for MySQL to become available...
[2026-04-06 10:38:38,803:MySQL_Database.py#L217:INFO]: MySQL is back up! (Took 0.03s)
[2026-04-06 10:38:38,804:MySQL_Database.py#L32:INFO]: Closed old MySQL connection.
[2026-04-06 10:38:38,859:MySQL_Database.py#L267:INFO]: Executing transpiled workload olap_workloads/tpch_121.wg (12 queries)...
[2026-04-06 10:40:09,655:MySQL_Database.py#L294:INFO]: Workload olap_workloads/tpch_121.wg executed successfully.
[2026-04-06 10:40:09,655:run_diverse_configs.py#L206:INFO]: Performance for config 10: 7.566295234333666
[2026-04-06 10:40:09,655:run_diverse_configs.py#L129:INFO]: Running 10 configs for tpch_256
[2026-04-06 10:40:09,655:run_diverse_configs.py#L137:INFO]: Running config 1/10 for tpch_256
[2026-04-06 10:40:09,656:MySQL_Database.py#L242:INFO]: Transpiling workload from PostgreSQL to MySQL syntax...
[2026-04-06 10:40:09,753:MySQL_Database.py#L79:INFO]: MySQL knobs persisted to mysqld-auto.cnf. Restarting to apply...
[2026-04-06 10:40:09,753:MySQL_Database.py#L189:INFO]: Restarting MySQL service...
[2026-04-06 10:40:14,985:MySQL_Database.py#L199:INFO]: Waiting for MySQL to become available...
[2026-04-06 10:40:15,015:MySQL_Database.py#L217:INFO]: MySQL is back up! (Took 0.03s)
[2026-04-06 10:40:15,016:MySQL_Database.py#L32:INFO]: Closed old MySQL connection.
[2026-04-06 10:40:15,071:MySQL_Database.py#L267:INFO]: Executing transpiled workload olap_workloads/tpch_256.wg (13 queries)...
[2026-04-06 10:40:56,876:MySQL_Database.py#L294:INFO]: Workload olap_workloads/tpch_256.wg executed successfully.
[2026-04-06 10:40:56,876:run_diverse_configs.py#L206:INFO]: Performance for config 1: 3.2156895026161623
[2026-04-06 10:40:56,876:run_diverse_configs.py#L137:INFO]: Running config 2/10 for tpch_256
[2026-04-06 10:40:56,876:MySQL_Database.py#L242:INFO]: Transpiling workload from PostgreSQL to MySQL syntax...
[2026-04-06 10:40:56,974:MySQL_Database.py#L79:INFO]: MySQL knobs persisted to mysqld-auto.cnf. Restarting to apply...
[2026-04-06 10:40:56,974:MySQL_Database.py#L189:INFO]: Restarting MySQL service...
[2026-04-06 10:41:02,159:MySQL_Database.py#L199:INFO]: Waiting for MySQL to become available...
[2026-04-06 10:41:02,190:MySQL_Database.py#L217:INFO]: MySQL is back up! (Took 0.03s)
[2026-04-06 10:41:02,191:MySQL_Database.py#L32:INFO]: Closed old MySQL connection.
[2026-04-06 10:41:02,246:MySQL_Database.py#L267:INFO]: Executing transpiled workload olap_workloads/tpch_256.wg (13 queries)...
[2026-04-06 10:41:44,069:MySQL_Database.py#L294:INFO]: Workload olap_workloads/tpch_256.wg executed successfully.
[2026-04-06 10:41:44,069:run_diverse_configs.py#L206:INFO]: Performance for config 2: 3.2170897591545677
[2026-04-06 10:41:44,069:run_diverse_configs.py#L137:INFO]: Running config 3/10 for tpch_256
[2026-04-06 10:41:44,070:MySQL_Database.py#L242:INFO]: Transpiling workload from PostgreSQL to MySQL syntax...
[2026-04-06 10:41:44,168:MySQL_Database.py#L79:INFO]: MySQL knobs persisted to mysqld-auto.cnf. Restarting to apply...
[2026-04-06 10:41:44,168:MySQL_Database.py#L189:INFO]: Restarting MySQL service...
[2026-04-06 10:41:49,351:MySQL_Database.py#L199:INFO]: Waiting for MySQL to become available...
[2026-04-06 10:41:49,382:MySQL_Database.py#L217:INFO]: MySQL is back up! (Took 0.03s)
[2026-04-06 10:41:49,382:MySQL_Database.py#L32:INFO]: Closed old MySQL connection.
[2026-04-06 10:41:49,438:MySQL_Database.py#L267:INFO]: Executing transpiled workload olap_workloads/tpch_256.wg (13 queries)...
[2026-04-06 10:42:31,031:MySQL_Database.py#L294:INFO]: Workload olap_workloads/tpch_256.wg executed successfully.
[2026-04-06 10:42:31,032:run_diverse_configs.py#L206:INFO]: Performance for config 3: 3.1994379866921987
[2026-04-06 10:42:31,032:run_diverse_configs.py#L137:INFO]: Running config 4/10 for tpch_256
[2026-04-06 10:42:31,032:MySQL_Database.py#L242:INFO]: Transpiling workload from PostgreSQL to MySQL syntax...
[2026-04-06 10:42:31,119:MySQL_Database.py#L79:INFO]: MySQL knobs persisted to mysqld-auto.cnf. Restarting to apply...
[2026-04-06 10:42:31,119:MySQL_Database.py#L189:INFO]: Restarting MySQL service...
[2026-04-06 10:42:36,557:MySQL_Database.py#L199:INFO]: Waiting for MySQL to become available...
[2026-04-06 10:42:36,588:MySQL_Database.py#L217:INFO]: MySQL is back up! (Took 0.03s)
[2026-04-06 10:42:36,588:MySQL_Database.py#L32:INFO]: Closed old MySQL connection.
[2026-04-06 10:42:36,644:MySQL_Database.py#L267:INFO]: Executing transpiled workload olap_workloads/tpch_256.wg (13 queries)...
[2026-04-06 10:43:26,095:MySQL_Database.py#L294:INFO]: Workload olap_workloads/tpch_256.wg executed successfully.
[2026-04-06 10:43:26,095:run_diverse_configs.py#L206:INFO]: Performance for config 4: 3.8039391408450545
[2026-04-06 10:43:26,095:run_diverse_configs.py#L137:INFO]: Running config 5/10 for tpch_256
[2026-04-06 10:43:26,096:MySQL_Database.py#L242:INFO]: Transpiling workload from PostgreSQL to MySQL syntax...
[2026-04-06 10:43:26,181:MySQL_Database.py#L79:INFO]: MySQL knobs persisted to mysqld-auto.cnf. Restarting to apply...
[2026-04-06 10:43:26,181:MySQL_Database.py#L189:INFO]: Restarting MySQL service...
[2026-04-06 10:43:30,761:MySQL_Database.py#L199:INFO]: Waiting for MySQL to become available...
[2026-04-06 10:43:30,797:MySQL_Database.py#L217:INFO]: MySQL is back up! (Took 0.04s)
[2026-04-06 10:43:30,798:MySQL_Database.py#L32:INFO]: Closed old MySQL connection.
[2026-04-06 10:43:30,853:MySQL_Database.py#L267:INFO]: Executing transpiled workload olap_workloads/tpch_256.wg (13 queries)...
[2026-04-06 10:44:12,359:MySQL_Database.py#L294:INFO]: Workload olap_workloads/tpch_256.wg executed successfully.
[2026-04-06 10:44:12,359:run_diverse_configs.py#L206:INFO]: Performance for config 5: 3.1927541097706684
[2026-04-06 10:44:12,360:run_diverse_configs.py#L137:INFO]: Running config 6/10 for tpch_256
[2026-04-06 10:44:12,360:MySQL_Database.py#L242:INFO]: Transpiling workload from PostgreSQL to MySQL syntax...
[2026-04-06 10:44:12,460:MySQL_Database.py#L79:INFO]: MySQL knobs persisted to mysqld-auto.cnf. Restarting to apply...
[2026-04-06 10:44:12,460:MySQL_Database.py#L189:INFO]: Restarting MySQL service...
[2026-04-06 10:44:16,590:MySQL_Database.py#L199:INFO]: Waiting for MySQL to become available...
[2026-04-06 10:44:16,620:MySQL_Database.py#L217:INFO]: MySQL is back up! (Took 0.03s)
[2026-04-06 10:44:16,621:MySQL_Database.py#L32:INFO]: Closed old MySQL connection.
[2026-04-06 10:44:16,676:MySQL_Database.py#L267:INFO]: Executing transpiled workload olap_workloads/tpch_256.wg (13 queries)...
[2026-04-06 10:45:04,569:MySQL_Database.py#L294:INFO]: Workload olap_workloads/tpch_256.wg executed successfully.
[2026-04-06 10:45:04,569:run_diverse_configs.py#L206:INFO]: Performance for config 6: 3.68408131738453
[2026-04-06 10:45:04,569:run_diverse_configs.py#L137:INFO]: Running config 7/10 for tpch_256
[2026-04-06 10:45:04,570:MySQL_Database.py#L242:INFO]: Transpiling workload from PostgreSQL to MySQL syntax...
[2026-04-06 10:45:04,661:MySQL_Database.py#L79:INFO]: MySQL knobs persisted to mysqld-auto.cnf. Restarting to apply...
[2026-04-06 10:45:04,662:MySQL_Database.py#L189:INFO]: Restarting MySQL service...
[2026-04-06 10:45:09,297:MySQL_Database.py#L199:INFO]: Waiting for MySQL to become available...
[2026-04-06 10:45:09,327:MySQL_Database.py#L217:INFO]: MySQL is back up! (Took 0.03s)
[2026-04-06 10:45:09,327:MySQL_Database.py#L32:INFO]: Closed old MySQL connection.
[2026-04-06 10:45:09,384:MySQL_Database.py#L267:INFO]: Executing transpiled workload olap_workloads/tpch_256.wg (13 queries)...
[2026-04-06 10:45:50,618:MySQL_Database.py#L294:INFO]: Workload olap_workloads/tpch_256.wg executed successfully.
[2026-04-06 10:45:50,618:run_diverse_configs.py#L206:INFO]: Performance for config 7: 3.1718113857675165
[2026-04-06 10:45:50,618:run_diverse_configs.py#L137:INFO]: Running config 8/10 for tpch_256
[2026-04-06 10:45:50,618:MySQL_Database.py#L242:INFO]: Transpiling workload from PostgreSQL to MySQL syntax...
[2026-04-06 10:45:50,726:MySQL_Database.py#L79:INFO]: MySQL knobs persisted to mysqld-auto.cnf. Restarting to apply...
[2026-04-06 10:45:50,726:MySQL_Database.py#L189:INFO]: Restarting MySQL service...
[2026-04-06 10:45:55,808:MySQL_Database.py#L199:INFO]: Waiting for MySQL to become available...
[2026-04-06 10:45:55,840:MySQL_Database.py#L217:INFO]: MySQL is back up! (Took 0.03s)
[2026-04-06 10:45:55,840:MySQL_Database.py#L32:INFO]: Closed old MySQL connection.
[2026-04-06 10:45:55,896:MySQL_Database.py#L267:INFO]: Executing transpiled workload olap_workloads/tpch_256.wg (13 queries)...
[2026-04-06 10:46:38,382:MySQL_Database.py#L294:INFO]: Workload olap_workloads/tpch_256.wg executed successfully.
[2026-04-06 10:46:38,382:run_diverse_configs.py#L206:INFO]: Performance for config 8: 3.268147223154441
[2026-04-06 10:46:38,383:run_diverse_configs.py#L137:INFO]: Running config 9/10 for tpch_256
[2026-04-06 10:46:38,383:MySQL_Database.py#L242:INFO]: Transpiling workload from PostgreSQL to MySQL syntax...
[2026-04-06 10:46:38,490:MySQL_Database.py#L79:INFO]: MySQL knobs persisted to mysqld-auto.cnf. Restarting to apply...
[2026-04-06 10:46:38,491:MySQL_Database.py#L189:INFO]: Restarting MySQL service...
[2026-04-06 10:46:42,873:MySQL_Database.py#L199:INFO]: Waiting for MySQL to become available...
[2026-04-06 10:46:42,903:MySQL_Database.py#L217:INFO]: MySQL is back up! (Took 0.03s)
[2026-04-06 10:46:42,904:MySQL_Database.py#L32:INFO]: Closed old MySQL connection.
[2026-04-06 10:46:42,959:MySQL_Database.py#L267:INFO]: Executing transpiled workload olap_workloads/tpch_256.wg (13 queries)...
[2026-04-06 10:47:25,358:MySQL_Database.py#L294:INFO]: Workload olap_workloads/tpch_256.wg executed successfully.
[2026-04-06 10:47:25,358:run_diverse_configs.py#L206:INFO]: Performance for config 9: 3.2614257500009933
[2026-04-06 10:47:25,358:run_diverse_configs.py#L137:INFO]: Running config 10/10 for tpch_256
[2026-04-06 10:47:25,359:MySQL_Database.py#L242:INFO]: Transpiling workload from PostgreSQL to MySQL syntax...
[2026-04-06 10:47:25,453:MySQL_Database.py#L79:INFO]: MySQL knobs persisted to mysqld-auto.cnf. Restarting to apply...
[2026-04-06 10:47:25,453:MySQL_Database.py#L189:INFO]: Restarting MySQL service...
[2026-04-06 10:47:29,583:MySQL_Database.py#L199:INFO]: Waiting for MySQL to become available...
[2026-04-06 10:47:29,615:MySQL_Database.py#L217:INFO]: MySQL is back up! (Took 0.03s)
[2026-04-06 10:47:29,615:MySQL_Database.py#L32:INFO]: Closed old MySQL connection.
[2026-04-06 10:47:29,672:MySQL_Database.py#L267:INFO]: Executing transpiled workload olap_workloads/tpch_256.wg (13 queries)...
[2026-04-06 10:48:51,969:MySQL_Database.py#L294:INFO]: Workload olap_workloads/tpch_256.wg executed successfully.
[2026-04-06 10:48:51,969:run_diverse_configs.py#L206:INFO]: Performance for config 10: 6.330527332615859
