[2026-04-03 18:43:46,392:run_diverse_configs.py#L59:INFO]: ====================================================================================================
[2026-04-03 18:43:46,396:run_diverse_configs.py#L60:INFO]: E2ETune: Running Diverse Configs
[2026-04-03 18:43:46,396:run_diverse_configs.py#L61:INFO]: ====================================================================================================
[2026-04-03 18:43:46,396:run_diverse_configs.py#L62:INFO]: Config: config/config.yaml
[2026-04-03 18:43:46,396:run_diverse_configs.py#L63:INFO]: Host: localhost  DB: imdb
[2026-04-03 18:43:46,396:run_diverse_configs.py#L64:INFO]: Benchmark: job  Type: olap
[2026-04-03 18:43:46,396:run_diverse_configs.py#L65:INFO]: Workload path: ./olap_workloads
[2026-04-03 18:43:46,396:run_diverse_configs.py#L66:INFO]: ====================================================================================================
[2026-04-03 18:43:52,050:run_diverse_configs.py#L115:INFO]: Running 10 configs for job_147
[2026-04-03 18:43:52,051:run_diverse_configs.py#L123:INFO]: Running config 1/10 for job_147
[2026-04-03 18:43:52,052:MySQL_Database.py#L239:INFO]: Transpiling workload from PostgreSQL to MySQL syntax...
[2026-04-03 18:43:52,136:MySQL_Database.py#L79:INFO]: MySQL knobs persisted to mysqld-auto.cnf. Restarting to apply...
[2026-04-03 18:43:52,136:MySQL_Database.py#L189:INFO]: Restarting MySQL service...
[2026-04-03 18:43:55,714:MySQL_Database.py#L199:INFO]: Waiting for MySQL to become available...
[2026-04-03 18:43:55,771:MySQL_Database.py#L217:INFO]: MySQL is back up! (Took 0.06s)
[2026-04-03 18:43:55,772:MySQL_Database.py#L32:INFO]: Closed old MySQL connection.
[2026-04-03 18:43:55,827:MySQL_Database.py#L264:INFO]: Executing transpiled workload olap_workloads/job_147.wg (2 queries)...
[2026-04-03 18:44:29,935:MySQL_Database.py#L291:INFO]: Workload olap_workloads/job_147.wg executed successfully.
[2026-04-03 18:44:29,935:run_diverse_configs.py#L192:INFO]: Performance for config 1: 17.053714479000064
[2026-04-03 18:44:29,935:run_diverse_configs.py#L123:INFO]: Running config 2/10 for job_147
[2026-04-03 18:44:29,936:MySQL_Database.py#L239:INFO]: Transpiling workload from PostgreSQL to MySQL syntax...
[2026-04-03 18:44:30,015:MySQL_Database.py#L79:INFO]: MySQL knobs persisted to mysqld-auto.cnf. Restarting to apply...
[2026-04-03 18:44:30,015:MySQL_Database.py#L189:INFO]: Restarting MySQL service...
[2026-04-03 18:44:34,595:MySQL_Database.py#L199:INFO]: Waiting for MySQL to become available...
[2026-04-03 18:44:34,655:MySQL_Database.py#L217:INFO]: MySQL is back up! (Took 0.06s)
[2026-04-03 18:44:34,655:MySQL_Database.py#L32:INFO]: Closed old MySQL connection.
[2026-04-03 18:44:34,711:MySQL_Database.py#L264:INFO]: Executing transpiled workload olap_workloads/job_147.wg (2 queries)...
[2026-04-03 18:44:59,903:MySQL_Database.py#L291:INFO]: Workload olap_workloads/job_147.wg executed successfully.
[2026-04-03 18:44:59,903:run_diverse_configs.py#L192:INFO]: Performance for config 2: 12.595760490500084
[2026-04-03 18:44:59,903:run_diverse_configs.py#L123:INFO]: Running config 3/10 for job_147
[2026-04-03 18:44:59,904:MySQL_Database.py#L239:INFO]: Transpiling workload from PostgreSQL to MySQL syntax...
[2026-04-03 18:44:59,994:MySQL_Database.py#L79:INFO]: MySQL knobs persisted to mysqld-auto.cnf. Restarting to apply...
[2026-04-03 18:44:59,994:MySQL_Database.py#L189:INFO]: Restarting MySQL service...
[2026-04-03 18:45:05,078:MySQL_Database.py#L199:INFO]: Waiting for MySQL to become available...
[2026-04-03 18:45:05,110:MySQL_Database.py#L217:INFO]: MySQL is back up! (Took 0.03s)
[2026-04-03 18:45:05,110:MySQL_Database.py#L32:INFO]: Closed old MySQL connection.
[2026-04-03 18:45:05,167:MySQL_Database.py#L264:INFO]: Executing transpiled workload olap_workloads/job_147.wg (2 queries)...
[2026-04-03 18:45:26,723:MySQL_Database.py#L291:INFO]: Workload olap_workloads/job_147.wg executed successfully.
[2026-04-03 18:45:26,724:run_diverse_configs.py#L192:INFO]: Performance for config 3: 10.778301069000008
[2026-04-03 18:45:26,724:run_diverse_configs.py#L123:INFO]: Running config 4/10 for job_147
[2026-04-03 18:45:26,724:MySQL_Database.py#L239:INFO]: Transpiling workload from PostgreSQL to MySQL syntax...
[2026-04-03 18:45:26,802:MySQL_Database.py#L79:INFO]: MySQL knobs persisted to mysqld-auto.cnf. Restarting to apply...
[2026-04-03 18:45:26,803:MySQL_Database.py#L189:INFO]: Restarting MySQL service...
[2026-04-03 18:45:31,884:MySQL_Database.py#L199:INFO]: Waiting for MySQL to become available...
[2026-04-03 18:45:31,926:MySQL_Database.py#L217:INFO]: MySQL is back up! (Took 0.04s)
[2026-04-03 18:45:31,926:MySQL_Database.py#L32:INFO]: Closed old MySQL connection.
[2026-04-03 18:45:31,984:MySQL_Database.py#L264:INFO]: Executing transpiled workload olap_workloads/job_147.wg (2 queries)...
[2026-04-03 18:45:51,033:MySQL_Database.py#L291:INFO]: Workload olap_workloads/job_147.wg executed successfully.
[2026-04-03 18:45:51,033:run_diverse_configs.py#L192:INFO]: Performance for config 4: 9.524173185500104
[2026-04-03 18:45:51,033:run_diverse_configs.py#L123:INFO]: Running config 5/10 for job_147
[2026-04-03 18:45:51,033:MySQL_Database.py#L239:INFO]: Transpiling workload from PostgreSQL to MySQL syntax...
[2026-04-03 18:45:51,193:MySQL_Database.py#L79:INFO]: MySQL knobs persisted to mysqld-auto.cnf. Restarting to apply...
[2026-04-03 18:45:51,193:MySQL_Database.py#L189:INFO]: Restarting MySQL service...
[2026-04-03 18:45:56,177:MySQL_Database.py#L199:INFO]: Waiting for MySQL to become available...
[2026-04-03 18:45:56,207:MySQL_Database.py#L217:INFO]: MySQL is back up! (Took 0.03s)
[2026-04-03 18:45:56,208:MySQL_Database.py#L32:INFO]: Closed old MySQL connection.
[2026-04-03 18:45:56,263:MySQL_Database.py#L264:INFO]: Executing transpiled workload olap_workloads/job_147.wg (2 queries)...
[2026-04-03 18:46:17,438:MySQL_Database.py#L291:INFO]: Workload olap_workloads/job_147.wg executed successfully.
[2026-04-03 18:46:17,439:run_diverse_configs.py#L192:INFO]: Performance for config 5: 10.58746675249995
[2026-04-03 18:46:17,439:run_diverse_configs.py#L123:INFO]: Running config 6/10 for job_147
[2026-04-03 18:46:17,439:MySQL_Database.py#L239:INFO]: Transpiling workload from PostgreSQL to MySQL syntax...
[2026-04-03 18:46:17,518:MySQL_Database.py#L79:INFO]: MySQL knobs persisted to mysqld-auto.cnf. Restarting to apply...
[2026-04-03 18:46:17,518:MySQL_Database.py#L189:INFO]: Restarting MySQL service...
[2026-04-03 18:46:21,998:MySQL_Database.py#L199:INFO]: Waiting for MySQL to become available...
[2026-04-03 18:46:22,062:MySQL_Database.py#L217:INFO]: MySQL is back up! (Took 0.06s)
[2026-04-03 18:46:22,062:MySQL_Database.py#L32:INFO]: Closed old MySQL connection.
[2026-04-03 18:46:22,119:MySQL_Database.py#L264:INFO]: Executing transpiled workload olap_workloads/job_147.wg (2 queries)...
[2026-04-03 18:46:44,089:MySQL_Database.py#L291:INFO]: Workload olap_workloads/job_147.wg executed successfully.
[2026-04-03 18:46:44,090:run_diverse_configs.py#L192:INFO]: Performance for config 6: 10.985171705499965
[2026-04-03 18:46:44,090:run_diverse_configs.py#L123:INFO]: Running config 7/10 for job_147
[2026-04-03 18:46:44,090:MySQL_Database.py#L239:INFO]: Transpiling workload from PostgreSQL to MySQL syntax...
[2026-04-03 18:46:44,176:MySQL_Database.py#L79:INFO]: MySQL knobs persisted to mysqld-auto.cnf. Restarting to apply...
[2026-04-03 18:46:44,177:MySQL_Database.py#L189:INFO]: Restarting MySQL service...
[2026-04-03 18:46:48,556:MySQL_Database.py#L199:INFO]: Waiting for MySQL to become available...
[2026-04-03 18:46:48,586:MySQL_Database.py#L217:INFO]: MySQL is back up! (Took 0.03s)
[2026-04-03 18:46:48,587:MySQL_Database.py#L32:INFO]: Closed old MySQL connection.
[2026-04-03 18:46:48,643:MySQL_Database.py#L264:INFO]: Executing transpiled workload olap_workloads/job_147.wg (2 queries)...
[2026-04-03 18:47:15,651:MySQL_Database.py#L291:INFO]: Workload olap_workloads/job_147.wg executed successfully.
[2026-04-03 18:47:15,652:run_diverse_configs.py#L192:INFO]: Performance for config 7: 13.5038405680001
[2026-04-03 18:47:15,652:run_diverse_configs.py#L123:INFO]: Running config 8/10 for job_147
[2026-04-03 18:47:15,652:MySQL_Database.py#L239:INFO]: Transpiling workload from PostgreSQL to MySQL syntax...
[2026-04-03 18:47:15,735:MySQL_Database.py#L79:INFO]: MySQL knobs persisted to mysqld-auto.cnf. Restarting to apply...
[2026-04-03 18:47:15,735:MySQL_Database.py#L189:INFO]: Restarting MySQL service...
[2026-04-03 18:47:20,667:MySQL_Database.py#L199:INFO]: Waiting for MySQL to become available...
[2026-04-03 18:47:20,699:MySQL_Database.py#L217:INFO]: MySQL is back up! (Took 0.03s)
[2026-04-03 18:47:20,700:MySQL_Database.py#L32:INFO]: Closed old MySQL connection.
[2026-04-03 18:47:20,758:MySQL_Database.py#L264:INFO]: Executing transpiled workload olap_workloads/job_147.wg (2 queries)...
[2026-04-03 18:47:40,715:MySQL_Database.py#L291:INFO]: Workload olap_workloads/job_147.wg executed successfully.
[2026-04-03 18:47:40,715:run_diverse_configs.py#L192:INFO]: Performance for config 8: 9.978088354999954
[2026-04-03 18:47:40,715:run_diverse_configs.py#L123:INFO]: Running config 9/10 for job_147
[2026-04-03 18:47:40,715:MySQL_Database.py#L239:INFO]: Transpiling workload from PostgreSQL to MySQL syntax...
[2026-04-03 18:47:40,795:MySQL_Database.py#L79:INFO]: MySQL knobs persisted to mysqld-auto.cnf. Restarting to apply...
[2026-04-03 18:47:40,796:MySQL_Database.py#L189:INFO]: Restarting MySQL service...
[2026-04-03 18:47:45,929:MySQL_Database.py#L199:INFO]: Waiting for MySQL to become available...
[2026-04-03 18:47:45,960:MySQL_Database.py#L217:INFO]: MySQL is back up! (Took 0.03s)
[2026-04-03 18:47:45,960:MySQL_Database.py#L32:INFO]: Closed old MySQL connection.
[2026-04-03 18:47:46,017:MySQL_Database.py#L264:INFO]: Executing transpiled workload olap_workloads/job_147.wg (2 queries)...
[2026-04-03 18:48:06,189:MySQL_Database.py#L291:INFO]: Workload olap_workloads/job_147.wg executed successfully.
[2026-04-03 18:48:06,189:run_diverse_configs.py#L192:INFO]: Performance for config 9: 10.086012034500072
[2026-04-03 18:48:06,189:run_diverse_configs.py#L123:INFO]: Running config 10/10 for job_147
[2026-04-03 18:48:06,190:MySQL_Database.py#L239:INFO]: Transpiling workload from PostgreSQL to MySQL syntax...
[2026-04-03 18:48:06,274:MySQL_Database.py#L79:INFO]: MySQL knobs persisted to mysqld-auto.cnf. Restarting to apply...
[2026-04-03 18:48:06,274:MySQL_Database.py#L189:INFO]: Restarting MySQL service...
[2026-04-03 18:48:11,455:MySQL_Database.py#L199:INFO]: Waiting for MySQL to become available...
[2026-04-03 18:48:11,486:MySQL_Database.py#L217:INFO]: MySQL is back up! (Took 0.03s)
[2026-04-03 18:48:11,487:MySQL_Database.py#L32:INFO]: Closed old MySQL connection.
[2026-04-03 18:48:11,543:MySQL_Database.py#L264:INFO]: Executing transpiled workload olap_workloads/job_147.wg (2 queries)...
[2026-04-03 18:48:31,793:MySQL_Database.py#L291:INFO]: Workload olap_workloads/job_147.wg executed successfully.
[2026-04-03 18:48:31,793:run_diverse_configs.py#L192:INFO]: Performance for config 10: 10.124744338000028
[2026-04-03 18:48:31,793:run_diverse_configs.py#L115:INFO]: Running 10 configs for job_64
[2026-04-03 18:48:31,794:run_diverse_configs.py#L123:INFO]: Running config 1/10 for job_64
[2026-04-03 18:48:31,795:MySQL_Database.py#L239:INFO]: Transpiling workload from PostgreSQL to MySQL syntax...
[2026-04-03 18:48:31,878:MySQL_Database.py#L79:INFO]: MySQL knobs persisted to mysqld-auto.cnf. Restarting to apply...
[2026-04-03 18:48:31,878:MySQL_Database.py#L189:INFO]: Restarting MySQL service...
[2026-04-03 18:48:36,611:MySQL_Database.py#L199:INFO]: Waiting for MySQL to become available...
[2026-04-03 18:48:36,643:MySQL_Database.py#L217:INFO]: MySQL is back up! (Took 0.03s)
[2026-04-03 18:48:36,643:MySQL_Database.py#L32:INFO]: Closed old MySQL connection.
[2026-04-03 18:48:36,700:MySQL_Database.py#L264:INFO]: Executing transpiled workload olap_workloads/job_64.wg (2 queries)...
[2026-04-03 18:48:54,705:MySQL_Database.py#L291:INFO]: Workload olap_workloads/job_64.wg executed successfully.
[2026-04-03 18:48:54,705:run_diverse_configs.py#L192:INFO]: Performance for config 1: 9.002391818000092
[2026-04-03 18:48:54,706:run_diverse_configs.py#L123:INFO]: Running config 2/10 for job_64
[2026-04-03 18:48:54,706:MySQL_Database.py#L239:INFO]: Transpiling workload from PostgreSQL to MySQL syntax...
[2026-04-03 18:48:54,804:MySQL_Database.py#L79:INFO]: MySQL knobs persisted to mysqld-auto.cnf. Restarting to apply...
[2026-04-03 18:48:54,804:MySQL_Database.py#L189:INFO]: Restarting MySQL service...
[2026-04-03 18:48:59,338:MySQL_Database.py#L199:INFO]: Waiting for MySQL to become available...
[2026-04-03 18:48:59,384:MySQL_Database.py#L217:INFO]: MySQL is back up! (Took 0.05s)
[2026-04-03 18:48:59,384:MySQL_Database.py#L32:INFO]: Closed old MySQL connection.
[2026-04-03 18:48:59,440:MySQL_Database.py#L264:INFO]: Executing transpiled workload olap_workloads/job_64.wg (2 queries)...
[2026-04-03 18:49:04,760:MySQL_Database.py#L291:INFO]: Workload olap_workloads/job_64.wg executed successfully.
[2026-04-03 18:49:04,760:run_diverse_configs.py#L192:INFO]: Performance for config 2: 2.6596608725000124
[2026-04-03 18:49:04,760:run_diverse_configs.py#L123:INFO]: Running config 3/10 for job_64
[2026-04-03 18:49:04,761:MySQL_Database.py#L239:INFO]: Transpiling workload from PostgreSQL to MySQL syntax...
[2026-04-03 18:49:04,856:MySQL_Database.py#L79:INFO]: MySQL knobs persisted to mysqld-auto.cnf. Restarting to apply...
[2026-04-03 18:49:04,856:MySQL_Database.py#L189:INFO]: Restarting MySQL service...
[2026-04-03 18:49:08,885:MySQL_Database.py#L199:INFO]: Waiting for MySQL to become available...
[2026-04-03 18:49:08,916:MySQL_Database.py#L217:INFO]: MySQL is back up! (Took 0.03s)
[2026-04-03 18:49:08,917:MySQL_Database.py#L32:INFO]: Closed old MySQL connection.
[2026-04-03 18:49:09,029:MySQL_Database.py#L264:INFO]: Executing transpiled workload olap_workloads/job_64.wg (2 queries)...
[2026-04-03 18:49:14,328:MySQL_Database.py#L291:INFO]: Workload olap_workloads/job_64.wg executed successfully.
[2026-04-03 18:49:14,328:run_diverse_configs.py#L192:INFO]: Performance for config 3: 2.64926454700003
[2026-04-03 18:49:14,329:run_diverse_configs.py#L123:INFO]: Running config 4/10 for job_64
[2026-04-03 18:49:14,329:MySQL_Database.py#L239:INFO]: Transpiling workload from PostgreSQL to MySQL syntax...
[2026-04-03 18:49:14,417:MySQL_Database.py#L79:INFO]: MySQL knobs persisted to mysqld-auto.cnf. Restarting to apply...
[2026-04-03 18:49:14,417:MySQL_Database.py#L189:INFO]: Restarting MySQL service...
[2026-04-03 18:49:18,698:MySQL_Database.py#L199:INFO]: Waiting for MySQL to become available...
[2026-04-03 18:49:18,736:MySQL_Database.py#L217:INFO]: MySQL is back up! (Took 0.04s)
[2026-04-03 18:49:18,737:MySQL_Database.py#L32:INFO]: Closed old MySQL connection.
[2026-04-03 18:49:18,794:MySQL_Database.py#L264:INFO]: Executing transpiled workload olap_workloads/job_64.wg (2 queries)...
[2026-04-03 18:49:24,482:MySQL_Database.py#L291:INFO]: Workload olap_workloads/job_64.wg executed successfully.
[2026-04-03 18:49:24,482:run_diverse_configs.py#L192:INFO]: Performance for config 4: 2.8441593024999747
[2026-04-03 18:49:24,483:run_diverse_configs.py#L123:INFO]: Running config 5/10 for job_64
[2026-04-03 18:49:24,483:MySQL_Database.py#L239:INFO]: Transpiling workload from PostgreSQL to MySQL syntax...
[2026-04-03 18:49:24,559:MySQL_Database.py#L79:INFO]: MySQL knobs persisted to mysqld-auto.cnf. Restarting to apply...
[2026-04-03 18:49:24,559:MySQL_Database.py#L189:INFO]: Restarting MySQL service...
[2026-04-03 18:49:29,390:MySQL_Database.py#L199:INFO]: Waiting for MySQL to become available...
[2026-04-03 18:49:29,422:MySQL_Database.py#L217:INFO]: MySQL is back up! (Took 0.03s)
[2026-04-03 18:49:29,423:MySQL_Database.py#L32:INFO]: Closed old MySQL connection.
[2026-04-03 18:49:29,479:MySQL_Database.py#L264:INFO]: Executing transpiled workload olap_workloads/job_64.wg (2 queries)...
[2026-04-03 18:49:34,776:MySQL_Database.py#L291:INFO]: Workload olap_workloads/job_64.wg executed successfully.
[2026-04-03 18:49:34,776:run_diverse_configs.py#L192:INFO]: Performance for config 5: 2.648319216999994
[2026-04-03 18:49:34,776:run_diverse_configs.py#L123:INFO]: Running config 6/10 for job_64
[2026-04-03 18:49:34,776:MySQL_Database.py#L239:INFO]: Transpiling workload from PostgreSQL to MySQL syntax...
[2026-04-03 18:49:34,850:MySQL_Database.py#L79:INFO]: MySQL knobs persisted to mysqld-auto.cnf. Restarting to apply...
[2026-04-03 18:49:34,850:MySQL_Database.py#L189:INFO]: Restarting MySQL service...
[2026-04-03 18:49:39,079:MySQL_Database.py#L199:INFO]: Waiting for MySQL to become available...
[2026-04-03 18:49:39,121:MySQL_Database.py#L217:INFO]: MySQL is back up! (Took 0.04s)
[2026-04-03 18:49:39,122:MySQL_Database.py#L32:INFO]: Closed old MySQL connection.
[2026-04-03 18:49:39,181:MySQL_Database.py#L264:INFO]: Executing transpiled workload olap_workloads/job_64.wg (2 queries)...
[2026-04-03 18:49:44,570:MySQL_Database.py#L291:INFO]: Workload olap_workloads/job_64.wg executed successfully.
[2026-04-03 18:49:44,570:run_diverse_configs.py#L192:INFO]: Performance for config 6: 2.694362233999982
[2026-04-03 18:49:44,570:run_diverse_configs.py#L123:INFO]: Running config 7/10 for job_64
[2026-04-03 18:49:44,571:MySQL_Database.py#L239:INFO]: Transpiling workload from PostgreSQL to MySQL syntax...
[2026-04-03 18:49:44,647:MySQL_Database.py#L79:INFO]: MySQL knobs persisted to mysqld-auto.cnf. Restarting to apply...
[2026-04-03 18:49:44,647:MySQL_Database.py#L189:INFO]: Restarting MySQL service...
[2026-04-03 18:49:48,979:MySQL_Database.py#L199:INFO]: Waiting for MySQL to become available...
[2026-04-03 18:49:49,034:MySQL_Database.py#L217:INFO]: MySQL is back up! (Took 0.06s)
[2026-04-03 18:49:49,034:MySQL_Database.py#L32:INFO]: Closed old MySQL connection.
[2026-04-03 18:49:49,131:MySQL_Database.py#L264:INFO]: Executing transpiled workload olap_workloads/job_64.wg (2 queries)...
[2026-04-03 18:49:54,398:MySQL_Database.py#L291:INFO]: Workload olap_workloads/job_64.wg executed successfully.
[2026-04-03 18:49:54,398:run_diverse_configs.py#L192:INFO]: Performance for config 7: 2.633271863499999
[2026-04-03 18:49:54,398:run_diverse_configs.py#L123:INFO]: Running config 8/10 for job_64
[2026-04-03 18:49:54,399:MySQL_Database.py#L239:INFO]: Transpiling workload from PostgreSQL to MySQL syntax...
[2026-04-03 18:49:54,479:MySQL_Database.py#L79:INFO]: MySQL knobs persisted to mysqld-auto.cnf. Restarting to apply...
[2026-04-03 18:49:54,479:MySQL_Database.py#L189:INFO]: Restarting MySQL service...
[2026-04-03 18:49:58,508:MySQL_Database.py#L199:INFO]: Waiting for MySQL to become available...
[2026-04-03 18:49:58,552:MySQL_Database.py#L217:INFO]: MySQL is back up! (Took 0.04s)
[2026-04-03 18:49:58,553:MySQL_Database.py#L32:INFO]: Closed old MySQL connection.
[2026-04-03 18:49:58,610:MySQL_Database.py#L264:INFO]: Executing transpiled workload olap_workloads/job_64.wg (2 queries)...
[2026-04-03 18:50:03,845:MySQL_Database.py#L291:INFO]: Workload olap_workloads/job_64.wg executed successfully.
[2026-04-03 18:50:03,845:run_diverse_configs.py#L192:INFO]: Performance for config 8: 2.617687711500025
[2026-04-03 18:50:03,846:run_diverse_configs.py#L123:INFO]: Running config 9/10 for job_64
[2026-04-03 18:50:03,846:MySQL_Database.py#L239:INFO]: Transpiling workload from PostgreSQL to MySQL syntax...
[2026-04-03 18:50:03,941:MySQL_Database.py#L79:INFO]: MySQL knobs persisted to mysqld-auto.cnf. Restarting to apply...
[2026-04-03 18:50:03,941:MySQL_Database.py#L189:INFO]: Restarting MySQL service...
[2026-04-03 18:50:08,373:MySQL_Database.py#L199:INFO]: Waiting for MySQL to become available...
[2026-04-03 18:50:08,432:MySQL_Database.py#L217:INFO]: MySQL is back up! (Took 0.06s)
[2026-04-03 18:50:08,432:MySQL_Database.py#L32:INFO]: Closed old MySQL connection.
[2026-04-03 18:50:08,488:MySQL_Database.py#L264:INFO]: Executing transpiled workload olap_workloads/job_64.wg (2 queries)...
[2026-04-03 18:50:14,047:MySQL_Database.py#L291:INFO]: Workload olap_workloads/job_64.wg executed successfully.
[2026-04-03 18:50:14,047:run_diverse_configs.py#L192:INFO]: Performance for config 9: 2.7791727714999297
[2026-04-03 18:50:14,047:run_diverse_configs.py#L123:INFO]: Running config 10/10 for job_64
[2026-04-03 18:50:14,048:MySQL_Database.py#L239:INFO]: Transpiling workload from PostgreSQL to MySQL syntax...
[2026-04-03 18:50:14,137:MySQL_Database.py#L79:INFO]: MySQL knobs persisted to mysqld-auto.cnf. Restarting to apply...
[2026-04-03 18:50:14,137:MySQL_Database.py#L189:INFO]: Restarting MySQL service...
[2026-04-03 18:50:19,221:MySQL_Database.py#L199:INFO]: Waiting for MySQL to become available...
[2026-04-03 18:50:19,252:MySQL_Database.py#L217:INFO]: MySQL is back up! (Took 0.03s)
[2026-04-03 18:50:19,253:MySQL_Database.py#L32:INFO]: Closed old MySQL connection.
[2026-04-03 18:50:19,310:MySQL_Database.py#L264:INFO]: Executing transpiled workload olap_workloads/job_64.wg (2 queries)...
[2026-04-03 18:50:24,804:MySQL_Database.py#L291:INFO]: Workload olap_workloads/job_64.wg executed successfully.
[2026-04-03 18:50:24,805:run_diverse_configs.py#L192:INFO]: Performance for config 10: 2.7473119239999733
[2026-04-03 18:50:24,805:run_diverse_configs.py#L115:INFO]: Running 10 configs for job_157
[2026-04-03 18:50:24,805:run_diverse_configs.py#L123:INFO]: Running config 1/10 for job_157
[2026-04-03 18:50:24,806:MySQL_Database.py#L239:INFO]: Transpiling workload from PostgreSQL to MySQL syntax...
[2026-04-03 18:50:24,901:MySQL_Database.py#L79:INFO]: MySQL knobs persisted to mysqld-auto.cnf. Restarting to apply...
[2026-04-03 18:50:24,901:MySQL_Database.py#L189:INFO]: Restarting MySQL service...
[2026-04-03 18:50:29,732:MySQL_Database.py#L199:INFO]: Waiting for MySQL to become available...
[2026-04-03 18:50:29,763:MySQL_Database.py#L217:INFO]: MySQL is back up! (Took 0.03s)
[2026-04-03 18:50:29,763:MySQL_Database.py#L32:INFO]: Closed old MySQL connection.
[2026-04-03 18:50:29,820:MySQL_Database.py#L264:INFO]: Executing transpiled workload olap_workloads/job_157.wg (12 queries)...
[2026-04-03 18:52:20,214:MySQL_Database.py#L291:INFO]: Workload olap_workloads/job_157.wg executed successfully.
[2026-04-03 18:52:20,214:run_diverse_configs.py#L192:INFO]: Performance for config 1: 9.199500973749991
[2026-04-03 18:52:20,214:run_diverse_configs.py#L123:INFO]: Running config 2/10 for job_157
[2026-04-03 18:52:20,215:MySQL_Database.py#L239:INFO]: Transpiling workload from PostgreSQL to MySQL syntax...
[2026-04-03 18:52:20,301:MySQL_Database.py#L79:INFO]: MySQL knobs persisted to mysqld-auto.cnf. Restarting to apply...
[2026-04-03 18:52:20,301:MySQL_Database.py#L189:INFO]: Restarting MySQL service...
[2026-04-03 18:52:25,182:MySQL_Database.py#L199:INFO]: Waiting for MySQL to become available...
[2026-04-03 18:52:25,212:MySQL_Database.py#L217:INFO]: MySQL is back up! (Took 0.03s)
[2026-04-03 18:52:25,213:MySQL_Database.py#L32:INFO]: Closed old MySQL connection.
[2026-04-03 18:52:25,269:MySQL_Database.py#L264:INFO]: Executing transpiled workload olap_workloads/job_157.wg (12 queries)...
[2026-04-03 18:53:55,470:MySQL_Database.py#L291:INFO]: Workload olap_workloads/job_157.wg executed successfully.
[2026-04-03 18:53:55,470:run_diverse_configs.py#L192:INFO]: Performance for config 2: 7.516712951166653
[2026-04-03 18:53:55,470:run_diverse_configs.py#L123:INFO]: Running config 3/10 for job_157
[2026-04-03 18:53:55,471:MySQL_Database.py#L239:INFO]: Transpiling workload from PostgreSQL to MySQL syntax...
[2026-04-03 18:53:55,552:MySQL_Database.py#L79:INFO]: MySQL knobs persisted to mysqld-auto.cnf. Restarting to apply...
[2026-04-03 18:53:55,552:MySQL_Database.py#L189:INFO]: Restarting MySQL service...
[2026-04-03 18:54:00,334:MySQL_Database.py#L199:INFO]: Waiting for MySQL to become available...
[2026-04-03 18:54:00,366:MySQL_Database.py#L217:INFO]: MySQL is back up! (Took 0.03s)
[2026-04-03 18:54:00,366:MySQL_Database.py#L32:INFO]: Closed old MySQL connection.
[2026-04-03 18:54:00,424:MySQL_Database.py#L264:INFO]: Executing transpiled workload olap_workloads/job_157.wg (12 queries)...
[2026-04-03 18:55:26,295:MySQL_Database.py#L291:INFO]: Workload olap_workloads/job_157.wg executed successfully.
[2026-04-03 18:55:26,295:run_diverse_configs.py#L192:INFO]: Performance for config 3: 7.1559119263333555
[2026-04-03 18:55:26,296:run_diverse_configs.py#L123:INFO]: Running config 4/10 for job_157
[2026-04-03 18:55:26,296:MySQL_Database.py#L239:INFO]: Transpiling workload from PostgreSQL to MySQL syntax...
[2026-04-03 18:55:26,399:MySQL_Database.py#L79:INFO]: MySQL knobs persisted to mysqld-auto.cnf. Restarting to apply...
[2026-04-03 18:55:26,400:MySQL_Database.py#L189:INFO]: Restarting MySQL service...
[2026-04-03 18:55:31,987:MySQL_Database.py#L199:INFO]: Waiting for MySQL to become available...
[2026-04-03 18:55:32,021:MySQL_Database.py#L217:INFO]: MySQL is back up! (Took 0.03s)
[2026-04-03 18:55:32,021:MySQL_Database.py#L32:INFO]: Closed old MySQL connection.
[2026-04-03 18:55:32,079:MySQL_Database.py#L264:INFO]: Executing transpiled workload olap_workloads/job_157.wg (12 queries)...
[2026-04-03 18:56:59,973:MySQL_Database.py#L291:INFO]: Workload olap_workloads/job_157.wg executed successfully.
[2026-04-03 18:56:59,973:run_diverse_configs.py#L192:INFO]: Performance for config 4: 7.324468575916664
[2026-04-03 18:56:59,973:run_diverse_configs.py#L123:INFO]: Running config 5/10 for job_157
[2026-04-03 18:56:59,974:MySQL_Database.py#L239:INFO]: Transpiling workload from PostgreSQL to MySQL syntax...
[2026-04-03 18:57:00,061:MySQL_Database.py#L79:INFO]: MySQL knobs persisted to mysqld-auto.cnf. Restarting to apply...
[2026-04-03 18:57:00,061:MySQL_Database.py#L189:INFO]: Restarting MySQL service...
[2026-04-03 18:57:04,945:MySQL_Database.py#L199:INFO]: Waiting for MySQL to become available...
[2026-04-03 18:57:04,978:MySQL_Database.py#L217:INFO]: MySQL is back up! (Took 0.03s)
[2026-04-03 18:57:04,978:MySQL_Database.py#L32:INFO]: Closed old MySQL connection.
[2026-04-03 18:57:05,035:MySQL_Database.py#L264:INFO]: Executing transpiled workload olap_workloads/job_157.wg (12 queries)...
[2026-04-03 18:59:00,195:MySQL_Database.py#L291:INFO]: Workload olap_workloads/job_157.wg executed successfully.
[2026-04-03 18:59:00,195:run_diverse_configs.py#L192:INFO]: Performance for config 5: 9.596644251666666
[2026-04-03 18:59:00,196:run_diverse_configs.py#L123:INFO]: Running config 6/10 for job_157
[2026-04-03 18:59:00,196:MySQL_Database.py#L239:INFO]: Transpiling workload from PostgreSQL to MySQL syntax...
[2026-04-03 18:59:00,281:MySQL_Database.py#L79:INFO]: MySQL knobs persisted to mysqld-auto.cnf. Restarting to apply...
[2026-04-03 18:59:00,281:MySQL_Database.py#L189:INFO]: Restarting MySQL service...
[2026-04-03 18:59:04,762:MySQL_Database.py#L199:INFO]: Waiting for MySQL to become available...
[2026-04-03 18:59:04,793:MySQL_Database.py#L217:INFO]: MySQL is back up! (Took 0.03s)
[2026-04-03 18:59:04,793:MySQL_Database.py#L32:INFO]: Closed old MySQL connection.
[2026-04-03 18:59:04,849:MySQL_Database.py#L264:INFO]: Executing transpiled workload olap_workloads/job_157.wg (12 queries)...
[2026-04-03 19:00:36,818:MySQL_Database.py#L291:INFO]: Workload olap_workloads/job_157.wg executed successfully.
[2026-04-03 19:00:36,819:run_diverse_configs.py#L192:INFO]: Performance for config 6: 7.664061201500014
[2026-04-03 19:00:36,819:run_diverse_configs.py#L123:INFO]: Running config 7/10 for job_157
[2026-04-03 19:00:36,819:MySQL_Database.py#L239:INFO]: Transpiling workload from PostgreSQL to MySQL syntax...
[2026-04-03 19:00:36,911:MySQL_Database.py#L79:INFO]: MySQL knobs persisted to mysqld-auto.cnf. Restarting to apply...
[2026-04-03 19:00:36,911:MySQL_Database.py#L189:INFO]: Restarting MySQL service...
[2026-04-03 19:00:42,546:MySQL_Database.py#L199:INFO]: Waiting for MySQL to become available...
[2026-04-03 19:00:42,575:MySQL_Database.py#L217:INFO]: MySQL is back up! (Took 0.03s)
[2026-04-03 19:00:42,576:MySQL_Database.py#L32:INFO]: Closed old MySQL connection.
[2026-04-03 19:00:42,632:MySQL_Database.py#L264:INFO]: Executing transpiled workload olap_workloads/job_157.wg (12 queries)...
[2026-04-03 19:02:22,662:MySQL_Database.py#L291:INFO]: Workload olap_workloads/job_157.wg executed successfully.
[2026-04-03 19:02:22,662:run_diverse_configs.py#L192:INFO]: Performance for config 7: 8.335816449666671
[2026-04-03 19:02:22,662:run_diverse_configs.py#L123:INFO]: Running config 8/10 for job_157
[2026-04-03 19:02:22,663:MySQL_Database.py#L239:INFO]: Transpiling workload from PostgreSQL to MySQL syntax...
[2026-04-03 19:02:22,745:MySQL_Database.py#L79:INFO]: MySQL knobs persisted to mysqld-auto.cnf. Restarting to apply...
[2026-04-03 19:02:22,745:MySQL_Database.py#L189:INFO]: Restarting MySQL service...
[2026-04-03 19:02:27,626:MySQL_Database.py#L199:INFO]: Waiting for MySQL to become available...
[2026-04-03 19:02:27,666:MySQL_Database.py#L217:INFO]: MySQL is back up! (Took 0.04s)
[2026-04-03 19:02:27,666:MySQL_Database.py#L32:INFO]: Closed old MySQL connection.
[2026-04-03 19:02:27,733:MySQL_Database.py#L264:INFO]: Executing transpiled workload olap_workloads/job_157.wg (12 queries)...
[2026-04-03 19:04:21,951:MySQL_Database.py#L291:INFO]: Workload olap_workloads/job_157.wg executed successfully.
[2026-04-03 19:04:21,951:run_diverse_configs.py#L192:INFO]: Performance for config 8: 9.518140415416648
[2026-04-03 19:04:21,952:run_diverse_configs.py#L123:INFO]: Running config 9/10 for job_157
[2026-04-03 19:04:21,952:MySQL_Database.py#L239:INFO]: Transpiling workload from PostgreSQL to MySQL syntax...
[2026-04-03 19:04:22,041:MySQL_Database.py#L79:INFO]: MySQL knobs persisted to mysqld-auto.cnf. Restarting to apply...
[2026-04-03 19:04:22,041:MySQL_Database.py#L189:INFO]: Restarting MySQL service...
[2026-04-03 19:04:26,672:MySQL_Database.py#L199:INFO]: Waiting for MySQL to become available...
[2026-04-03 19:04:26,709:MySQL_Database.py#L217:INFO]: MySQL is back up! (Took 0.04s)
[2026-04-03 19:04:26,709:MySQL_Database.py#L32:INFO]: Closed old MySQL connection.
[2026-04-03 19:04:26,766:MySQL_Database.py#L264:INFO]: Executing transpiled workload olap_workloads/job_157.wg (12 queries)...
[2026-04-03 19:05:50,486:MySQL_Database.py#L291:INFO]: Workload olap_workloads/job_157.wg executed successfully.
[2026-04-03 19:05:50,486:run_diverse_configs.py#L192:INFO]: Performance for config 9: 6.976692029583319
[2026-04-03 19:05:50,487:run_diverse_configs.py#L123:INFO]: Running config 10/10 for job_157
[2026-04-03 19:05:50,487:MySQL_Database.py#L239:INFO]: Transpiling workload from PostgreSQL to MySQL syntax...
[2026-04-03 19:05:50,570:MySQL_Database.py#L79:INFO]: MySQL knobs persisted to mysqld-auto.cnf. Restarting to apply...
[2026-04-03 19:05:50,571:MySQL_Database.py#L189:INFO]: Restarting MySQL service...
[2026-04-03 19:05:55,955:MySQL_Database.py#L199:INFO]: Waiting for MySQL to become available...
[2026-04-03 19:05:56,009:MySQL_Database.py#L217:INFO]: MySQL is back up! (Took 0.05s)
[2026-04-03 19:05:56,009:MySQL_Database.py#L32:INFO]: Closed old MySQL connection.
[2026-04-03 19:05:56,091:MySQL_Database.py#L264:INFO]: Executing transpiled workload olap_workloads/job_157.wg (12 queries)...
[2026-04-03 19:07:29,223:MySQL_Database.py#L291:INFO]: Workload olap_workloads/job_157.wg executed successfully.
[2026-04-03 19:07:29,223:run_diverse_configs.py#L192:INFO]: Performance for config 10: 7.760961503500009
[2026-04-03 19:07:29,224:run_diverse_configs.py#L115:INFO]: Running 10 configs for job_154
[2026-04-03 19:07:29,224:run_diverse_configs.py#L123:INFO]: Running config 1/10 for job_154
[2026-04-03 19:07:29,224:MySQL_Database.py#L239:INFO]: Transpiling workload from PostgreSQL to MySQL syntax...
[2026-04-03 19:07:29,307:MySQL_Database.py#L79:INFO]: MySQL knobs persisted to mysqld-auto.cnf. Restarting to apply...
[2026-04-03 19:07:29,307:MySQL_Database.py#L189:INFO]: Restarting MySQL service...
[2026-04-03 19:07:34,089:MySQL_Database.py#L199:INFO]: Waiting for MySQL to become available...
[2026-04-03 19:07:34,119:MySQL_Database.py#L217:INFO]: MySQL is back up! (Took 0.03s)
[2026-04-03 19:07:34,119:MySQL_Database.py#L32:INFO]: Closed old MySQL connection.
[2026-04-03 19:07:34,175:MySQL_Database.py#L264:INFO]: Executing transpiled workload olap_workloads/job_154.wg (12 queries)...
[2026-04-03 19:14:40,433:MySQL_Database.py#L291:INFO]: Workload olap_workloads/job_154.wg executed successfully.
[2026-04-03 19:14:40,434:run_diverse_configs.py#L192:INFO]: Performance for config 1: 35.52147481316664
[2026-04-03 19:14:40,434:run_diverse_configs.py#L123:INFO]: Running config 2/10 for job_154
[2026-04-03 19:14:40,434:MySQL_Database.py#L239:INFO]: Transpiling workload from PostgreSQL to MySQL syntax...
[2026-04-03 19:14:40,530:MySQL_Database.py#L79:INFO]: MySQL knobs persisted to mysqld-auto.cnf. Restarting to apply...
[2026-04-03 19:14:40,530:MySQL_Database.py#L189:INFO]: Restarting MySQL service...
[2026-04-03 19:14:45,462:MySQL_Database.py#L199:INFO]: Waiting for MySQL to become available...
[2026-04-03 19:14:45,532:MySQL_Database.py#L217:INFO]: MySQL is back up! (Took 0.07s)
[2026-04-03 19:14:45,532:MySQL_Database.py#L32:INFO]: Closed old MySQL connection.
[2026-04-03 19:14:45,645:MySQL_Database.py#L264:INFO]: Executing transpiled workload olap_workloads/job_154.wg (12 queries)...
[2026-04-03 19:21:52,792:MySQL_Database.py#L291:INFO]: Workload olap_workloads/job_154.wg executed successfully.
[2026-04-03 19:21:52,793:run_diverse_configs.py#L192:INFO]: Performance for config 2: 35.59559531799997
[2026-04-03 19:21:52,793:run_diverse_configs.py#L123:INFO]: Running config 3/10 for job_154
[2026-04-03 19:21:52,793:MySQL_Database.py#L239:INFO]: Transpiling workload from PostgreSQL to MySQL syntax...
[2026-04-03 19:21:52,881:MySQL_Database.py#L79:INFO]: MySQL knobs persisted to mysqld-auto.cnf. Restarting to apply...
[2026-04-03 19:21:52,881:MySQL_Database.py#L189:INFO]: Restarting MySQL service...
[2026-04-03 19:21:57,361:MySQL_Database.py#L199:INFO]: Waiting for MySQL to become available...
[2026-04-03 19:21:57,394:MySQL_Database.py#L217:INFO]: MySQL is back up! (Took 0.03s)
[2026-04-03 19:21:57,394:MySQL_Database.py#L32:INFO]: Closed old MySQL connection.
[2026-04-03 19:21:57,452:MySQL_Database.py#L264:INFO]: Executing transpiled workload olap_workloads/job_154.wg (12 queries)...
[2026-04-03 19:34:20,080:MySQL_Database.py#L291:INFO]: Workload olap_workloads/job_154.wg executed successfully.
[2026-04-03 19:34:20,081:run_diverse_configs.py#L192:INFO]: Performance for config 3: 61.885705320833345
[2026-04-03 19:34:20,081:run_diverse_configs.py#L123:INFO]: Running config 4/10 for job_154
[2026-04-03 19:34:20,081:MySQL_Database.py#L239:INFO]: Transpiling workload from PostgreSQL to MySQL syntax...
[2026-04-03 19:34:20,175:MySQL_Database.py#L79:INFO]: MySQL knobs persisted to mysqld-auto.cnf. Restarting to apply...
[2026-04-03 19:34:20,175:MySQL_Database.py#L189:INFO]: Restarting MySQL service...
[2026-04-03 19:34:24,357:MySQL_Database.py#L199:INFO]: Waiting for MySQL to become available...
[2026-04-03 19:34:24,403:MySQL_Database.py#L217:INFO]: MySQL is back up! (Took 0.05s)
[2026-04-03 19:34:24,403:MySQL_Database.py#L32:INFO]: Closed old MySQL connection.
[2026-04-03 19:34:24,459:MySQL_Database.py#L264:INFO]: Executing transpiled workload olap_workloads/job_154.wg (12 queries)...
[2026-04-03 19:42:06,212:MySQL_Database.py#L291:INFO]: Workload olap_workloads/job_154.wg executed successfully.
[2026-04-03 19:42:06,212:run_diverse_configs.py#L192:INFO]: Performance for config 4: 38.47938025541665
[2026-04-03 19:42:06,212:run_diverse_configs.py#L123:INFO]: Running config 5/10 for job_154
[2026-04-03 19:42:06,213:MySQL_Database.py#L239:INFO]: Transpiling workload from PostgreSQL to MySQL syntax...
[2026-04-03 19:42:06,317:MySQL_Database.py#L79:INFO]: MySQL knobs persisted to mysqld-auto.cnf. Restarting to apply...
[2026-04-03 19:42:06,317:MySQL_Database.py#L189:INFO]: Restarting MySQL service...
[2026-04-03 19:42:12,356:MySQL_Database.py#L199:INFO]: Waiting for MySQL to become available...
[2026-04-03 19:42:12,387:MySQL_Database.py#L217:INFO]: MySQL is back up! (Took 0.03s)
[2026-04-03 19:42:12,387:MySQL_Database.py#L32:INFO]: Closed old MySQL connection.
[2026-04-03 19:42:12,443:MySQL_Database.py#L264:INFO]: Executing transpiled workload olap_workloads/job_154.wg (12 queries)...
[2026-04-03 19:49:32,702:MySQL_Database.py#L291:INFO]: Workload olap_workloads/job_154.wg executed successfully.
[2026-04-03 19:49:32,702:run_diverse_configs.py#L192:INFO]: Performance for config 5: 36.688240237999935
[2026-04-03 19:49:32,702:run_diverse_configs.py#L123:INFO]: Running config 6/10 for job_154
[2026-04-03 19:49:32,703:MySQL_Database.py#L239:INFO]: Transpiling workload from PostgreSQL to MySQL syntax...
[2026-04-03 19:49:32,789:MySQL_Database.py#L79:INFO]: MySQL knobs persisted to mysqld-auto.cnf. Restarting to apply...
[2026-04-03 19:49:32,789:MySQL_Database.py#L189:INFO]: Restarting MySQL service...
[2026-04-03 19:49:37,219:MySQL_Database.py#L199:INFO]: Waiting for MySQL to become available...
[2026-04-03 19:49:37,250:MySQL_Database.py#L217:INFO]: MySQL is back up! (Took 0.03s)
[2026-04-03 19:49:37,250:MySQL_Database.py#L32:INFO]: Closed old MySQL connection.
[2026-04-03 19:49:37,307:MySQL_Database.py#L264:INFO]: Executing transpiled workload olap_workloads/job_154.wg (12 queries)...
[2026-04-03 20:01:57,925:MySQL_Database.py#L291:INFO]: Workload olap_workloads/job_154.wg executed successfully.
[2026-04-03 20:01:57,925:run_diverse_configs.py#L192:INFO]: Performance for config 6: 61.7181592809167
[2026-04-03 20:01:57,925:run_diverse_configs.py#L123:INFO]: Running config 7/10 for job_154
[2026-04-03 20:01:57,925:MySQL_Database.py#L239:INFO]: Transpiling workload from PostgreSQL to MySQL syntax...
[2026-04-03 20:01:58,015:MySQL_Database.py#L79:INFO]: MySQL knobs persisted to mysqld-auto.cnf. Restarting to apply...
[2026-04-03 20:01:58,015:MySQL_Database.py#L189:INFO]: Restarting MySQL service...
[2026-04-03 20:02:01,794:MySQL_Database.py#L199:INFO]: Waiting for MySQL to become available...
[2026-04-03 20:02:01,852:MySQL_Database.py#L217:INFO]: MySQL is back up! (Took 0.06s)
[2026-04-03 20:02:01,852:MySQL_Database.py#L32:INFO]: Closed old MySQL connection.
[2026-04-03 20:02:01,908:MySQL_Database.py#L264:INFO]: Executing transpiled workload olap_workloads/job_154.wg (12 queries)...
[2026-04-03 20:10:16,176:MySQL_Database.py#L291:INFO]: Workload olap_workloads/job_154.wg executed successfully.
[2026-04-03 20:10:16,177:run_diverse_configs.py#L192:INFO]: Performance for config 7: 41.18900839566671
[2026-04-03 20:10:16,177:run_diverse_configs.py#L123:INFO]: Running config 8/10 for job_154
[2026-04-03 20:10:16,177:MySQL_Database.py#L239:INFO]: Transpiling workload from PostgreSQL to MySQL syntax...
[2026-04-03 20:10:16,271:MySQL_Database.py#L79:INFO]: MySQL knobs persisted to mysqld-auto.cnf. Restarting to apply...
[2026-04-03 20:10:16,271:MySQL_Database.py#L189:INFO]: Restarting MySQL service...
[2026-04-03 20:10:20,050:MySQL_Database.py#L199:INFO]: Waiting for MySQL to become available...
[2026-04-03 20:10:20,081:MySQL_Database.py#L217:INFO]: MySQL is back up! (Took 0.03s)
[2026-04-03 20:10:20,081:MySQL_Database.py#L32:INFO]: Closed old MySQL connection.
[2026-04-03 20:10:20,138:MySQL_Database.py#L264:INFO]: Executing transpiled workload olap_workloads/job_154.wg (12 queries)...
[2026-04-03 20:22:33,062:MySQL_Database.py#L291:INFO]: Workload olap_workloads/job_154.wg executed successfully.
[2026-04-03 20:22:33,062:run_diverse_configs.py#L192:INFO]: Performance for config 8: 61.07693889174993
[2026-04-03 20:22:33,062:run_diverse_configs.py#L123:INFO]: Running config 9/10 for job_154
[2026-04-03 20:22:33,063:MySQL_Database.py#L239:INFO]: Transpiling workload from PostgreSQL to MySQL syntax...
[2026-04-03 20:22:33,156:MySQL_Database.py#L79:INFO]: MySQL knobs persisted to mysqld-auto.cnf. Restarting to apply...
[2026-04-03 20:22:33,156:MySQL_Database.py#L189:INFO]: Restarting MySQL service...
[2026-04-03 20:22:37,840:MySQL_Database.py#L199:INFO]: Waiting for MySQL to become available...
[2026-04-03 20:22:37,874:MySQL_Database.py#L217:INFO]: MySQL is back up! (Took 0.03s)
[2026-04-03 20:22:37,874:MySQL_Database.py#L32:INFO]: Closed old MySQL connection.
[2026-04-03 20:22:37,929:MySQL_Database.py#L264:INFO]: Executing transpiled workload olap_workloads/job_154.wg (12 queries)...
[2026-04-03 20:29:43,368:MySQL_Database.py#L291:INFO]: Workload olap_workloads/job_154.wg executed successfully.
[2026-04-03 20:29:43,368:run_diverse_configs.py#L192:INFO]: Performance for config 9: 35.45320343699996
[2026-04-03 20:29:43,368:run_diverse_configs.py#L123:INFO]: Running config 10/10 for job_154
[2026-04-03 20:29:43,369:MySQL_Database.py#L239:INFO]: Transpiling workload from PostgreSQL to MySQL syntax...
[2026-04-03 20:29:43,486:MySQL_Database.py#L79:INFO]: MySQL knobs persisted to mysqld-auto.cnf. Restarting to apply...
[2026-04-03 20:29:43,486:MySQL_Database.py#L189:INFO]: Restarting MySQL service...
[2026-04-03 20:29:48,116:MySQL_Database.py#L199:INFO]: Waiting for MySQL to become available...
[2026-04-03 20:29:48,151:MySQL_Database.py#L217:INFO]: MySQL is back up! (Took 0.03s)
[2026-04-03 20:29:48,151:MySQL_Database.py#L32:INFO]: Closed old MySQL connection.
[2026-04-03 20:29:48,207:MySQL_Database.py#L264:INFO]: Executing transpiled workload olap_workloads/job_154.wg (12 queries)...
[2026-04-03 20:38:01,662:MySQL_Database.py#L291:INFO]: Workload olap_workloads/job_154.wg executed successfully.
[2026-04-03 20:38:01,662:run_diverse_configs.py#L192:INFO]: Performance for config 10: 41.1211902103333
[2026-04-03 20:38:01,665:run_diverse_configs.py#L115:INFO]: Running 10 configs for job_51
[2026-04-03 20:38:01,665:run_diverse_configs.py#L123:INFO]: Running config 1/10 for job_51
[2026-04-03 20:38:01,666:MySQL_Database.py#L239:INFO]: Transpiling workload from PostgreSQL to MySQL syntax...
[2026-04-03 20:38:01,763:MySQL_Database.py#L79:INFO]: MySQL knobs persisted to mysqld-auto.cnf. Restarting to apply...
[2026-04-03 20:38:01,763:MySQL_Database.py#L189:INFO]: Restarting MySQL service...
[2026-04-03 20:38:06,949:MySQL_Database.py#L199:INFO]: Waiting for MySQL to become available...
[2026-04-03 20:38:06,979:MySQL_Database.py#L217:INFO]: MySQL is back up! (Took 0.03s)
[2026-04-03 20:38:06,980:MySQL_Database.py#L32:INFO]: Closed old MySQL connection.
[2026-04-03 20:38:07,093:MySQL_Database.py#L264:INFO]: Executing transpiled workload olap_workloads/job_51.wg (13 queries)...
[2026-04-03 20:43:31,348:MySQL_Database.py#L291:INFO]: Workload olap_workloads/job_51.wg executed successfully.
[2026-04-03 20:43:31,348:run_diverse_configs.py#L192:INFO]: Performance for config 1: 24.942688065846177
[2026-04-03 20:43:31,348:run_diverse_configs.py#L123:INFO]: Running config 2/10 for job_51
[2026-04-03 20:43:31,348:MySQL_Database.py#L239:INFO]: Transpiling workload from PostgreSQL to MySQL syntax...
[2026-04-03 20:43:31,634:MySQL_Database.py#L79:INFO]: MySQL knobs persisted to mysqld-auto.cnf. Restarting to apply...
[2026-04-03 20:43:31,634:MySQL_Database.py#L189:INFO]: Restarting MySQL service...
[2026-04-03 20:43:36,667:MySQL_Database.py#L199:INFO]: Waiting for MySQL to become available...
[2026-04-03 20:43:36,698:MySQL_Database.py#L217:INFO]: MySQL is back up! (Took 0.03s)
[2026-04-03 20:43:36,698:MySQL_Database.py#L32:INFO]: Closed old MySQL connection.
[2026-04-03 20:43:36,753:MySQL_Database.py#L264:INFO]: Executing transpiled workload olap_workloads/job_51.wg (13 queries)...
[2026-04-03 20:50:41,302:MySQL_Database.py#L291:INFO]: Workload olap_workloads/job_51.wg executed successfully.
[2026-04-03 20:50:41,303:run_diverse_configs.py#L192:INFO]: Performance for config 2: 32.65759742430768
[2026-04-03 20:50:41,303:run_diverse_configs.py#L123:INFO]: Running config 3/10 for job_51
[2026-04-03 20:50:41,303:MySQL_Database.py#L239:INFO]: Transpiling workload from PostgreSQL to MySQL syntax...
[2026-04-03 20:50:41,598:MySQL_Database.py#L79:INFO]: MySQL knobs persisted to mysqld-auto.cnf. Restarting to apply...
[2026-04-03 20:50:41,598:MySQL_Database.py#L189:INFO]: Restarting MySQL service...
[2026-04-03 20:50:47,334:MySQL_Database.py#L199:INFO]: Waiting for MySQL to become available...
[2026-04-03 20:50:47,365:MySQL_Database.py#L217:INFO]: MySQL is back up! (Took 0.03s)
[2026-04-03 20:50:47,365:MySQL_Database.py#L32:INFO]: Closed old MySQL connection.
[2026-04-03 20:50:47,420:MySQL_Database.py#L264:INFO]: Executing transpiled workload olap_workloads/job_51.wg (13 queries)...
[2026-04-03 20:56:52,366:MySQL_Database.py#L291:INFO]: Workload olap_workloads/job_51.wg executed successfully.
[2026-04-03 20:56:52,366:run_diverse_configs.py#L192:INFO]: Performance for config 3: 28.072722984077
[2026-04-03 20:56:52,381:run_diverse_configs.py#L123:INFO]: Running config 4/10 for job_51
[2026-04-03 20:56:52,381:MySQL_Database.py#L239:INFO]: Transpiling workload from PostgreSQL to MySQL syntax...
[2026-04-03 20:56:52,647:MySQL_Database.py#L79:INFO]: MySQL knobs persisted to mysqld-auto.cnf. Restarting to apply...
[2026-04-03 20:56:52,647:MySQL_Database.py#L189:INFO]: Restarting MySQL service...
[2026-04-03 20:56:58,386:MySQL_Database.py#L199:INFO]: Waiting for MySQL to become available...
[2026-04-03 20:56:58,429:MySQL_Database.py#L217:INFO]: MySQL is back up! (Took 0.04s)
[2026-04-03 20:56:58,429:MySQL_Database.py#L32:INFO]: Closed old MySQL connection.
[2026-04-03 20:56:58,485:MySQL_Database.py#L264:INFO]: Executing transpiled workload olap_workloads/job_51.wg (13 queries)...
[2026-04-03 21:03:24,528:MySQL_Database.py#L291:INFO]: Workload olap_workloads/job_51.wg executed successfully.
[2026-04-03 21:03:24,528:run_diverse_configs.py#L192:INFO]: Performance for config 4: 29.695554164076803
[2026-04-03 21:03:24,528:run_diverse_configs.py#L123:INFO]: Running config 5/10 for job_51
[2026-04-03 21:03:24,528:MySQL_Database.py#L239:INFO]: Transpiling workload from PostgreSQL to MySQL syntax...
[2026-04-03 21:03:24,619:MySQL_Database.py#L79:INFO]: MySQL knobs persisted to mysqld-auto.cnf. Restarting to apply...
[2026-04-03 21:03:24,619:MySQL_Database.py#L189:INFO]: Restarting MySQL service...
[2026-04-03 21:03:29,703:MySQL_Database.py#L199:INFO]: Waiting for MySQL to become available...
[2026-04-03 21:03:29,733:MySQL_Database.py#L217:INFO]: MySQL is back up! (Took 0.03s)
[2026-04-03 21:03:29,734:MySQL_Database.py#L32:INFO]: Closed old MySQL connection.
[2026-04-03 21:03:29,789:MySQL_Database.py#L264:INFO]: Executing transpiled workload olap_workloads/job_51.wg (13 queries)...
[2026-04-03 21:08:52,020:MySQL_Database.py#L291:INFO]: Workload olap_workloads/job_51.wg executed successfully.
[2026-04-03 21:08:52,020:run_diverse_configs.py#L192:INFO]: Performance for config 5: 24.78701194930769
[2026-04-03 21:08:52,021:run_diverse_configs.py#L123:INFO]: Running config 6/10 for job_51
[2026-04-03 21:08:52,021:MySQL_Database.py#L239:INFO]: Transpiling workload from PostgreSQL to MySQL syntax...
[2026-04-03 21:08:52,110:MySQL_Database.py#L79:INFO]: MySQL knobs persisted to mysqld-auto.cnf. Restarting to apply...
[2026-04-03 21:08:52,110:MySQL_Database.py#L189:INFO]: Restarting MySQL service...
[2026-04-03 21:08:57,093:MySQL_Database.py#L199:INFO]: Waiting for MySQL to become available...
[2026-04-03 21:08:57,125:MySQL_Database.py#L217:INFO]: MySQL is back up! (Took 0.03s)
[2026-04-03 21:08:57,125:MySQL_Database.py#L32:INFO]: Closed old MySQL connection.
[2026-04-03 21:08:57,181:MySQL_Database.py#L264:INFO]: Executing transpiled workload olap_workloads/job_51.wg (13 queries)...
[2026-04-03 21:14:11,747:MySQL_Database.py#L291:INFO]: Workload olap_workloads/job_51.wg executed successfully.
[2026-04-03 21:14:11,747:run_diverse_configs.py#L192:INFO]: Performance for config 6: 24.197307777999903
[2026-04-03 21:14:11,747:run_diverse_configs.py#L123:INFO]: Running config 7/10 for job_51
[2026-04-03 21:14:11,747:MySQL_Database.py#L239:INFO]: Transpiling workload from PostgreSQL to MySQL syntax...
[2026-04-03 21:14:11,834:MySQL_Database.py#L79:INFO]: MySQL knobs persisted to mysqld-auto.cnf. Restarting to apply...
[2026-04-03 21:14:11,834:MySQL_Database.py#L189:INFO]: Restarting MySQL service...
[2026-04-03 21:14:16,765:MySQL_Database.py#L199:INFO]: Waiting for MySQL to become available...
[2026-04-03 21:14:16,795:MySQL_Database.py#L217:INFO]: MySQL is back up! (Took 0.03s)
[2026-04-03 21:14:16,796:MySQL_Database.py#L32:INFO]: Closed old MySQL connection.
[2026-04-03 21:14:16,851:MySQL_Database.py#L264:INFO]: Executing transpiled workload olap_workloads/job_51.wg (13 queries)...
[2026-04-03 21:20:11,784:MySQL_Database.py#L291:INFO]: Workload olap_workloads/job_51.wg executed successfully.
[2026-04-03 21:20:11,785:run_diverse_configs.py#L192:INFO]: Performance for config 7: 27.30255675176928
[2026-04-03 21:20:11,785:run_diverse_configs.py#L123:INFO]: Running config 8/10 for job_51
[2026-04-03 21:20:11,785:MySQL_Database.py#L239:INFO]: Transpiling workload from PostgreSQL to MySQL syntax...
[2026-04-03 21:20:11,879:MySQL_Database.py#L79:INFO]: MySQL knobs persisted to mysqld-auto.cnf. Restarting to apply...
[2026-04-03 21:20:11,880:MySQL_Database.py#L189:INFO]: Restarting MySQL service...
[2026-04-03 21:20:17,666:MySQL_Database.py#L199:INFO]: Waiting for MySQL to become available...
[2026-04-03 21:20:17,724:MySQL_Database.py#L217:INFO]: MySQL is back up! (Took 0.06s)
[2026-04-03 21:20:17,725:MySQL_Database.py#L32:INFO]: Closed old MySQL connection.
[2026-04-03 21:20:17,838:MySQL_Database.py#L264:INFO]: Executing transpiled workload olap_workloads/job_51.wg (13 queries)...
[2026-04-03 21:25:28,848:MySQL_Database.py#L291:INFO]: Workload olap_workloads/job_51.wg executed successfully.
[2026-04-03 21:25:28,848:run_diverse_configs.py#L192:INFO]: Performance for config 8: 23.923832125615334
[2026-04-03 21:25:28,848:run_diverse_configs.py#L123:INFO]: Running config 9/10 for job_51
[2026-04-03 21:25:28,849:MySQL_Database.py#L239:INFO]: Transpiling workload from PostgreSQL to MySQL syntax...
[2026-04-03 21:25:28,949:MySQL_Database.py#L79:INFO]: MySQL knobs persisted to mysqld-auto.cnf. Restarting to apply...
[2026-04-03 21:25:28,949:MySQL_Database.py#L189:INFO]: Restarting MySQL service...
[2026-04-03 21:25:34,131:MySQL_Database.py#L199:INFO]: Waiting for MySQL to become available...
[2026-04-03 21:25:34,166:MySQL_Database.py#L217:INFO]: MySQL is back up! (Took 0.04s)
[2026-04-03 21:25:34,167:MySQL_Database.py#L32:INFO]: Closed old MySQL connection.
[2026-04-03 21:25:34,224:MySQL_Database.py#L264:INFO]: Executing transpiled workload olap_workloads/job_51.wg (13 queries)...
[2026-04-03 21:32:04,197:MySQL_Database.py#L291:INFO]: Workload olap_workloads/job_51.wg executed successfully.
[2026-04-03 21:32:04,197:run_diverse_configs.py#L192:INFO]: Performance for config 9: 29.997938888615373
[2026-04-03 21:32:04,197:run_diverse_configs.py#L123:INFO]: Running config 10/10 for job_51
[2026-04-03 21:32:04,198:MySQL_Database.py#L239:INFO]: Transpiling workload from PostgreSQL to MySQL syntax...
[2026-04-03 21:32:04,290:MySQL_Database.py#L79:INFO]: MySQL knobs persisted to mysqld-auto.cnf. Restarting to apply...
[2026-04-03 21:32:04,290:MySQL_Database.py#L189:INFO]: Restarting MySQL service...
[2026-04-03 21:32:09,674:MySQL_Database.py#L199:INFO]: Waiting for MySQL to become available...
[2026-04-03 21:32:09,705:MySQL_Database.py#L217:INFO]: MySQL is back up! (Took 0.03s)
[2026-04-03 21:32:09,706:MySQL_Database.py#L32:INFO]: Closed old MySQL connection.
[2026-04-03 21:32:09,761:MySQL_Database.py#L264:INFO]: Executing transpiled workload olap_workloads/job_51.wg (13 queries)...
[2026-04-03 21:38:01,659:MySQL_Database.py#L291:INFO]: Workload olap_workloads/job_51.wg executed successfully.
[2026-04-03 21:38:01,659:run_diverse_configs.py#L192:INFO]: Performance for config 10: 27.069076920692307
[2026-04-03 21:38:01,664:run_diverse_configs.py#L115:INFO]: Running 10 configs for job_1
[2026-04-03 21:38:01,664:run_diverse_configs.py#L123:INFO]: Running config 1/10 for job_1
[2026-04-03 21:38:01,664:MySQL_Database.py#L239:INFO]: Transpiling workload from PostgreSQL to MySQL syntax...
[2026-04-03 21:38:01,742:MySQL_Database.py#L79:INFO]: MySQL knobs persisted to mysqld-auto.cnf. Restarting to apply...
[2026-04-03 21:38:01,742:MySQL_Database.py#L189:INFO]: Restarting MySQL service...
[2026-04-03 21:38:07,027:MySQL_Database.py#L199:INFO]: Waiting for MySQL to become available...
[2026-04-03 21:38:07,060:MySQL_Database.py#L217:INFO]: MySQL is back up! (Took 0.03s)
[2026-04-03 21:38:07,060:MySQL_Database.py#L32:INFO]: Closed old MySQL connection.
[2026-04-03 21:38:07,116:MySQL_Database.py#L264:INFO]: Executing transpiled workload olap_workloads/job_1.wg (2 queries)...
[2026-04-03 21:38:17,193:MySQL_Database.py#L291:INFO]: Workload olap_workloads/job_1.wg executed successfully.
[2026-04-03 21:38:17,193:run_diverse_configs.py#L192:INFO]: Performance for config 1: 5.038310331500725
[2026-04-03 21:38:17,194:run_diverse_configs.py#L123:INFO]: Running config 2/10 for job_1
[2026-04-03 21:38:17,194:MySQL_Database.py#L239:INFO]: Transpiling workload from PostgreSQL to MySQL syntax...
[2026-04-03 21:38:17,278:MySQL_Database.py#L79:INFO]: MySQL knobs persisted to mysqld-auto.cnf. Restarting to apply...
[2026-04-03 21:38:17,278:MySQL_Database.py#L189:INFO]: Restarting MySQL service...
[2026-04-03 21:38:22,211:MySQL_Database.py#L199:INFO]: Waiting for MySQL to become available...
[2026-04-03 21:38:22,241:MySQL_Database.py#L217:INFO]: MySQL is back up! (Took 0.03s)
[2026-04-03 21:38:22,242:MySQL_Database.py#L32:INFO]: Closed old MySQL connection.
[2026-04-03 21:38:22,297:MySQL_Database.py#L264:INFO]: Executing transpiled workload olap_workloads/job_1.wg (2 queries)...
[2026-04-03 21:38:31,703:MySQL_Database.py#L291:INFO]: Workload olap_workloads/job_1.wg executed successfully.
[2026-04-03 21:38:31,703:run_diverse_configs.py#L192:INFO]: Performance for config 2: 4.7024993214999995
[2026-04-03 21:38:31,707:run_diverse_configs.py#L123:INFO]: Running config 3/10 for job_1
[2026-04-03 21:38:31,707:MySQL_Database.py#L239:INFO]: Transpiling workload from PostgreSQL to MySQL syntax...
[2026-04-03 21:38:31,785:MySQL_Database.py#L79:INFO]: MySQL knobs persisted to mysqld-auto.cnf. Restarting to apply...
[2026-04-03 21:38:31,786:MySQL_Database.py#L189:INFO]: Restarting MySQL service...
[2026-04-03 21:38:36,368:MySQL_Database.py#L199:INFO]: Waiting for MySQL to become available...
[2026-04-03 21:38:36,427:MySQL_Database.py#L217:INFO]: MySQL is back up! (Took 0.06s)
[2026-04-03 21:38:36,427:MySQL_Database.py#L32:INFO]: Closed old MySQL connection.
[2026-04-03 21:38:36,482:MySQL_Database.py#L264:INFO]: Executing transpiled workload olap_workloads/job_1.wg (2 queries)...
[2026-04-03 21:38:46,130:MySQL_Database.py#L291:INFO]: Workload olap_workloads/job_1.wg executed successfully.
[2026-04-03 21:38:46,130:run_diverse_configs.py#L192:INFO]: Performance for config 3: 4.8235900064992165
[2026-04-03 21:38:46,130:run_diverse_configs.py#L123:INFO]: Running config 4/10 for job_1
[2026-04-03 21:38:46,130:MySQL_Database.py#L239:INFO]: Transpiling workload from PostgreSQL to MySQL syntax...
[2026-04-03 21:38:46,215:MySQL_Database.py#L79:INFO]: MySQL knobs persisted to mysqld-auto.cnf. Restarting to apply...
[2026-04-03 21:38:46,215:MySQL_Database.py#L189:INFO]: Restarting MySQL service...
[2026-04-03 21:38:51,498:MySQL_Database.py#L199:INFO]: Waiting for MySQL to become available...
[2026-04-03 21:38:51,535:MySQL_Database.py#L217:INFO]: MySQL is back up! (Took 0.04s)
[2026-04-03 21:38:51,535:MySQL_Database.py#L32:INFO]: Closed old MySQL connection.
[2026-04-03 21:38:51,591:MySQL_Database.py#L264:INFO]: Executing transpiled workload olap_workloads/job_1.wg (2 queries)...
[2026-04-03 21:39:01,213:MySQL_Database.py#L291:INFO]: Workload olap_workloads/job_1.wg executed successfully.
[2026-04-03 21:39:01,213:run_diverse_configs.py#L192:INFO]: Performance for config 4: 4.810715010999957
[2026-04-03 21:39:01,213:run_diverse_configs.py#L123:INFO]: Running config 5/10 for job_1
[2026-04-03 21:39:01,214:MySQL_Database.py#L239:INFO]: Transpiling workload from PostgreSQL to MySQL syntax...
[2026-04-03 21:39:01,303:MySQL_Database.py#L79:INFO]: MySQL knobs persisted to mysqld-auto.cnf. Restarting to apply...
[2026-04-03 21:39:01,303:MySQL_Database.py#L189:INFO]: Restarting MySQL service...
[2026-04-03 21:39:06,587:MySQL_Database.py#L199:INFO]: Waiting for MySQL to become available...
[2026-04-03 21:39:06,619:MySQL_Database.py#L217:INFO]: MySQL is back up! (Took 0.03s)
[2026-04-03 21:39:06,619:MySQL_Database.py#L32:INFO]: Closed old MySQL connection.
[2026-04-03 21:39:06,675:MySQL_Database.py#L264:INFO]: Executing transpiled workload olap_workloads/job_1.wg (2 queries)...
[2026-04-03 21:39:16,429:MySQL_Database.py#L291:INFO]: Workload olap_workloads/job_1.wg executed successfully.
[2026-04-03 21:39:16,429:run_diverse_configs.py#L192:INFO]: Performance for config 5: 4.8769834824997815
[2026-04-03 21:39:16,430:run_diverse_configs.py#L123:INFO]: Running config 6/10 for job_1
[2026-04-03 21:39:16,430:MySQL_Database.py#L239:INFO]: Transpiling workload from PostgreSQL to MySQL syntax...
[2026-04-03 21:39:16,513:MySQL_Database.py#L79:INFO]: MySQL knobs persisted to mysqld-auto.cnf. Restarting to apply...
[2026-04-03 21:39:16,513:MySQL_Database.py#L189:INFO]: Restarting MySQL service...
[2026-04-03 21:39:22,197:MySQL_Database.py#L199:INFO]: Waiting for MySQL to become available...
[2026-04-03 21:39:22,229:MySQL_Database.py#L217:INFO]: MySQL is back up! (Took 0.03s)
[2026-04-03 21:39:22,229:MySQL_Database.py#L32:INFO]: Closed old MySQL connection.
[2026-04-03 21:39:22,284:MySQL_Database.py#L264:INFO]: Executing transpiled workload olap_workloads/job_1.wg (2 queries)...
[2026-04-03 21:39:31,651:MySQL_Database.py#L291:INFO]: Workload olap_workloads/job_1.wg executed successfully.
[2026-04-03 21:39:31,651:run_diverse_configs.py#L192:INFO]: Performance for config 6: 4.682979018499282
[2026-04-03 21:39:31,654:run_diverse_configs.py#L123:INFO]: Running config 7/10 for job_1
[2026-04-03 21:39:31,655:MySQL_Database.py#L239:INFO]: Transpiling workload from PostgreSQL to MySQL syntax...
[2026-04-03 21:39:31,734:MySQL_Database.py#L79:INFO]: MySQL knobs persisted to mysqld-auto.cnf. Restarting to apply...
[2026-04-03 21:39:31,734:MySQL_Database.py#L189:INFO]: Restarting MySQL service...
[2026-04-03 21:39:36,917:MySQL_Database.py#L199:INFO]: Waiting for MySQL to become available...
[2026-04-03 21:39:36,957:MySQL_Database.py#L217:INFO]: MySQL is back up! (Took 0.04s)
[2026-04-03 21:39:36,957:MySQL_Database.py#L32:INFO]: Closed old MySQL connection.
[2026-04-03 21:39:37,016:MySQL_Database.py#L264:INFO]: Executing transpiled workload olap_workloads/job_1.wg (2 queries)...
[2026-04-03 21:39:46,385:MySQL_Database.py#L291:INFO]: Workload olap_workloads/job_1.wg executed successfully.
[2026-04-03 21:39:46,386:run_diverse_configs.py#L192:INFO]: Performance for config 7: 4.684718632000113
[2026-04-03 21:39:46,386:run_diverse_configs.py#L123:INFO]: Running config 8/10 for job_1
[2026-04-03 21:39:46,386:MySQL_Database.py#L239:INFO]: Transpiling workload from PostgreSQL to MySQL syntax...
[2026-04-03 21:39:46,476:MySQL_Database.py#L79:INFO]: MySQL knobs persisted to mysqld-auto.cnf. Restarting to apply...
[2026-04-03 21:39:46,476:MySQL_Database.py#L189:INFO]: Restarting MySQL service...
[2026-04-03 21:39:50,806:MySQL_Database.py#L199:INFO]: Waiting for MySQL to become available...
[2026-04-03 21:39:50,836:MySQL_Database.py#L217:INFO]: MySQL is back up! (Took 0.03s)
[2026-04-03 21:39:50,837:MySQL_Database.py#L32:INFO]: Closed old MySQL connection.
[2026-04-03 21:39:50,932:MySQL_Database.py#L264:INFO]: Executing transpiled workload olap_workloads/job_1.wg (2 queries)...
[2026-04-03 21:40:00,571:MySQL_Database.py#L291:INFO]: Workload olap_workloads/job_1.wg executed successfully.
[2026-04-03 21:40:00,572:run_diverse_configs.py#L192:INFO]: Performance for config 8: 4.819652400999985
[2026-04-03 21:40:00,572:run_diverse_configs.py#L123:INFO]: Running config 9/10 for job_1
[2026-04-03 21:40:00,572:MySQL_Database.py#L239:INFO]: Transpiling workload from PostgreSQL to MySQL syntax...
[2026-04-03 21:40:00,651:MySQL_Database.py#L79:INFO]: MySQL knobs persisted to mysqld-auto.cnf. Restarting to apply...
[2026-04-03 21:40:00,651:MySQL_Database.py#L189:INFO]: Restarting MySQL service...
[2026-04-03 21:40:05,834:MySQL_Database.py#L199:INFO]: Waiting for MySQL to become available...
[2026-04-03 21:40:05,871:MySQL_Database.py#L217:INFO]: MySQL is back up! (Took 0.04s)
[2026-04-03 21:40:05,871:MySQL_Database.py#L32:INFO]: Closed old MySQL connection.
[2026-04-03 21:40:05,928:MySQL_Database.py#L264:INFO]: Executing transpiled workload olap_workloads/job_1.wg (2 queries)...
[2026-04-03 21:40:44,647:MySQL_Database.py#L291:INFO]: Workload olap_workloads/job_1.wg executed successfully.
[2026-04-03 21:40:44,647:run_diverse_configs.py#L192:INFO]: Performance for config 9: 19.359476728000118
[2026-04-03 21:40:44,647:run_diverse_configs.py#L123:INFO]: Running config 10/10 for job_1
[2026-04-03 21:40:44,648:MySQL_Database.py#L239:INFO]: Transpiling workload from PostgreSQL to MySQL syntax...
[2026-04-03 21:40:44,728:MySQL_Database.py#L79:INFO]: MySQL knobs persisted to mysqld-auto.cnf. Restarting to apply...
[2026-04-03 21:40:44,728:MySQL_Database.py#L189:INFO]: Restarting MySQL service...
[2026-04-03 21:40:49,862:MySQL_Database.py#L199:INFO]: Waiting for MySQL to become available...
[2026-04-03 21:40:49,898:MySQL_Database.py#L217:INFO]: MySQL is back up! (Took 0.04s)
[2026-04-03 21:40:49,898:MySQL_Database.py#L32:INFO]: Closed old MySQL connection.
[2026-04-03 21:40:49,956:MySQL_Database.py#L264:INFO]: Executing transpiled workload olap_workloads/job_1.wg (2 queries)...
[2026-04-03 21:40:59,413:MySQL_Database.py#L291:INFO]: Workload olap_workloads/job_1.wg executed successfully.
[2026-04-03 21:40:59,414:run_diverse_configs.py#L192:INFO]: Performance for config 10: 4.728756519999479
[2026-04-03 21:40:59,414:run_diverse_configs.py#L115:INFO]: Running 10 configs for job_7
[2026-04-03 21:40:59,414:run_diverse_configs.py#L123:INFO]: Running config 1/10 for job_7
[2026-04-03 21:40:59,415:MySQL_Database.py#L239:INFO]: Transpiling workload from PostgreSQL to MySQL syntax...
[2026-04-03 21:40:59,519:MySQL_Database.py#L79:INFO]: MySQL knobs persisted to mysqld-auto.cnf. Restarting to apply...
[2026-04-03 21:40:59,519:MySQL_Database.py#L189:INFO]: Restarting MySQL service...
[2026-04-03 21:41:03,398:MySQL_Database.py#L199:INFO]: Waiting for MySQL to become available...
[2026-04-03 21:41:03,429:MySQL_Database.py#L217:INFO]: MySQL is back up! (Took 0.03s)
[2026-04-03 21:41:03,429:MySQL_Database.py#L32:INFO]: Closed old MySQL connection.
[2026-04-03 21:41:03,486:MySQL_Database.py#L264:INFO]: Executing transpiled workload olap_workloads/job_7.wg (20 queries)...
[2026-04-03 21:43:00,722:MySQL_Database.py#L291:INFO]: Workload olap_workloads/job_7.wg executed successfully.
[2026-04-03 21:43:00,722:run_diverse_configs.py#L192:INFO]: Performance for config 1: 5.8617784615499655
[2026-04-03 21:43:00,722:run_diverse_configs.py#L123:INFO]: Running config 2/10 for job_7
[2026-04-03 21:43:00,722:MySQL_Database.py#L239:INFO]: Transpiling workload from PostgreSQL to MySQL syntax...
[2026-04-03 21:43:00,825:MySQL_Database.py#L79:INFO]: MySQL knobs persisted to mysqld-auto.cnf. Restarting to apply...
[2026-04-03 21:43:00,825:MySQL_Database.py#L189:INFO]: Restarting MySQL service...
[2026-04-03 21:43:04,805:MySQL_Database.py#L199:INFO]: Waiting for MySQL to become available...
[2026-04-03 21:43:04,836:MySQL_Database.py#L217:INFO]: MySQL is back up! (Took 0.03s)
[2026-04-03 21:43:04,836:MySQL_Database.py#L32:INFO]: Closed old MySQL connection.
[2026-04-03 21:43:04,893:MySQL_Database.py#L264:INFO]: Executing transpiled workload olap_workloads/job_7.wg (20 queries)...
[2026-04-03 21:45:02,751:MySQL_Database.py#L291:INFO]: Workload olap_workloads/job_7.wg executed successfully.
[2026-04-03 21:45:02,752:run_diverse_configs.py#L192:INFO]: Performance for config 2: 5.892895801049963
[2026-04-03 21:45:02,752:run_diverse_configs.py#L123:INFO]: Running config 3/10 for job_7
[2026-04-03 21:45:02,752:MySQL_Database.py#L239:INFO]: Transpiling workload from PostgreSQL to MySQL syntax...
[2026-04-03 21:45:02,849:MySQL_Database.py#L79:INFO]: MySQL knobs persisted to mysqld-auto.cnf. Restarting to apply...
[2026-04-03 21:45:02,849:MySQL_Database.py#L189:INFO]: Restarting MySQL service...
[2026-04-03 21:45:07,281:MySQL_Database.py#L199:INFO]: Waiting for MySQL to become available...
[2026-04-03 21:45:07,312:MySQL_Database.py#L217:INFO]: MySQL is back up! (Took 0.03s)
[2026-04-03 21:45:07,312:MySQL_Database.py#L32:INFO]: Closed old MySQL connection.
[2026-04-03 21:45:07,368:MySQL_Database.py#L264:INFO]: Executing transpiled workload olap_workloads/job_7.wg (20 queries)...
[2026-04-03 21:47:05,151:MySQL_Database.py#L291:INFO]: Workload olap_workloads/job_7.wg executed successfully.
[2026-04-03 21:47:05,151:run_diverse_configs.py#L192:INFO]: Performance for config 3: 5.889104267200037
[2026-04-03 21:47:05,151:run_diverse_configs.py#L123:INFO]: Running config 4/10 for job_7
[2026-04-03 21:47:05,151:MySQL_Database.py#L239:INFO]: Transpiling workload from PostgreSQL to MySQL syntax...
[2026-04-03 21:47:05,262:MySQL_Database.py#L79:INFO]: MySQL knobs persisted to mysqld-auto.cnf. Restarting to apply...
[2026-04-03 21:47:05,262:MySQL_Database.py#L189:INFO]: Restarting MySQL service...
[2026-04-03 21:47:09,643:MySQL_Database.py#L199:INFO]: Waiting for MySQL to become available...
[2026-04-03 21:47:09,679:MySQL_Database.py#L217:INFO]: MySQL is back up! (Took 0.04s)
[2026-04-03 21:47:09,680:MySQL_Database.py#L32:INFO]: Closed old MySQL connection.
[2026-04-03 21:47:09,735:MySQL_Database.py#L264:INFO]: Executing transpiled workload olap_workloads/job_7.wg (20 queries)...
[2026-04-03 21:49:07,812:MySQL_Database.py#L291:INFO]: Workload olap_workloads/job_7.wg executed successfully.
[2026-04-03 21:49:07,812:run_diverse_configs.py#L192:INFO]: Performance for config 4: 5.90379385974993
[2026-04-03 21:49:07,812:run_diverse_configs.py#L123:INFO]: Running config 5/10 for job_7
[2026-04-03 21:49:07,812:MySQL_Database.py#L239:INFO]: Transpiling workload from PostgreSQL to MySQL syntax...
[2026-04-03 21:49:07,918:MySQL_Database.py#L79:INFO]: MySQL knobs persisted to mysqld-auto.cnf. Restarting to apply...
[2026-04-03 21:49:07,918:MySQL_Database.py#L189:INFO]: Restarting MySQL service...
[2026-04-03 21:49:11,847:MySQL_Database.py#L199:INFO]: Waiting for MySQL to become available...
[2026-04-03 21:49:11,883:MySQL_Database.py#L217:INFO]: MySQL is back up! (Took 0.04s)
[2026-04-03 21:49:11,884:MySQL_Database.py#L32:INFO]: Closed old MySQL connection.
[2026-04-03 21:49:11,953:MySQL_Database.py#L264:INFO]: Executing transpiled workload olap_workloads/job_7.wg (20 queries)...
[2026-04-03 21:51:09,548:MySQL_Database.py#L291:INFO]: Workload olap_workloads/job_7.wg executed successfully.
[2026-04-03 21:51:09,548:run_diverse_configs.py#L192:INFO]: Performance for config 5: 5.879722252650026
[2026-04-03 21:51:09,548:run_diverse_configs.py#L123:INFO]: Running config 6/10 for job_7
[2026-04-03 21:51:09,548:MySQL_Database.py#L239:INFO]: Transpiling workload from PostgreSQL to MySQL syntax...
[2026-04-03 21:51:09,728:MySQL_Database.py#L79:INFO]: MySQL knobs persisted to mysqld-auto.cnf. Restarting to apply...
[2026-04-03 21:51:09,728:MySQL_Database.py#L189:INFO]: Restarting MySQL service...
[2026-04-03 21:51:14,109:MySQL_Database.py#L199:INFO]: Waiting for MySQL to become available...
[2026-04-03 21:51:14,162:MySQL_Database.py#L217:INFO]: MySQL is back up! (Took 0.05s)
[2026-04-03 21:51:14,162:MySQL_Database.py#L32:INFO]: Closed old MySQL connection.
[2026-04-03 21:51:14,218:MySQL_Database.py#L264:INFO]: Executing transpiled workload olap_workloads/job_7.wg (20 queries)...
[2026-04-03 21:53:12,375:MySQL_Database.py#L291:INFO]: Workload olap_workloads/job_7.wg executed successfully.
[2026-04-03 21:53:12,375:run_diverse_configs.py#L192:INFO]: Performance for config 6: 5.90783434975001
[2026-04-03 21:53:12,375:run_diverse_configs.py#L123:INFO]: Running config 7/10 for job_7
[2026-04-03 21:53:12,376:MySQL_Database.py#L239:INFO]: Transpiling workload from PostgreSQL to MySQL syntax...
[2026-04-03 21:53:12,475:MySQL_Database.py#L79:INFO]: MySQL knobs persisted to mysqld-auto.cnf. Restarting to apply...
[2026-04-03 21:53:12,475:MySQL_Database.py#L189:INFO]: Restarting MySQL service...
[2026-04-03 21:53:16,354:MySQL_Database.py#L199:INFO]: Waiting for MySQL to become available...
[2026-04-03 21:53:16,388:MySQL_Database.py#L217:INFO]: MySQL is back up! (Took 0.03s)
[2026-04-03 21:53:16,389:MySQL_Database.py#L32:INFO]: Closed old MySQL connection.
[2026-04-03 21:53:16,446:MySQL_Database.py#L264:INFO]: Executing transpiled workload olap_workloads/job_7.wg (20 queries)...
[2026-04-03 21:55:12,819:MySQL_Database.py#L291:INFO]: Workload olap_workloads/job_7.wg executed successfully.
[2026-04-03 21:55:12,819:run_diverse_configs.py#L192:INFO]: Performance for config 7: 5.818630537499939
[2026-04-03 21:55:12,819:run_diverse_configs.py#L123:INFO]: Running config 8/10 for job_7
[2026-04-03 21:55:12,819:MySQL_Database.py#L239:INFO]: Transpiling workload from PostgreSQL to MySQL syntax...
[2026-04-03 21:55:12,913:MySQL_Database.py#L79:INFO]: MySQL knobs persisted to mysqld-auto.cnf. Restarting to apply...
[2026-04-03 21:55:12,914:MySQL_Database.py#L189:INFO]: Restarting MySQL service...
[2026-04-03 21:55:17,346:MySQL_Database.py#L199:INFO]: Waiting for MySQL to become available...
[2026-04-03 21:55:17,376:MySQL_Database.py#L217:INFO]: MySQL is back up! (Took 0.03s)
[2026-04-03 21:55:17,376:MySQL_Database.py#L32:INFO]: Closed old MySQL connection.
[2026-04-03 21:55:17,432:MySQL_Database.py#L264:INFO]: Executing transpiled workload olap_workloads/job_7.wg (20 queries)...
[2026-04-03 21:57:07,718:MySQL_Database.py#L291:INFO]: Workload olap_workloads/job_7.wg executed successfully.
[2026-04-03 21:57:07,718:run_diverse_configs.py#L192:INFO]: Performance for config 8: 5.514310926500002
[2026-04-03 21:57:07,723:run_diverse_configs.py#L123:INFO]: Running config 9/10 for job_7
[2026-04-03 21:57:07,723:MySQL_Database.py#L239:INFO]: Transpiling workload from PostgreSQL to MySQL syntax...
[2026-04-03 21:57:07,820:MySQL_Database.py#L79:INFO]: MySQL knobs persisted to mysqld-auto.cnf. Restarting to apply...
[2026-04-03 21:57:07,820:MySQL_Database.py#L189:INFO]: Restarting MySQL service...
[2026-04-03 21:57:12,902:MySQL_Database.py#L199:INFO]: Waiting for MySQL to become available...
[2026-04-03 21:57:12,963:MySQL_Database.py#L217:INFO]: MySQL is back up! (Took 0.06s)
[2026-04-03 21:57:12,964:MySQL_Database.py#L32:INFO]: Closed old MySQL connection.
[2026-04-03 21:57:13,020:MySQL_Database.py#L264:INFO]: Executing transpiled workload olap_workloads/job_7.wg (20 queries)...
[2026-04-03 21:59:03,590:MySQL_Database.py#L291:INFO]: Workload olap_workloads/job_7.wg executed successfully.
[2026-04-03 21:59:03,590:run_diverse_configs.py#L192:INFO]: Performance for config 9: 5.528508420599974
[2026-04-03 21:59:03,590:run_diverse_configs.py#L123:INFO]: Running config 10/10 for job_7
[2026-04-03 21:59:03,591:MySQL_Database.py#L239:INFO]: Transpiling workload from PostgreSQL to MySQL syntax...
[2026-04-03 21:59:03,697:MySQL_Database.py#L79:INFO]: MySQL knobs persisted to mysqld-auto.cnf. Restarting to apply...
[2026-04-03 21:59:03,697:MySQL_Database.py#L189:INFO]: Restarting MySQL service...
[2026-04-03 21:59:08,579:MySQL_Database.py#L199:INFO]: Waiting for MySQL to become available...
[2026-04-03 21:59:08,609:MySQL_Database.py#L217:INFO]: MySQL is back up! (Took 0.03s)
[2026-04-03 21:59:08,610:MySQL_Database.py#L32:INFO]: Closed old MySQL connection.
[2026-04-03 21:59:08,666:MySQL_Database.py#L264:INFO]: Executing transpiled workload olap_workloads/job_7.wg (20 queries)...
[2026-04-03 22:00:57,201:MySQL_Database.py#L291:INFO]: Workload olap_workloads/job_7.wg executed successfully.
[2026-04-03 22:00:57,202:run_diverse_configs.py#L192:INFO]: Performance for config 10: 5.426780153300024
[2026-04-03 22:00:57,202:run_diverse_configs.py#L115:INFO]: Running 10 configs for job_8
[2026-04-03 22:00:57,202:run_diverse_configs.py#L123:INFO]: Running config 1/10 for job_8
[2026-04-03 22:00:57,203:MySQL_Database.py#L239:INFO]: Transpiling workload from PostgreSQL to MySQL syntax...
[2026-04-03 22:00:57,318:MySQL_Database.py#L79:INFO]: MySQL knobs persisted to mysqld-auto.cnf. Restarting to apply...
[2026-04-03 22:00:57,318:MySQL_Database.py#L189:INFO]: Restarting MySQL service...
[2026-04-03 22:01:01,601:MySQL_Database.py#L199:INFO]: Waiting for MySQL to become available...
[2026-04-03 22:01:01,632:MySQL_Database.py#L217:INFO]: MySQL is back up! (Took 0.03s)
[2026-04-03 22:01:01,632:MySQL_Database.py#L32:INFO]: Closed old MySQL connection.
[2026-04-03 22:01:01,688:MySQL_Database.py#L264:INFO]: Executing transpiled workload olap_workloads/job_8.wg (16 queries)...
[2026-04-03 22:04:09,644:MySQL_Database.py#L291:INFO]: Workload olap_workloads/job_8.wg executed successfully.
[2026-04-03 22:04:09,645:run_diverse_configs.py#L192:INFO]: Performance for config 1: 11.74724209624992
[2026-04-03 22:04:09,645:run_diverse_configs.py#L123:INFO]: Running config 2/10 for job_8
[2026-04-03 22:04:09,645:MySQL_Database.py#L239:INFO]: Transpiling workload from PostgreSQL to MySQL syntax...
[2026-04-03 22:04:09,750:MySQL_Database.py#L79:INFO]: MySQL knobs persisted to mysqld-auto.cnf. Restarting to apply...
[2026-04-03 22:04:09,750:MySQL_Database.py#L189:INFO]: Restarting MySQL service...
[2026-04-03 22:04:14,381:MySQL_Database.py#L199:INFO]: Waiting for MySQL to become available...
[2026-04-03 22:04:14,445:MySQL_Database.py#L217:INFO]: MySQL is back up! (Took 0.06s)
[2026-04-03 22:04:14,445:MySQL_Database.py#L32:INFO]: Closed old MySQL connection.
[2026-04-03 22:04:14,501:MySQL_Database.py#L264:INFO]: Executing transpiled workload olap_workloads/job_8.wg (16 queries)...
[2026-04-03 22:07:21,945:MySQL_Database.py#L291:INFO]: Workload olap_workloads/job_8.wg executed successfully.
[2026-04-03 22:07:21,945:run_diverse_configs.py#L192:INFO]: Performance for config 2: 11.715245988562515
[2026-04-03 22:07:21,945:run_diverse_configs.py#L123:INFO]: Running config 3/10 for job_8
[2026-04-03 22:07:21,945:MySQL_Database.py#L239:INFO]: Transpiling workload from PostgreSQL to MySQL syntax...
[2026-04-03 22:07:22,042:MySQL_Database.py#L79:INFO]: MySQL knobs persisted to mysqld-auto.cnf. Restarting to apply...
[2026-04-03 22:07:22,042:MySQL_Database.py#L189:INFO]: Restarting MySQL service...
[2026-04-03 22:07:26,221:MySQL_Database.py#L199:INFO]: Waiting for MySQL to become available...
[2026-04-03 22:07:26,251:MySQL_Database.py#L217:INFO]: MySQL is back up! (Took 0.03s)
[2026-04-03 22:07:26,251:MySQL_Database.py#L32:INFO]: Closed old MySQL connection.
[2026-04-03 22:07:26,307:MySQL_Database.py#L264:INFO]: Executing transpiled workload olap_workloads/job_8.wg (16 queries)...
[2026-04-03 22:10:33,915:MySQL_Database.py#L291:INFO]: Workload olap_workloads/job_8.wg executed successfully.
[2026-04-03 22:10:33,915:run_diverse_configs.py#L192:INFO]: Performance for config 3: 11.72548438362503
[2026-04-03 22:10:33,916:run_diverse_configs.py#L123:INFO]: Running config 4/10 for job_8
[2026-04-03 22:10:33,916:MySQL_Database.py#L239:INFO]: Transpiling workload from PostgreSQL to MySQL syntax...
[2026-04-03 22:10:34,024:MySQL_Database.py#L79:INFO]: MySQL knobs persisted to mysqld-auto.cnf. Restarting to apply...
[2026-04-03 22:10:34,024:MySQL_Database.py#L189:INFO]: Restarting MySQL service...
[2026-04-03 22:10:39,006:MySQL_Database.py#L199:INFO]: Waiting for MySQL to become available...
[2026-04-03 22:10:39,064:MySQL_Database.py#L217:INFO]: MySQL is back up! (Took 0.06s)
[2026-04-03 22:10:39,064:MySQL_Database.py#L32:INFO]: Closed old MySQL connection.
[2026-04-03 22:10:39,177:MySQL_Database.py#L264:INFO]: Executing transpiled workload olap_workloads/job_8.wg (16 queries)...
[2026-04-03 22:13:51,862:MySQL_Database.py#L291:INFO]: Workload olap_workloads/job_8.wg executed successfully.
[2026-04-03 22:13:51,862:run_diverse_configs.py#L192:INFO]: Performance for config 4: 12.042752905312454
[2026-04-03 22:13:51,862:run_diverse_configs.py#L123:INFO]: Running config 5/10 for job_8
[2026-04-03 22:13:51,862:MySQL_Database.py#L239:INFO]: Transpiling workload from PostgreSQL to MySQL syntax...
[2026-04-03 22:13:51,970:MySQL_Database.py#L79:INFO]: MySQL knobs persisted to mysqld-auto.cnf. Restarting to apply...
[2026-04-03 22:13:51,970:MySQL_Database.py#L189:INFO]: Restarting MySQL service...
[2026-04-03 22:13:56,651:MySQL_Database.py#L199:INFO]: Waiting for MySQL to become available...
[2026-04-03 22:13:56,681:MySQL_Database.py#L217:INFO]: MySQL is back up! (Took 0.03s)
[2026-04-03 22:13:56,682:MySQL_Database.py#L32:INFO]: Closed old MySQL connection.
[2026-04-03 22:13:56,737:MySQL_Database.py#L264:INFO]: Executing transpiled workload olap_workloads/job_8.wg (16 queries)...
[2026-04-03 22:24:09,578:MySQL_Database.py#L291:INFO]: Workload olap_workloads/job_8.wg executed successfully.
[2026-04-03 22:24:09,578:run_diverse_configs.py#L192:INFO]: Performance for config 5: 38.30252465274998
[2026-04-03 22:24:09,578:run_diverse_configs.py#L123:INFO]: Running config 6/10 for job_8
[2026-04-03 22:24:09,578:MySQL_Database.py#L239:INFO]: Transpiling workload from PostgreSQL to MySQL syntax...
[2026-04-03 22:24:09,678:MySQL_Database.py#L79:INFO]: MySQL knobs persisted to mysqld-auto.cnf. Restarting to apply...
[2026-04-03 22:24:09,678:MySQL_Database.py#L189:INFO]: Restarting MySQL service...
[2026-04-03 22:24:15,564:MySQL_Database.py#L199:INFO]: Waiting for MySQL to become available...
[2026-04-03 22:24:15,604:MySQL_Database.py#L217:INFO]: MySQL is back up! (Took 0.04s)
[2026-04-03 22:24:15,604:MySQL_Database.py#L32:INFO]: Closed old MySQL connection.
[2026-04-03 22:24:15,660:MySQL_Database.py#L264:INFO]: Executing transpiled workload olap_workloads/job_8.wg (16 queries)...
[2026-04-03 22:27:11,263:MySQL_Database.py#L291:INFO]: Workload olap_workloads/job_8.wg executed successfully.
[2026-04-03 22:27:11,263:run_diverse_configs.py#L192:INFO]: Performance for config 6: 10.975145256875066
[2026-04-03 22:27:11,263:run_diverse_configs.py#L123:INFO]: Running config 7/10 for job_8
[2026-04-03 22:27:11,264:MySQL_Database.py#L239:INFO]: Transpiling workload from PostgreSQL to MySQL syntax...
[2026-04-03 22:27:11,366:MySQL_Database.py#L79:INFO]: MySQL knobs persisted to mysqld-auto.cnf. Restarting to apply...
[2026-04-03 22:27:11,367:MySQL_Database.py#L189:INFO]: Restarting MySQL service...
[2026-04-03 22:27:17,454:MySQL_Database.py#L199:INFO]: Waiting for MySQL to become available...
[2026-04-03 22:27:17,488:MySQL_Database.py#L217:INFO]: MySQL is back up! (Took 0.03s)
[2026-04-03 22:27:17,489:MySQL_Database.py#L32:INFO]: Closed old MySQL connection.
[2026-04-03 22:27:17,544:MySQL_Database.py#L264:INFO]: Executing transpiled workload olap_workloads/job_8.wg (16 queries)...
[2026-04-03 22:30:00,119:MySQL_Database.py#L291:INFO]: Workload olap_workloads/job_8.wg executed successfully.
[2026-04-03 22:30:00,119:run_diverse_configs.py#L192:INFO]: Performance for config 7: 10.160928892937477
[2026-04-03 22:30:00,119:run_diverse_configs.py#L123:INFO]: Running config 8/10 for job_8
[2026-04-03 22:30:00,119:MySQL_Database.py#L239:INFO]: Transpiling workload from PostgreSQL to MySQL syntax...
[2026-04-03 22:30:00,226:MySQL_Database.py#L79:INFO]: MySQL knobs persisted to mysqld-auto.cnf. Restarting to apply...
[2026-04-03 22:30:00,226:MySQL_Database.py#L189:INFO]: Restarting MySQL service...
[2026-04-03 22:30:05,661:MySQL_Database.py#L199:INFO]: Waiting for MySQL to become available...
[2026-04-03 22:30:05,691:MySQL_Database.py#L217:INFO]: MySQL is back up! (Took 0.03s)
[2026-04-03 22:30:05,692:MySQL_Database.py#L32:INFO]: Closed old MySQL connection.
[2026-04-03 22:30:05,778:MySQL_Database.py#L264:INFO]: Executing transpiled workload olap_workloads/job_8.wg (16 queries)...
[2026-04-03 22:33:06,957:MySQL_Database.py#L291:INFO]: Workload olap_workloads/job_8.wg executed successfully.
[2026-04-03 22:33:06,957:run_diverse_configs.py#L192:INFO]: Performance for config 8: 11.323654095812458
[2026-04-03 22:33:06,957:run_diverse_configs.py#L123:INFO]: Running config 9/10 for job_8
[2026-04-03 22:33:06,957:MySQL_Database.py#L239:INFO]: Transpiling workload from PostgreSQL to MySQL syntax...
[2026-04-03 22:33:07,068:MySQL_Database.py#L79:INFO]: MySQL knobs persisted to mysqld-auto.cnf. Restarting to apply...
[2026-04-03 22:33:07,068:MySQL_Database.py#L189:INFO]: Restarting MySQL service...
[2026-04-03 22:33:12,650:MySQL_Database.py#L199:INFO]: Waiting for MySQL to become available...
[2026-04-03 22:33:12,709:MySQL_Database.py#L217:INFO]: MySQL is back up! (Took 0.06s)
[2026-04-03 22:33:12,710:MySQL_Database.py#L32:INFO]: Closed old MySQL connection.
[2026-04-03 22:33:12,813:MySQL_Database.py#L264:INFO]: Executing transpiled workload olap_workloads/job_8.wg (16 queries)...
[2026-04-04 01:06:21,879:MySQL_Database.py#L300:ERROR]: Error executing workload: 3 (HY000): Error writing file '/tmp/MYfd=600' (OS errno 28 - No space left on device)
[2026-04-04 01:06:21,879:run_diverse_configs.py#L192:INFO]: Performance for config 9: inf
[2026-04-04 01:06:21,880:run_diverse_configs.py#L123:INFO]: Running config 10/10 for job_8
[2026-04-04 01:06:21,880:MySQL_Database.py#L239:INFO]: Transpiling workload from PostgreSQL to MySQL syntax...
[2026-04-04 01:06:22,296:MySQL_Database.py#L79:INFO]: MySQL knobs persisted to mysqld-auto.cnf. Restarting to apply...
[2026-04-04 01:06:22,296:MySQL_Database.py#L189:INFO]: Restarting MySQL service...
[2026-04-04 01:06:28,937:MySQL_Database.py#L199:INFO]: Waiting for MySQL to become available...
[2026-04-04 01:06:28,973:MySQL_Database.py#L217:INFO]: MySQL is back up! (Took 0.04s)
[2026-04-04 01:06:28,974:MySQL_Database.py#L32:INFO]: Closed old MySQL connection.
[2026-04-04 01:06:29,031:MySQL_Database.py#L264:INFO]: Executing transpiled workload olap_workloads/job_8.wg (16 queries)...
[2026-04-04 01:19:58,031:MySQL_Database.py#L291:INFO]: Workload olap_workloads/job_8.wg executed successfully.
[2026-04-04 01:19:58,032:run_diverse_configs.py#L192:INFO]: Performance for config 10: 50.562517193749954
[2026-04-04 01:19:58,032:run_diverse_configs.py#L115:INFO]: Running 10 configs for job_97
[2026-04-04 01:19:58,032:run_diverse_configs.py#L123:INFO]: Running config 1/10 for job_97
[2026-04-04 01:19:58,033:MySQL_Database.py#L239:INFO]: Transpiling workload from PostgreSQL to MySQL syntax...
[2026-04-04 01:19:58,341:MySQL_Database.py#L79:INFO]: MySQL knobs persisted to mysqld-auto.cnf. Restarting to apply...
[2026-04-04 01:19:58,341:MySQL_Database.py#L189:INFO]: Restarting MySQL service...
[2026-04-04 01:20:03,327:MySQL_Database.py#L199:INFO]: Waiting for MySQL to become available...
[2026-04-04 01:20:03,357:MySQL_Database.py#L217:INFO]: MySQL is back up! (Took 0.03s)
[2026-04-04 01:20:03,358:MySQL_Database.py#L32:INFO]: Closed old MySQL connection.
[2026-04-04 01:20:03,434:MySQL_Database.py#L264:INFO]: Executing transpiled workload olap_workloads/job_97.wg (24 queries)...
[2026-04-04 01:24:12,935:MySQL_Database.py#L291:INFO]: Workload olap_workloads/job_97.wg executed successfully.
[2026-04-04 01:24:12,935:run_diverse_configs.py#L192:INFO]: Performance for config 1: 10.39585000683337
[2026-04-04 01:24:12,935:run_diverse_configs.py#L123:INFO]: Running config 2/10 for job_97
[2026-04-04 01:24:12,935:MySQL_Database.py#L239:INFO]: Transpiling workload from PostgreSQL to MySQL syntax...
[2026-04-04 01:24:13,274:MySQL_Database.py#L79:INFO]: MySQL knobs persisted to mysqld-auto.cnf. Restarting to apply...
[2026-04-04 01:24:13,275:MySQL_Database.py#L189:INFO]: Restarting MySQL service...
[2026-04-04 01:24:19,113:MySQL_Database.py#L199:INFO]: Waiting for MySQL to become available...
[2026-04-04 01:24:19,143:MySQL_Database.py#L217:INFO]: MySQL is back up! (Took 0.03s)
[2026-04-04 01:24:19,143:MySQL_Database.py#L32:INFO]: Closed old MySQL connection.
[2026-04-04 01:24:19,199:MySQL_Database.py#L264:INFO]: Executing transpiled workload olap_workloads/job_97.wg (24 queries)...
[2026-04-04 01:27:29,443:MySQL_Database.py#L291:INFO]: Workload olap_workloads/job_97.wg executed successfully.
[2026-04-04 01:27:29,443:run_diverse_configs.py#L192:INFO]: Performance for config 2: 7.9268210875417635
[2026-04-04 01:27:29,443:run_diverse_configs.py#L123:INFO]: Running config 3/10 for job_97
[2026-04-04 01:27:29,443:MySQL_Database.py#L239:INFO]: Transpiling workload from PostgreSQL to MySQL syntax...
[2026-04-04 01:27:29,779:MySQL_Database.py#L79:INFO]: MySQL knobs persisted to mysqld-auto.cnf. Restarting to apply...
[2026-04-04 01:27:29,779:MySQL_Database.py#L189:INFO]: Restarting MySQL service...
[2026-04-04 01:27:35,819:MySQL_Database.py#L199:INFO]: Waiting for MySQL to become available...
[2026-04-04 01:27:35,849:MySQL_Database.py#L217:INFO]: MySQL is back up! (Took 0.03s)
[2026-04-04 01:27:35,849:MySQL_Database.py#L32:INFO]: Closed old MySQL connection.
[2026-04-04 01:27:35,905:MySQL_Database.py#L264:INFO]: Executing transpiled workload olap_workloads/job_97.wg (24 queries)...
[2026-04-04 01:31:33,428:MySQL_Database.py#L291:INFO]: Workload olap_workloads/job_97.wg executed successfully.
[2026-04-04 01:31:33,428:run_diverse_configs.py#L192:INFO]: Performance for config 3: 9.896762234708453
[2026-04-04 01:31:33,428:run_diverse_configs.py#L123:INFO]: Running config 4/10 for job_97
[2026-04-04 01:31:33,428:MySQL_Database.py#L239:INFO]: Transpiling workload from PostgreSQL to MySQL syntax...
[2026-04-04 01:31:33,756:MySQL_Database.py#L79:INFO]: MySQL knobs persisted to mysqld-auto.cnf. Restarting to apply...
[2026-04-04 01:31:33,757:MySQL_Database.py#L189:INFO]: Restarting MySQL service...
[2026-04-04 01:31:39,344:MySQL_Database.py#L199:INFO]: Waiting for MySQL to become available...
[2026-04-04 01:31:39,384:MySQL_Database.py#L217:INFO]: MySQL is back up! (Took 0.04s)
[2026-04-04 01:31:39,384:MySQL_Database.py#L32:INFO]: Closed old MySQL connection.
[2026-04-04 01:31:39,441:MySQL_Database.py#L264:INFO]: Executing transpiled workload olap_workloads/job_97.wg (24 queries)...
[2026-04-04 01:35:16,768:MySQL_Database.py#L291:INFO]: Workload olap_workloads/job_97.wg executed successfully.
[2026-04-04 01:35:16,768:run_diverse_configs.py#L192:INFO]: Performance for config 4: 9.055299016750118
[2026-04-04 01:35:16,768:run_diverse_configs.py#L123:INFO]: Running config 5/10 for job_97
[2026-04-04 01:35:16,769:MySQL_Database.py#L239:INFO]: Transpiling workload from PostgreSQL to MySQL syntax...
[2026-04-04 01:35:16,877:MySQL_Database.py#L79:INFO]: MySQL knobs persisted to mysqld-auto.cnf. Restarting to apply...
[2026-04-04 01:35:16,877:MySQL_Database.py#L189:INFO]: Restarting MySQL service...
[2026-04-04 01:35:21,660:MySQL_Database.py#L199:INFO]: Waiting for MySQL to become available...
[2026-04-04 01:35:21,692:MySQL_Database.py#L217:INFO]: MySQL is back up! (Took 0.03s)
[2026-04-04 01:35:21,692:MySQL_Database.py#L32:INFO]: Closed old MySQL connection.
[2026-04-04 01:35:21,749:MySQL_Database.py#L264:INFO]: Executing transpiled workload olap_workloads/job_97.wg (24 queries)...
[2026-04-04 01:48:30,459:MySQL_Database.py#L291:INFO]: Workload olap_workloads/job_97.wg executed successfully.
[2026-04-04 01:48:30,459:run_diverse_configs.py#L192:INFO]: Performance for config 5: 32.86288775966674
[2026-04-04 01:48:30,459:run_diverse_configs.py#L123:INFO]: Running config 6/10 for job_97
[2026-04-04 01:48:30,459:MySQL_Database.py#L239:INFO]: Transpiling workload from PostgreSQL to MySQL syntax...
[2026-04-04 01:48:30,562:MySQL_Database.py#L79:INFO]: MySQL knobs persisted to mysqld-auto.cnf. Restarting to apply...
[2026-04-04 01:48:30,562:MySQL_Database.py#L189:INFO]: Restarting MySQL service...
[2026-04-04 01:48:35,448:MySQL_Database.py#L199:INFO]: Waiting for MySQL to become available...
[2026-04-04 01:48:35,491:MySQL_Database.py#L217:INFO]: MySQL is back up! (Took 0.04s)
[2026-04-04 01:48:35,491:MySQL_Database.py#L32:INFO]: Closed old MySQL connection.
[2026-04-04 01:48:35,547:MySQL_Database.py#L264:INFO]: Executing transpiled workload olap_workloads/job_97.wg (24 queries)...
[2026-04-04 01:52:04,004:MySQL_Database.py#L291:INFO]: Workload olap_workloads/job_97.wg executed successfully.
[2026-04-04 01:52:04,004:run_diverse_configs.py#L192:INFO]: Performance for config 6: 8.685697672208335
[2026-04-04 01:52:04,004:run_diverse_configs.py#L123:INFO]: Running config 7/10 for job_97
[2026-04-04 01:52:04,004:MySQL_Database.py#L239:INFO]: Transpiling workload from PostgreSQL to MySQL syntax...
[2026-04-04 01:52:04,116:MySQL_Database.py#L79:INFO]: MySQL knobs persisted to mysqld-auto.cnf. Restarting to apply...
[2026-04-04 01:52:04,117:MySQL_Database.py#L189:INFO]: Restarting MySQL service...
[2026-04-04 01:52:08,246:MySQL_Database.py#L199:INFO]: Waiting for MySQL to become available...
[2026-04-04 01:52:08,281:MySQL_Database.py#L217:INFO]: MySQL is back up! (Took 0.04s)
[2026-04-04 01:52:08,281:MySQL_Database.py#L32:INFO]: Closed old MySQL connection.
[2026-04-04 01:52:08,337:MySQL_Database.py#L264:INFO]: Executing transpiled workload olap_workloads/job_97.wg (24 queries)...
[2026-04-04 02:05:53,921:MySQL_Database.py#L291:INFO]: Workload olap_workloads/job_97.wg executed successfully.
[2026-04-04 02:05:53,921:run_diverse_configs.py#L192:INFO]: Performance for config 7: 34.3993135026667
[2026-04-04 02:05:53,921:run_diverse_configs.py#L123:INFO]: Running config 8/10 for job_97
[2026-04-04 02:05:53,922:MySQL_Database.py#L239:INFO]: Transpiling workload from PostgreSQL to MySQL syntax...
[2026-04-04 02:05:54,027:MySQL_Database.py#L79:INFO]: MySQL knobs persisted to mysqld-auto.cnf. Restarting to apply...
[2026-04-04 02:05:54,027:MySQL_Database.py#L189:INFO]: Restarting MySQL service...
[2026-04-04 02:05:57,705:MySQL_Database.py#L199:INFO]: Waiting for MySQL to become available...
[2026-04-04 02:05:57,737:MySQL_Database.py#L217:INFO]: MySQL is back up! (Took 0.03s)
[2026-04-04 02:05:57,737:MySQL_Database.py#L32:INFO]: Closed old MySQL connection.
[2026-04-04 02:05:57,795:MySQL_Database.py#L264:INFO]: Executing transpiled workload olap_workloads/job_97.wg (24 queries)...
[2026-04-04 02:19:45,585:MySQL_Database.py#L291:INFO]: Workload olap_workloads/job_97.wg executed successfully.
[2026-04-04 02:19:45,585:run_diverse_configs.py#L192:INFO]: Performance for config 8: 34.49121689008325
[2026-04-04 02:19:45,585:run_diverse_configs.py#L123:INFO]: Running config 9/10 for job_97
[2026-04-04 02:19:45,585:MySQL_Database.py#L239:INFO]: Transpiling workload from PostgreSQL to MySQL syntax...
[2026-04-04 02:19:45,685:MySQL_Database.py#L79:INFO]: MySQL knobs persisted to mysqld-auto.cnf. Restarting to apply...
[2026-04-04 02:19:45,686:MySQL_Database.py#L189:INFO]: Restarting MySQL service...
[2026-04-04 02:19:49,816:MySQL_Database.py#L199:INFO]: Waiting for MySQL to become available...
[2026-04-04 02:19:49,850:MySQL_Database.py#L217:INFO]: MySQL is back up! (Took 0.03s)
[2026-04-04 02:19:49,850:MySQL_Database.py#L32:INFO]: Closed old MySQL connection.
[2026-04-04 02:19:49,907:MySQL_Database.py#L264:INFO]: Executing transpiled workload olap_workloads/job_97.wg (24 queries)...
[2026-04-04 02:33:35,209:MySQL_Database.py#L291:INFO]: Workload olap_workloads/job_97.wg executed successfully.
[2026-04-04 02:33:35,209:run_diverse_configs.py#L192:INFO]: Performance for config 9: 34.3875815226667
[2026-04-04 02:33:35,210:run_diverse_configs.py#L123:INFO]: Running config 10/10 for job_97
[2026-04-04 02:33:35,210:MySQL_Database.py#L239:INFO]: Transpiling workload from PostgreSQL to MySQL syntax...
[2026-04-04 02:33:35,318:MySQL_Database.py#L79:INFO]: MySQL knobs persisted to mysqld-auto.cnf. Restarting to apply...
[2026-04-04 02:33:35,319:MySQL_Database.py#L189:INFO]: Restarting MySQL service...
[2026-04-04 02:33:39,801:MySQL_Database.py#L199:INFO]: Waiting for MySQL to become available...
[2026-04-04 02:33:39,861:MySQL_Database.py#L217:INFO]: MySQL is back up! (Took 0.06s)
[2026-04-04 02:33:39,861:MySQL_Database.py#L32:INFO]: Closed old MySQL connection.
[2026-04-04 02:33:39,974:MySQL_Database.py#L264:INFO]: Executing transpiled workload olap_workloads/job_97.wg (24 queries)...
[2026-04-04 02:37:01,069:MySQL_Database.py#L291:INFO]: Workload olap_workloads/job_97.wg executed successfully.
[2026-04-04 02:37:01,069:run_diverse_configs.py#L192:INFO]: Performance for config 10: 8.378948654958398
[2026-04-04 02:37:01,069:run_diverse_configs.py#L115:INFO]: Running 10 configs for job_161
[2026-04-04 02:37:01,069:run_diverse_configs.py#L123:INFO]: Running config 1/10 for job_161
[2026-04-04 02:37:01,070:MySQL_Database.py#L239:INFO]: Transpiling workload from PostgreSQL to MySQL syntax...
[2026-04-04 02:37:01,165:MySQL_Database.py#L79:INFO]: MySQL knobs persisted to mysqld-auto.cnf. Restarting to apply...
[2026-04-04 02:37:01,165:MySQL_Database.py#L189:INFO]: Restarting MySQL service...
[2026-04-04 02:37:06,247:MySQL_Database.py#L199:INFO]: Waiting for MySQL to become available...
[2026-04-04 02:37:06,286:MySQL_Database.py#L217:INFO]: MySQL is back up! (Took 0.04s)
[2026-04-04 02:37:06,286:MySQL_Database.py#L32:INFO]: Closed old MySQL connection.
[2026-04-04 02:37:06,343:MySQL_Database.py#L264:INFO]: Executing transpiled workload olap_workloads/job_161.wg (13 queries)...
[2026-04-04 02:46:13,970:MySQL_Database.py#L291:INFO]: Workload olap_workloads/job_161.wg executed successfully.
[2026-04-04 02:46:13,970:run_diverse_configs.py#L192:INFO]: Performance for config 1: 42.125115376769266
[2026-04-04 02:46:13,970:run_diverse_configs.py#L123:INFO]: Running config 2/10 for job_161
[2026-04-04 02:46:13,971:MySQL_Database.py#L239:INFO]: Transpiling workload from PostgreSQL to MySQL syntax...
[2026-04-04 02:46:14,067:MySQL_Database.py#L79:INFO]: MySQL knobs persisted to mysqld-auto.cnf. Restarting to apply...
[2026-04-04 02:46:14,068:MySQL_Database.py#L189:INFO]: Restarting MySQL service...
[2026-04-04 02:46:19,753:MySQL_Database.py#L199:INFO]: Waiting for MySQL to become available...
[2026-04-04 02:46:19,783:MySQL_Database.py#L217:INFO]: MySQL is back up! (Took 0.03s)
[2026-04-04 02:46:19,783:MySQL_Database.py#L32:INFO]: Closed old MySQL connection.
[2026-04-04 02:46:19,839:MySQL_Database.py#L264:INFO]: Executing transpiled workload olap_workloads/job_161.wg (13 queries)...
[2026-04-04 02:54:36,814:MySQL_Database.py#L291:INFO]: Workload olap_workloads/job_161.wg executed successfully.
[2026-04-04 02:54:36,814:run_diverse_configs.py#L192:INFO]: Performance for config 2: 38.22880165807706
[2026-04-04 02:54:36,814:run_diverse_configs.py#L123:INFO]: Running config 3/10 for job_161
[2026-04-04 02:54:36,814:MySQL_Database.py#L239:INFO]: Transpiling workload from PostgreSQL to MySQL syntax...
[2026-04-04 02:54:36,913:MySQL_Database.py#L79:INFO]: MySQL knobs persisted to mysqld-auto.cnf. Restarting to apply...
[2026-04-04 02:54:36,913:MySQL_Database.py#L189:INFO]: Restarting MySQL service...
[2026-04-04 02:54:41,896:MySQL_Database.py#L199:INFO]: Waiting for MySQL to become available...
[2026-04-04 02:54:41,955:MySQL_Database.py#L217:INFO]: MySQL is back up! (Took 0.06s)
[2026-04-04 02:54:41,956:MySQL_Database.py#L32:INFO]: Closed old MySQL connection.
[2026-04-04 02:54:42,070:MySQL_Database.py#L264:INFO]: Executing transpiled workload olap_workloads/job_161.wg (13 queries)...
[2026-04-04 03:02:50,482:MySQL_Database.py#L291:INFO]: Workload olap_workloads/job_161.wg executed successfully.
[2026-04-04 03:02:50,482:run_diverse_configs.py#L192:INFO]: Performance for config 3: 37.570115270153806
[2026-04-04 03:02:50,482:run_diverse_configs.py#L123:INFO]: Running config 4/10 for job_161
[2026-04-04 03:02:50,482:MySQL_Database.py#L239:INFO]: Transpiling workload from PostgreSQL to MySQL syntax...
[2026-04-04 03:02:50,578:MySQL_Database.py#L79:INFO]: MySQL knobs persisted to mysqld-auto.cnf. Restarting to apply...
[2026-04-04 03:02:50,578:MySQL_Database.py#L189:INFO]: Restarting MySQL service...
[2026-04-04 03:02:54,807:MySQL_Database.py#L199:INFO]: Waiting for MySQL to become available...
[2026-04-04 03:02:54,838:MySQL_Database.py#L217:INFO]: MySQL is back up! (Took 0.03s)
[2026-04-04 03:02:54,838:MySQL_Database.py#L32:INFO]: Closed old MySQL connection.
[2026-04-04 03:02:54,894:MySQL_Database.py#L264:INFO]: Executing transpiled workload olap_workloads/job_161.wg (13 queries)...
[2026-04-04 03:13:35,579:MySQL_Database.py#L291:INFO]: Workload olap_workloads/job_161.wg executed successfully.
[2026-04-04 03:13:35,579:run_diverse_configs.py#L192:INFO]: Performance for config 4: 49.283427090461586
[2026-04-04 03:13:35,581:run_diverse_configs.py#L123:INFO]: Running config 5/10 for job_161
[2026-04-04 03:13:35,582:MySQL_Database.py#L239:INFO]: Transpiling workload from PostgreSQL to MySQL syntax...
[2026-04-04 03:13:35,674:MySQL_Database.py#L79:INFO]: MySQL knobs persisted to mysqld-auto.cnf. Restarting to apply...
[2026-04-04 03:13:35,675:MySQL_Database.py#L189:INFO]: Restarting MySQL service...
[2026-04-04 03:13:40,359:MySQL_Database.py#L199:INFO]: Waiting for MySQL to become available...
[2026-04-04 03:13:40,389:MySQL_Database.py#L217:INFO]: MySQL is back up! (Took 0.03s)
[2026-04-04 03:13:40,390:MySQL_Database.py#L32:INFO]: Closed old MySQL connection.
[2026-04-04 03:13:40,446:MySQL_Database.py#L264:INFO]: Executing transpiled workload olap_workloads/job_161.wg (13 queries)...
[2026-04-04 03:22:19,614:MySQL_Database.py#L291:INFO]: Workload olap_workloads/job_161.wg executed successfully.
[2026-04-04 03:22:19,614:run_diverse_configs.py#L192:INFO]: Performance for config 5: 39.9359877597694
[2026-04-04 03:22:19,614:run_diverse_configs.py#L123:INFO]: Running config 6/10 for job_161
[2026-04-04 03:22:19,615:MySQL_Database.py#L239:INFO]: Transpiling workload from PostgreSQL to MySQL syntax...
[2026-04-04 03:22:19,713:MySQL_Database.py#L79:INFO]: MySQL knobs persisted to mysqld-auto.cnf. Restarting to apply...
[2026-04-04 03:22:19,713:MySQL_Database.py#L189:INFO]: Restarting MySQL service...
[2026-04-04 03:22:24,896:MySQL_Database.py#L199:INFO]: Waiting for MySQL to become available...
[2026-04-04 03:22:24,945:MySQL_Database.py#L217:INFO]: MySQL is back up! (Took 0.05s)
[2026-04-04 03:22:24,946:MySQL_Database.py#L32:INFO]: Closed old MySQL connection.
[2026-04-04 03:22:25,047:MySQL_Database.py#L264:INFO]: Executing transpiled workload olap_workloads/job_161.wg (13 queries)...
[2026-04-04 03:30:35,788:MySQL_Database.py#L291:INFO]: Workload olap_workloads/job_161.wg executed successfully.
[2026-04-04 03:30:35,788:run_diverse_configs.py#L192:INFO]: Performance for config 6: 37.74925431669264
[2026-04-04 03:30:35,788:run_diverse_configs.py#L123:INFO]: Running config 7/10 for job_161
[2026-04-04 03:30:35,788:MySQL_Database.py#L239:INFO]: Transpiling workload from PostgreSQL to MySQL syntax...
[2026-04-04 03:30:36,094:MySQL_Database.py#L79:INFO]: MySQL knobs persisted to mysqld-auto.cnf. Restarting to apply...
[2026-04-04 03:30:36,095:MySQL_Database.py#L189:INFO]: Restarting MySQL service...
[2026-04-04 03:30:42,382:MySQL_Database.py#L199:INFO]: Waiting for MySQL to become available...
[2026-04-04 03:30:42,412:MySQL_Database.py#L217:INFO]: MySQL is back up! (Took 0.03s)
[2026-04-04 03:30:42,412:MySQL_Database.py#L32:INFO]: Closed old MySQL connection.
[2026-04-04 03:30:42,467:MySQL_Database.py#L264:INFO]: Executing transpiled workload olap_workloads/job_161.wg (13 queries)...
[2026-04-04 03:39:09,913:MySQL_Database.py#L291:INFO]: Workload olap_workloads/job_161.wg executed successfully.
[2026-04-04 03:39:09,913:run_diverse_configs.py#L192:INFO]: Performance for config 7: 39.03431058692289
[2026-04-04 03:39:09,918:run_diverse_configs.py#L123:INFO]: Running config 8/10 for job_161
[2026-04-04 03:39:09,918:MySQL_Database.py#L239:INFO]: Transpiling workload from PostgreSQL to MySQL syntax...
[2026-04-04 03:39:10,011:MySQL_Database.py#L79:INFO]: MySQL knobs persisted to mysqld-auto.cnf. Restarting to apply...
[2026-04-04 03:39:10,011:MySQL_Database.py#L189:INFO]: Restarting MySQL service...
[2026-04-04 03:39:15,598:MySQL_Database.py#L199:INFO]: Waiting for MySQL to become available...
[2026-04-04 03:39:15,629:MySQL_Database.py#L217:INFO]: MySQL is back up! (Took 0.03s)
[2026-04-04 03:39:15,629:MySQL_Database.py#L32:INFO]: Closed old MySQL connection.
[2026-04-04 03:39:15,685:MySQL_Database.py#L264:INFO]: Executing transpiled workload olap_workloads/job_161.wg (13 queries)...
[2026-04-04 03:47:20,897:MySQL_Database.py#L291:INFO]: Workload olap_workloads/job_161.wg executed successfully.
[2026-04-04 03:47:20,897:run_diverse_configs.py#L192:INFO]: Performance for config 8: 37.323995076230716
[2026-04-04 03:47:20,897:run_diverse_configs.py#L123:INFO]: Running config 9/10 for job_161
[2026-04-04 03:47:20,898:MySQL_Database.py#L239:INFO]: Transpiling workload from PostgreSQL to MySQL syntax...
[2026-04-04 03:47:21,215:MySQL_Database.py#L79:INFO]: MySQL knobs persisted to mysqld-auto.cnf. Restarting to apply...
[2026-04-04 03:47:21,216:MySQL_Database.py#L189:INFO]: Restarting MySQL service...
[2026-04-04 03:47:26,901:MySQL_Database.py#L199:INFO]: Waiting for MySQL to become available...
[2026-04-04 03:47:26,943:MySQL_Database.py#L217:INFO]: MySQL is back up! (Took 0.04s)
[2026-04-04 03:47:26,944:MySQL_Database.py#L32:INFO]: Closed old MySQL connection.
[2026-04-04 03:47:26,999:MySQL_Database.py#L264:INFO]: Executing transpiled workload olap_workloads/job_161.wg (13 queries)...
[2026-04-04 03:56:03,535:MySQL_Database.py#L291:INFO]: Workload olap_workloads/job_161.wg executed successfully.
[2026-04-04 03:56:03,536:run_diverse_configs.py#L192:INFO]: Performance for config 9: 39.73353509276953
[2026-04-04 03:56:03,536:run_diverse_configs.py#L123:INFO]: Running config 10/10 for job_161
[2026-04-04 03:56:03,536:MySQL_Database.py#L239:INFO]: Transpiling workload from PostgreSQL to MySQL syntax...
[2026-04-04 03:56:03,633:MySQL_Database.py#L79:INFO]: MySQL knobs persisted to mysqld-auto.cnf. Restarting to apply...
[2026-04-04 03:56:03,633:MySQL_Database.py#L189:INFO]: Restarting MySQL service...
[2026-04-04 03:56:09,116:MySQL_Database.py#L199:INFO]: Waiting for MySQL to become available...
[2026-04-04 03:56:09,146:MySQL_Database.py#L217:INFO]: MySQL is back up! (Took 0.03s)
[2026-04-04 03:56:09,147:MySQL_Database.py#L32:INFO]: Closed old MySQL connection.
[2026-04-04 03:56:09,202:MySQL_Database.py#L264:INFO]: Executing transpiled workload olap_workloads/job_161.wg (13 queries)...
[2026-04-04 04:04:19,589:MySQL_Database.py#L291:INFO]: Workload olap_workloads/job_161.wg executed successfully.
[2026-04-04 04:04:19,590:run_diverse_configs.py#L192:INFO]: Performance for config 10: 37.72205796853814
[2026-04-04 04:04:19,590:run_diverse_configs.py#L115:INFO]: Running 10 configs for job_68
[2026-04-04 04:04:19,590:run_diverse_configs.py#L123:INFO]: Running config 1/10 for job_68
[2026-04-04 04:04:19,591:MySQL_Database.py#L239:INFO]: Transpiling workload from PostgreSQL to MySQL syntax...
[2026-04-04 04:04:19,681:MySQL_Database.py#L79:INFO]: MySQL knobs persisted to mysqld-auto.cnf. Restarting to apply...
[2026-04-04 04:04:19,681:MySQL_Database.py#L189:INFO]: Restarting MySQL service...
[2026-04-04 04:04:24,814:MySQL_Database.py#L199:INFO]: Waiting for MySQL to become available...
[2026-04-04 04:04:24,845:MySQL_Database.py#L217:INFO]: MySQL is back up! (Took 0.03s)
[2026-04-04 04:04:24,845:MySQL_Database.py#L32:INFO]: Closed old MySQL connection.
[2026-04-04 04:04:24,902:MySQL_Database.py#L264:INFO]: Executing transpiled workload olap_workloads/job_68.wg (10 queries)...
[2026-04-04 04:10:18,035:MySQL_Database.py#L291:INFO]: Workload olap_workloads/job_68.wg executed successfully.
[2026-04-04 04:10:18,036:run_diverse_configs.py#L192:INFO]: Performance for config 1: 35.31330375489997
[2026-04-04 04:10:18,036:run_diverse_configs.py#L123:INFO]: Running config 2/10 for job_68
[2026-04-04 04:10:18,036:MySQL_Database.py#L239:INFO]: Transpiling workload from PostgreSQL to MySQL syntax...
[2026-04-04 04:10:18,128:MySQL_Database.py#L79:INFO]: MySQL knobs persisted to mysqld-auto.cnf. Restarting to apply...
[2026-04-04 04:10:18,128:MySQL_Database.py#L189:INFO]: Restarting MySQL service...
[2026-04-04 04:10:22,859:MySQL_Database.py#L199:INFO]: Waiting for MySQL to become available...
[2026-04-04 04:10:22,894:MySQL_Database.py#L217:INFO]: MySQL is back up! (Took 0.03s)
[2026-04-04 04:10:22,894:MySQL_Database.py#L32:INFO]: Closed old MySQL connection.
[2026-04-04 04:10:22,951:MySQL_Database.py#L264:INFO]: Executing transpiled workload olap_workloads/job_68.wg (10 queries)...
[2026-04-04 04:20:30,898:MySQL_Database.py#L291:INFO]: Workload olap_workloads/job_68.wg executed successfully.
[2026-04-04 04:20:30,899:run_diverse_configs.py#L192:INFO]: Performance for config 2: 60.79469969540005
[2026-04-04 04:20:30,899:run_diverse_configs.py#L123:INFO]: Running config 3/10 for job_68
[2026-04-04 04:20:30,899:MySQL_Database.py#L239:INFO]: Transpiling workload from PostgreSQL to MySQL syntax...
[2026-04-04 04:20:31,006:MySQL_Database.py#L79:INFO]: MySQL knobs persisted to mysqld-auto.cnf. Restarting to apply...
[2026-04-04 04:20:31,006:MySQL_Database.py#L189:INFO]: Restarting MySQL service...
[2026-04-04 04:20:35,238:MySQL_Database.py#L199:INFO]: Waiting for MySQL to become available...
[2026-04-04 04:20:35,280:MySQL_Database.py#L217:INFO]: MySQL is back up! (Took 0.04s)
[2026-04-04 04:20:35,281:MySQL_Database.py#L32:INFO]: Closed old MySQL connection.
[2026-04-04 04:20:35,337:MySQL_Database.py#L264:INFO]: Executing transpiled workload olap_workloads/job_68.wg (10 queries)...
[2026-04-04 04:27:49,242:MySQL_Database.py#L291:INFO]: Workload olap_workloads/job_68.wg executed successfully.
[2026-04-04 04:27:49,242:run_diverse_configs.py#L192:INFO]: Performance for config 3: 43.390465689700065
[2026-04-04 04:27:49,242:run_diverse_configs.py#L123:INFO]: Running config 4/10 for job_68
[2026-04-04 04:27:49,242:MySQL_Database.py#L239:INFO]: Transpiling workload from PostgreSQL to MySQL syntax...
[2026-04-04 04:27:49,518:MySQL_Database.py#L79:INFO]: MySQL knobs persisted to mysqld-auto.cnf. Restarting to apply...
[2026-04-04 04:27:49,518:MySQL_Database.py#L189:INFO]: Restarting MySQL service...
[2026-04-04 04:27:54,903:MySQL_Database.py#L199:INFO]: Waiting for MySQL to become available...
[2026-04-04 04:27:54,933:MySQL_Database.py#L217:INFO]: MySQL is back up! (Took 0.03s)
[2026-04-04 04:27:54,933:MySQL_Database.py#L32:INFO]: Closed old MySQL connection.
[2026-04-04 04:27:54,989:MySQL_Database.py#L264:INFO]: Executing transpiled workload olap_workloads/job_68.wg (10 queries)...
[2026-04-04 04:34:44,022:MySQL_Database.py#L291:INFO]: Workload olap_workloads/job_68.wg executed successfully.
[2026-04-04 04:34:44,022:run_diverse_configs.py#L192:INFO]: Performance for config 4: 40.90324340440056
[2026-04-04 04:34:44,022:run_diverse_configs.py#L123:INFO]: Running config 5/10 for job_68
[2026-04-04 04:34:44,022:MySQL_Database.py#L239:INFO]: Transpiling workload from PostgreSQL to MySQL syntax...
[2026-04-04 04:34:44,324:MySQL_Database.py#L79:INFO]: MySQL knobs persisted to mysqld-auto.cnf. Restarting to apply...
[2026-04-04 04:34:44,325:MySQL_Database.py#L189:INFO]: Restarting MySQL service...
[2026-04-04 04:34:51,015:MySQL_Database.py#L199:INFO]: Waiting for MySQL to become available...
[2026-04-04 04:34:51,048:MySQL_Database.py#L217:INFO]: MySQL is back up! (Took 0.03s)
[2026-04-04 04:34:51,048:MySQL_Database.py#L32:INFO]: Closed old MySQL connection.
[2026-04-04 04:34:51,108:MySQL_Database.py#L264:INFO]: Executing transpiled workload olap_workloads/job_68.wg (10 queries)...
[2026-04-04 04:41:35,254:MySQL_Database.py#L291:INFO]: Workload olap_workloads/job_68.wg executed successfully.
[2026-04-04 04:41:35,254:run_diverse_configs.py#L192:INFO]: Performance for config 5: 40.41461572289991
[2026-04-04 04:41:35,254:run_diverse_configs.py#L123:INFO]: Running config 6/10 for job_68
[2026-04-04 04:41:35,255:MySQL_Database.py#L239:INFO]: Transpiling workload from PostgreSQL to MySQL syntax...
[2026-04-04 04:41:35,350:MySQL_Database.py#L79:INFO]: MySQL knobs persisted to mysqld-auto.cnf. Restarting to apply...
[2026-04-04 04:41:35,350:MySQL_Database.py#L189:INFO]: Restarting MySQL service...
[2026-04-04 04:41:41,388:MySQL_Database.py#L199:INFO]: Waiting for MySQL to become available...
[2026-04-04 04:41:41,418:MySQL_Database.py#L217:INFO]: MySQL is back up! (Took 0.03s)
[2026-04-04 04:41:41,419:MySQL_Database.py#L32:INFO]: Closed old MySQL connection.
[2026-04-04 04:41:41,475:MySQL_Database.py#L264:INFO]: Executing transpiled workload olap_workloads/job_68.wg (10 queries)...
[2026-04-04 04:47:35,478:MySQL_Database.py#L291:INFO]: Workload olap_workloads/job_68.wg executed successfully.
[2026-04-04 04:47:35,478:run_diverse_configs.py#L192:INFO]: Performance for config 6: 35.40032356230004
[2026-04-04 04:47:35,478:run_diverse_configs.py#L123:INFO]: Running config 7/10 for job_68
[2026-04-04 04:47:35,479:MySQL_Database.py#L239:INFO]: Transpiling workload from PostgreSQL to MySQL syntax...
[2026-04-04 04:47:35,563:MySQL_Database.py#L79:INFO]: MySQL knobs persisted to mysqld-auto.cnf. Restarting to apply...
[2026-04-04 04:47:35,563:MySQL_Database.py#L189:INFO]: Restarting MySQL service...
[2026-04-04 04:47:40,596:MySQL_Database.py#L199:INFO]: Waiting for MySQL to become available...
[2026-04-04 04:47:40,626:MySQL_Database.py#L217:INFO]: MySQL is back up! (Took 0.03s)
[2026-04-04 04:47:40,626:MySQL_Database.py#L32:INFO]: Closed old MySQL connection.
[2026-04-04 04:47:40,682:MySQL_Database.py#L264:INFO]: Executing transpiled workload olap_workloads/job_68.wg (10 queries)...
[2026-04-04 04:53:56,510:MySQL_Database.py#L291:INFO]: Workload olap_workloads/job_68.wg executed successfully.
[2026-04-04 04:53:56,511:run_diverse_configs.py#L192:INFO]: Performance for config 7: 37.58280001700041
[2026-04-04 04:53:56,511:run_diverse_configs.py#L123:INFO]: Running config 8/10 for job_68
[2026-04-04 04:53:56,511:MySQL_Database.py#L239:INFO]: Transpiling workload from PostgreSQL to MySQL syntax...
[2026-04-04 04:53:56,786:MySQL_Database.py#L79:INFO]: MySQL knobs persisted to mysqld-auto.cnf. Restarting to apply...
[2026-04-04 04:53:56,786:MySQL_Database.py#L189:INFO]: Restarting MySQL service...
[2026-04-04 04:54:03,073:MySQL_Database.py#L199:INFO]: Waiting for MySQL to become available...
[2026-04-04 04:54:03,105:MySQL_Database.py#L217:INFO]: MySQL is back up! (Took 0.03s)
[2026-04-04 04:54:03,105:MySQL_Database.py#L32:INFO]: Closed old MySQL connection.
[2026-04-04 04:54:03,161:MySQL_Database.py#L264:INFO]: Executing transpiled workload olap_workloads/job_68.wg (10 queries)...
[2026-04-04 04:59:53,260:MySQL_Database.py#L291:INFO]: Workload olap_workloads/job_68.wg executed successfully.
[2026-04-04 04:59:53,260:run_diverse_configs.py#L192:INFO]: Performance for config 8: 35.00981610630042
[2026-04-04 04:59:53,260:run_diverse_configs.py#L123:INFO]: Running config 9/10 for job_68
[2026-04-04 04:59:53,260:MySQL_Database.py#L239:INFO]: Transpiling workload from PostgreSQL to MySQL syntax...
[2026-04-04 04:59:53,570:MySQL_Database.py#L79:INFO]: MySQL knobs persisted to mysqld-auto.cnf. Restarting to apply...
[2026-04-04 04:59:53,571:MySQL_Database.py#L189:INFO]: Restarting MySQL service...
[2026-04-04 05:00:00,060:MySQL_Database.py#L199:INFO]: Waiting for MySQL to become available...
[2026-04-04 05:00:00,096:MySQL_Database.py#L217:INFO]: MySQL is back up! (Took 0.04s)
[2026-04-04 05:00:00,097:MySQL_Database.py#L32:INFO]: Closed old MySQL connection.
[2026-04-04 05:00:00,152:MySQL_Database.py#L264:INFO]: Executing transpiled workload olap_workloads/job_68.wg (10 queries)...
[2026-04-04 05:05:55,839:MySQL_Database.py#L291:INFO]: Workload olap_workloads/job_68.wg executed successfully.
[2026-04-04 05:05:55,839:run_diverse_configs.py#L192:INFO]: Performance for config 9: 35.568601235000095
[2026-04-04 05:05:55,839:run_diverse_configs.py#L123:INFO]: Running config 10/10 for job_68
[2026-04-04 05:05:55,839:MySQL_Database.py#L239:INFO]: Transpiling workload from PostgreSQL to MySQL syntax...
[2026-04-04 05:05:55,922:MySQL_Database.py#L79:INFO]: MySQL knobs persisted to mysqld-auto.cnf. Restarting to apply...
[2026-04-04 05:05:55,923:MySQL_Database.py#L189:INFO]: Restarting MySQL service...
[2026-04-04 05:06:01,158:MySQL_Database.py#L199:INFO]: Waiting for MySQL to become available...
[2026-04-04 05:06:01,201:MySQL_Database.py#L217:INFO]: MySQL is back up! (Took 0.04s)
[2026-04-04 05:06:01,202:MySQL_Database.py#L32:INFO]: Closed old MySQL connection.
[2026-04-04 05:06:01,259:MySQL_Database.py#L264:INFO]: Executing transpiled workload olap_workloads/job_68.wg (10 queries)...
[2026-04-04 05:12:33,265:MySQL_Database.py#L291:INFO]: Workload olap_workloads/job_68.wg executed successfully.
[2026-04-04 05:12:33,265:run_diverse_configs.py#L192:INFO]: Performance for config 10: 39.20058966810029
[2026-04-04 05:12:33,265:run_diverse_configs.py#L115:INFO]: Running 10 configs for job_134
[2026-04-04 05:12:33,265:run_diverse_configs.py#L123:INFO]: Running config 1/10 for job_134
[2026-04-04 05:12:33,266:MySQL_Database.py#L239:INFO]: Transpiling workload from PostgreSQL to MySQL syntax...
[2026-04-04 05:12:33,358:MySQL_Database.py#L79:INFO]: MySQL knobs persisted to mysqld-auto.cnf. Restarting to apply...
[2026-04-04 05:12:33,358:MySQL_Database.py#L189:INFO]: Restarting MySQL service...
[2026-04-04 05:12:38,190:MySQL_Database.py#L199:INFO]: Waiting for MySQL to become available...
[2026-04-04 05:12:38,226:MySQL_Database.py#L217:INFO]: MySQL is back up! (Took 0.04s)
[2026-04-04 05:12:38,226:MySQL_Database.py#L32:INFO]: Closed old MySQL connection.
[2026-04-04 05:12:38,283:MySQL_Database.py#L264:INFO]: Executing transpiled workload olap_workloads/job_134.wg (14 queries)...
[2026-04-04 05:21:59,820:MySQL_Database.py#L291:INFO]: Workload olap_workloads/job_134.wg executed successfully.
[2026-04-04 05:21:59,820:run_diverse_configs.py#L192:INFO]: Performance for config 1: 40.109764631714434
[2026-04-04 05:21:59,820:run_diverse_configs.py#L123:INFO]: Running config 2/10 for job_134
[2026-04-04 05:21:59,820:MySQL_Database.py#L239:INFO]: Transpiling workload from PostgreSQL to MySQL syntax...
[2026-04-04 05:21:59,917:MySQL_Database.py#L79:INFO]: MySQL knobs persisted to mysqld-auto.cnf. Restarting to apply...
[2026-04-04 05:21:59,917:MySQL_Database.py#L189:INFO]: Restarting MySQL service...
[2026-04-04 05:22:03,897:MySQL_Database.py#L199:INFO]: Waiting for MySQL to become available...
[2026-04-04 05:22:03,929:MySQL_Database.py#L217:INFO]: MySQL is back up! (Took 0.03s)
[2026-04-04 05:22:03,929:MySQL_Database.py#L32:INFO]: Closed old MySQL connection.
[2026-04-04 05:22:03,985:MySQL_Database.py#L264:INFO]: Executing transpiled workload olap_workloads/job_134.wg (14 queries)...
[2026-04-04 05:31:06,819:MySQL_Database.py#L291:INFO]: Workload olap_workloads/job_134.wg executed successfully.
[2026-04-04 05:31:06,819:run_diverse_configs.py#L192:INFO]: Performance for config 2: 38.773806970071746
[2026-04-04 05:31:06,819:run_diverse_configs.py#L123:INFO]: Running config 3/10 for job_134
[2026-04-04 05:31:06,819:MySQL_Database.py#L239:INFO]: Transpiling workload from PostgreSQL to MySQL syntax...
[2026-04-04 05:31:06,915:MySQL_Database.py#L79:INFO]: MySQL knobs persisted to mysqld-auto.cnf. Restarting to apply...
[2026-04-04 05:31:06,915:MySQL_Database.py#L189:INFO]: Restarting MySQL service...
[2026-04-04 05:31:11,897:MySQL_Database.py#L199:INFO]: Waiting for MySQL to become available...
[2026-04-04 05:31:11,934:MySQL_Database.py#L217:INFO]: MySQL is back up! (Took 0.04s)
[2026-04-04 05:31:11,935:MySQL_Database.py#L32:INFO]: Closed old MySQL connection.
[2026-04-04 05:31:11,991:MySQL_Database.py#L264:INFO]: Executing transpiled workload olap_workloads/job_134.wg (14 queries)...
[2026-04-04 05:39:51,511:MySQL_Database.py#L291:INFO]: Workload olap_workloads/job_134.wg executed successfully.
[2026-04-04 05:39:51,511:run_diverse_configs.py#L192:INFO]: Performance for config 3: 37.10855989064294
[2026-04-04 05:39:51,511:run_diverse_configs.py#L123:INFO]: Running config 4/10 for job_134
[2026-04-04 05:39:51,511:MySQL_Database.py#L239:INFO]: Transpiling workload from PostgreSQL to MySQL syntax...
[2026-04-04 05:39:51,600:MySQL_Database.py#L79:INFO]: MySQL knobs persisted to mysqld-auto.cnf. Restarting to apply...
[2026-04-04 05:39:51,600:MySQL_Database.py#L189:INFO]: Restarting MySQL service...
[2026-04-04 05:39:55,831:MySQL_Database.py#L199:INFO]: Waiting for MySQL to become available...
[2026-04-04 05:39:55,862:MySQL_Database.py#L217:INFO]: MySQL is back up! (Took 0.03s)
[2026-04-04 05:39:55,862:MySQL_Database.py#L32:INFO]: Closed old MySQL connection.
[2026-04-04 05:39:55,940:MySQL_Database.py#L264:INFO]: Executing transpiled workload olap_workloads/job_134.wg (14 queries)...
[2026-04-04 05:48:40,525:MySQL_Database.py#L291:INFO]: Workload olap_workloads/job_134.wg executed successfully.
[2026-04-04 05:48:40,525:run_diverse_configs.py#L192:INFO]: Performance for config 4: 37.4702957263575
[2026-04-04 05:48:40,525:run_diverse_configs.py#L123:INFO]: Running config 5/10 for job_134
[2026-04-04 05:48:40,525:MySQL_Database.py#L239:INFO]: Transpiling workload from PostgreSQL to MySQL syntax...
[2026-04-04 05:48:40,826:MySQL_Database.py#L79:INFO]: MySQL knobs persisted to mysqld-auto.cnf. Restarting to apply...
[2026-04-04 05:48:40,826:MySQL_Database.py#L189:INFO]: Restarting MySQL service...
[2026-04-04 05:48:47,365:MySQL_Database.py#L199:INFO]: Waiting for MySQL to become available...
[2026-04-04 05:48:47,406:MySQL_Database.py#L217:INFO]: MySQL is back up! (Took 0.04s)
[2026-04-04 05:48:47,407:MySQL_Database.py#L32:INFO]: Closed old MySQL connection.
[2026-04-04 05:48:47,462:MySQL_Database.py#L264:INFO]: Executing transpiled workload olap_workloads/job_134.wg (14 queries)...
[2026-04-04 05:55:43,598:MySQL_Database.py#L291:INFO]: Workload olap_workloads/job_134.wg executed successfully.
[2026-04-04 05:55:43,598:run_diverse_configs.py#L192:INFO]: Performance for config 5: 29.72397891635722
[2026-04-04 05:55:43,598:run_diverse_configs.py#L123:INFO]: Running config 6/10 for job_134
[2026-04-04 05:55:43,598:MySQL_Database.py#L239:INFO]: Transpiling workload from PostgreSQL to MySQL syntax...
[2026-04-04 05:55:43,891:MySQL_Database.py#L79:INFO]: MySQL knobs persisted to mysqld-auto.cnf. Restarting to apply...
[2026-04-04 05:55:43,891:MySQL_Database.py#L189:INFO]: Restarting MySQL service...
[2026-04-04 05:55:50,430:MySQL_Database.py#L199:INFO]: Waiting for MySQL to become available...
[2026-04-04 05:55:50,461:MySQL_Database.py#L217:INFO]: MySQL is back up! (Took 0.03s)
[2026-04-04 05:55:50,461:MySQL_Database.py#L32:INFO]: Closed old MySQL connection.
[2026-04-04 05:55:50,518:MySQL_Database.py#L264:INFO]: Executing transpiled workload olap_workloads/job_134.wg (14 queries)...
[2026-04-04 06:04:39,590:MySQL_Database.py#L291:INFO]: Workload olap_workloads/job_134.wg executed successfully.
[2026-04-04 06:04:39,591:run_diverse_configs.py#L192:INFO]: Performance for config 6: 37.7909069500004
[2026-04-04 06:04:39,591:run_diverse_configs.py#L123:INFO]: Running config 7/10 for job_134
[2026-04-04 06:04:39,591:MySQL_Database.py#L239:INFO]: Transpiling workload from PostgreSQL to MySQL syntax...
[2026-04-04 06:04:39,919:MySQL_Database.py#L79:INFO]: MySQL knobs persisted to mysqld-auto.cnf. Restarting to apply...
[2026-04-04 06:04:39,919:MySQL_Database.py#L189:INFO]: Restarting MySQL service...
[2026-04-04 06:04:46,006:MySQL_Database.py#L199:INFO]: Waiting for MySQL to become available...
[2026-04-04 06:04:46,066:MySQL_Database.py#L217:INFO]: MySQL is back up! (Took 0.06s)
[2026-04-04 06:04:46,066:MySQL_Database.py#L32:INFO]: Closed old MySQL connection.
[2026-04-04 06:04:46,122:MySQL_Database.py#L264:INFO]: Executing transpiled workload olap_workloads/job_134.wg (14 queries)...
[2026-04-04 06:14:21,067:MySQL_Database.py#L291:INFO]: Workload olap_workloads/job_134.wg executed successfully.
[2026-04-04 06:14:21,067:run_diverse_configs.py#L192:INFO]: Performance for config 7: 41.06748189649962
[2026-04-04 06:14:21,067:run_diverse_configs.py#L123:INFO]: Running config 8/10 for job_134
[2026-04-04 06:14:21,067:MySQL_Database.py#L239:INFO]: Transpiling workload from PostgreSQL to MySQL syntax...
[2026-04-04 06:14:21,167:MySQL_Database.py#L79:INFO]: MySQL knobs persisted to mysqld-auto.cnf. Restarting to apply...
[2026-04-04 06:14:21,167:MySQL_Database.py#L189:INFO]: Restarting MySQL service...
[2026-04-04 06:14:26,050:MySQL_Database.py#L199:INFO]: Waiting for MySQL to become available...
[2026-04-04 06:14:26,081:MySQL_Database.py#L217:INFO]: MySQL is back up! (Took 0.03s)
[2026-04-04 06:14:26,081:MySQL_Database.py#L32:INFO]: Closed old MySQL connection.
[2026-04-04 06:14:26,137:MySQL_Database.py#L264:INFO]: Executing transpiled workload olap_workloads/job_134.wg (14 queries)...
[2026-04-04 06:22:48,560:MySQL_Database.py#L291:INFO]: Workload olap_workloads/job_134.wg executed successfully.
[2026-04-04 06:22:48,560:run_diverse_configs.py#L192:INFO]: Performance for config 8: 35.88734703607146
[2026-04-04 06:22:48,560:run_diverse_configs.py#L123:INFO]: Running config 9/10 for job_134
[2026-04-04 06:22:48,560:MySQL_Database.py#L239:INFO]: Transpiling workload from PostgreSQL to MySQL syntax...
[2026-04-04 06:22:48,652:MySQL_Database.py#L79:INFO]: MySQL knobs persisted to mysqld-auto.cnf. Restarting to apply...
[2026-04-04 06:22:48,652:MySQL_Database.py#L189:INFO]: Restarting MySQL service...
[2026-04-04 06:22:53,534:MySQL_Database.py#L199:INFO]: Waiting for MySQL to become available...
[2026-04-04 06:22:53,564:MySQL_Database.py#L217:INFO]: MySQL is back up! (Took 0.03s)
[2026-04-04 06:22:53,564:MySQL_Database.py#L32:INFO]: Closed old MySQL connection.
[2026-04-04 06:22:53,620:MySQL_Database.py#L264:INFO]: Executing transpiled workload olap_workloads/job_134.wg (14 queries)...
[2026-04-04 06:25:16,889:MySQL_Database.py#L300:ERROR]: Error executing workload: 1053 (08S01): Server shutdown in progress
[2026-04-04 06:25:16,890:run_diverse_configs.py#L194:ERROR]: Error running config 9 for job_134: 2013: Lost connection to MySQL server during query
[2026-04-04 06:25:16,890:run_diverse_configs.py#L123:INFO]: Running config 10/10 for job_134
[2026-04-04 06:25:16,891:MySQL_Database.py#L239:INFO]: Transpiling workload from PostgreSQL to MySQL syntax...
[2026-04-04 06:25:16,902:run_diverse_configs.py#L194:ERROR]: Error running config 10 for job_134: MySQL Connection not available
