[2026-01-29 03:40:41,955:main.py#L28:INFO]: ====================================================================================================
[2026-01-29 03:40:41,955:main.py#L29:INFO]: E2ETune: End-to-End Database Tuning System
[2026-01-29 03:40:41,955:main.py#L30:INFO]: ====================================================================================================
[2026-01-29 03:40:41,955:main.py#L31:INFO]: Configuration file: config/config.ini
[2026-01-29 03:40:41,955:main.py#L32:INFO]: Host: localhost
[2026-01-29 03:40:41,955:main.py#L33:INFO]: Database: ssb
[2026-01-29 03:40:41,955:main.py#L34:INFO]: Data Path: /var/lib/postgresql/12/main
[2026-01-29 03:40:41,955:main.py#L35:INFO]: Benchmark: ssb
[2026-01-29 03:40:41,955:main.py#L36:INFO]: Workload Path: ./olap_workloads
[2026-01-29 03:40:41,955:main.py#L37:INFO]: ====================================================================================================
[2026-01-29 03:40:41,958:main.py#L63:INFO]: Found 526 workloads matching prefix 'ssb'
[2026-01-29 03:40:41,959:main.py#L71:INFO]: Found 568 completed workload records in: logs/performance_record
[2026-01-29 03:40:41,959:main.py#L79:INFO]: Processing first 13 of 526 workloads
[2026-01-29 03:40:41,959:main.py#L95:INFO]: [Workload 0/526] Skipping already completed: ssb_0.wg
[2026-01-29 03:40:41,959:main.py#L95:INFO]: [Workload 1/526] Skipping already completed: ssb_1.wg
[2026-01-29 03:40:41,959:main.py#L95:INFO]: [Workload 2/526] Skipping already completed: ssb_2.wg
[2026-01-29 03:40:41,959:main.py#L95:INFO]: [Workload 3/526] Skipping already completed: ssb_3.wg
[2026-01-29 03:40:41,959:main.py#L95:INFO]: [Workload 4/526] Skipping already completed: ssb_4.wg
[2026-01-29 03:40:41,959:main.py#L95:INFO]: [Workload 5/526] Skipping already completed: ssb_5.wg
[2026-01-29 03:40:41,959:main.py#L95:INFO]: [Workload 6/526] Skipping already completed: ssb_6.wg
[2026-01-29 03:40:41,960:main.py#L95:INFO]: [Workload 7/526] Skipping already completed: ssb_7.wg
[2026-01-29 03:40:41,960:main.py#L95:INFO]: [Workload 8/526] Skipping already completed: ssb_8.wg
[2026-01-29 03:40:41,960:main.py#L95:INFO]: [Workload 9/526] Skipping already completed: ssb_9.wg
[2026-01-29 03:40:41,960:main.py#L95:INFO]: [Workload 10/526] Skipping already completed: ssb_10.wg
[2026-01-29 03:40:41,960:main.py#L95:INFO]: [Workload 11/526] Skipping already completed: ssb_11.wg
[2026-01-29 03:40:41,960:main.py#L95:INFO]: [Workload 12/526] Skipping already completed: ssb_12.wg
[2026-01-29 03:40:41,960:main.py#L163:INFO]: ----------------------------------------------------------------------------------------------------
[2026-01-29 03:40:41,960:main.py#L164:INFO]: [Workload 13/526] Starting tuning for: ssb_13.wg with surrogate
[2026-01-29 03:40:41,960:main.py#L167:INFO]: ----------------------------------------------------------------------------------------------------
[2026-01-29 03:45:15,045:main.py#L172:INFO]: [Workload 13/526] Successfully completed tuning for: ssb_13.wg with surrogate
[2026-01-29 03:45:15,045:main.py#L163:INFO]: ----------------------------------------------------------------------------------------------------
[2026-01-29 03:45:15,045:main.py#L164:INFO]: [Workload 14/526] Starting tuning for: ssb_14.wg with surrogate
[2026-01-29 03:45:15,045:main.py#L167:INFO]: ----------------------------------------------------------------------------------------------------
[2026-01-29 03:49:53,672:main.py#L172:INFO]: [Workload 14/526] Successfully completed tuning for: ssb_14.wg with surrogate
[2026-01-29 03:49:53,672:main.py#L163:INFO]: ----------------------------------------------------------------------------------------------------
[2026-01-29 03:49:53,672:main.py#L164:INFO]: [Workload 15/526] Starting tuning for: ssb_15.wg with surrogate
[2026-01-29 03:49:53,672:main.py#L167:INFO]: ----------------------------------------------------------------------------------------------------
[2026-01-29 03:54:23,739:main.py#L172:INFO]: [Workload 15/526] Successfully completed tuning for: ssb_15.wg with surrogate
[2026-01-29 03:54:23,740:main.py#L163:INFO]: ----------------------------------------------------------------------------------------------------
[2026-01-29 03:54:23,740:main.py#L164:INFO]: [Workload 16/526] Starting tuning for: ssb_16.wg with surrogate
[2026-01-29 03:54:23,740:main.py#L167:INFO]: ----------------------------------------------------------------------------------------------------
[2026-01-29 03:59:00,538:main.py#L172:INFO]: [Workload 16/526] Successfully completed tuning for: ssb_16.wg with surrogate
[2026-01-29 03:59:00,539:main.py#L163:INFO]: ----------------------------------------------------------------------------------------------------
[2026-01-29 03:59:00,539:main.py#L164:INFO]: [Workload 17/526] Starting tuning for: ssb_17.wg with surrogate
[2026-01-29 03:59:00,539:main.py#L167:INFO]: ----------------------------------------------------------------------------------------------------
[2026-01-29 04:03:27,867:main.py#L172:INFO]: [Workload 17/526] Successfully completed tuning for: ssb_17.wg with surrogate
[2026-01-29 04:03:27,868:main.py#L163:INFO]: ----------------------------------------------------------------------------------------------------
[2026-01-29 04:03:27,868:main.py#L164:INFO]: [Workload 18/526] Starting tuning for: ssb_18.wg with surrogate
[2026-01-29 04:03:27,868:main.py#L167:INFO]: ----------------------------------------------------------------------------------------------------
[2026-01-29 04:07:55,410:main.py#L172:INFO]: [Workload 18/526] Successfully completed tuning for: ssb_18.wg with surrogate
[2026-01-29 04:07:55,410:main.py#L163:INFO]: ----------------------------------------------------------------------------------------------------
[2026-01-29 04:07:55,410:main.py#L164:INFO]: [Workload 19/526] Starting tuning for: ssb_19.wg with surrogate
[2026-01-29 04:07:55,410:main.py#L167:INFO]: ----------------------------------------------------------------------------------------------------
[2026-01-29 04:12:19,260:main.py#L172:INFO]: [Workload 19/526] Successfully completed tuning for: ssb_19.wg with surrogate
[2026-01-29 04:12:19,260:main.py#L163:INFO]: ----------------------------------------------------------------------------------------------------
[2026-01-29 04:12:19,260:main.py#L164:INFO]: [Workload 20/526] Starting tuning for: ssb_20.wg with surrogate
[2026-01-29 04:12:19,260:main.py#L167:INFO]: ----------------------------------------------------------------------------------------------------
[2026-01-29 04:16:49,352:main.py#L172:INFO]: [Workload 20/526] Successfully completed tuning for: ssb_20.wg with surrogate
[2026-01-29 04:16:49,352:main.py#L163:INFO]: ----------------------------------------------------------------------------------------------------
[2026-01-29 04:16:49,352:main.py#L164:INFO]: [Workload 21/526] Starting tuning for: ssb_21.wg with surrogate
[2026-01-29 04:16:49,352:main.py#L167:INFO]: ----------------------------------------------------------------------------------------------------
[2026-01-29 04:21:10,254:main.py#L172:INFO]: [Workload 21/526] Successfully completed tuning for: ssb_21.wg with surrogate
[2026-01-29 04:21:10,254:main.py#L163:INFO]: ----------------------------------------------------------------------------------------------------
[2026-01-29 04:21:10,254:main.py#L164:INFO]: [Workload 22/526] Starting tuning for: ssb_22.wg with surrogate
[2026-01-29 04:21:10,254:main.py#L167:INFO]: ----------------------------------------------------------------------------------------------------
[2026-01-29 04:25:50,220:main.py#L172:INFO]: [Workload 22/526] Successfully completed tuning for: ssb_22.wg with surrogate
[2026-01-29 04:25:50,220:main.py#L163:INFO]: ----------------------------------------------------------------------------------------------------
[2026-01-29 04:25:50,220:main.py#L164:INFO]: [Workload 23/526] Starting tuning for: ssb_23.wg with surrogate
[2026-01-29 04:25:50,220:main.py#L167:INFO]: ----------------------------------------------------------------------------------------------------
[2026-01-29 04:30:36,866:main.py#L172:INFO]: [Workload 23/526] Successfully completed tuning for: ssb_23.wg with surrogate
[2026-01-29 04:30:36,866:main.py#L163:INFO]: ----------------------------------------------------------------------------------------------------
[2026-01-29 04:30:36,866:main.py#L164:INFO]: [Workload 24/526] Starting tuning for: ssb_24.wg with surrogate
[2026-01-29 04:30:36,866:main.py#L167:INFO]: ----------------------------------------------------------------------------------------------------
[2026-01-29 04:35:07,908:main.py#L172:INFO]: [Workload 24/526] Successfully completed tuning for: ssb_24.wg with surrogate
[2026-01-29 04:35:07,908:main.py#L163:INFO]: ----------------------------------------------------------------------------------------------------
[2026-01-29 04:35:07,908:main.py#L164:INFO]: [Workload 25/526] Starting tuning for: ssb_25.wg with surrogate
[2026-01-29 04:35:07,908:main.py#L167:INFO]: ----------------------------------------------------------------------------------------------------
[2026-01-29 04:39:36,195:main.py#L172:INFO]: [Workload 25/526] Successfully completed tuning for: ssb_25.wg with surrogate
[2026-01-29 04:39:36,195:main.py#L163:INFO]: ----------------------------------------------------------------------------------------------------
[2026-01-29 04:39:36,195:main.py#L164:INFO]: [Workload 26/526] Starting tuning for: ssb_26.wg with surrogate
[2026-01-29 04:39:36,195:main.py#L167:INFO]: ----------------------------------------------------------------------------------------------------
[2026-01-29 04:44:16,634:main.py#L172:INFO]: [Workload 26/526] Successfully completed tuning for: ssb_26.wg with surrogate
[2026-01-29 04:44:16,635:main.py#L163:INFO]: ----------------------------------------------------------------------------------------------------
[2026-01-29 04:44:16,635:main.py#L164:INFO]: [Workload 27/526] Starting tuning for: ssb_27.wg with surrogate
[2026-01-29 04:44:16,635:main.py#L167:INFO]: ----------------------------------------------------------------------------------------------------
[2026-01-29 04:48:58,177:main.py#L172:INFO]: [Workload 27/526] Successfully completed tuning for: ssb_27.wg with surrogate
[2026-01-29 04:48:58,177:main.py#L163:INFO]: ----------------------------------------------------------------------------------------------------
[2026-01-29 04:48:58,177:main.py#L164:INFO]: [Workload 28/526] Starting tuning for: ssb_28.wg with surrogate
[2026-01-29 04:48:58,177:main.py#L167:INFO]: ----------------------------------------------------------------------------------------------------
[2026-01-29 04:53:38,828:main.py#L172:INFO]: [Workload 28/526] Successfully completed tuning for: ssb_28.wg with surrogate
[2026-01-29 04:53:38,828:main.py#L163:INFO]: ----------------------------------------------------------------------------------------------------
[2026-01-29 04:53:38,828:main.py#L164:INFO]: [Workload 29/526] Starting tuning for: ssb_29.wg with surrogate
[2026-01-29 04:53:38,828:main.py#L167:INFO]: ----------------------------------------------------------------------------------------------------
[2026-01-29 04:58:27,437:main.py#L172:INFO]: [Workload 29/526] Successfully completed tuning for: ssb_29.wg with surrogate
[2026-01-29 04:58:27,438:main.py#L163:INFO]: ----------------------------------------------------------------------------------------------------
[2026-01-29 04:58:27,438:main.py#L164:INFO]: [Workload 30/526] Starting tuning for: ssb_30.wg with surrogate
[2026-01-29 04:58:27,438:main.py#L167:INFO]: ----------------------------------------------------------------------------------------------------
[2026-01-29 05:02:58,733:main.py#L172:INFO]: [Workload 30/526] Successfully completed tuning for: ssb_30.wg with surrogate
[2026-01-29 05:02:58,734:main.py#L163:INFO]: ----------------------------------------------------------------------------------------------------
[2026-01-29 05:02:58,734:main.py#L164:INFO]: [Workload 31/526] Starting tuning for: ssb_31.wg with surrogate
[2026-01-29 05:02:58,734:main.py#L167:INFO]: ----------------------------------------------------------------------------------------------------
[2026-01-29 05:08:06,328:main.py#L172:INFO]: [Workload 31/526] Successfully completed tuning for: ssb_31.wg with surrogate
[2026-01-29 05:08:06,328:main.py#L163:INFO]: ----------------------------------------------------------------------------------------------------
[2026-01-29 05:08:06,328:main.py#L164:INFO]: [Workload 32/526] Starting tuning for: ssb_32.wg with surrogate
[2026-01-29 05:08:06,328:main.py#L167:INFO]: ----------------------------------------------------------------------------------------------------
[2026-01-29 05:12:45,445:main.py#L172:INFO]: [Workload 32/526] Successfully completed tuning for: ssb_32.wg with surrogate
[2026-01-29 05:12:45,445:main.py#L163:INFO]: ----------------------------------------------------------------------------------------------------
[2026-01-29 05:12:45,445:main.py#L164:INFO]: [Workload 33/526] Starting tuning for: ssb_33.wg with surrogate
[2026-01-29 05:12:45,445:main.py#L167:INFO]: ----------------------------------------------------------------------------------------------------
[2026-01-29 05:17:38,525:main.py#L172:INFO]: [Workload 33/526] Successfully completed tuning for: ssb_33.wg with surrogate
[2026-01-29 05:17:38,525:main.py#L163:INFO]: ----------------------------------------------------------------------------------------------------
[2026-01-29 05:17:38,525:main.py#L164:INFO]: [Workload 34/526] Starting tuning for: ssb_34.wg with surrogate
[2026-01-29 05:17:38,525:main.py#L167:INFO]: ----------------------------------------------------------------------------------------------------
[2026-01-29 05:22:08,268:main.py#L172:INFO]: [Workload 34/526] Successfully completed tuning for: ssb_34.wg with surrogate
[2026-01-29 05:22:08,268:main.py#L163:INFO]: ----------------------------------------------------------------------------------------------------
[2026-01-29 05:22:08,268:main.py#L164:INFO]: [Workload 35/526] Starting tuning for: ssb_35.wg with surrogate
[2026-01-29 05:22:08,268:main.py#L167:INFO]: ----------------------------------------------------------------------------------------------------
[2026-01-29 05:26:41,013:main.py#L172:INFO]: [Workload 35/526] Successfully completed tuning for: ssb_35.wg with surrogate
[2026-01-29 05:26:41,013:main.py#L163:INFO]: ----------------------------------------------------------------------------------------------------
[2026-01-29 05:26:41,013:main.py#L164:INFO]: [Workload 36/526] Starting tuning for: ssb_36.wg with surrogate
[2026-01-29 05:26:41,013:main.py#L167:INFO]: ----------------------------------------------------------------------------------------------------
[2026-01-29 05:31:21,564:main.py#L172:INFO]: [Workload 36/526] Successfully completed tuning for: ssb_36.wg with surrogate
[2026-01-29 05:31:21,564:main.py#L163:INFO]: ----------------------------------------------------------------------------------------------------
[2026-01-29 05:31:21,564:main.py#L164:INFO]: [Workload 37/526] Starting tuning for: ssb_37.wg with surrogate
[2026-01-29 05:31:21,565:main.py#L167:INFO]: ----------------------------------------------------------------------------------------------------
[2026-01-29 05:35:50,950:main.py#L172:INFO]: [Workload 37/526] Successfully completed tuning for: ssb_37.wg with surrogate
[2026-01-29 05:35:50,950:main.py#L163:INFO]: ----------------------------------------------------------------------------------------------------
[2026-01-29 05:35:50,950:main.py#L164:INFO]: [Workload 38/526] Starting tuning for: ssb_38.wg with surrogate
[2026-01-29 05:35:50,950:main.py#L167:INFO]: ----------------------------------------------------------------------------------------------------
[2026-01-29 05:40:21,973:main.py#L172:INFO]: [Workload 38/526] Successfully completed tuning for: ssb_38.wg with surrogate
[2026-01-29 05:40:21,973:main.py#L163:INFO]: ----------------------------------------------------------------------------------------------------
[2026-01-29 05:40:21,973:main.py#L164:INFO]: [Workload 39/526] Starting tuning for: ssb_39.wg with surrogate
[2026-01-29 05:40:21,973:main.py#L167:INFO]: ----------------------------------------------------------------------------------------------------
[2026-01-29 05:44:53,715:main.py#L172:INFO]: [Workload 39/526] Successfully completed tuning for: ssb_39.wg with surrogate
[2026-01-29 05:44:53,716:main.py#L163:INFO]: ----------------------------------------------------------------------------------------------------
[2026-01-29 05:44:53,716:main.py#L164:INFO]: [Workload 40/526] Starting tuning for: ssb_40.wg with surrogate
[2026-01-29 05:44:53,716:main.py#L167:INFO]: ----------------------------------------------------------------------------------------------------
[2026-01-29 05:49:22,143:main.py#L172:INFO]: [Workload 40/526] Successfully completed tuning for: ssb_40.wg with surrogate
[2026-01-29 05:49:22,143:main.py#L163:INFO]: ----------------------------------------------------------------------------------------------------
[2026-01-29 05:49:22,143:main.py#L164:INFO]: [Workload 41/526] Starting tuning for: ssb_41.wg with surrogate
[2026-01-29 05:49:22,143:main.py#L167:INFO]: ----------------------------------------------------------------------------------------------------
[2026-01-29 05:54:06,739:main.py#L172:INFO]: [Workload 41/526] Successfully completed tuning for: ssb_41.wg with surrogate
[2026-01-29 05:54:06,739:main.py#L163:INFO]: ----------------------------------------------------------------------------------------------------
[2026-01-29 05:54:06,739:main.py#L164:INFO]: [Workload 42/526] Starting tuning for: ssb_42.wg with surrogate
[2026-01-29 05:54:06,739:main.py#L167:INFO]: ----------------------------------------------------------------------------------------------------
[2026-01-29 05:58:43,190:main.py#L172:INFO]: [Workload 42/526] Successfully completed tuning for: ssb_42.wg with surrogate
[2026-01-29 05:58:43,190:main.py#L163:INFO]: ----------------------------------------------------------------------------------------------------
[2026-01-29 05:58:43,190:main.py#L164:INFO]: [Workload 43/526] Starting tuning for: ssb_43.wg with surrogate
[2026-01-29 05:58:43,191:main.py#L167:INFO]: ----------------------------------------------------------------------------------------------------
[2026-01-29 06:03:20,717:main.py#L172:INFO]: [Workload 43/526] Successfully completed tuning for: ssb_43.wg with surrogate
[2026-01-29 06:03:20,717:main.py#L163:INFO]: ----------------------------------------------------------------------------------------------------
[2026-01-29 06:03:20,717:main.py#L164:INFO]: [Workload 44/526] Starting tuning for: ssb_44.wg with surrogate
[2026-01-29 06:03:20,718:main.py#L167:INFO]: ----------------------------------------------------------------------------------------------------
[2026-01-29 06:08:00,946:main.py#L172:INFO]: [Workload 44/526] Successfully completed tuning for: ssb_44.wg with surrogate
[2026-01-29 06:08:00,946:main.py#L163:INFO]: ----------------------------------------------------------------------------------------------------
[2026-01-29 06:08:00,946:main.py#L164:INFO]: [Workload 45/526] Starting tuning for: ssb_45.wg with surrogate
[2026-01-29 06:08:00,946:main.py#L167:INFO]: ----------------------------------------------------------------------------------------------------
[2026-01-29 06:12:32,311:main.py#L172:INFO]: [Workload 45/526] Successfully completed tuning for: ssb_45.wg with surrogate
[2026-01-29 06:12:32,311:main.py#L163:INFO]: ----------------------------------------------------------------------------------------------------
[2026-01-29 06:12:32,311:main.py#L164:INFO]: [Workload 46/526] Starting tuning for: ssb_46.wg with surrogate
[2026-01-29 06:12:32,311:main.py#L167:INFO]: ----------------------------------------------------------------------------------------------------
[2026-01-29 06:17:05,656:main.py#L172:INFO]: [Workload 46/526] Successfully completed tuning for: ssb_46.wg with surrogate
[2026-01-29 06:17:05,656:main.py#L163:INFO]: ----------------------------------------------------------------------------------------------------
[2026-01-29 06:17:05,656:main.py#L164:INFO]: [Workload 47/526] Starting tuning for: ssb_47.wg with surrogate
[2026-01-29 06:17:05,656:main.py#L167:INFO]: ----------------------------------------------------------------------------------------------------
[2026-01-29 06:21:21,576:main.py#L172:INFO]: [Workload 47/526] Successfully completed tuning for: ssb_47.wg with surrogate
[2026-01-29 06:21:21,576:main.py#L163:INFO]: ----------------------------------------------------------------------------------------------------
[2026-01-29 06:21:21,576:main.py#L164:INFO]: [Workload 48/526] Starting tuning for: ssb_48.wg with surrogate
[2026-01-29 06:21:21,576:main.py#L167:INFO]: ----------------------------------------------------------------------------------------------------
[2026-01-29 06:26:01,189:main.py#L172:INFO]: [Workload 48/526] Successfully completed tuning for: ssb_48.wg with surrogate
[2026-01-29 06:26:01,190:main.py#L163:INFO]: ----------------------------------------------------------------------------------------------------
[2026-01-29 06:26:01,190:main.py#L164:INFO]: [Workload 49/526] Starting tuning for: ssb_49.wg with surrogate
[2026-01-29 06:26:01,190:main.py#L167:INFO]: ----------------------------------------------------------------------------------------------------
[2026-01-29 06:31:00,824:main.py#L172:INFO]: [Workload 49/526] Successfully completed tuning for: ssb_49.wg with surrogate
[2026-01-29 06:31:00,824:main.py#L163:INFO]: ----------------------------------------------------------------------------------------------------
[2026-01-29 06:31:00,824:main.py#L164:INFO]: [Workload 50/526] Starting tuning for: ssb_50.wg with surrogate
[2026-01-29 06:31:00,824:main.py#L167:INFO]: ----------------------------------------------------------------------------------------------------
[2026-01-29 06:35:23,029:main.py#L172:INFO]: [Workload 50/526] Successfully completed tuning for: ssb_50.wg with surrogate
[2026-01-29 06:35:23,029:main.py#L163:INFO]: ----------------------------------------------------------------------------------------------------
[2026-01-29 06:35:23,029:main.py#L164:INFO]: [Workload 51/526] Starting tuning for: ssb_51.wg with surrogate
[2026-01-29 06:35:23,029:main.py#L167:INFO]: ----------------------------------------------------------------------------------------------------
[2026-01-29 06:39:50,171:main.py#L172:INFO]: [Workload 51/526] Successfully completed tuning for: ssb_51.wg with surrogate
[2026-01-29 06:39:50,171:main.py#L163:INFO]: ----------------------------------------------------------------------------------------------------
[2026-01-29 06:39:50,171:main.py#L164:INFO]: [Workload 52/526] Starting tuning for: ssb_52.wg with surrogate
[2026-01-29 06:39:50,171:main.py#L167:INFO]: ----------------------------------------------------------------------------------------------------
[2026-01-29 06:44:24,640:main.py#L172:INFO]: [Workload 52/526] Successfully completed tuning for: ssb_52.wg with surrogate
[2026-01-29 06:44:24,640:main.py#L163:INFO]: ----------------------------------------------------------------------------------------------------
[2026-01-29 06:44:24,640:main.py#L164:INFO]: [Workload 53/526] Starting tuning for: ssb_53.wg with surrogate
[2026-01-29 06:44:24,640:main.py#L167:INFO]: ----------------------------------------------------------------------------------------------------
[2026-01-29 06:48:54,533:main.py#L172:INFO]: [Workload 53/526] Successfully completed tuning for: ssb_53.wg with surrogate
[2026-01-29 06:48:54,533:main.py#L163:INFO]: ----------------------------------------------------------------------------------------------------
[2026-01-29 06:48:54,533:main.py#L164:INFO]: [Workload 54/526] Starting tuning for: ssb_54.wg with surrogate
[2026-01-29 06:48:54,533:main.py#L167:INFO]: ----------------------------------------------------------------------------------------------------
[2026-01-29 06:53:17,396:main.py#L172:INFO]: [Workload 54/526] Successfully completed tuning for: ssb_54.wg with surrogate
[2026-01-29 06:53:17,397:main.py#L163:INFO]: ----------------------------------------------------------------------------------------------------
[2026-01-29 06:53:17,397:main.py#L164:INFO]: [Workload 55/526] Starting tuning for: ssb_55.wg with surrogate
[2026-01-29 06:53:17,397:main.py#L167:INFO]: ----------------------------------------------------------------------------------------------------
[2026-01-29 06:57:28,270:main.py#L172:INFO]: [Workload 55/526] Successfully completed tuning for: ssb_55.wg with surrogate
[2026-01-29 06:57:28,270:main.py#L163:INFO]: ----------------------------------------------------------------------------------------------------
[2026-01-29 06:57:28,270:main.py#L164:INFO]: [Workload 56/526] Starting tuning for: ssb_56.wg with surrogate
[2026-01-29 06:57:28,270:main.py#L167:INFO]: ----------------------------------------------------------------------------------------------------
[2026-01-29 07:01:45,345:main.py#L172:INFO]: [Workload 56/526] Successfully completed tuning for: ssb_56.wg with surrogate
[2026-01-29 07:01:45,345:main.py#L163:INFO]: ----------------------------------------------------------------------------------------------------
[2026-01-29 07:01:45,345:main.py#L164:INFO]: [Workload 57/526] Starting tuning for: ssb_57.wg with surrogate
[2026-01-29 07:01:45,345:main.py#L167:INFO]: ----------------------------------------------------------------------------------------------------
[2026-01-29 07:06:06,729:main.py#L172:INFO]: [Workload 57/526] Successfully completed tuning for: ssb_57.wg with surrogate
[2026-01-29 07:06:06,729:main.py#L163:INFO]: ----------------------------------------------------------------------------------------------------
[2026-01-29 07:06:06,729:main.py#L164:INFO]: [Workload 58/526] Starting tuning for: ssb_58.wg with surrogate
[2026-01-29 07:06:06,729:main.py#L167:INFO]: ----------------------------------------------------------------------------------------------------
[2026-01-29 07:10:37,572:main.py#L172:INFO]: [Workload 58/526] Successfully completed tuning for: ssb_58.wg with surrogate
[2026-01-29 07:10:37,573:main.py#L163:INFO]: ----------------------------------------------------------------------------------------------------
[2026-01-29 07:10:37,573:main.py#L164:INFO]: [Workload 59/526] Starting tuning for: ssb_59.wg with surrogate
[2026-01-29 07:10:37,573:main.py#L167:INFO]: ----------------------------------------------------------------------------------------------------
[2026-01-29 07:14:53,259:main.py#L172:INFO]: [Workload 59/526] Successfully completed tuning for: ssb_59.wg with surrogate
[2026-01-29 07:14:53,259:main.py#L163:INFO]: ----------------------------------------------------------------------------------------------------
[2026-01-29 07:14:53,259:main.py#L164:INFO]: [Workload 60/526] Starting tuning for: ssb_60.wg with surrogate
[2026-01-29 07:14:53,259:main.py#L167:INFO]: ----------------------------------------------------------------------------------------------------
[2026-01-29 07:19:15,381:main.py#L172:INFO]: [Workload 60/526] Successfully completed tuning for: ssb_60.wg with surrogate
[2026-01-29 07:19:15,381:main.py#L163:INFO]: ----------------------------------------------------------------------------------------------------
[2026-01-29 07:19:15,381:main.py#L164:INFO]: [Workload 61/526] Starting tuning for: ssb_61.wg with surrogate
[2026-01-29 07:19:15,382:main.py#L167:INFO]: ----------------------------------------------------------------------------------------------------
[2026-01-29 07:23:27,383:main.py#L172:INFO]: [Workload 61/526] Successfully completed tuning for: ssb_61.wg with surrogate
[2026-01-29 07:23:27,383:main.py#L163:INFO]: ----------------------------------------------------------------------------------------------------
[2026-01-29 07:23:27,383:main.py#L164:INFO]: [Workload 62/526] Starting tuning for: ssb_62.wg with surrogate
[2026-01-29 07:23:27,383:main.py#L167:INFO]: ----------------------------------------------------------------------------------------------------
[2026-01-29 07:28:50,301:main.py#L172:INFO]: [Workload 62/526] Successfully completed tuning for: ssb_62.wg with surrogate
[2026-01-29 07:28:50,302:main.py#L163:INFO]: ----------------------------------------------------------------------------------------------------
[2026-01-29 07:28:50,302:main.py#L164:INFO]: [Workload 63/526] Starting tuning for: ssb_63.wg with surrogate
[2026-01-29 07:28:50,302:main.py#L167:INFO]: ----------------------------------------------------------------------------------------------------
[2026-01-29 07:33:12,785:main.py#L172:INFO]: [Workload 63/526] Successfully completed tuning for: ssb_63.wg with surrogate
[2026-01-29 07:33:12,785:main.py#L163:INFO]: ----------------------------------------------------------------------------------------------------
[2026-01-29 07:33:12,785:main.py#L164:INFO]: [Workload 64/526] Starting tuning for: ssb_64.wg with surrogate
[2026-01-29 07:33:12,785:main.py#L167:INFO]: ----------------------------------------------------------------------------------------------------
[2026-01-29 07:37:33,828:main.py#L172:INFO]: [Workload 64/526] Successfully completed tuning for: ssb_64.wg with surrogate
[2026-01-29 07:37:33,828:main.py#L163:INFO]: ----------------------------------------------------------------------------------------------------
[2026-01-29 07:37:33,828:main.py#L164:INFO]: [Workload 65/526] Starting tuning for: ssb_65.wg with surrogate
[2026-01-29 07:37:33,828:main.py#L167:INFO]: ----------------------------------------------------------------------------------------------------
[2026-01-29 07:41:59,949:main.py#L172:INFO]: [Workload 65/526] Successfully completed tuning for: ssb_65.wg with surrogate
[2026-01-29 07:41:59,949:main.py#L163:INFO]: ----------------------------------------------------------------------------------------------------
[2026-01-29 07:41:59,949:main.py#L164:INFO]: [Workload 66/526] Starting tuning for: ssb_66.wg with surrogate
[2026-01-29 07:41:59,949:main.py#L167:INFO]: ----------------------------------------------------------------------------------------------------
[2026-01-29 07:46:30,087:main.py#L172:INFO]: [Workload 66/526] Successfully completed tuning for: ssb_66.wg with surrogate
[2026-01-29 07:46:30,088:main.py#L163:INFO]: ----------------------------------------------------------------------------------------------------
[2026-01-29 07:46:30,088:main.py#L164:INFO]: [Workload 67/526] Starting tuning for: ssb_67.wg with surrogate
[2026-01-29 07:46:30,088:main.py#L167:INFO]: ----------------------------------------------------------------------------------------------------
[2026-01-29 07:50:54,636:main.py#L172:INFO]: [Workload 67/526] Successfully completed tuning for: ssb_67.wg with surrogate
[2026-01-29 07:50:54,636:main.py#L163:INFO]: ----------------------------------------------------------------------------------------------------
[2026-01-29 07:50:54,636:main.py#L164:INFO]: [Workload 68/526] Starting tuning for: ssb_68.wg with surrogate
[2026-01-29 07:50:54,636:main.py#L167:INFO]: ----------------------------------------------------------------------------------------------------
[2026-01-29 07:55:16,787:main.py#L172:INFO]: [Workload 68/526] Successfully completed tuning for: ssb_68.wg with surrogate
[2026-01-29 07:55:16,788:main.py#L163:INFO]: ----------------------------------------------------------------------------------------------------
[2026-01-29 07:55:16,788:main.py#L164:INFO]: [Workload 69/526] Starting tuning for: ssb_69.wg with surrogate
[2026-01-29 07:55:16,788:main.py#L167:INFO]: ----------------------------------------------------------------------------------------------------
[2026-01-29 07:59:34,365:main.py#L172:INFO]: [Workload 69/526] Successfully completed tuning for: ssb_69.wg with surrogate
[2026-01-29 07:59:34,365:main.py#L163:INFO]: ----------------------------------------------------------------------------------------------------
[2026-01-29 07:59:34,365:main.py#L164:INFO]: [Workload 70/526] Starting tuning for: ssb_70.wg with surrogate
[2026-01-29 07:59:34,365:main.py#L167:INFO]: ----------------------------------------------------------------------------------------------------
[2026-01-29 08:03:50,571:main.py#L172:INFO]: [Workload 70/526] Successfully completed tuning for: ssb_70.wg with surrogate
[2026-01-29 08:03:50,571:main.py#L163:INFO]: ----------------------------------------------------------------------------------------------------
[2026-01-29 08:03:50,571:main.py#L164:INFO]: [Workload 71/526] Starting tuning for: ssb_71.wg with surrogate
[2026-01-29 08:03:50,572:main.py#L167:INFO]: ----------------------------------------------------------------------------------------------------
[2026-01-29 08:08:13,275:main.py#L172:INFO]: [Workload 71/526] Successfully completed tuning for: ssb_71.wg with surrogate
[2026-01-29 08:08:13,276:main.py#L163:INFO]: ----------------------------------------------------------------------------------------------------
[2026-01-29 08:08:13,276:main.py#L164:INFO]: [Workload 72/526] Starting tuning for: ssb_72.wg with surrogate
[2026-01-29 08:08:13,276:main.py#L167:INFO]: ----------------------------------------------------------------------------------------------------
[2026-01-29 08:13:01,608:main.py#L172:INFO]: [Workload 72/526] Successfully completed tuning for: ssb_72.wg with surrogate
[2026-01-29 08:13:01,608:main.py#L163:INFO]: ----------------------------------------------------------------------------------------------------
[2026-01-29 08:13:01,608:main.py#L164:INFO]: [Workload 73/526] Starting tuning for: ssb_73.wg with surrogate
[2026-01-29 08:13:01,608:main.py#L167:INFO]: ----------------------------------------------------------------------------------------------------
[2026-01-29 08:17:20,913:main.py#L172:INFO]: [Workload 73/526] Successfully completed tuning for: ssb_73.wg with surrogate
[2026-01-29 08:17:20,914:main.py#L163:INFO]: ----------------------------------------------------------------------------------------------------
[2026-01-29 08:17:20,914:main.py#L164:INFO]: [Workload 74/526] Starting tuning for: ssb_74.wg with surrogate
[2026-01-29 08:17:20,914:main.py#L167:INFO]: ----------------------------------------------------------------------------------------------------
[2026-01-29 08:21:36,952:main.py#L172:INFO]: [Workload 74/526] Successfully completed tuning for: ssb_74.wg with surrogate
[2026-01-29 08:21:36,952:main.py#L163:INFO]: ----------------------------------------------------------------------------------------------------
[2026-01-29 08:21:36,953:main.py#L164:INFO]: [Workload 75/526] Starting tuning for: ssb_75.wg with surrogate
[2026-01-29 08:21:36,953:main.py#L167:INFO]: ----------------------------------------------------------------------------------------------------
[2026-01-29 08:26:05,607:main.py#L172:INFO]: [Workload 75/526] Successfully completed tuning for: ssb_75.wg with surrogate
[2026-01-29 08:26:05,607:main.py#L163:INFO]: ----------------------------------------------------------------------------------------------------
[2026-01-29 08:26:05,607:main.py#L164:INFO]: [Workload 76/526] Starting tuning for: ssb_76.wg with surrogate
[2026-01-29 08:26:05,607:main.py#L167:INFO]: ----------------------------------------------------------------------------------------------------
[2026-01-29 08:30:49,134:main.py#L172:INFO]: [Workload 76/526] Successfully completed tuning for: ssb_76.wg with surrogate
[2026-01-29 08:30:49,134:main.py#L163:INFO]: ----------------------------------------------------------------------------------------------------
[2026-01-29 08:30:49,134:main.py#L164:INFO]: [Workload 77/526] Starting tuning for: ssb_77.wg with surrogate
[2026-01-29 08:30:49,134:main.py#L167:INFO]: ----------------------------------------------------------------------------------------------------
[2026-01-29 08:35:15,502:main.py#L172:INFO]: [Workload 77/526] Successfully completed tuning for: ssb_77.wg with surrogate
[2026-01-29 08:35:15,502:main.py#L163:INFO]: ----------------------------------------------------------------------------------------------------
[2026-01-29 08:35:15,503:main.py#L164:INFO]: [Workload 78/526] Starting tuning for: ssb_78.wg with surrogate
[2026-01-29 08:35:15,503:main.py#L167:INFO]: ----------------------------------------------------------------------------------------------------
[2026-01-29 08:39:43,978:main.py#L172:INFO]: [Workload 78/526] Successfully completed tuning for: ssb_78.wg with surrogate
[2026-01-29 08:39:43,978:main.py#L163:INFO]: ----------------------------------------------------------------------------------------------------
[2026-01-29 08:39:43,978:main.py#L164:INFO]: [Workload 79/526] Starting tuning for: ssb_79.wg with surrogate
[2026-01-29 08:39:43,978:main.py#L167:INFO]: ----------------------------------------------------------------------------------------------------
[2026-01-29 08:44:03,310:main.py#L172:INFO]: [Workload 79/526] Successfully completed tuning for: ssb_79.wg with surrogate
[2026-01-29 08:44:03,310:main.py#L163:INFO]: ----------------------------------------------------------------------------------------------------
[2026-01-29 08:44:03,310:main.py#L164:INFO]: [Workload 80/526] Starting tuning for: ssb_80.wg with surrogate
[2026-01-29 08:44:03,310:main.py#L167:INFO]: ----------------------------------------------------------------------------------------------------
[2026-01-29 08:48:39,158:main.py#L172:INFO]: [Workload 80/526] Successfully completed tuning for: ssb_80.wg with surrogate
[2026-01-29 08:48:39,158:main.py#L163:INFO]: ----------------------------------------------------------------------------------------------------
[2026-01-29 08:48:39,158:main.py#L164:INFO]: [Workload 81/526] Starting tuning for: ssb_81.wg with surrogate
[2026-01-29 08:48:39,158:main.py#L167:INFO]: ----------------------------------------------------------------------------------------------------
[2026-01-29 08:52:56,032:main.py#L172:INFO]: [Workload 81/526] Successfully completed tuning for: ssb_81.wg with surrogate
[2026-01-29 08:52:56,032:main.py#L163:INFO]: ----------------------------------------------------------------------------------------------------
[2026-01-29 08:52:56,032:main.py#L164:INFO]: [Workload 82/526] Starting tuning for: ssb_82.wg with surrogate
[2026-01-29 08:52:56,032:main.py#L167:INFO]: ----------------------------------------------------------------------------------------------------
[2026-01-29 08:57:17,545:main.py#L172:INFO]: [Workload 82/526] Successfully completed tuning for: ssb_82.wg with surrogate
[2026-01-29 08:57:17,545:main.py#L163:INFO]: ----------------------------------------------------------------------------------------------------
[2026-01-29 08:57:17,545:main.py#L164:INFO]: [Workload 83/526] Starting tuning for: ssb_83.wg with surrogate
[2026-01-29 08:57:17,545:main.py#L167:INFO]: ----------------------------------------------------------------------------------------------------
[2026-01-29 09:01:53,841:main.py#L172:INFO]: [Workload 83/526] Successfully completed tuning for: ssb_83.wg with surrogate
[2026-01-29 09:01:53,841:main.py#L163:INFO]: ----------------------------------------------------------------------------------------------------
[2026-01-29 09:01:53,841:main.py#L164:INFO]: [Workload 84/526] Starting tuning for: ssb_84.wg with surrogate
[2026-01-29 09:01:53,841:main.py#L167:INFO]: ----------------------------------------------------------------------------------------------------
[2026-01-29 09:06:12,843:main.py#L172:INFO]: [Workload 84/526] Successfully completed tuning for: ssb_84.wg with surrogate
[2026-01-29 09:06:12,844:main.py#L163:INFO]: ----------------------------------------------------------------------------------------------------
[2026-01-29 09:06:12,844:main.py#L164:INFO]: [Workload 85/526] Starting tuning for: ssb_85.wg with surrogate
[2026-01-29 09:06:12,844:main.py#L167:INFO]: ----------------------------------------------------------------------------------------------------
[2026-01-29 09:10:44,620:main.py#L172:INFO]: [Workload 85/526] Successfully completed tuning for: ssb_85.wg with surrogate
[2026-01-29 09:10:44,620:main.py#L163:INFO]: ----------------------------------------------------------------------------------------------------
[2026-01-29 09:10:44,620:main.py#L164:INFO]: [Workload 86/526] Starting tuning for: ssb_86.wg with surrogate
[2026-01-29 09:10:44,620:main.py#L167:INFO]: ----------------------------------------------------------------------------------------------------
[2026-01-29 09:15:08,048:main.py#L172:INFO]: [Workload 86/526] Successfully completed tuning for: ssb_86.wg with surrogate
[2026-01-29 09:15:08,048:main.py#L163:INFO]: ----------------------------------------------------------------------------------------------------
[2026-01-29 09:15:08,048:main.py#L164:INFO]: [Workload 87/526] Starting tuning for: ssb_87.wg with surrogate
[2026-01-29 09:15:08,048:main.py#L167:INFO]: ----------------------------------------------------------------------------------------------------
[2026-01-29 09:19:40,199:main.py#L172:INFO]: [Workload 87/526] Successfully completed tuning for: ssb_87.wg with surrogate
[2026-01-29 09:19:40,200:main.py#L163:INFO]: ----------------------------------------------------------------------------------------------------
[2026-01-29 09:19:40,200:main.py#L164:INFO]: [Workload 88/526] Starting tuning for: ssb_88.wg with surrogate
[2026-01-29 09:19:40,200:main.py#L167:INFO]: ----------------------------------------------------------------------------------------------------
[2026-01-29 09:24:15,016:main.py#L172:INFO]: [Workload 88/526] Successfully completed tuning for: ssb_88.wg with surrogate
[2026-01-29 09:24:15,017:main.py#L163:INFO]: ----------------------------------------------------------------------------------------------------
[2026-01-29 09:24:15,017:main.py#L164:INFO]: [Workload 89/526] Starting tuning for: ssb_89.wg with surrogate
[2026-01-29 09:24:15,017:main.py#L167:INFO]: ----------------------------------------------------------------------------------------------------
[2026-01-29 09:28:36,431:main.py#L172:INFO]: [Workload 89/526] Successfully completed tuning for: ssb_89.wg with surrogate
[2026-01-29 09:28:36,432:main.py#L163:INFO]: ----------------------------------------------------------------------------------------------------
[2026-01-29 09:28:36,432:main.py#L164:INFO]: [Workload 90/526] Starting tuning for: ssb_90.wg with surrogate
[2026-01-29 09:28:36,432:main.py#L167:INFO]: ----------------------------------------------------------------------------------------------------
[2026-01-29 09:33:14,274:main.py#L172:INFO]: [Workload 90/526] Successfully completed tuning for: ssb_90.wg with surrogate
[2026-01-29 09:33:14,274:main.py#L163:INFO]: ----------------------------------------------------------------------------------------------------
[2026-01-29 09:33:14,274:main.py#L164:INFO]: [Workload 91/526] Starting tuning for: ssb_91.wg with surrogate
[2026-01-29 09:33:14,274:main.py#L167:INFO]: ----------------------------------------------------------------------------------------------------
[2026-01-29 09:37:58,489:main.py#L172:INFO]: [Workload 91/526] Successfully completed tuning for: ssb_91.wg with surrogate
[2026-01-29 09:37:58,489:main.py#L163:INFO]: ----------------------------------------------------------------------------------------------------
[2026-01-29 09:37:58,489:main.py#L164:INFO]: [Workload 92/526] Starting tuning for: ssb_92.wg with surrogate
[2026-01-29 09:37:58,489:main.py#L167:INFO]: ----------------------------------------------------------------------------------------------------
[2026-01-29 09:42:14,844:main.py#L172:INFO]: [Workload 92/526] Successfully completed tuning for: ssb_92.wg with surrogate
[2026-01-29 09:42:14,844:main.py#L163:INFO]: ----------------------------------------------------------------------------------------------------
[2026-01-29 09:42:14,844:main.py#L164:INFO]: [Workload 93/526] Starting tuning for: ssb_93.wg with surrogate
[2026-01-29 09:42:14,844:main.py#L167:INFO]: ----------------------------------------------------------------------------------------------------
[2026-01-29 09:46:46,207:main.py#L172:INFO]: [Workload 93/526] Successfully completed tuning for: ssb_93.wg with surrogate
[2026-01-29 09:46:46,207:main.py#L163:INFO]: ----------------------------------------------------------------------------------------------------
[2026-01-29 09:46:46,207:main.py#L164:INFO]: [Workload 94/526] Starting tuning for: ssb_94.wg with surrogate
[2026-01-29 09:46:46,207:main.py#L167:INFO]: ----------------------------------------------------------------------------------------------------
[2026-01-29 09:51:20,937:main.py#L172:INFO]: [Workload 94/526] Successfully completed tuning for: ssb_94.wg with surrogate
[2026-01-29 09:51:20,937:main.py#L163:INFO]: ----------------------------------------------------------------------------------------------------
[2026-01-29 09:51:20,937:main.py#L164:INFO]: [Workload 95/526] Starting tuning for: ssb_95.wg with surrogate
[2026-01-29 09:51:20,938:main.py#L167:INFO]: ----------------------------------------------------------------------------------------------------
[2026-01-29 09:55:52,380:main.py#L172:INFO]: [Workload 95/526] Successfully completed tuning for: ssb_95.wg with surrogate
[2026-01-29 09:55:52,380:main.py#L163:INFO]: ----------------------------------------------------------------------------------------------------
[2026-01-29 09:55:52,380:main.py#L164:INFO]: [Workload 96/526] Starting tuning for: ssb_96.wg with surrogate
[2026-01-29 09:55:52,380:main.py#L167:INFO]: ----------------------------------------------------------------------------------------------------
[2026-01-29 10:00:17,718:main.py#L172:INFO]: [Workload 96/526] Successfully completed tuning for: ssb_96.wg with surrogate
[2026-01-29 10:00:17,719:main.py#L163:INFO]: ----------------------------------------------------------------------------------------------------
[2026-01-29 10:00:17,719:main.py#L164:INFO]: [Workload 97/526] Starting tuning for: ssb_97.wg with surrogate
[2026-01-29 10:00:17,719:main.py#L167:INFO]: ----------------------------------------------------------------------------------------------------
[2026-01-29 10:04:33,452:main.py#L172:INFO]: [Workload 97/526] Successfully completed tuning for: ssb_97.wg with surrogate
[2026-01-29 10:04:33,452:main.py#L163:INFO]: ----------------------------------------------------------------------------------------------------
[2026-01-29 10:04:33,452:main.py#L164:INFO]: [Workload 98/526] Starting tuning for: ssb_98.wg with surrogate
[2026-01-29 10:04:33,452:main.py#L167:INFO]: ----------------------------------------------------------------------------------------------------
[2026-01-29 10:08:59,176:main.py#L172:INFO]: [Workload 98/526] Successfully completed tuning for: ssb_98.wg with surrogate
[2026-01-29 10:08:59,176:main.py#L163:INFO]: ----------------------------------------------------------------------------------------------------
[2026-01-29 10:08:59,176:main.py#L164:INFO]: [Workload 99/526] Starting tuning for: ssb_99.wg with surrogate
[2026-01-29 10:08:59,176:main.py#L167:INFO]: ----------------------------------------------------------------------------------------------------
[2026-01-29 10:13:26,088:main.py#L172:INFO]: [Workload 99/526] Successfully completed tuning for: ssb_99.wg with surrogate
[2026-01-29 10:13:26,088:main.py#L163:INFO]: ----------------------------------------------------------------------------------------------------
[2026-01-29 10:13:26,088:main.py#L164:INFO]: [Workload 100/526] Starting tuning for: ssb_100.wg with surrogate
[2026-01-29 10:13:26,088:main.py#L167:INFO]: ----------------------------------------------------------------------------------------------------
[2026-01-29 10:17:43,355:main.py#L172:INFO]: [Workload 100/526] Successfully completed tuning for: ssb_100.wg with surrogate
[2026-01-29 10:17:43,355:main.py#L163:INFO]: ----------------------------------------------------------------------------------------------------
[2026-01-29 10:17:43,355:main.py#L164:INFO]: [Workload 101/526] Starting tuning for: ssb_101.wg with surrogate
[2026-01-29 10:17:43,355:main.py#L167:INFO]: ----------------------------------------------------------------------------------------------------
[2026-01-29 10:22:06,236:main.py#L172:INFO]: [Workload 101/526] Successfully completed tuning for: ssb_101.wg with surrogate
[2026-01-29 10:22:06,236:main.py#L163:INFO]: ----------------------------------------------------------------------------------------------------
[2026-01-29 10:22:06,236:main.py#L164:INFO]: [Workload 102/526] Starting tuning for: ssb_102.wg with surrogate
[2026-01-29 10:22:06,236:main.py#L167:INFO]: ----------------------------------------------------------------------------------------------------
[2026-01-29 10:26:29,811:main.py#L172:INFO]: [Workload 102/526] Successfully completed tuning for: ssb_102.wg with surrogate
[2026-01-29 10:26:29,811:main.py#L163:INFO]: ----------------------------------------------------------------------------------------------------
[2026-01-29 10:26:29,811:main.py#L164:INFO]: [Workload 103/526] Starting tuning for: ssb_103.wg with surrogate
[2026-01-29 10:26:29,811:main.py#L167:INFO]: ----------------------------------------------------------------------------------------------------
[2026-01-29 10:30:51,230:main.py#L172:INFO]: [Workload 103/526] Successfully completed tuning for: ssb_103.wg with surrogate
[2026-01-29 10:30:51,230:main.py#L163:INFO]: ----------------------------------------------------------------------------------------------------
[2026-01-29 10:30:51,230:main.py#L164:INFO]: [Workload 104/526] Starting tuning for: ssb_104.wg with surrogate
[2026-01-29 10:30:51,230:main.py#L167:INFO]: ----------------------------------------------------------------------------------------------------
[2026-01-29 10:35:04,538:main.py#L172:INFO]: [Workload 104/526] Successfully completed tuning for: ssb_104.wg with surrogate
[2026-01-29 10:35:04,539:main.py#L163:INFO]: ----------------------------------------------------------------------------------------------------
[2026-01-29 10:35:04,539:main.py#L164:INFO]: [Workload 105/526] Starting tuning for: ssb_105.wg with surrogate
[2026-01-29 10:35:04,539:main.py#L167:INFO]: ----------------------------------------------------------------------------------------------------
[2026-01-29 10:39:29,315:main.py#L172:INFO]: [Workload 105/526] Successfully completed tuning for: ssb_105.wg with surrogate
[2026-01-29 10:39:29,315:main.py#L163:INFO]: ----------------------------------------------------------------------------------------------------
[2026-01-29 10:39:29,315:main.py#L164:INFO]: [Workload 106/526] Starting tuning for: ssb_106.wg with surrogate
[2026-01-29 10:39:29,315:main.py#L167:INFO]: ----------------------------------------------------------------------------------------------------
[2026-01-29 10:43:45,767:main.py#L172:INFO]: [Workload 106/526] Successfully completed tuning for: ssb_106.wg with surrogate
[2026-01-29 10:43:45,768:main.py#L163:INFO]: ----------------------------------------------------------------------------------------------------
[2026-01-29 10:43:45,768:main.py#L164:INFO]: [Workload 107/526] Starting tuning for: ssb_107.wg with surrogate
[2026-01-29 10:43:45,768:main.py#L167:INFO]: ----------------------------------------------------------------------------------------------------
[2026-01-29 10:48:28,728:main.py#L172:INFO]: [Workload 107/526] Successfully completed tuning for: ssb_107.wg with surrogate
[2026-01-29 10:48:28,728:main.py#L163:INFO]: ----------------------------------------------------------------------------------------------------
[2026-01-29 10:48:28,728:main.py#L164:INFO]: [Workload 108/526] Starting tuning for: ssb_108.wg with surrogate
[2026-01-29 10:48:28,728:main.py#L167:INFO]: ----------------------------------------------------------------------------------------------------
[2026-01-29 10:52:56,157:main.py#L172:INFO]: [Workload 108/526] Successfully completed tuning for: ssb_108.wg with surrogate
[2026-01-29 10:52:56,157:main.py#L163:INFO]: ----------------------------------------------------------------------------------------------------
[2026-01-29 10:52:56,157:main.py#L164:INFO]: [Workload 109/526] Starting tuning for: ssb_109.wg with surrogate
[2026-01-29 10:52:56,157:main.py#L167:INFO]: ----------------------------------------------------------------------------------------------------
[2026-01-29 10:57:18,077:main.py#L172:INFO]: [Workload 109/526] Successfully completed tuning for: ssb_109.wg with surrogate
[2026-01-29 10:57:18,078:main.py#L163:INFO]: ----------------------------------------------------------------------------------------------------
[2026-01-29 10:57:18,078:main.py#L164:INFO]: [Workload 110/526] Starting tuning for: ssb_110.wg with surrogate
[2026-01-29 10:57:18,078:main.py#L167:INFO]: ----------------------------------------------------------------------------------------------------
[2026-01-29 11:02:12,280:main.py#L172:INFO]: [Workload 110/526] Successfully completed tuning for: ssb_110.wg with surrogate
[2026-01-29 11:02:12,281:main.py#L163:INFO]: ----------------------------------------------------------------------------------------------------
[2026-01-29 11:02:12,281:main.py#L164:INFO]: [Workload 111/526] Starting tuning for: ssb_111.wg with surrogate
[2026-01-29 11:02:12,281:main.py#L167:INFO]: ----------------------------------------------------------------------------------------------------
[2026-01-29 11:06:36,334:main.py#L172:INFO]: [Workload 111/526] Successfully completed tuning for: ssb_111.wg with surrogate
[2026-01-29 11:06:36,334:main.py#L163:INFO]: ----------------------------------------------------------------------------------------------------
[2026-01-29 11:06:36,334:main.py#L164:INFO]: [Workload 112/526] Starting tuning for: ssb_112.wg with surrogate
[2026-01-29 11:06:36,334:main.py#L167:INFO]: ----------------------------------------------------------------------------------------------------
[2026-01-29 11:10:49,498:main.py#L172:INFO]: [Workload 112/526] Successfully completed tuning for: ssb_112.wg with surrogate
[2026-01-29 11:10:49,498:main.py#L163:INFO]: ----------------------------------------------------------------------------------------------------
[2026-01-29 11:10:49,498:main.py#L164:INFO]: [Workload 113/526] Starting tuning for: ssb_113.wg with surrogate
[2026-01-29 11:10:49,498:main.py#L167:INFO]: ----------------------------------------------------------------------------------------------------
[2026-01-29 11:15:08,068:main.py#L172:INFO]: [Workload 113/526] Successfully completed tuning for: ssb_113.wg with surrogate
[2026-01-29 11:15:08,068:main.py#L163:INFO]: ----------------------------------------------------------------------------------------------------
[2026-01-29 11:15:08,068:main.py#L164:INFO]: [Workload 114/526] Starting tuning for: ssb_114.wg with surrogate
[2026-01-29 11:15:08,068:main.py#L167:INFO]: ----------------------------------------------------------------------------------------------------
[2026-01-29 11:19:30,094:main.py#L172:INFO]: [Workload 114/526] Successfully completed tuning for: ssb_114.wg with surrogate
[2026-01-29 11:19:30,095:main.py#L163:INFO]: ----------------------------------------------------------------------------------------------------
[2026-01-29 11:19:30,095:main.py#L164:INFO]: [Workload 115/526] Starting tuning for: ssb_115.wg with surrogate
[2026-01-29 11:19:30,095:main.py#L167:INFO]: ----------------------------------------------------------------------------------------------------
[2026-01-29 11:23:58,484:main.py#L172:INFO]: [Workload 115/526] Successfully completed tuning for: ssb_115.wg with surrogate
[2026-01-29 11:23:58,484:main.py#L163:INFO]: ----------------------------------------------------------------------------------------------------
[2026-01-29 11:23:58,484:main.py#L164:INFO]: [Workload 116/526] Starting tuning for: ssb_116.wg with surrogate
[2026-01-29 11:23:58,484:main.py#L167:INFO]: ----------------------------------------------------------------------------------------------------
[2026-01-29 11:28:31,354:main.py#L172:INFO]: [Workload 116/526] Successfully completed tuning for: ssb_116.wg with surrogate
[2026-01-29 11:28:31,355:main.py#L163:INFO]: ----------------------------------------------------------------------------------------------------
[2026-01-29 11:28:31,355:main.py#L164:INFO]: [Workload 117/526] Starting tuning for: ssb_117.wg with surrogate
[2026-01-29 11:28:31,355:main.py#L167:INFO]: ----------------------------------------------------------------------------------------------------
[2026-01-29 11:32:52,127:main.py#L172:INFO]: [Workload 117/526] Successfully completed tuning for: ssb_117.wg with surrogate
[2026-01-29 11:32:52,128:main.py#L163:INFO]: ----------------------------------------------------------------------------------------------------
[2026-01-29 11:32:52,128:main.py#L164:INFO]: [Workload 118/526] Starting tuning for: ssb_118.wg with surrogate
[2026-01-29 11:32:52,128:main.py#L167:INFO]: ----------------------------------------------------------------------------------------------------
[2026-01-29 11:37:24,691:main.py#L172:INFO]: [Workload 118/526] Successfully completed tuning for: ssb_118.wg with surrogate
[2026-01-29 11:37:24,691:main.py#L163:INFO]: ----------------------------------------------------------------------------------------------------
[2026-01-29 11:37:24,692:main.py#L164:INFO]: [Workload 119/526] Starting tuning for: ssb_119.wg with surrogate
[2026-01-29 11:37:24,692:main.py#L167:INFO]: ----------------------------------------------------------------------------------------------------
[2026-01-29 11:41:53,135:main.py#L172:INFO]: [Workload 119/526] Successfully completed tuning for: ssb_119.wg with surrogate
[2026-01-29 11:41:53,136:main.py#L163:INFO]: ----------------------------------------------------------------------------------------------------
[2026-01-29 11:41:53,136:main.py#L164:INFO]: [Workload 120/526] Starting tuning for: ssb_120.wg with surrogate
[2026-01-29 11:41:53,136:main.py#L167:INFO]: ----------------------------------------------------------------------------------------------------
[2026-01-29 11:46:17,252:main.py#L172:INFO]: [Workload 120/526] Successfully completed tuning for: ssb_120.wg with surrogate
[2026-01-29 11:46:17,252:main.py#L163:INFO]: ----------------------------------------------------------------------------------------------------
[2026-01-29 11:46:17,252:main.py#L164:INFO]: [Workload 121/526] Starting tuning for: ssb_121.wg with surrogate
[2026-01-29 11:46:17,253:main.py#L167:INFO]: ----------------------------------------------------------------------------------------------------
[2026-01-29 11:51:07,533:main.py#L172:INFO]: [Workload 121/526] Successfully completed tuning for: ssb_121.wg with surrogate
[2026-01-29 11:51:07,533:main.py#L163:INFO]: ----------------------------------------------------------------------------------------------------
[2026-01-29 11:51:07,533:main.py#L164:INFO]: [Workload 122/526] Starting tuning for: ssb_122.wg with surrogate
[2026-01-29 11:51:07,533:main.py#L167:INFO]: ----------------------------------------------------------------------------------------------------
[2026-01-29 11:55:41,154:main.py#L172:INFO]: [Workload 122/526] Successfully completed tuning for: ssb_122.wg with surrogate
[2026-01-29 11:55:41,154:main.py#L163:INFO]: ----------------------------------------------------------------------------------------------------
[2026-01-29 11:55:41,154:main.py#L164:INFO]: [Workload 123/526] Starting tuning for: ssb_123.wg with surrogate
[2026-01-29 11:55:41,154:main.py#L167:INFO]: ----------------------------------------------------------------------------------------------------
[2026-01-29 12:00:01,996:main.py#L172:INFO]: [Workload 123/526] Successfully completed tuning for: ssb_123.wg with surrogate
[2026-01-29 12:00:01,996:main.py#L163:INFO]: ----------------------------------------------------------------------------------------------------
[2026-01-29 12:00:01,996:main.py#L164:INFO]: [Workload 124/526] Starting tuning for: ssb_124.wg with surrogate
[2026-01-29 12:00:01,996:main.py#L167:INFO]: ----------------------------------------------------------------------------------------------------
[2026-01-29 12:04:37,311:main.py#L172:INFO]: [Workload 124/526] Successfully completed tuning for: ssb_124.wg with surrogate
[2026-01-29 12:04:37,311:main.py#L163:INFO]: ----------------------------------------------------------------------------------------------------
[2026-01-29 12:04:37,311:main.py#L164:INFO]: [Workload 125/526] Starting tuning for: ssb_125.wg with surrogate
[2026-01-29 12:04:37,311:main.py#L167:INFO]: ----------------------------------------------------------------------------------------------------
[2026-01-29 12:09:03,620:main.py#L172:INFO]: [Workload 125/526] Successfully completed tuning for: ssb_125.wg with surrogate
[2026-01-29 12:09:03,621:main.py#L163:INFO]: ----------------------------------------------------------------------------------------------------
[2026-01-29 12:09:03,621:main.py#L164:INFO]: [Workload 126/526] Starting tuning for: ssb_126.wg with surrogate
[2026-01-29 12:09:03,621:main.py#L167:INFO]: ----------------------------------------------------------------------------------------------------
[2026-01-29 12:13:38,237:main.py#L172:INFO]: [Workload 126/526] Successfully completed tuning for: ssb_126.wg with surrogate
[2026-01-29 12:13:38,238:main.py#L163:INFO]: ----------------------------------------------------------------------------------------------------
[2026-01-29 12:13:38,238:main.py#L164:INFO]: [Workload 127/526] Starting tuning for: ssb_127.wg with surrogate
[2026-01-29 12:13:38,238:main.py#L167:INFO]: ----------------------------------------------------------------------------------------------------
[2026-01-29 12:18:07,996:main.py#L172:INFO]: [Workload 127/526] Successfully completed tuning for: ssb_127.wg with surrogate
[2026-01-29 12:18:07,997:main.py#L163:INFO]: ----------------------------------------------------------------------------------------------------
[2026-01-29 12:18:07,997:main.py#L164:INFO]: [Workload 128/526] Starting tuning for: ssb_128.wg with surrogate
[2026-01-29 12:18:07,997:main.py#L167:INFO]: ----------------------------------------------------------------------------------------------------
[2026-01-29 12:22:13,108:main.py#L172:INFO]: [Workload 128/526] Successfully completed tuning for: ssb_128.wg with surrogate
[2026-01-29 12:22:13,108:main.py#L163:INFO]: ----------------------------------------------------------------------------------------------------
[2026-01-29 12:22:13,108:main.py#L164:INFO]: [Workload 129/526] Starting tuning for: ssb_129.wg with surrogate
[2026-01-29 12:22:13,108:main.py#L167:INFO]: ----------------------------------------------------------------------------------------------------
[2026-01-29 12:26:34,655:main.py#L172:INFO]: [Workload 129/526] Successfully completed tuning for: ssb_129.wg with surrogate
[2026-01-29 12:26:34,655:main.py#L163:INFO]: ----------------------------------------------------------------------------------------------------
[2026-01-29 12:26:34,655:main.py#L164:INFO]: [Workload 130/526] Starting tuning for: ssb_130.wg with surrogate
[2026-01-29 12:26:34,655:main.py#L167:INFO]: ----------------------------------------------------------------------------------------------------
[2026-01-29 12:30:51,305:main.py#L172:INFO]: [Workload 130/526] Successfully completed tuning for: ssb_130.wg with surrogate
[2026-01-29 12:30:51,305:main.py#L163:INFO]: ----------------------------------------------------------------------------------------------------
[2026-01-29 12:30:51,306:main.py#L164:INFO]: [Workload 131/526] Starting tuning for: ssb_131.wg with surrogate
[2026-01-29 12:30:51,306:main.py#L167:INFO]: ----------------------------------------------------------------------------------------------------
[2026-01-29 12:35:27,961:main.py#L172:INFO]: [Workload 131/526] Successfully completed tuning for: ssb_131.wg with surrogate
[2026-01-29 12:35:27,961:main.py#L163:INFO]: ----------------------------------------------------------------------------------------------------
[2026-01-29 12:35:27,961:main.py#L164:INFO]: [Workload 132/526] Starting tuning for: ssb_132.wg with surrogate
[2026-01-29 12:35:27,961:main.py#L167:INFO]: ----------------------------------------------------------------------------------------------------
[2026-01-29 12:39:43,601:main.py#L172:INFO]: [Workload 132/526] Successfully completed tuning for: ssb_132.wg with surrogate
[2026-01-29 12:39:43,601:main.py#L163:INFO]: ----------------------------------------------------------------------------------------------------
[2026-01-29 12:39:43,601:main.py#L164:INFO]: [Workload 133/526] Starting tuning for: ssb_133.wg with surrogate
[2026-01-29 12:39:43,601:main.py#L167:INFO]: ----------------------------------------------------------------------------------------------------
[2026-01-29 12:44:08,437:main.py#L172:INFO]: [Workload 133/526] Successfully completed tuning for: ssb_133.wg with surrogate
[2026-01-29 12:44:08,437:main.py#L163:INFO]: ----------------------------------------------------------------------------------------------------
[2026-01-29 12:44:08,437:main.py#L164:INFO]: [Workload 134/526] Starting tuning for: ssb_134.wg with surrogate
[2026-01-29 12:44:08,437:main.py#L167:INFO]: ----------------------------------------------------------------------------------------------------
[2026-01-29 12:48:37,355:main.py#L172:INFO]: [Workload 134/526] Successfully completed tuning for: ssb_134.wg with surrogate
[2026-01-29 12:48:37,355:main.py#L163:INFO]: ----------------------------------------------------------------------------------------------------
[2026-01-29 12:48:37,355:main.py#L164:INFO]: [Workload 135/526] Starting tuning for: ssb_135.wg with surrogate
[2026-01-29 12:48:37,355:main.py#L167:INFO]: ----------------------------------------------------------------------------------------------------
[2026-01-29 12:53:09,102:main.py#L172:INFO]: [Workload 135/526] Successfully completed tuning for: ssb_135.wg with surrogate
[2026-01-29 12:53:09,102:main.py#L163:INFO]: ----------------------------------------------------------------------------------------------------
[2026-01-29 12:53:09,102:main.py#L164:INFO]: [Workload 136/526] Starting tuning for: ssb_136.wg with surrogate
[2026-01-29 12:53:09,102:main.py#L167:INFO]: ----------------------------------------------------------------------------------------------------
[2026-01-29 12:57:32,011:main.py#L172:INFO]: [Workload 136/526] Successfully completed tuning for: ssb_136.wg with surrogate
[2026-01-29 12:57:32,011:main.py#L163:INFO]: ----------------------------------------------------------------------------------------------------
[2026-01-29 12:57:32,011:main.py#L164:INFO]: [Workload 137/526] Starting tuning for: ssb_137.wg with surrogate
[2026-01-29 12:57:32,011:main.py#L167:INFO]: ----------------------------------------------------------------------------------------------------
[2026-01-29 13:02:05,217:main.py#L172:INFO]: [Workload 137/526] Successfully completed tuning for: ssb_137.wg with surrogate
[2026-01-29 13:02:05,218:main.py#L163:INFO]: ----------------------------------------------------------------------------------------------------
[2026-01-29 13:02:05,218:main.py#L164:INFO]: [Workload 138/526] Starting tuning for: ssb_138.wg with surrogate
[2026-01-29 13:02:05,218:main.py#L167:INFO]: ----------------------------------------------------------------------------------------------------
[2026-01-29 13:06:19,133:main.py#L172:INFO]: [Workload 138/526] Successfully completed tuning for: ssb_138.wg with surrogate
[2026-01-29 13:06:19,133:main.py#L163:INFO]: ----------------------------------------------------------------------------------------------------
[2026-01-29 13:06:19,133:main.py#L164:INFO]: [Workload 139/526] Starting tuning for: ssb_139.wg with surrogate
[2026-01-29 13:06:19,133:main.py#L167:INFO]: ----------------------------------------------------------------------------------------------------
[2026-01-29 13:10:41,839:main.py#L172:INFO]: [Workload 139/526] Successfully completed tuning for: ssb_139.wg with surrogate
[2026-01-29 13:10:41,840:main.py#L163:INFO]: ----------------------------------------------------------------------------------------------------
[2026-01-29 13:10:41,840:main.py#L164:INFO]: [Workload 140/526] Starting tuning for: ssb_140.wg with surrogate
[2026-01-29 13:10:41,840:main.py#L167:INFO]: ----------------------------------------------------------------------------------------------------
[2026-01-29 13:15:19,364:main.py#L172:INFO]: [Workload 140/526] Successfully completed tuning for: ssb_140.wg with surrogate
[2026-01-29 13:15:19,365:main.py#L163:INFO]: ----------------------------------------------------------------------------------------------------
[2026-01-29 13:15:19,365:main.py#L164:INFO]: [Workload 141/526] Starting tuning for: ssb_141.wg with surrogate
[2026-01-29 13:15:19,365:main.py#L167:INFO]: ----------------------------------------------------------------------------------------------------
[2026-01-29 13:19:43,706:main.py#L172:INFO]: [Workload 141/526] Successfully completed tuning for: ssb_141.wg with surrogate
[2026-01-29 13:19:43,706:main.py#L163:INFO]: ----------------------------------------------------------------------------------------------------
[2026-01-29 13:19:43,706:main.py#L164:INFO]: [Workload 142/526] Starting tuning for: ssb_142.wg with surrogate
[2026-01-29 13:19:43,706:main.py#L167:INFO]: ----------------------------------------------------------------------------------------------------
[2026-01-29 13:24:20,027:main.py#L172:INFO]: [Workload 142/526] Successfully completed tuning for: ssb_142.wg with surrogate
[2026-01-29 13:24:20,027:main.py#L163:INFO]: ----------------------------------------------------------------------------------------------------
[2026-01-29 13:24:20,027:main.py#L164:INFO]: [Workload 143/526] Starting tuning for: ssb_143.wg with surrogate
[2026-01-29 13:24:20,027:main.py#L167:INFO]: ----------------------------------------------------------------------------------------------------
[2026-01-29 13:28:46,489:main.py#L172:INFO]: [Workload 143/526] Successfully completed tuning for: ssb_143.wg with surrogate
[2026-01-29 13:28:46,489:main.py#L163:INFO]: ----------------------------------------------------------------------------------------------------
[2026-01-29 13:28:46,489:main.py#L164:INFO]: [Workload 144/526] Starting tuning for: ssb_144.wg with surrogate
[2026-01-29 13:28:46,489:main.py#L167:INFO]: ----------------------------------------------------------------------------------------------------
[2026-01-29 13:33:24,455:main.py#L172:INFO]: [Workload 144/526] Successfully completed tuning for: ssb_144.wg with surrogate
[2026-01-29 13:33:24,455:main.py#L163:INFO]: ----------------------------------------------------------------------------------------------------
[2026-01-29 13:33:24,455:main.py#L164:INFO]: [Workload 145/526] Starting tuning for: ssb_145.wg with surrogate
[2026-01-29 13:33:24,455:main.py#L167:INFO]: ----------------------------------------------------------------------------------------------------
[2026-01-29 13:37:51,850:main.py#L172:INFO]: [Workload 145/526] Successfully completed tuning for: ssb_145.wg with surrogate
[2026-01-29 13:37:51,850:main.py#L163:INFO]: ----------------------------------------------------------------------------------------------------
[2026-01-29 13:37:51,850:main.py#L164:INFO]: [Workload 146/526] Starting tuning for: ssb_146.wg with surrogate
[2026-01-29 13:37:51,850:main.py#L167:INFO]: ----------------------------------------------------------------------------------------------------
[2026-01-29 13:42:12,425:main.py#L172:INFO]: [Workload 146/526] Successfully completed tuning for: ssb_146.wg with surrogate
[2026-01-29 13:42:12,426:main.py#L163:INFO]: ----------------------------------------------------------------------------------------------------
[2026-01-29 13:42:12,426:main.py#L164:INFO]: [Workload 147/526] Starting tuning for: ssb_147.wg with surrogate
[2026-01-29 13:42:12,426:main.py#L167:INFO]: ----------------------------------------------------------------------------------------------------
[2026-01-29 13:46:48,156:main.py#L172:INFO]: [Workload 147/526] Successfully completed tuning for: ssb_147.wg with surrogate
[2026-01-29 13:46:48,157:main.py#L163:INFO]: ----------------------------------------------------------------------------------------------------
[2026-01-29 13:46:48,157:main.py#L164:INFO]: [Workload 148/526] Starting tuning for: ssb_148.wg with surrogate
[2026-01-29 13:46:48,157:main.py#L167:INFO]: ----------------------------------------------------------------------------------------------------
[2026-01-29 13:51:17,648:main.py#L172:INFO]: [Workload 148/526] Successfully completed tuning for: ssb_148.wg with surrogate
[2026-01-29 13:51:17,648:main.py#L163:INFO]: ----------------------------------------------------------------------------------------------------
[2026-01-29 13:51:17,648:main.py#L164:INFO]: [Workload 149/526] Starting tuning for: ssb_149.wg with surrogate
[2026-01-29 13:51:17,648:main.py#L167:INFO]: ----------------------------------------------------------------------------------------------------
[2026-01-29 13:55:45,451:main.py#L172:INFO]: [Workload 149/526] Successfully completed tuning for: ssb_149.wg with surrogate
[2026-01-29 13:55:45,451:main.py#L163:INFO]: ----------------------------------------------------------------------------------------------------
[2026-01-29 13:55:45,451:main.py#L164:INFO]: [Workload 150/526] Starting tuning for: ssb_150.wg with surrogate
[2026-01-29 13:55:45,451:main.py#L167:INFO]: ----------------------------------------------------------------------------------------------------
[2026-01-29 14:00:15,454:main.py#L172:INFO]: [Workload 150/526] Successfully completed tuning for: ssb_150.wg with surrogate
[2026-01-29 14:00:15,454:main.py#L163:INFO]: ----------------------------------------------------------------------------------------------------
[2026-01-29 14:00:15,454:main.py#L164:INFO]: [Workload 151/526] Starting tuning for: ssb_151.wg with surrogate
[2026-01-29 14:00:15,454:main.py#L167:INFO]: ----------------------------------------------------------------------------------------------------
[2026-01-29 14:04:39,711:main.py#L172:INFO]: [Workload 151/526] Successfully completed tuning for: ssb_151.wg with surrogate
[2026-01-29 14:04:39,711:main.py#L163:INFO]: ----------------------------------------------------------------------------------------------------
[2026-01-29 14:04:39,711:main.py#L164:INFO]: [Workload 152/526] Starting tuning for: ssb_152.wg with surrogate
[2026-01-29 14:04:39,711:main.py#L167:INFO]: ----------------------------------------------------------------------------------------------------
[2026-01-29 14:08:55,763:main.py#L172:INFO]: [Workload 152/526] Successfully completed tuning for: ssb_152.wg with surrogate
[2026-01-29 14:08:55,763:main.py#L163:INFO]: ----------------------------------------------------------------------------------------------------
[2026-01-29 14:08:55,763:main.py#L164:INFO]: [Workload 153/526] Starting tuning for: ssb_153.wg with surrogate
[2026-01-29 14:08:55,763:main.py#L167:INFO]: ----------------------------------------------------------------------------------------------------
[2026-01-29 14:13:11,344:main.py#L172:INFO]: [Workload 153/526] Successfully completed tuning for: ssb_153.wg with surrogate
[2026-01-29 14:13:11,344:main.py#L163:INFO]: ----------------------------------------------------------------------------------------------------
[2026-01-29 14:13:11,344:main.py#L164:INFO]: [Workload 154/526] Starting tuning for: ssb_154.wg with surrogate
[2026-01-29 14:13:11,344:main.py#L167:INFO]: ----------------------------------------------------------------------------------------------------
[2026-01-29 14:17:35,592:main.py#L172:INFO]: [Workload 154/526] Successfully completed tuning for: ssb_154.wg with surrogate
[2026-01-29 14:17:35,592:main.py#L163:INFO]: ----------------------------------------------------------------------------------------------------
[2026-01-29 14:17:35,592:main.py#L164:INFO]: [Workload 155/526] Starting tuning for: ssb_155.wg with surrogate
[2026-01-29 14:17:35,592:main.py#L167:INFO]: ----------------------------------------------------------------------------------------------------
[2026-01-29 14:21:51,764:main.py#L172:INFO]: [Workload 155/526] Successfully completed tuning for: ssb_155.wg with surrogate
[2026-01-29 14:21:51,764:main.py#L163:INFO]: ----------------------------------------------------------------------------------------------------
[2026-01-29 14:21:51,764:main.py#L164:INFO]: [Workload 156/526] Starting tuning for: ssb_156.wg with surrogate
[2026-01-29 14:21:51,764:main.py#L167:INFO]: ----------------------------------------------------------------------------------------------------
[2026-01-29 14:26:17,585:main.py#L172:INFO]: [Workload 156/526] Successfully completed tuning for: ssb_156.wg with surrogate
[2026-01-29 14:26:17,585:main.py#L163:INFO]: ----------------------------------------------------------------------------------------------------
[2026-01-29 14:26:17,586:main.py#L164:INFO]: [Workload 157/526] Starting tuning for: ssb_157.wg with surrogate
[2026-01-29 14:26:17,586:main.py#L167:INFO]: ----------------------------------------------------------------------------------------------------
[2026-01-29 14:30:39,688:main.py#L172:INFO]: [Workload 157/526] Successfully completed tuning for: ssb_157.wg with surrogate
[2026-01-29 14:30:39,688:main.py#L163:INFO]: ----------------------------------------------------------------------------------------------------
[2026-01-29 14:30:39,688:main.py#L164:INFO]: [Workload 158/526] Starting tuning for: ssb_158.wg with surrogate
[2026-01-29 14:30:39,688:main.py#L167:INFO]: ----------------------------------------------------------------------------------------------------
[2026-01-29 14:34:55,613:main.py#L172:INFO]: [Workload 158/526] Successfully completed tuning for: ssb_158.wg with surrogate
[2026-01-29 14:34:55,614:main.py#L163:INFO]: ----------------------------------------------------------------------------------------------------
[2026-01-29 14:34:55,614:main.py#L164:INFO]: [Workload 159/526] Starting tuning for: ssb_159.wg with surrogate
[2026-01-29 14:34:55,614:main.py#L167:INFO]: ----------------------------------------------------------------------------------------------------
[2026-01-29 14:39:18,964:main.py#L172:INFO]: [Workload 159/526] Successfully completed tuning for: ssb_159.wg with surrogate
[2026-01-29 14:39:18,965:main.py#L163:INFO]: ----------------------------------------------------------------------------------------------------
[2026-01-29 14:39:18,965:main.py#L164:INFO]: [Workload 160/526] Starting tuning for: ssb_160.wg with surrogate
[2026-01-29 14:39:18,965:main.py#L167:INFO]: ----------------------------------------------------------------------------------------------------
[2026-01-29 14:43:30,807:main.py#L172:INFO]: [Workload 160/526] Successfully completed tuning for: ssb_160.wg with surrogate
[2026-01-29 14:43:30,807:main.py#L163:INFO]: ----------------------------------------------------------------------------------------------------
[2026-01-29 14:43:30,807:main.py#L164:INFO]: [Workload 161/526] Starting tuning for: ssb_161.wg with surrogate
[2026-01-29 14:43:30,807:main.py#L167:INFO]: ----------------------------------------------------------------------------------------------------
[2026-01-29 14:48:02,293:main.py#L172:INFO]: [Workload 161/526] Successfully completed tuning for: ssb_161.wg with surrogate
[2026-01-29 14:48:02,293:main.py#L163:INFO]: ----------------------------------------------------------------------------------------------------
[2026-01-29 14:48:02,293:main.py#L164:INFO]: [Workload 162/526] Starting tuning for: ssb_162.wg with surrogate
[2026-01-29 14:48:02,293:main.py#L167:INFO]: ----------------------------------------------------------------------------------------------------
[2026-01-29 14:52:15,065:main.py#L172:INFO]: [Workload 162/526] Successfully completed tuning for: ssb_162.wg with surrogate
[2026-01-29 14:52:15,065:main.py#L163:INFO]: ----------------------------------------------------------------------------------------------------
[2026-01-29 14:52:15,065:main.py#L164:INFO]: [Workload 163/526] Starting tuning for: ssb_163.wg with surrogate
[2026-01-29 14:52:15,066:main.py#L167:INFO]: ----------------------------------------------------------------------------------------------------
[2026-01-29 14:56:33,644:main.py#L172:INFO]: [Workload 163/526] Successfully completed tuning for: ssb_163.wg with surrogate
[2026-01-29 14:56:33,644:main.py#L163:INFO]: ----------------------------------------------------------------------------------------------------
[2026-01-29 14:56:33,644:main.py#L164:INFO]: [Workload 164/526] Starting tuning for: ssb_164.wg with surrogate
[2026-01-29 14:56:33,644:main.py#L167:INFO]: ----------------------------------------------------------------------------------------------------
[2026-01-29 15:00:57,661:main.py#L172:INFO]: [Workload 164/526] Successfully completed tuning for: ssb_164.wg with surrogate
[2026-01-29 15:00:57,662:main.py#L163:INFO]: ----------------------------------------------------------------------------------------------------
[2026-01-29 15:00:57,662:main.py#L164:INFO]: [Workload 165/526] Starting tuning for: ssb_165.wg with surrogate
[2026-01-29 15:00:57,662:main.py#L167:INFO]: ----------------------------------------------------------------------------------------------------
[2026-01-29 15:05:13,807:main.py#L172:INFO]: [Workload 165/526] Successfully completed tuning for: ssb_165.wg with surrogate
[2026-01-29 15:05:13,807:main.py#L163:INFO]: ----------------------------------------------------------------------------------------------------
[2026-01-29 15:05:13,807:main.py#L164:INFO]: [Workload 166/526] Starting tuning for: ssb_166.wg with surrogate
[2026-01-29 15:05:13,807:main.py#L167:INFO]: ----------------------------------------------------------------------------------------------------
[2026-01-29 15:09:33,659:main.py#L172:INFO]: [Workload 166/526] Successfully completed tuning for: ssb_166.wg with surrogate
[2026-01-29 15:09:33,659:main.py#L163:INFO]: ----------------------------------------------------------------------------------------------------
[2026-01-29 15:09:33,659:main.py#L164:INFO]: [Workload 167/526] Starting tuning for: ssb_167.wg with surrogate
[2026-01-29 15:09:33,659:main.py#L167:INFO]: ----------------------------------------------------------------------------------------------------
[2026-01-29 15:14:04,501:main.py#L172:INFO]: [Workload 167/526] Successfully completed tuning for: ssb_167.wg with surrogate
[2026-01-29 15:14:04,501:main.py#L163:INFO]: ----------------------------------------------------------------------------------------------------
[2026-01-29 15:14:04,501:main.py#L164:INFO]: [Workload 168/526] Starting tuning for: ssb_168.wg with surrogate
[2026-01-29 15:14:04,501:main.py#L167:INFO]: ----------------------------------------------------------------------------------------------------
[2026-01-29 15:18:32,106:main.py#L172:INFO]: [Workload 168/526] Successfully completed tuning for: ssb_168.wg with surrogate
[2026-01-29 15:18:32,106:main.py#L163:INFO]: ----------------------------------------------------------------------------------------------------
[2026-01-29 15:18:32,107:main.py#L164:INFO]: [Workload 169/526] Starting tuning for: ssb_169.wg with surrogate
[2026-01-29 15:18:32,107:main.py#L167:INFO]: ----------------------------------------------------------------------------------------------------
[2026-01-29 15:23:00,628:main.py#L172:INFO]: [Workload 169/526] Successfully completed tuning for: ssb_169.wg with surrogate
[2026-01-29 15:23:00,628:main.py#L163:INFO]: ----------------------------------------------------------------------------------------------------
[2026-01-29 15:23:00,628:main.py#L164:INFO]: [Workload 170/526] Starting tuning for: ssb_170.wg with surrogate
[2026-01-29 15:23:00,628:main.py#L167:INFO]: ----------------------------------------------------------------------------------------------------
[2026-01-29 15:27:38,466:main.py#L172:INFO]: [Workload 170/526] Successfully completed tuning for: ssb_170.wg with surrogate
[2026-01-29 15:27:38,466:main.py#L163:INFO]: ----------------------------------------------------------------------------------------------------
[2026-01-29 15:27:38,466:main.py#L164:INFO]: [Workload 171/526] Starting tuning for: ssb_171.wg with surrogate
[2026-01-29 15:27:38,466:main.py#L167:INFO]: ----------------------------------------------------------------------------------------------------
[2026-01-29 15:32:05,628:main.py#L172:INFO]: [Workload 171/526] Successfully completed tuning for: ssb_171.wg with surrogate
[2026-01-29 15:32:05,629:main.py#L163:INFO]: ----------------------------------------------------------------------------------------------------
[2026-01-29 15:32:05,629:main.py#L164:INFO]: [Workload 172/526] Starting tuning for: ssb_172.wg with surrogate
[2026-01-29 15:32:05,629:main.py#L167:INFO]: ----------------------------------------------------------------------------------------------------
[2026-01-29 15:36:23,514:main.py#L172:INFO]: [Workload 172/526] Successfully completed tuning for: ssb_172.wg with surrogate
[2026-01-29 15:36:23,515:main.py#L163:INFO]: ----------------------------------------------------------------------------------------------------
[2026-01-29 15:36:23,515:main.py#L164:INFO]: [Workload 173/526] Starting tuning for: ssb_173.wg with surrogate
[2026-01-29 15:36:23,515:main.py#L167:INFO]: ----------------------------------------------------------------------------------------------------
[2026-01-29 15:40:42,779:main.py#L172:INFO]: [Workload 173/526] Successfully completed tuning for: ssb_173.wg with surrogate
[2026-01-29 15:40:42,779:main.py#L163:INFO]: ----------------------------------------------------------------------------------------------------
[2026-01-29 15:40:42,779:main.py#L164:INFO]: [Workload 174/526] Starting tuning for: ssb_174.wg with surrogate
[2026-01-29 15:40:42,779:main.py#L167:INFO]: ----------------------------------------------------------------------------------------------------
[2026-01-29 15:45:07,894:main.py#L172:INFO]: [Workload 174/526] Successfully completed tuning for: ssb_174.wg with surrogate
[2026-01-29 15:45:07,894:main.py#L163:INFO]: ----------------------------------------------------------------------------------------------------
[2026-01-29 15:45:07,894:main.py#L164:INFO]: [Workload 175/526] Starting tuning for: ssb_175.wg with surrogate
[2026-01-29 15:45:07,894:main.py#L167:INFO]: ----------------------------------------------------------------------------------------------------
[2026-01-29 15:49:34,849:main.py#L172:INFO]: [Workload 175/526] Successfully completed tuning for: ssb_175.wg with surrogate
[2026-01-29 15:49:34,849:main.py#L163:INFO]: ----------------------------------------------------------------------------------------------------
[2026-01-29 15:49:34,849:main.py#L164:INFO]: [Workload 176/526] Starting tuning for: ssb_176.wg with surrogate
[2026-01-29 15:49:34,849:main.py#L167:INFO]: ----------------------------------------------------------------------------------------------------
[2026-01-29 15:53:51,418:main.py#L172:INFO]: [Workload 176/526] Successfully completed tuning for: ssb_176.wg with surrogate
[2026-01-29 15:53:51,418:main.py#L163:INFO]: ----------------------------------------------------------------------------------------------------
[2026-01-29 15:53:51,419:main.py#L164:INFO]: [Workload 177/526] Starting tuning for: ssb_177.wg with surrogate
[2026-01-29 15:53:51,419:main.py#L167:INFO]: ----------------------------------------------------------------------------------------------------
[2026-01-29 15:58:30,428:main.py#L172:INFO]: [Workload 177/526] Successfully completed tuning for: ssb_177.wg with surrogate
[2026-01-29 15:58:30,428:main.py#L163:INFO]: ----------------------------------------------------------------------------------------------------
[2026-01-29 15:58:30,429:main.py#L164:INFO]: [Workload 178/526] Starting tuning for: ssb_178.wg with surrogate
[2026-01-29 15:58:30,429:main.py#L167:INFO]: ----------------------------------------------------------------------------------------------------
[2026-01-29 16:02:47,049:main.py#L172:INFO]: [Workload 178/526] Successfully completed tuning for: ssb_178.wg with surrogate
[2026-01-29 16:02:47,049:main.py#L163:INFO]: ----------------------------------------------------------------------------------------------------
[2026-01-29 16:02:47,049:main.py#L164:INFO]: [Workload 179/526] Starting tuning for: ssb_179.wg with surrogate
[2026-01-29 16:02:47,049:main.py#L167:INFO]: ----------------------------------------------------------------------------------------------------
[2026-01-29 16:07:17,414:main.py#L172:INFO]: [Workload 179/526] Successfully completed tuning for: ssb_179.wg with surrogate
[2026-01-29 16:07:17,414:main.py#L163:INFO]: ----------------------------------------------------------------------------------------------------
[2026-01-29 16:07:17,414:main.py#L164:INFO]: [Workload 180/526] Starting tuning for: ssb_180.wg with surrogate
[2026-01-29 16:07:17,414:main.py#L167:INFO]: ----------------------------------------------------------------------------------------------------
[2026-01-29 16:11:47,511:main.py#L172:INFO]: [Workload 180/526] Successfully completed tuning for: ssb_180.wg with surrogate
[2026-01-29 16:11:47,511:main.py#L163:INFO]: ----------------------------------------------------------------------------------------------------
[2026-01-29 16:11:47,511:main.py#L164:INFO]: [Workload 181/526] Starting tuning for: ssb_181.wg with surrogate
[2026-01-29 16:11:47,511:main.py#L167:INFO]: ----------------------------------------------------------------------------------------------------
[2026-01-29 16:16:24,297:main.py#L172:INFO]: [Workload 181/526] Successfully completed tuning for: ssb_181.wg with surrogate
[2026-01-29 16:16:24,297:main.py#L163:INFO]: ----------------------------------------------------------------------------------------------------
[2026-01-29 16:16:24,298:main.py#L164:INFO]: [Workload 182/526] Starting tuning for: ssb_182.wg with surrogate
[2026-01-29 16:16:24,298:main.py#L167:INFO]: ----------------------------------------------------------------------------------------------------
[2026-01-29 16:20:42,131:main.py#L172:INFO]: [Workload 182/526] Successfully completed tuning for: ssb_182.wg with surrogate
[2026-01-29 16:20:42,132:main.py#L163:INFO]: ----------------------------------------------------------------------------------------------------
[2026-01-29 16:20:42,132:main.py#L164:INFO]: [Workload 183/526] Starting tuning for: ssb_183.wg with surrogate
[2026-01-29 16:20:42,132:main.py#L167:INFO]: ----------------------------------------------------------------------------------------------------
[2026-01-29 16:24:58,596:main.py#L172:INFO]: [Workload 183/526] Successfully completed tuning for: ssb_183.wg with surrogate
[2026-01-29 16:24:58,596:main.py#L163:INFO]: ----------------------------------------------------------------------------------------------------
[2026-01-29 16:24:58,596:main.py#L164:INFO]: [Workload 184/526] Starting tuning for: ssb_184.wg with surrogate
[2026-01-29 16:24:58,596:main.py#L167:INFO]: ----------------------------------------------------------------------------------------------------
[2026-01-29 16:29:21,288:main.py#L172:INFO]: [Workload 184/526] Successfully completed tuning for: ssb_184.wg with surrogate
[2026-01-29 16:29:21,288:main.py#L163:INFO]: ----------------------------------------------------------------------------------------------------
[2026-01-29 16:29:21,289:main.py#L164:INFO]: [Workload 185/526] Starting tuning for: ssb_185.wg with surrogate
[2026-01-29 16:29:21,289:main.py#L167:INFO]: ----------------------------------------------------------------------------------------------------
[2026-01-29 16:33:42,187:main.py#L172:INFO]: [Workload 185/526] Successfully completed tuning for: ssb_185.wg with surrogate
[2026-01-29 16:33:42,187:main.py#L163:INFO]: ----------------------------------------------------------------------------------------------------
[2026-01-29 16:33:42,188:main.py#L164:INFO]: [Workload 186/526] Starting tuning for: ssb_186.wg with surrogate
[2026-01-29 16:33:42,188:main.py#L167:INFO]: ----------------------------------------------------------------------------------------------------
[2026-01-29 16:37:56,518:main.py#L172:INFO]: [Workload 186/526] Successfully completed tuning for: ssb_186.wg with surrogate
[2026-01-29 16:37:56,518:main.py#L163:INFO]: ----------------------------------------------------------------------------------------------------
[2026-01-29 16:37:56,518:main.py#L164:INFO]: [Workload 187/526] Starting tuning for: ssb_187.wg with surrogate
[2026-01-29 16:37:56,518:main.py#L167:INFO]: ----------------------------------------------------------------------------------------------------
[2026-01-29 16:42:21,849:main.py#L172:INFO]: [Workload 187/526] Successfully completed tuning for: ssb_187.wg with surrogate
[2026-01-29 16:42:21,849:main.py#L163:INFO]: ----------------------------------------------------------------------------------------------------
[2026-01-29 16:42:21,850:main.py#L164:INFO]: [Workload 188/526] Starting tuning for: ssb_188.wg with surrogate
[2026-01-29 16:42:21,850:main.py#L167:INFO]: ----------------------------------------------------------------------------------------------------
[2026-01-29 16:46:33,878:main.py#L172:INFO]: [Workload 188/526] Successfully completed tuning for: ssb_188.wg with surrogate
[2026-01-29 16:46:33,878:main.py#L163:INFO]: ----------------------------------------------------------------------------------------------------
[2026-01-29 16:46:33,878:main.py#L164:INFO]: [Workload 189/526] Starting tuning for: ssb_189.wg with surrogate
[2026-01-29 16:46:33,878:main.py#L167:INFO]: ----------------------------------------------------------------------------------------------------
[2026-01-29 16:51:04,291:main.py#L172:INFO]: [Workload 189/526] Successfully completed tuning for: ssb_189.wg with surrogate
[2026-01-29 16:51:04,291:main.py#L163:INFO]: ----------------------------------------------------------------------------------------------------
[2026-01-29 16:51:04,291:main.py#L164:INFO]: [Workload 190/526] Starting tuning for: ssb_190.wg with surrogate
[2026-01-29 16:51:04,291:main.py#L167:INFO]: ----------------------------------------------------------------------------------------------------
[2026-01-29 16:55:33,874:main.py#L172:INFO]: [Workload 190/526] Successfully completed tuning for: ssb_190.wg with surrogate
[2026-01-29 16:55:33,874:main.py#L163:INFO]: ----------------------------------------------------------------------------------------------------
[2026-01-29 16:55:33,874:main.py#L164:INFO]: [Workload 191/526] Starting tuning for: ssb_191.wg with surrogate
[2026-01-29 16:55:33,874:main.py#L167:INFO]: ----------------------------------------------------------------------------------------------------
[2026-01-29 16:59:58,679:main.py#L172:INFO]: [Workload 191/526] Successfully completed tuning for: ssb_191.wg with surrogate
[2026-01-29 16:59:58,679:main.py#L163:INFO]: ----------------------------------------------------------------------------------------------------
[2026-01-29 16:59:58,679:main.py#L164:INFO]: [Workload 192/526] Starting tuning for: ssb_192.wg with surrogate
[2026-01-29 16:59:58,680:main.py#L167:INFO]: ----------------------------------------------------------------------------------------------------
[2026-01-29 17:04:44,572:main.py#L172:INFO]: [Workload 192/526] Successfully completed tuning for: ssb_192.wg with surrogate
[2026-01-29 17:04:44,572:main.py#L163:INFO]: ----------------------------------------------------------------------------------------------------
[2026-01-29 17:04:44,572:main.py#L164:INFO]: [Workload 193/526] Starting tuning for: ssb_193.wg with surrogate
[2026-01-29 17:04:44,572:main.py#L167:INFO]: ----------------------------------------------------------------------------------------------------
[2026-01-29 17:09:18,096:main.py#L172:INFO]: [Workload 193/526] Successfully completed tuning for: ssb_193.wg with surrogate
[2026-01-29 17:09:18,096:main.py#L163:INFO]: ----------------------------------------------------------------------------------------------------
[2026-01-29 17:09:18,096:main.py#L164:INFO]: [Workload 194/526] Starting tuning for: ssb_194.wg with surrogate
[2026-01-29 17:09:18,096:main.py#L167:INFO]: ----------------------------------------------------------------------------------------------------
[2026-01-29 17:13:55,647:main.py#L172:INFO]: [Workload 194/526] Successfully completed tuning for: ssb_194.wg with surrogate
[2026-01-29 17:13:55,647:main.py#L163:INFO]: ----------------------------------------------------------------------------------------------------
[2026-01-29 17:13:55,647:main.py#L164:INFO]: [Workload 195/526] Starting tuning for: ssb_195.wg with surrogate
[2026-01-29 17:13:55,647:main.py#L167:INFO]: ----------------------------------------------------------------------------------------------------
[2026-01-29 17:18:29,427:main.py#L172:INFO]: [Workload 195/526] Successfully completed tuning for: ssb_195.wg with surrogate
[2026-01-29 17:18:29,427:main.py#L163:INFO]: ----------------------------------------------------------------------------------------------------
[2026-01-29 17:18:29,427:main.py#L164:INFO]: [Workload 196/526] Starting tuning for: ssb_196.wg with surrogate
[2026-01-29 17:18:29,427:main.py#L167:INFO]: ----------------------------------------------------------------------------------------------------
[2026-01-29 17:22:59,564:main.py#L172:INFO]: [Workload 196/526] Successfully completed tuning for: ssb_196.wg with surrogate
[2026-01-29 17:22:59,565:main.py#L163:INFO]: ----------------------------------------------------------------------------------------------------
[2026-01-29 17:22:59,565:main.py#L164:INFO]: [Workload 197/526] Starting tuning for: ssb_197.wg with surrogate
[2026-01-29 17:22:59,565:main.py#L167:INFO]: ----------------------------------------------------------------------------------------------------
[2026-01-29 17:27:48,129:main.py#L172:INFO]: [Workload 197/526] Successfully completed tuning for: ssb_197.wg with surrogate
[2026-01-29 17:27:48,129:main.py#L163:INFO]: ----------------------------------------------------------------------------------------------------
[2026-01-29 17:27:48,129:main.py#L164:INFO]: [Workload 198/526] Starting tuning for: ssb_198.wg with surrogate
[2026-01-29 17:27:48,130:main.py#L167:INFO]: ----------------------------------------------------------------------------------------------------
[2026-01-29 17:32:16,364:main.py#L172:INFO]: [Workload 198/526] Successfully completed tuning for: ssb_198.wg with surrogate
[2026-01-29 17:32:16,364:main.py#L163:INFO]: ----------------------------------------------------------------------------------------------------
[2026-01-29 17:32:16,364:main.py#L164:INFO]: [Workload 199/526] Starting tuning for: ssb_199.wg with surrogate
[2026-01-29 17:32:16,364:main.py#L167:INFO]: ----------------------------------------------------------------------------------------------------
[2026-01-29 17:37:05,362:main.py#L172:INFO]: [Workload 199/526] Successfully completed tuning for: ssb_199.wg with surrogate
[2026-01-29 17:37:05,362:main.py#L163:INFO]: ----------------------------------------------------------------------------------------------------
[2026-01-29 17:37:05,362:main.py#L164:INFO]: [Workload 200/526] Starting tuning for: ssb_200.wg with surrogate
[2026-01-29 17:37:05,363:main.py#L167:INFO]: ----------------------------------------------------------------------------------------------------
[2026-01-29 17:41:29,046:main.py#L172:INFO]: [Workload 200/526] Successfully completed tuning for: ssb_200.wg with surrogate
[2026-01-29 17:41:29,047:main.py#L163:INFO]: ----------------------------------------------------------------------------------------------------
[2026-01-29 17:41:29,047:main.py#L164:INFO]: [Workload 201/526] Starting tuning for: ssb_201.wg with surrogate
[2026-01-29 17:41:29,047:main.py#L167:INFO]: ----------------------------------------------------------------------------------------------------
[2026-01-29 17:46:07,601:main.py#L172:INFO]: [Workload 201/526] Successfully completed tuning for: ssb_201.wg with surrogate
[2026-01-29 17:46:07,601:main.py#L163:INFO]: ----------------------------------------------------------------------------------------------------
[2026-01-29 17:46:07,601:main.py#L164:INFO]: [Workload 202/526] Starting tuning for: ssb_202.wg with surrogate
[2026-01-29 17:46:07,601:main.py#L167:INFO]: ----------------------------------------------------------------------------------------------------
[2026-01-29 17:50:42,462:main.py#L172:INFO]: [Workload 202/526] Successfully completed tuning for: ssb_202.wg with surrogate
[2026-01-29 17:50:42,462:main.py#L163:INFO]: ----------------------------------------------------------------------------------------------------
[2026-01-29 17:50:42,462:main.py#L164:INFO]: [Workload 203/526] Starting tuning for: ssb_203.wg with surrogate
[2026-01-29 17:50:42,462:main.py#L167:INFO]: ----------------------------------------------------------------------------------------------------
[2026-01-29 17:55:04,398:main.py#L172:INFO]: [Workload 203/526] Successfully completed tuning for: ssb_203.wg with surrogate
[2026-01-29 17:55:04,399:main.py#L163:INFO]: ----------------------------------------------------------------------------------------------------
[2026-01-29 17:55:04,399:main.py#L164:INFO]: [Workload 204/526] Starting tuning for: ssb_204.wg with surrogate
[2026-01-29 17:55:04,399:main.py#L167:INFO]: ----------------------------------------------------------------------------------------------------
[2026-01-29 17:59:51,389:main.py#L172:INFO]: [Workload 204/526] Successfully completed tuning for: ssb_204.wg with surrogate
[2026-01-29 17:59:51,389:main.py#L163:INFO]: ----------------------------------------------------------------------------------------------------
[2026-01-29 17:59:51,389:main.py#L164:INFO]: [Workload 205/526] Starting tuning for: ssb_205.wg with surrogate
[2026-01-29 17:59:51,389:main.py#L167:INFO]: ----------------------------------------------------------------------------------------------------
[2026-01-29 18:04:29,481:main.py#L172:INFO]: [Workload 205/526] Successfully completed tuning for: ssb_205.wg with surrogate
[2026-01-29 18:04:29,481:main.py#L163:INFO]: ----------------------------------------------------------------------------------------------------
[2026-01-29 18:04:29,481:main.py#L164:INFO]: [Workload 206/526] Starting tuning for: ssb_206.wg with surrogate
[2026-01-29 18:04:29,481:main.py#L167:INFO]: ----------------------------------------------------------------------------------------------------
[2026-01-29 18:08:50,716:main.py#L172:INFO]: [Workload 206/526] Successfully completed tuning for: ssb_206.wg with surrogate
[2026-01-29 18:08:50,716:main.py#L163:INFO]: ----------------------------------------------------------------------------------------------------
[2026-01-29 18:08:50,716:main.py#L164:INFO]: [Workload 207/526] Starting tuning for: ssb_207.wg with surrogate
[2026-01-29 18:08:50,717:main.py#L167:INFO]: ----------------------------------------------------------------------------------------------------
[2026-01-29 18:13:21,869:main.py#L172:INFO]: [Workload 207/526] Successfully completed tuning for: ssb_207.wg with surrogate
[2026-01-29 18:13:21,870:main.py#L163:INFO]: ----------------------------------------------------------------------------------------------------
[2026-01-29 18:13:21,870:main.py#L164:INFO]: [Workload 208/526] Starting tuning for: ssb_208.wg with surrogate
[2026-01-29 18:13:21,870:main.py#L167:INFO]: ----------------------------------------------------------------------------------------------------
[2026-01-29 18:17:51,774:main.py#L172:INFO]: [Workload 208/526] Successfully completed tuning for: ssb_208.wg with surrogate
[2026-01-29 18:17:51,774:main.py#L163:INFO]: ----------------------------------------------------------------------------------------------------
[2026-01-29 18:17:51,774:main.py#L164:INFO]: [Workload 209/526] Starting tuning for: ssb_209.wg with surrogate
[2026-01-29 18:17:51,774:main.py#L167:INFO]: ----------------------------------------------------------------------------------------------------
[2026-01-29 18:22:26,605:main.py#L172:INFO]: [Workload 209/526] Successfully completed tuning for: ssb_209.wg with surrogate
[2026-01-29 18:22:26,605:main.py#L163:INFO]: ----------------------------------------------------------------------------------------------------
[2026-01-29 18:22:26,605:main.py#L164:INFO]: [Workload 210/526] Starting tuning for: ssb_210.wg with surrogate
[2026-01-29 18:22:26,605:main.py#L167:INFO]: ----------------------------------------------------------------------------------------------------
[2026-01-29 18:27:03,784:main.py#L172:INFO]: [Workload 210/526] Successfully completed tuning for: ssb_210.wg with surrogate
[2026-01-29 18:27:03,784:main.py#L163:INFO]: ----------------------------------------------------------------------------------------------------
[2026-01-29 18:27:03,784:main.py#L164:INFO]: [Workload 211/526] Starting tuning for: ssb_211.wg with surrogate
[2026-01-29 18:27:03,784:main.py#L167:INFO]: ----------------------------------------------------------------------------------------------------
[2026-01-29 18:31:36,995:main.py#L172:INFO]: [Workload 211/526] Successfully completed tuning for: ssb_211.wg with surrogate
[2026-01-29 18:31:36,995:main.py#L163:INFO]: ----------------------------------------------------------------------------------------------------
[2026-01-29 18:31:36,995:main.py#L164:INFO]: [Workload 212/526] Starting tuning for: ssb_212.wg with surrogate
[2026-01-29 18:31:36,995:main.py#L167:INFO]: ----------------------------------------------------------------------------------------------------
[2026-01-29 18:36:08,107:main.py#L172:INFO]: [Workload 212/526] Successfully completed tuning for: ssb_212.wg with surrogate
[2026-01-29 18:36:08,108:main.py#L163:INFO]: ----------------------------------------------------------------------------------------------------
[2026-01-29 18:36:08,108:main.py#L164:INFO]: [Workload 213/526] Starting tuning for: ssb_213.wg with surrogate
[2026-01-29 18:36:08,108:main.py#L167:INFO]: ----------------------------------------------------------------------------------------------------
[2026-01-29 18:41:03,917:main.py#L172:INFO]: [Workload 213/526] Successfully completed tuning for: ssb_213.wg with surrogate
[2026-01-29 18:41:03,917:main.py#L163:INFO]: ----------------------------------------------------------------------------------------------------
[2026-01-29 18:41:03,917:main.py#L164:INFO]: [Workload 214/526] Starting tuning for: ssb_214.wg with surrogate
[2026-01-29 18:41:03,917:main.py#L167:INFO]: ----------------------------------------------------------------------------------------------------
[2026-01-29 18:45:33,109:main.py#L172:INFO]: [Workload 214/526] Successfully completed tuning for: ssb_214.wg with surrogate
[2026-01-29 18:45:33,109:main.py#L163:INFO]: ----------------------------------------------------------------------------------------------------
[2026-01-29 18:45:33,109:main.py#L164:INFO]: [Workload 215/526] Starting tuning for: ssb_215.wg with surrogate
[2026-01-29 18:45:33,109:main.py#L167:INFO]: ----------------------------------------------------------------------------------------------------
[2026-01-29 18:49:58,444:main.py#L172:INFO]: [Workload 215/526] Successfully completed tuning for: ssb_215.wg with surrogate
[2026-01-29 18:49:58,444:main.py#L163:INFO]: ----------------------------------------------------------------------------------------------------
[2026-01-29 18:49:58,444:main.py#L164:INFO]: [Workload 216/526] Starting tuning for: ssb_216.wg with surrogate
[2026-01-29 18:49:58,444:main.py#L167:INFO]: ----------------------------------------------------------------------------------------------------
[2026-01-29 18:54:26,536:main.py#L172:INFO]: [Workload 216/526] Successfully completed tuning for: ssb_216.wg with surrogate
[2026-01-29 18:54:26,536:main.py#L163:INFO]: ----------------------------------------------------------------------------------------------------
[2026-01-29 18:54:26,536:main.py#L164:INFO]: [Workload 217/526] Starting tuning for: ssb_217.wg with surrogate
[2026-01-29 18:54:26,537:main.py#L167:INFO]: ----------------------------------------------------------------------------------------------------
[2026-01-29 18:58:35,974:main.py#L172:INFO]: [Workload 217/526] Successfully completed tuning for: ssb_217.wg with surrogate
[2026-01-29 18:58:35,974:main.py#L163:INFO]: ----------------------------------------------------------------------------------------------------
[2026-01-29 18:58:35,974:main.py#L164:INFO]: [Workload 218/526] Starting tuning for: ssb_218.wg with surrogate
[2026-01-29 18:58:35,974:main.py#L167:INFO]: ----------------------------------------------------------------------------------------------------
[2026-01-29 19:02:43,301:main.py#L172:INFO]: [Workload 218/526] Successfully completed tuning for: ssb_218.wg with surrogate
[2026-01-29 19:02:43,302:main.py#L163:INFO]: ----------------------------------------------------------------------------------------------------
[2026-01-29 19:02:43,302:main.py#L164:INFO]: [Workload 219/526] Starting tuning for: ssb_219.wg with surrogate
[2026-01-29 19:02:43,302:main.py#L167:INFO]: ----------------------------------------------------------------------------------------------------
[2026-01-29 19:07:06,622:main.py#L172:INFO]: [Workload 219/526] Successfully completed tuning for: ssb_219.wg with surrogate
[2026-01-29 19:07:06,622:main.py#L163:INFO]: ----------------------------------------------------------------------------------------------------
[2026-01-29 19:07:06,622:main.py#L164:INFO]: [Workload 220/526] Starting tuning for: ssb_220.wg with surrogate
[2026-01-29 19:07:06,622:main.py#L167:INFO]: ----------------------------------------------------------------------------------------------------
[2026-01-29 19:11:27,592:main.py#L172:INFO]: [Workload 220/526] Successfully completed tuning for: ssb_220.wg with surrogate
[2026-01-29 19:11:27,592:main.py#L163:INFO]: ----------------------------------------------------------------------------------------------------
[2026-01-29 19:11:27,592:main.py#L164:INFO]: [Workload 221/526] Starting tuning for: ssb_221.wg with surrogate
[2026-01-29 19:11:27,592:main.py#L167:INFO]: ----------------------------------------------------------------------------------------------------
[2026-01-29 19:15:52,649:main.py#L172:INFO]: [Workload 221/526] Successfully completed tuning for: ssb_221.wg with surrogate
[2026-01-29 19:15:52,650:main.py#L163:INFO]: ----------------------------------------------------------------------------------------------------
[2026-01-29 19:15:52,650:main.py#L164:INFO]: [Workload 222/526] Starting tuning for: ssb_222.wg with surrogate
[2026-01-29 19:15:52,650:main.py#L167:INFO]: ----------------------------------------------------------------------------------------------------
[2026-01-29 19:20:17,766:main.py#L172:INFO]: [Workload 222/526] Successfully completed tuning for: ssb_222.wg with surrogate
[2026-01-29 19:20:17,766:main.py#L163:INFO]: ----------------------------------------------------------------------------------------------------
[2026-01-29 19:20:17,766:main.py#L164:INFO]: [Workload 223/526] Starting tuning for: ssb_223.wg with surrogate
[2026-01-29 19:20:17,766:main.py#L167:INFO]: ----------------------------------------------------------------------------------------------------
[2026-01-29 19:24:32,415:main.py#L172:INFO]: [Workload 223/526] Successfully completed tuning for: ssb_223.wg with surrogate
[2026-01-29 19:24:32,416:main.py#L163:INFO]: ----------------------------------------------------------------------------------------------------
[2026-01-29 19:24:32,416:main.py#L164:INFO]: [Workload 224/526] Starting tuning for: ssb_224.wg with surrogate
[2026-01-29 19:24:32,416:main.py#L167:INFO]: ----------------------------------------------------------------------------------------------------
[2026-01-29 19:28:57,933:main.py#L172:INFO]: [Workload 224/526] Successfully completed tuning for: ssb_224.wg with surrogate
[2026-01-29 19:28:57,934:main.py#L163:INFO]: ----------------------------------------------------------------------------------------------------
[2026-01-29 19:28:57,934:main.py#L164:INFO]: [Workload 225/526] Starting tuning for: ssb_225.wg with surrogate
[2026-01-29 19:28:57,934:main.py#L167:INFO]: ----------------------------------------------------------------------------------------------------
[2026-01-29 19:33:43,210:main.py#L172:INFO]: [Workload 225/526] Successfully completed tuning for: ssb_225.wg with surrogate
[2026-01-29 19:33:43,210:main.py#L163:INFO]: ----------------------------------------------------------------------------------------------------
[2026-01-29 19:33:43,210:main.py#L164:INFO]: [Workload 226/526] Starting tuning for: ssb_226.wg with surrogate
[2026-01-29 19:33:43,210:main.py#L167:INFO]: ----------------------------------------------------------------------------------------------------
[2026-01-29 19:38:00,442:main.py#L172:INFO]: [Workload 226/526] Successfully completed tuning for: ssb_226.wg with surrogate
[2026-01-29 19:38:00,442:main.py#L163:INFO]: ----------------------------------------------------------------------------------------------------
[2026-01-29 19:38:00,442:main.py#L164:INFO]: [Workload 227/526] Starting tuning for: ssb_227.wg with surrogate
[2026-01-29 19:38:00,443:main.py#L167:INFO]: ----------------------------------------------------------------------------------------------------
[2026-01-29 19:42:09,846:main.py#L172:INFO]: [Workload 227/526] Successfully completed tuning for: ssb_227.wg with surrogate
[2026-01-29 19:42:09,847:main.py#L163:INFO]: ----------------------------------------------------------------------------------------------------
[2026-01-29 19:42:09,847:main.py#L164:INFO]: [Workload 228/526] Starting tuning for: ssb_228.wg with surrogate
[2026-01-29 19:42:09,847:main.py#L167:INFO]: ----------------------------------------------------------------------------------------------------
[2026-01-29 19:46:29,844:main.py#L172:INFO]: [Workload 228/526] Successfully completed tuning for: ssb_228.wg with surrogate
[2026-01-29 19:46:29,844:main.py#L163:INFO]: ----------------------------------------------------------------------------------------------------
[2026-01-29 19:46:29,844:main.py#L164:INFO]: [Workload 229/526] Starting tuning for: ssb_229.wg with surrogate
[2026-01-29 19:46:29,844:main.py#L167:INFO]: ----------------------------------------------------------------------------------------------------
[2026-01-29 19:50:47,458:main.py#L172:INFO]: [Workload 229/526] Successfully completed tuning for: ssb_229.wg with surrogate
[2026-01-29 19:50:47,458:main.py#L163:INFO]: ----------------------------------------------------------------------------------------------------
[2026-01-29 19:50:47,458:main.py#L164:INFO]: [Workload 230/526] Starting tuning for: ssb_230.wg with surrogate
[2026-01-29 19:50:47,458:main.py#L167:INFO]: ----------------------------------------------------------------------------------------------------
[2026-01-29 19:54:59,095:main.py#L172:INFO]: [Workload 230/526] Successfully completed tuning for: ssb_230.wg with surrogate
[2026-01-29 19:54:59,095:main.py#L163:INFO]: ----------------------------------------------------------------------------------------------------
[2026-01-29 19:54:59,095:main.py#L164:INFO]: [Workload 231/526] Starting tuning for: ssb_231.wg with surrogate
[2026-01-29 19:54:59,095:main.py#L167:INFO]: ----------------------------------------------------------------------------------------------------
[2026-01-29 19:59:12,085:main.py#L172:INFO]: [Workload 231/526] Successfully completed tuning for: ssb_231.wg with surrogate
[2026-01-29 19:59:12,086:main.py#L163:INFO]: ----------------------------------------------------------------------------------------------------
[2026-01-29 19:59:12,086:main.py#L164:INFO]: [Workload 232/526] Starting tuning for: ssb_232.wg with surrogate
[2026-01-29 19:59:12,086:main.py#L167:INFO]: ----------------------------------------------------------------------------------------------------
[2026-01-29 20:03:37,423:main.py#L172:INFO]: [Workload 232/526] Successfully completed tuning for: ssb_232.wg with surrogate
[2026-01-29 20:03:37,423:main.py#L163:INFO]: ----------------------------------------------------------------------------------------------------
[2026-01-29 20:03:37,423:main.py#L164:INFO]: [Workload 233/526] Starting tuning for: ssb_233.wg with surrogate
[2026-01-29 20:03:37,424:main.py#L167:INFO]: ----------------------------------------------------------------------------------------------------
[2026-01-29 20:08:08,141:main.py#L172:INFO]: [Workload 233/526] Successfully completed tuning for: ssb_233.wg with surrogate
[2026-01-29 20:08:08,142:main.py#L163:INFO]: ----------------------------------------------------------------------------------------------------
[2026-01-29 20:08:08,142:main.py#L164:INFO]: [Workload 234/526] Starting tuning for: ssb_234.wg with surrogate
[2026-01-29 20:08:08,142:main.py#L167:INFO]: ----------------------------------------------------------------------------------------------------
[2026-01-29 20:12:21,205:main.py#L172:INFO]: [Workload 234/526] Successfully completed tuning for: ssb_234.wg with surrogate
[2026-01-29 20:12:21,205:main.py#L163:INFO]: ----------------------------------------------------------------------------------------------------
[2026-01-29 20:12:21,205:main.py#L164:INFO]: [Workload 235/526] Starting tuning for: ssb_235.wg with surrogate
[2026-01-29 20:12:21,205:main.py#L167:INFO]: ----------------------------------------------------------------------------------------------------
[2026-01-29 20:16:35,986:main.py#L172:INFO]: [Workload 235/526] Successfully completed tuning for: ssb_235.wg with surrogate
[2026-01-29 20:16:35,986:main.py#L163:INFO]: ----------------------------------------------------------------------------------------------------
[2026-01-29 20:16:35,987:main.py#L164:INFO]: [Workload 236/526] Starting tuning for: ssb_236.wg with surrogate
[2026-01-29 20:16:35,987:main.py#L167:INFO]: ----------------------------------------------------------------------------------------------------
[2026-01-29 20:20:46,722:main.py#L172:INFO]: [Workload 236/526] Successfully completed tuning for: ssb_236.wg with surrogate
[2026-01-29 20:20:46,722:main.py#L163:INFO]: ----------------------------------------------------------------------------------------------------
[2026-01-29 20:20:46,722:main.py#L164:INFO]: [Workload 237/526] Starting tuning for: ssb_237.wg with surrogate
[2026-01-29 20:20:46,722:main.py#L167:INFO]: ----------------------------------------------------------------------------------------------------
[2026-01-29 20:25:01,636:main.py#L172:INFO]: [Workload 237/526] Successfully completed tuning for: ssb_237.wg with surrogate
[2026-01-29 20:25:01,637:main.py#L163:INFO]: ----------------------------------------------------------------------------------------------------
[2026-01-29 20:25:01,637:main.py#L164:INFO]: [Workload 238/526] Starting tuning for: ssb_238.wg with surrogate
[2026-01-29 20:25:01,637:main.py#L167:INFO]: ----------------------------------------------------------------------------------------------------
[2026-01-29 20:29:16,169:main.py#L172:INFO]: [Workload 238/526] Successfully completed tuning for: ssb_238.wg with surrogate
[2026-01-29 20:29:16,170:main.py#L163:INFO]: ----------------------------------------------------------------------------------------------------
[2026-01-29 20:29:16,170:main.py#L164:INFO]: [Workload 239/526] Starting tuning for: ssb_239.wg with surrogate
[2026-01-29 20:29:16,170:main.py#L167:INFO]: ----------------------------------------------------------------------------------------------------
[2026-01-29 20:33:26,881:main.py#L172:INFO]: [Workload 239/526] Successfully completed tuning for: ssb_239.wg with surrogate
[2026-01-29 20:33:26,881:main.py#L163:INFO]: ----------------------------------------------------------------------------------------------------
[2026-01-29 20:33:26,882:main.py#L164:INFO]: [Workload 240/526] Starting tuning for: ssb_flat_tiny_0.wg with surrogate
[2026-01-29 20:33:26,882:main.py#L167:INFO]: ----------------------------------------------------------------------------------------------------
[2026-01-29 20:37:34,926:main.py#L172:INFO]: [Workload 240/526] Successfully completed tuning for: ssb_flat_tiny_0.wg with surrogate
[2026-01-29 20:37:34,926:main.py#L163:INFO]: ----------------------------------------------------------------------------------------------------
[2026-01-29 20:37:34,926:main.py#L164:INFO]: [Workload 241/526] Starting tuning for: ssb_flat_tiny_1.wg with surrogate
[2026-01-29 20:37:34,926:main.py#L167:INFO]: ----------------------------------------------------------------------------------------------------
[2026-01-29 20:41:38,506:main.py#L172:INFO]: [Workload 241/526] Successfully completed tuning for: ssb_flat_tiny_1.wg with surrogate
[2026-01-29 20:41:38,506:main.py#L163:INFO]: ----------------------------------------------------------------------------------------------------
[2026-01-29 20:41:38,506:main.py#L164:INFO]: [Workload 242/526] Starting tuning for: ssb_flat_tiny_2.wg with surrogate
[2026-01-29 20:41:38,506:main.py#L167:INFO]: ----------------------------------------------------------------------------------------------------
[2026-01-29 20:45:38,239:main.py#L172:INFO]: [Workload 242/526] Successfully completed tuning for: ssb_flat_tiny_2.wg with surrogate
[2026-01-29 20:45:38,239:main.py#L163:INFO]: ----------------------------------------------------------------------------------------------------
[2026-01-29 20:45:38,239:main.py#L164:INFO]: [Workload 243/526] Starting tuning for: ssb_flat_tiny_3.wg with surrogate
[2026-01-29 20:45:38,239:main.py#L167:INFO]: ----------------------------------------------------------------------------------------------------
[2026-01-29 20:49:54,515:main.py#L172:INFO]: [Workload 243/526] Successfully completed tuning for: ssb_flat_tiny_3.wg with surrogate
[2026-01-29 20:49:54,516:main.py#L163:INFO]: ----------------------------------------------------------------------------------------------------
[2026-01-29 20:49:54,516:main.py#L164:INFO]: [Workload 244/526] Starting tuning for: ssb_flat_tiny_4.wg with surrogate
[2026-01-29 20:49:54,516:main.py#L167:INFO]: ----------------------------------------------------------------------------------------------------
[2026-01-29 20:54:04,644:main.py#L172:INFO]: [Workload 244/526] Successfully completed tuning for: ssb_flat_tiny_4.wg with surrogate
[2026-01-29 20:54:04,644:main.py#L163:INFO]: ----------------------------------------------------------------------------------------------------
[2026-01-29 20:54:04,645:main.py#L164:INFO]: [Workload 245/526] Starting tuning for: ssb_flat_tiny_5.wg with surrogate
[2026-01-29 20:54:04,645:main.py#L167:INFO]: ----------------------------------------------------------------------------------------------------
[2026-01-29 20:58:14,284:main.py#L172:INFO]: [Workload 245/526] Successfully completed tuning for: ssb_flat_tiny_5.wg with surrogate
[2026-01-29 20:58:14,285:main.py#L163:INFO]: ----------------------------------------------------------------------------------------------------
[2026-01-29 20:58:14,285:main.py#L164:INFO]: [Workload 246/526] Starting tuning for: ssb_flat_tiny_6.wg with surrogate
[2026-01-29 20:58:14,285:main.py#L167:INFO]: ----------------------------------------------------------------------------------------------------
[2026-01-29 21:02:28,587:main.py#L172:INFO]: [Workload 246/526] Successfully completed tuning for: ssb_flat_tiny_6.wg with surrogate
[2026-01-29 21:02:28,587:main.py#L163:INFO]: ----------------------------------------------------------------------------------------------------
[2026-01-29 21:02:28,587:main.py#L164:INFO]: [Workload 247/526] Starting tuning for: ssb_flat_tiny_7.wg with surrogate
[2026-01-29 21:02:28,588:main.py#L167:INFO]: ----------------------------------------------------------------------------------------------------
[2026-01-29 21:06:45,325:main.py#L172:INFO]: [Workload 247/526] Successfully completed tuning for: ssb_flat_tiny_7.wg with surrogate
[2026-01-29 21:06:45,325:main.py#L163:INFO]: ----------------------------------------------------------------------------------------------------
[2026-01-29 21:06:45,326:main.py#L164:INFO]: [Workload 248/526] Starting tuning for: ssb_flat_tiny_8.wg with surrogate
[2026-01-29 21:06:45,326:main.py#L167:INFO]: ----------------------------------------------------------------------------------------------------
[2026-01-29 21:10:53,968:main.py#L172:INFO]: [Workload 248/526] Successfully completed tuning for: ssb_flat_tiny_8.wg with surrogate
[2026-01-29 21:10:53,968:main.py#L163:INFO]: ----------------------------------------------------------------------------------------------------
[2026-01-29 21:10:53,968:main.py#L164:INFO]: [Workload 249/526] Starting tuning for: ssb_flat_tiny_9.wg with surrogate
[2026-01-29 21:10:53,968:main.py#L167:INFO]: ----------------------------------------------------------------------------------------------------
[2026-01-29 21:14:59,260:main.py#L172:INFO]: [Workload 249/526] Successfully completed tuning for: ssb_flat_tiny_9.wg with surrogate
[2026-01-29 21:14:59,261:main.py#L163:INFO]: ----------------------------------------------------------------------------------------------------
[2026-01-29 21:14:59,261:main.py#L164:INFO]: [Workload 250/526] Starting tuning for: ssb_flat_tiny_10.wg with surrogate
[2026-01-29 21:14:59,261:main.py#L167:INFO]: ----------------------------------------------------------------------------------------------------
[2026-01-29 21:19:07,912:main.py#L172:INFO]: [Workload 250/526] Successfully completed tuning for: ssb_flat_tiny_10.wg with surrogate
[2026-01-29 21:19:07,912:main.py#L163:INFO]: ----------------------------------------------------------------------------------------------------
[2026-01-29 21:19:07,912:main.py#L164:INFO]: [Workload 251/526] Starting tuning for: ssb_flat_tiny_11.wg with surrogate
[2026-01-29 21:19:07,912:main.py#L167:INFO]: ----------------------------------------------------------------------------------------------------
[2026-01-29 21:23:18,820:main.py#L172:INFO]: [Workload 251/526] Successfully completed tuning for: ssb_flat_tiny_11.wg with surrogate
[2026-01-29 21:23:18,820:main.py#L163:INFO]: ----------------------------------------------------------------------------------------------------
[2026-01-29 21:23:18,821:main.py#L164:INFO]: [Workload 252/526] Starting tuning for: ssb_flat_tiny_12.wg with surrogate
[2026-01-29 21:23:18,821:main.py#L167:INFO]: ----------------------------------------------------------------------------------------------------
[2026-01-29 21:27:28,335:main.py#L172:INFO]: [Workload 252/526] Successfully completed tuning for: ssb_flat_tiny_12.wg with surrogate
[2026-01-29 21:27:28,335:main.py#L163:INFO]: ----------------------------------------------------------------------------------------------------
[2026-01-29 21:27:28,335:main.py#L164:INFO]: [Workload 253/526] Starting tuning for: ssb_flat_tiny_13.wg with surrogate
[2026-01-29 21:27:28,335:main.py#L167:INFO]: ----------------------------------------------------------------------------------------------------
[2026-01-29 21:31:32,852:main.py#L172:INFO]: [Workload 253/526] Successfully completed tuning for: ssb_flat_tiny_13.wg with surrogate
[2026-01-29 21:31:32,852:main.py#L163:INFO]: ----------------------------------------------------------------------------------------------------
[2026-01-29 21:31:32,852:main.py#L164:INFO]: [Workload 254/526] Starting tuning for: ssb_flat_tiny_14.wg with surrogate
[2026-01-29 21:31:32,852:main.py#L167:INFO]: ----------------------------------------------------------------------------------------------------
[2026-01-29 21:35:39,927:main.py#L172:INFO]: [Workload 254/526] Successfully completed tuning for: ssb_flat_tiny_14.wg with surrogate
[2026-01-29 21:35:39,928:main.py#L163:INFO]: ----------------------------------------------------------------------------------------------------
[2026-01-29 21:35:39,928:main.py#L164:INFO]: [Workload 255/526] Starting tuning for: ssb_flat_tiny_15.wg with surrogate
[2026-01-29 21:35:39,928:main.py#L167:INFO]: ----------------------------------------------------------------------------------------------------
[2026-01-29 21:39:48,315:main.py#L172:INFO]: [Workload 255/526] Successfully completed tuning for: ssb_flat_tiny_15.wg with surrogate
[2026-01-29 21:39:48,315:main.py#L163:INFO]: ----------------------------------------------------------------------------------------------------
[2026-01-29 21:39:48,315:main.py#L164:INFO]: [Workload 256/526] Starting tuning for: ssb_flat_tiny_16.wg with surrogate
[2026-01-29 21:39:48,315:main.py#L167:INFO]: ----------------------------------------------------------------------------------------------------
[2026-01-29 21:43:55,884:main.py#L172:INFO]: [Workload 256/526] Successfully completed tuning for: ssb_flat_tiny_16.wg with surrogate
[2026-01-29 21:43:55,884:main.py#L163:INFO]: ----------------------------------------------------------------------------------------------------
[2026-01-29 21:43:55,884:main.py#L164:INFO]: [Workload 257/526] Starting tuning for: ssb_flat_tiny_17.wg with surrogate
[2026-01-29 21:43:55,884:main.py#L167:INFO]: ----------------------------------------------------------------------------------------------------
[2026-01-29 21:48:01,025:main.py#L172:INFO]: [Workload 257/526] Successfully completed tuning for: ssb_flat_tiny_17.wg with surrogate
[2026-01-29 21:48:01,025:main.py#L163:INFO]: ----------------------------------------------------------------------------------------------------
[2026-01-29 21:48:01,025:main.py#L164:INFO]: [Workload 258/526] Starting tuning for: ssb_flat_tiny_18.wg with surrogate
[2026-01-29 21:48:01,026:main.py#L167:INFO]: ----------------------------------------------------------------------------------------------------
[2026-01-29 21:52:02,007:main.py#L172:INFO]: [Workload 258/526] Successfully completed tuning for: ssb_flat_tiny_18.wg with surrogate
[2026-01-29 21:52:02,007:main.py#L163:INFO]: ----------------------------------------------------------------------------------------------------
[2026-01-29 21:52:02,008:main.py#L164:INFO]: [Workload 259/526] Starting tuning for: ssb_flat_tiny_19.wg with surrogate
[2026-01-29 21:52:02,008:main.py#L167:INFO]: ----------------------------------------------------------------------------------------------------
[2026-01-29 21:56:09,089:main.py#L172:INFO]: [Workload 259/526] Successfully completed tuning for: ssb_flat_tiny_19.wg with surrogate
[2026-01-29 21:56:09,089:main.py#L163:INFO]: ----------------------------------------------------------------------------------------------------
[2026-01-29 21:56:09,089:main.py#L164:INFO]: [Workload 260/526] Starting tuning for: ssb_flat_tiny_20.wg with surrogate
[2026-01-29 21:56:09,089:main.py#L167:INFO]: ----------------------------------------------------------------------------------------------------
[2026-01-29 22:00:20,226:main.py#L172:INFO]: [Workload 260/526] Successfully completed tuning for: ssb_flat_tiny_20.wg with surrogate
[2026-01-29 22:00:20,226:main.py#L163:INFO]: ----------------------------------------------------------------------------------------------------
[2026-01-29 22:00:20,227:main.py#L164:INFO]: [Workload 261/526] Starting tuning for: ssb_flat_tiny_21.wg with surrogate
[2026-01-29 22:00:20,227:main.py#L167:INFO]: ----------------------------------------------------------------------------------------------------
[2026-01-29 22:04:20,160:main.py#L172:INFO]: [Workload 261/526] Successfully completed tuning for: ssb_flat_tiny_21.wg with surrogate
[2026-01-29 22:04:20,160:main.py#L163:INFO]: ----------------------------------------------------------------------------------------------------
[2026-01-29 22:04:20,160:main.py#L164:INFO]: [Workload 262/526] Starting tuning for: ssb_flat_tiny_22.wg with surrogate
[2026-01-29 22:04:20,160:main.py#L167:INFO]: ----------------------------------------------------------------------------------------------------
[2026-01-29 22:08:32,027:main.py#L172:INFO]: [Workload 262/526] Successfully completed tuning for: ssb_flat_tiny_22.wg with surrogate
[2026-01-29 22:08:32,027:main.py#L163:INFO]: ----------------------------------------------------------------------------------------------------
[2026-01-29 22:08:32,027:main.py#L164:INFO]: [Workload 263/526] Starting tuning for: ssb_flat_tiny_23.wg with surrogate
[2026-01-29 22:08:32,027:main.py#L167:INFO]: ----------------------------------------------------------------------------------------------------
[2026-01-29 22:12:37,590:main.py#L172:INFO]: [Workload 263/526] Successfully completed tuning for: ssb_flat_tiny_23.wg with surrogate
[2026-01-29 22:12:37,591:main.py#L163:INFO]: ----------------------------------------------------------------------------------------------------
[2026-01-29 22:12:37,591:main.py#L164:INFO]: [Workload 264/526] Starting tuning for: ssb_flat_tiny_24.wg with surrogate
[2026-01-29 22:12:37,591:main.py#L167:INFO]: ----------------------------------------------------------------------------------------------------
[2026-01-29 22:16:36,962:main.py#L172:INFO]: [Workload 264/526] Successfully completed tuning for: ssb_flat_tiny_24.wg with surrogate
[2026-01-29 22:16:36,962:main.py#L163:INFO]: ----------------------------------------------------------------------------------------------------
[2026-01-29 22:16:36,962:main.py#L164:INFO]: [Workload 265/526] Starting tuning for: ssb_flat_tiny_25.wg with surrogate
[2026-01-29 22:16:36,962:main.py#L167:INFO]: ----------------------------------------------------------------------------------------------------
[2026-01-29 22:20:43,545:main.py#L172:INFO]: [Workload 265/526] Successfully completed tuning for: ssb_flat_tiny_25.wg with surrogate
[2026-01-29 22:20:43,545:main.py#L163:INFO]: ----------------------------------------------------------------------------------------------------
[2026-01-29 22:20:43,546:main.py#L164:INFO]: [Workload 266/526] Starting tuning for: ssb_flat_tiny_26.wg with surrogate
[2026-01-29 22:20:43,546:main.py#L167:INFO]: ----------------------------------------------------------------------------------------------------
[2026-01-29 22:24:48,145:main.py#L172:INFO]: [Workload 266/526] Successfully completed tuning for: ssb_flat_tiny_26.wg with surrogate
[2026-01-29 22:24:48,145:main.py#L163:INFO]: ----------------------------------------------------------------------------------------------------
[2026-01-29 22:24:48,145:main.py#L164:INFO]: [Workload 267/526] Starting tuning for: ssb_flat_tiny_27.wg with surrogate
[2026-01-29 22:24:48,145:main.py#L167:INFO]: ----------------------------------------------------------------------------------------------------
[2026-01-29 22:28:48,063:main.py#L172:INFO]: [Workload 267/526] Successfully completed tuning for: ssb_flat_tiny_27.wg with surrogate
[2026-01-29 22:28:48,064:main.py#L163:INFO]: ----------------------------------------------------------------------------------------------------
[2026-01-29 22:28:48,064:main.py#L164:INFO]: [Workload 268/526] Starting tuning for: ssb_flat_tiny_28.wg with surrogate
[2026-01-29 22:28:48,064:main.py#L167:INFO]: ----------------------------------------------------------------------------------------------------
[2026-01-29 22:32:45,008:main.py#L172:INFO]: [Workload 268/526] Successfully completed tuning for: ssb_flat_tiny_28.wg with surrogate
[2026-01-29 22:32:45,009:main.py#L163:INFO]: ----------------------------------------------------------------------------------------------------
[2026-01-29 22:32:45,009:main.py#L164:INFO]: [Workload 269/526] Starting tuning for: ssb_flat_tiny_29.wg with surrogate
[2026-01-29 22:32:45,009:main.py#L167:INFO]: ----------------------------------------------------------------------------------------------------
[2026-01-29 22:36:56,279:main.py#L172:INFO]: [Workload 269/526] Successfully completed tuning for: ssb_flat_tiny_29.wg with surrogate
[2026-01-29 22:36:56,279:main.py#L163:INFO]: ----------------------------------------------------------------------------------------------------
[2026-01-29 22:36:56,279:main.py#L164:INFO]: [Workload 270/526] Starting tuning for: ssb_flat_tiny_30.wg with surrogate
[2026-01-29 22:36:56,279:main.py#L167:INFO]: ----------------------------------------------------------------------------------------------------
[2026-01-29 22:41:10,609:main.py#L172:INFO]: [Workload 270/526] Successfully completed tuning for: ssb_flat_tiny_30.wg with surrogate
[2026-01-29 22:41:10,609:main.py#L163:INFO]: ----------------------------------------------------------------------------------------------------
[2026-01-29 22:41:10,609:main.py#L164:INFO]: [Workload 271/526] Starting tuning for: ssb_flat_tiny_31.wg with surrogate
[2026-01-29 22:41:10,609:main.py#L167:INFO]: ----------------------------------------------------------------------------------------------------
[2026-01-29 22:45:17,801:main.py#L172:INFO]: [Workload 271/526] Successfully completed tuning for: ssb_flat_tiny_31.wg with surrogate
[2026-01-29 22:45:17,802:main.py#L163:INFO]: ----------------------------------------------------------------------------------------------------
[2026-01-29 22:45:17,802:main.py#L164:INFO]: [Workload 272/526] Starting tuning for: ssb_flat_tiny_32.wg with surrogate
[2026-01-29 22:45:17,802:main.py#L167:INFO]: ----------------------------------------------------------------------------------------------------
[2026-01-29 22:49:22,855:main.py#L172:INFO]: [Workload 272/526] Successfully completed tuning for: ssb_flat_tiny_32.wg with surrogate
[2026-01-29 22:49:22,855:main.py#L163:INFO]: ----------------------------------------------------------------------------------------------------
[2026-01-29 22:49:22,855:main.py#L164:INFO]: [Workload 273/526] Starting tuning for: ssb_flat_tiny_33.wg with surrogate
[2026-01-29 22:49:22,855:main.py#L167:INFO]: ----------------------------------------------------------------------------------------------------
[2026-01-29 22:53:31,407:main.py#L172:INFO]: [Workload 273/526] Successfully completed tuning for: ssb_flat_tiny_33.wg with surrogate
[2026-01-29 22:53:31,408:main.py#L163:INFO]: ----------------------------------------------------------------------------------------------------
[2026-01-29 22:53:31,408:main.py#L164:INFO]: [Workload 274/526] Starting tuning for: ssb_flat_tiny_34.wg with surrogate
[2026-01-29 22:53:31,408:main.py#L167:INFO]: ----------------------------------------------------------------------------------------------------
[2026-01-29 22:57:38,533:main.py#L172:INFO]: [Workload 274/526] Successfully completed tuning for: ssb_flat_tiny_34.wg with surrogate
[2026-01-29 22:57:38,534:main.py#L163:INFO]: ----------------------------------------------------------------------------------------------------
[2026-01-29 22:57:38,534:main.py#L164:INFO]: [Workload 275/526] Starting tuning for: ssb_flat_tiny_35.wg with surrogate
[2026-01-29 22:57:38,534:main.py#L167:INFO]: ----------------------------------------------------------------------------------------------------
[2026-01-29 23:01:45,934:main.py#L172:INFO]: [Workload 275/526] Successfully completed tuning for: ssb_flat_tiny_35.wg with surrogate
[2026-01-29 23:01:45,934:main.py#L163:INFO]: ----------------------------------------------------------------------------------------------------
[2026-01-29 23:01:45,934:main.py#L164:INFO]: [Workload 276/526] Starting tuning for: ssb_flat_tiny_36.wg with surrogate
[2026-01-29 23:01:45,934:main.py#L167:INFO]: ----------------------------------------------------------------------------------------------------
[2026-01-29 23:05:55,413:main.py#L172:INFO]: [Workload 276/526] Successfully completed tuning for: ssb_flat_tiny_36.wg with surrogate
[2026-01-29 23:05:55,413:main.py#L163:INFO]: ----------------------------------------------------------------------------------------------------
[2026-01-29 23:05:55,413:main.py#L164:INFO]: [Workload 277/526] Starting tuning for: ssb_flat_tiny_37.wg with surrogate
[2026-01-29 23:05:55,413:main.py#L167:INFO]: ----------------------------------------------------------------------------------------------------
[2026-01-29 23:10:08,658:main.py#L172:INFO]: [Workload 277/526] Successfully completed tuning for: ssb_flat_tiny_37.wg with surrogate
[2026-01-29 23:10:08,658:main.py#L163:INFO]: ----------------------------------------------------------------------------------------------------
[2026-01-29 23:10:08,658:main.py#L164:INFO]: [Workload 278/526] Starting tuning for: ssb_flat_tiny_38.wg with surrogate
[2026-01-29 23:10:08,658:main.py#L167:INFO]: ----------------------------------------------------------------------------------------------------
[2026-01-29 23:14:09,639:main.py#L172:INFO]: [Workload 278/526] Successfully completed tuning for: ssb_flat_tiny_38.wg with surrogate
[2026-01-29 23:14:09,639:main.py#L163:INFO]: ----------------------------------------------------------------------------------------------------
[2026-01-29 23:14:09,639:main.py#L164:INFO]: [Workload 279/526] Starting tuning for: ssb_flat_tiny_39.wg with surrogate
[2026-01-29 23:14:09,639:main.py#L167:INFO]: ----------------------------------------------------------------------------------------------------
[2026-01-29 23:18:22,294:main.py#L172:INFO]: [Workload 279/526] Successfully completed tuning for: ssb_flat_tiny_39.wg with surrogate
[2026-01-29 23:18:22,294:main.py#L163:INFO]: ----------------------------------------------------------------------------------------------------
[2026-01-29 23:18:22,294:main.py#L164:INFO]: [Workload 280/526] Starting tuning for: ssb_flat_tiny_40.wg with surrogate
[2026-01-29 23:18:22,294:main.py#L167:INFO]: ----------------------------------------------------------------------------------------------------
[2026-01-29 23:22:34,417:main.py#L172:INFO]: [Workload 280/526] Successfully completed tuning for: ssb_flat_tiny_40.wg with surrogate
[2026-01-29 23:22:34,418:main.py#L163:INFO]: ----------------------------------------------------------------------------------------------------
[2026-01-29 23:22:34,418:main.py#L164:INFO]: [Workload 281/526] Starting tuning for: ssb_flat_tiny_41.wg with surrogate
[2026-01-29 23:22:34,418:main.py#L167:INFO]: ----------------------------------------------------------------------------------------------------
[2026-01-29 23:26:43,444:main.py#L172:INFO]: [Workload 281/526] Successfully completed tuning for: ssb_flat_tiny_41.wg with surrogate
[2026-01-29 23:26:43,445:main.py#L163:INFO]: ----------------------------------------------------------------------------------------------------
[2026-01-29 23:26:43,445:main.py#L164:INFO]: [Workload 282/526] Starting tuning for: ssb_flat_tiny_42.wg with surrogate
[2026-01-29 23:26:43,445:main.py#L167:INFO]: ----------------------------------------------------------------------------------------------------
[2026-01-29 23:30:48,571:main.py#L172:INFO]: [Workload 282/526] Successfully completed tuning for: ssb_flat_tiny_42.wg with surrogate
[2026-01-29 23:30:48,572:main.py#L163:INFO]: ----------------------------------------------------------------------------------------------------
[2026-01-29 23:30:48,572:main.py#L164:INFO]: [Workload 283/526] Starting tuning for: ssb_flat_tiny_43.wg with surrogate
[2026-01-29 23:30:48,572:main.py#L167:INFO]: ----------------------------------------------------------------------------------------------------
[2026-01-29 23:35:00,649:main.py#L172:INFO]: [Workload 283/526] Successfully completed tuning for: ssb_flat_tiny_43.wg with surrogate
[2026-01-29 23:35:00,649:main.py#L163:INFO]: ----------------------------------------------------------------------------------------------------
[2026-01-29 23:35:00,649:main.py#L164:INFO]: [Workload 284/526] Starting tuning for: ssb_flat_tiny_44.wg with surrogate
[2026-01-29 23:35:00,649:main.py#L167:INFO]: ----------------------------------------------------------------------------------------------------
[2026-01-29 23:39:18,216:main.py#L172:INFO]: [Workload 284/526] Successfully completed tuning for: ssb_flat_tiny_44.wg with surrogate
[2026-01-29 23:39:18,216:main.py#L163:INFO]: ----------------------------------------------------------------------------------------------------
[2026-01-29 23:39:18,216:main.py#L164:INFO]: [Workload 285/526] Starting tuning for: ssb_flat_tiny_45.wg with surrogate
[2026-01-29 23:39:18,216:main.py#L167:INFO]: ----------------------------------------------------------------------------------------------------
[2026-01-29 23:43:22,246:main.py#L172:INFO]: [Workload 285/526] Successfully completed tuning for: ssb_flat_tiny_45.wg with surrogate
[2026-01-29 23:43:22,247:main.py#L163:INFO]: ----------------------------------------------------------------------------------------------------
[2026-01-29 23:43:22,247:main.py#L164:INFO]: [Workload 286/526] Starting tuning for: ssb_flat_tiny_46.wg with surrogate
[2026-01-29 23:43:22,247:main.py#L167:INFO]: ----------------------------------------------------------------------------------------------------
[2026-01-29 23:47:31,743:main.py#L172:INFO]: [Workload 286/526] Successfully completed tuning for: ssb_flat_tiny_46.wg with surrogate
[2026-01-29 23:47:31,743:main.py#L163:INFO]: ----------------------------------------------------------------------------------------------------
[2026-01-29 23:47:31,743:main.py#L164:INFO]: [Workload 287/526] Starting tuning for: ssb_flat_tiny_47.wg with surrogate
[2026-01-29 23:47:31,743:main.py#L167:INFO]: ----------------------------------------------------------------------------------------------------
[2026-01-29 23:51:36,548:main.py#L172:INFO]: [Workload 287/526] Successfully completed tuning for: ssb_flat_tiny_47.wg with surrogate
[2026-01-29 23:51:36,549:main.py#L163:INFO]: ----------------------------------------------------------------------------------------------------
[2026-01-29 23:51:36,549:main.py#L164:INFO]: [Workload 288/526] Starting tuning for: ssb_flat_tiny_48.wg with surrogate
[2026-01-29 23:51:36,549:main.py#L167:INFO]: ----------------------------------------------------------------------------------------------------
[2026-01-29 23:55:50,180:main.py#L172:INFO]: [Workload 288/526] Successfully completed tuning for: ssb_flat_tiny_48.wg with surrogate
[2026-01-29 23:55:50,180:main.py#L163:INFO]: ----------------------------------------------------------------------------------------------------
[2026-01-29 23:55:50,180:main.py#L164:INFO]: [Workload 289/526] Starting tuning for: ssb_flat_tiny_49.wg with surrogate
[2026-01-29 23:55:50,180:main.py#L167:INFO]: ----------------------------------------------------------------------------------------------------
[2026-01-30 00:00:09,493:main.py#L172:INFO]: [Workload 289/526] Successfully completed tuning for: ssb_flat_tiny_49.wg with surrogate
[2026-01-30 00:00:09,493:main.py#L163:INFO]: ----------------------------------------------------------------------------------------------------
[2026-01-30 00:00:09,493:main.py#L164:INFO]: [Workload 290/526] Starting tuning for: ssb_flat_tiny_50.wg with surrogate
[2026-01-30 00:00:09,493:main.py#L167:INFO]: ----------------------------------------------------------------------------------------------------
[2026-01-30 00:04:22,744:main.py#L172:INFO]: [Workload 290/526] Successfully completed tuning for: ssb_flat_tiny_50.wg with surrogate
[2026-01-30 00:04:22,744:main.py#L163:INFO]: ----------------------------------------------------------------------------------------------------
[2026-01-30 00:04:22,744:main.py#L164:INFO]: [Workload 291/526] Starting tuning for: ssb_flat_tiny_51.wg with surrogate
[2026-01-30 00:04:22,744:main.py#L167:INFO]: ----------------------------------------------------------------------------------------------------
[2026-01-30 00:08:27,100:main.py#L172:INFO]: [Workload 291/526] Successfully completed tuning for: ssb_flat_tiny_51.wg with surrogate
[2026-01-30 00:08:27,100:main.py#L163:INFO]: ----------------------------------------------------------------------------------------------------
[2026-01-30 00:08:27,100:main.py#L164:INFO]: [Workload 292/526] Starting tuning for: ssb_flat_tiny_52.wg with surrogate
[2026-01-30 00:08:27,100:main.py#L167:INFO]: ----------------------------------------------------------------------------------------------------
[2026-01-30 00:12:33,885:main.py#L172:INFO]: [Workload 292/526] Successfully completed tuning for: ssb_flat_tiny_52.wg with surrogate
[2026-01-30 00:12:33,885:main.py#L163:INFO]: ----------------------------------------------------------------------------------------------------
[2026-01-30 00:12:33,885:main.py#L164:INFO]: [Workload 293/526] Starting tuning for: ssb_flat_tiny_53.wg with surrogate
[2026-01-30 00:12:33,885:main.py#L167:INFO]: ----------------------------------------------------------------------------------------------------
[2026-01-30 00:16:33,109:main.py#L172:INFO]: [Workload 293/526] Successfully completed tuning for: ssb_flat_tiny_53.wg with surrogate
[2026-01-30 00:16:33,110:main.py#L163:INFO]: ----------------------------------------------------------------------------------------------------
[2026-01-30 00:16:33,110:main.py#L164:INFO]: [Workload 294/526] Starting tuning for: ssb_flat_tiny_54.wg with surrogate
[2026-01-30 00:16:33,110:main.py#L167:INFO]: ----------------------------------------------------------------------------------------------------
[2026-01-30 00:20:44,795:main.py#L172:INFO]: [Workload 294/526] Successfully completed tuning for: ssb_flat_tiny_54.wg with surrogate
[2026-01-30 00:20:44,796:main.py#L163:INFO]: ----------------------------------------------------------------------------------------------------
[2026-01-30 00:20:44,796:main.py#L164:INFO]: [Workload 295/526] Starting tuning for: ssb_flat_tiny_55.wg with surrogate
[2026-01-30 00:20:44,796:main.py#L167:INFO]: ----------------------------------------------------------------------------------------------------
[2026-01-30 00:24:49,089:main.py#L172:INFO]: [Workload 295/526] Successfully completed tuning for: ssb_flat_tiny_55.wg with surrogate
[2026-01-30 00:24:49,089:main.py#L163:INFO]: ----------------------------------------------------------------------------------------------------
[2026-01-30 00:24:49,089:main.py#L164:INFO]: [Workload 296/526] Starting tuning for: ssb_flat_tiny_56.wg with surrogate
[2026-01-30 00:24:49,089:main.py#L167:INFO]: ----------------------------------------------------------------------------------------------------
[2026-01-30 00:28:48,728:main.py#L172:INFO]: [Workload 296/526] Successfully completed tuning for: ssb_flat_tiny_56.wg with surrogate
[2026-01-30 00:28:48,728:main.py#L163:INFO]: ----------------------------------------------------------------------------------------------------
[2026-01-30 00:28:48,728:main.py#L164:INFO]: [Workload 297/526] Starting tuning for: ssb_flat_tiny_57.wg with surrogate
[2026-01-30 00:28:48,728:main.py#L167:INFO]: ----------------------------------------------------------------------------------------------------
[2026-01-30 00:32:57,554:main.py#L172:INFO]: [Workload 297/526] Successfully completed tuning for: ssb_flat_tiny_57.wg with surrogate
[2026-01-30 00:32:57,554:main.py#L163:INFO]: ----------------------------------------------------------------------------------------------------
[2026-01-30 00:32:57,554:main.py#L164:INFO]: [Workload 298/526] Starting tuning for: ssb_flat_tiny_58.wg with surrogate
[2026-01-30 00:32:57,554:main.py#L167:INFO]: ----------------------------------------------------------------------------------------------------
[2026-01-30 00:37:05,974:main.py#L172:INFO]: [Workload 298/526] Successfully completed tuning for: ssb_flat_tiny_58.wg with surrogate
[2026-01-30 00:37:05,975:main.py#L163:INFO]: ----------------------------------------------------------------------------------------------------
[2026-01-30 00:37:05,975:main.py#L164:INFO]: [Workload 299/526] Starting tuning for: ssb_flat_tiny_59.wg with surrogate
[2026-01-30 00:37:05,975:main.py#L167:INFO]: ----------------------------------------------------------------------------------------------------
[2026-01-30 00:41:13,075:main.py#L172:INFO]: [Workload 299/526] Successfully completed tuning for: ssb_flat_tiny_59.wg with surrogate
[2026-01-30 00:41:13,075:main.py#L163:INFO]: ----------------------------------------------------------------------------------------------------
[2026-01-30 00:41:13,075:main.py#L164:INFO]: [Workload 300/526] Starting tuning for: ssb_flat_tiny_60.wg with surrogate
[2026-01-30 00:41:13,075:main.py#L167:INFO]: ----------------------------------------------------------------------------------------------------
[2026-01-30 00:45:24,558:main.py#L172:INFO]: [Workload 300/526] Successfully completed tuning for: ssb_flat_tiny_60.wg with surrogate
[2026-01-30 00:45:24,558:main.py#L163:INFO]: ----------------------------------------------------------------------------------------------------
[2026-01-30 00:45:24,558:main.py#L164:INFO]: [Workload 301/526] Starting tuning for: ssb_flat_tiny_61.wg with surrogate
[2026-01-30 00:45:24,558:main.py#L167:INFO]: ----------------------------------------------------------------------------------------------------
[2026-01-30 00:49:40,378:main.py#L172:INFO]: [Workload 301/526] Successfully completed tuning for: ssb_flat_tiny_61.wg with surrogate
[2026-01-30 00:49:40,379:main.py#L163:INFO]: ----------------------------------------------------------------------------------------------------
[2026-01-30 00:49:40,379:main.py#L164:INFO]: [Workload 302/526] Starting tuning for: ssb_flat_tiny_62.wg with surrogate
[2026-01-30 00:49:40,379:main.py#L167:INFO]: ----------------------------------------------------------------------------------------------------
[2026-01-30 00:53:55,083:main.py#L172:INFO]: [Workload 302/526] Successfully completed tuning for: ssb_flat_tiny_62.wg with surrogate
[2026-01-30 00:53:55,083:main.py#L163:INFO]: ----------------------------------------------------------------------------------------------------
[2026-01-30 00:53:55,083:main.py#L164:INFO]: [Workload 303/526] Starting tuning for: ssb_flat_tiny_63.wg with surrogate
[2026-01-30 00:53:55,083:main.py#L167:INFO]: ----------------------------------------------------------------------------------------------------
[2026-01-30 00:58:01,652:main.py#L172:INFO]: [Workload 303/526] Successfully completed tuning for: ssb_flat_tiny_63.wg with surrogate
[2026-01-30 00:58:01,652:main.py#L163:INFO]: ----------------------------------------------------------------------------------------------------
[2026-01-30 00:58:01,652:main.py#L164:INFO]: [Workload 304/526] Starting tuning for: ssb_flat_tiny_64.wg with surrogate
[2026-01-30 00:58:01,652:main.py#L167:INFO]: ----------------------------------------------------------------------------------------------------
[2026-01-30 01:02:06,142:main.py#L172:INFO]: [Workload 304/526] Successfully completed tuning for: ssb_flat_tiny_64.wg with surrogate
[2026-01-30 01:02:06,142:main.py#L163:INFO]: ----------------------------------------------------------------------------------------------------
[2026-01-30 01:02:06,142:main.py#L164:INFO]: [Workload 305/526] Starting tuning for: ssb_flat_tiny_65.wg with surrogate
[2026-01-30 01:02:06,142:main.py#L167:INFO]: ----------------------------------------------------------------------------------------------------
[2026-01-30 01:06:16,245:main.py#L172:INFO]: [Workload 305/526] Successfully completed tuning for: ssb_flat_tiny_65.wg with surrogate
[2026-01-30 01:06:16,245:main.py#L163:INFO]: ----------------------------------------------------------------------------------------------------
[2026-01-30 01:06:16,245:main.py#L164:INFO]: [Workload 306/526] Starting tuning for: ssb_flat_tiny_66.wg with surrogate
[2026-01-30 01:06:16,246:main.py#L167:INFO]: ----------------------------------------------------------------------------------------------------
[2026-01-30 01:10:32,713:main.py#L172:INFO]: [Workload 306/526] Successfully completed tuning for: ssb_flat_tiny_66.wg with surrogate
[2026-01-30 01:10:32,713:main.py#L163:INFO]: ----------------------------------------------------------------------------------------------------
[2026-01-30 01:10:32,713:main.py#L164:INFO]: [Workload 307/526] Starting tuning for: ssb_flat_tiny_67.wg with surrogate
[2026-01-30 01:10:32,713:main.py#L167:INFO]: ----------------------------------------------------------------------------------------------------
[2026-01-30 01:14:46,876:main.py#L172:INFO]: [Workload 307/526] Successfully completed tuning for: ssb_flat_tiny_67.wg with surrogate
[2026-01-30 01:14:46,876:main.py#L163:INFO]: ----------------------------------------------------------------------------------------------------
[2026-01-30 01:14:46,877:main.py#L164:INFO]: [Workload 308/526] Starting tuning for: ssb_flat_tiny_68.wg with surrogate
[2026-01-30 01:14:46,877:main.py#L167:INFO]: ----------------------------------------------------------------------------------------------------
[2026-01-30 01:19:04,061:main.py#L172:INFO]: [Workload 308/526] Successfully completed tuning for: ssb_flat_tiny_68.wg with surrogate
[2026-01-30 01:19:04,061:main.py#L163:INFO]: ----------------------------------------------------------------------------------------------------
[2026-01-30 01:19:04,061:main.py#L164:INFO]: [Workload 309/526] Starting tuning for: ssb_flat_tiny_69.wg with surrogate
[2026-01-30 01:19:04,061:main.py#L167:INFO]: ----------------------------------------------------------------------------------------------------
[2026-01-30 01:23:17,841:main.py#L172:INFO]: [Workload 309/526] Successfully completed tuning for: ssb_flat_tiny_69.wg with surrogate
[2026-01-30 01:23:17,841:main.py#L163:INFO]: ----------------------------------------------------------------------------------------------------
[2026-01-30 01:23:17,841:main.py#L164:INFO]: [Workload 310/526] Starting tuning for: ssb_flat_tiny_70.wg with surrogate
[2026-01-30 01:23:17,841:main.py#L167:INFO]: ----------------------------------------------------------------------------------------------------
[2026-01-30 01:27:34,607:main.py#L172:INFO]: [Workload 310/526] Successfully completed tuning for: ssb_flat_tiny_70.wg with surrogate
[2026-01-30 01:27:34,607:main.py#L163:INFO]: ----------------------------------------------------------------------------------------------------
[2026-01-30 01:27:34,607:main.py#L164:INFO]: [Workload 311/526] Starting tuning for: ssb_flat_tiny_71.wg with surrogate
[2026-01-30 01:27:34,607:main.py#L167:INFO]: ----------------------------------------------------------------------------------------------------
[2026-01-30 01:31:46,633:main.py#L172:INFO]: [Workload 311/526] Successfully completed tuning for: ssb_flat_tiny_71.wg with surrogate
[2026-01-30 01:31:46,633:main.py#L163:INFO]: ----------------------------------------------------------------------------------------------------
[2026-01-30 01:31:46,633:main.py#L164:INFO]: [Workload 312/526] Starting tuning for: ssb_flat_tiny_72.wg with surrogate
[2026-01-30 01:31:46,633:main.py#L167:INFO]: ----------------------------------------------------------------------------------------------------
[2026-01-30 01:36:05,736:main.py#L172:INFO]: [Workload 312/526] Successfully completed tuning for: ssb_flat_tiny_72.wg with surrogate
[2026-01-30 01:36:05,736:main.py#L163:INFO]: ----------------------------------------------------------------------------------------------------
[2026-01-30 01:36:05,736:main.py#L164:INFO]: [Workload 313/526] Starting tuning for: ssb_flat_tiny_73.wg with surrogate
[2026-01-30 01:36:05,736:main.py#L167:INFO]: ----------------------------------------------------------------------------------------------------
[2026-01-30 01:40:17,031:main.py#L172:INFO]: [Workload 313/526] Successfully completed tuning for: ssb_flat_tiny_73.wg with surrogate
[2026-01-30 01:40:17,031:main.py#L163:INFO]: ----------------------------------------------------------------------------------------------------
[2026-01-30 01:40:17,031:main.py#L164:INFO]: [Workload 314/526] Starting tuning for: ssb_flat_tiny_74.wg with surrogate
[2026-01-30 01:40:17,031:main.py#L167:INFO]: ----------------------------------------------------------------------------------------------------
[2026-01-30 01:44:25,291:main.py#L172:INFO]: [Workload 314/526] Successfully completed tuning for: ssb_flat_tiny_74.wg with surrogate
[2026-01-30 01:44:25,292:main.py#L163:INFO]: ----------------------------------------------------------------------------------------------------
[2026-01-30 01:44:25,292:main.py#L164:INFO]: [Workload 315/526] Starting tuning for: ssb_flat_tiny_75.wg with surrogate
[2026-01-30 01:44:25,292:main.py#L167:INFO]: ----------------------------------------------------------------------------------------------------
[2026-01-30 01:48:30,421:main.py#L172:INFO]: [Workload 315/526] Successfully completed tuning for: ssb_flat_tiny_75.wg with surrogate
[2026-01-30 01:48:30,421:main.py#L163:INFO]: ----------------------------------------------------------------------------------------------------
[2026-01-30 01:48:30,422:main.py#L164:INFO]: [Workload 316/526] Starting tuning for: ssb_flat_tiny_76.wg with surrogate
[2026-01-30 01:48:30,422:main.py#L167:INFO]: ----------------------------------------------------------------------------------------------------
[2026-01-30 01:52:37,884:main.py#L172:INFO]: [Workload 316/526] Successfully completed tuning for: ssb_flat_tiny_76.wg with surrogate
[2026-01-30 01:52:37,885:main.py#L163:INFO]: ----------------------------------------------------------------------------------------------------
[2026-01-30 01:52:37,885:main.py#L164:INFO]: [Workload 317/526] Starting tuning for: ssb_flat_tiny_77.wg with surrogate
[2026-01-30 01:52:37,885:main.py#L167:INFO]: ----------------------------------------------------------------------------------------------------
[2026-01-30 01:56:50,484:main.py#L172:INFO]: [Workload 317/526] Successfully completed tuning for: ssb_flat_tiny_77.wg with surrogate
[2026-01-30 01:56:50,484:main.py#L163:INFO]: ----------------------------------------------------------------------------------------------------
[2026-01-30 01:56:50,484:main.py#L164:INFO]: [Workload 318/526] Starting tuning for: ssb_flat_tiny_78.wg with surrogate
[2026-01-30 01:56:50,484:main.py#L167:INFO]: ----------------------------------------------------------------------------------------------------
[2026-01-30 02:01:06,944:main.py#L172:INFO]: [Workload 318/526] Successfully completed tuning for: ssb_flat_tiny_78.wg with surrogate
[2026-01-30 02:01:06,944:main.py#L163:INFO]: ----------------------------------------------------------------------------------------------------
[2026-01-30 02:01:06,944:main.py#L164:INFO]: [Workload 319/526] Starting tuning for: ssb_flat_tiny_79.wg with surrogate
[2026-01-30 02:01:06,944:main.py#L167:INFO]: ----------------------------------------------------------------------------------------------------
[2026-01-30 02:05:22,296:main.py#L172:INFO]: [Workload 319/526] Successfully completed tuning for: ssb_flat_tiny_79.wg with surrogate
[2026-01-30 02:05:22,296:main.py#L163:INFO]: ----------------------------------------------------------------------------------------------------
[2026-01-30 02:05:22,296:main.py#L164:INFO]: [Workload 320/526] Starting tuning for: ssb_flat_tiny_80.wg with surrogate
[2026-01-30 02:05:22,296:main.py#L167:INFO]: ----------------------------------------------------------------------------------------------------
[2026-01-30 02:09:36,378:main.py#L172:INFO]: [Workload 320/526] Successfully completed tuning for: ssb_flat_tiny_80.wg with surrogate
[2026-01-30 02:09:36,379:main.py#L163:INFO]: ----------------------------------------------------------------------------------------------------
[2026-01-30 02:09:36,379:main.py#L164:INFO]: [Workload 321/526] Starting tuning for: ssb_flat_tiny_81.wg with surrogate
[2026-01-30 02:09:36,379:main.py#L167:INFO]: ----------------------------------------------------------------------------------------------------
[2026-01-30 02:13:46,469:main.py#L172:INFO]: [Workload 321/526] Successfully completed tuning for: ssb_flat_tiny_81.wg with surrogate
[2026-01-30 02:13:46,469:main.py#L163:INFO]: ----------------------------------------------------------------------------------------------------
[2026-01-30 02:13:46,469:main.py#L164:INFO]: [Workload 322/526] Starting tuning for: ssb_flat_tiny_82.wg with surrogate
[2026-01-30 02:13:46,469:main.py#L167:INFO]: ----------------------------------------------------------------------------------------------------
[2026-01-30 02:17:59,811:main.py#L172:INFO]: [Workload 322/526] Successfully completed tuning for: ssb_flat_tiny_82.wg with surrogate
[2026-01-30 02:17:59,811:main.py#L163:INFO]: ----------------------------------------------------------------------------------------------------
[2026-01-30 02:17:59,811:main.py#L164:INFO]: [Workload 323/526] Starting tuning for: ssb_flat_tiny_83.wg with surrogate
[2026-01-30 02:17:59,811:main.py#L167:INFO]: ----------------------------------------------------------------------------------------------------
[2026-01-30 02:22:13,945:main.py#L172:INFO]: [Workload 323/526] Successfully completed tuning for: ssb_flat_tiny_83.wg with surrogate
[2026-01-30 02:22:13,946:main.py#L163:INFO]: ----------------------------------------------------------------------------------------------------
[2026-01-30 02:22:13,946:main.py#L164:INFO]: [Workload 324/526] Starting tuning for: ssb_flat_tiny_84.wg with surrogate
[2026-01-30 02:22:13,946:main.py#L167:INFO]: ----------------------------------------------------------------------------------------------------
[2026-01-30 02:26:27,677:main.py#L172:INFO]: [Workload 324/526] Successfully completed tuning for: ssb_flat_tiny_84.wg with surrogate
[2026-01-30 02:26:27,677:main.py#L163:INFO]: ----------------------------------------------------------------------------------------------------
[2026-01-30 02:26:27,677:main.py#L164:INFO]: [Workload 325/526] Starting tuning for: ssb_flat_tiny_85.wg with surrogate
[2026-01-30 02:26:27,677:main.py#L167:INFO]: ----------------------------------------------------------------------------------------------------
[2026-01-30 02:30:40,485:main.py#L172:INFO]: [Workload 325/526] Successfully completed tuning for: ssb_flat_tiny_85.wg with surrogate
[2026-01-30 02:30:40,485:main.py#L163:INFO]: ----------------------------------------------------------------------------------------------------
[2026-01-30 02:30:40,486:main.py#L164:INFO]: [Workload 326/526] Starting tuning for: ssb_flat_tiny_86.wg with surrogate
[2026-01-30 02:30:40,486:main.py#L167:INFO]: ----------------------------------------------------------------------------------------------------
[2026-01-30 02:34:54,315:main.py#L172:INFO]: [Workload 326/526] Successfully completed tuning for: ssb_flat_tiny_86.wg with surrogate
[2026-01-30 02:34:54,315:main.py#L163:INFO]: ----------------------------------------------------------------------------------------------------
[2026-01-30 02:34:54,315:main.py#L164:INFO]: [Workload 327/526] Starting tuning for: ssb_flat_tiny_87.wg with surrogate
[2026-01-30 02:34:54,315:main.py#L167:INFO]: ----------------------------------------------------------------------------------------------------
[2026-01-30 02:39:11,164:main.py#L172:INFO]: [Workload 327/526] Successfully completed tuning for: ssb_flat_tiny_87.wg with surrogate
[2026-01-30 02:39:11,164:main.py#L163:INFO]: ----------------------------------------------------------------------------------------------------
[2026-01-30 02:39:11,164:main.py#L164:INFO]: [Workload 328/526] Starting tuning for: ssb_flat_tiny_88.wg with surrogate
[2026-01-30 02:39:11,164:main.py#L167:INFO]: ----------------------------------------------------------------------------------------------------
[2026-01-30 02:43:20,606:main.py#L172:INFO]: [Workload 328/526] Successfully completed tuning for: ssb_flat_tiny_88.wg with surrogate
[2026-01-30 02:43:20,606:main.py#L163:INFO]: ----------------------------------------------------------------------------------------------------
[2026-01-30 02:43:20,606:main.py#L164:INFO]: [Workload 329/526] Starting tuning for: ssb_flat_tiny_89.wg with surrogate
[2026-01-30 02:43:20,607:main.py#L167:INFO]: ----------------------------------------------------------------------------------------------------
[2026-01-30 02:47:31,359:main.py#L172:INFO]: [Workload 329/526] Successfully completed tuning for: ssb_flat_tiny_89.wg with surrogate
[2026-01-30 02:47:31,360:main.py#L163:INFO]: ----------------------------------------------------------------------------------------------------
[2026-01-30 02:47:31,360:main.py#L164:INFO]: [Workload 330/526] Starting tuning for: ssb_flat_tiny_90.wg with surrogate
[2026-01-30 02:47:31,360:main.py#L167:INFO]: ----------------------------------------------------------------------------------------------------
[2026-01-30 02:51:53,269:main.py#L172:INFO]: [Workload 330/526] Successfully completed tuning for: ssb_flat_tiny_90.wg with surrogate
[2026-01-30 02:51:53,269:main.py#L163:INFO]: ----------------------------------------------------------------------------------------------------
[2026-01-30 02:51:53,269:main.py#L164:INFO]: [Workload 331/526] Starting tuning for: ssb_flat_tiny_91.wg with surrogate
[2026-01-30 02:51:53,269:main.py#L167:INFO]: ----------------------------------------------------------------------------------------------------
[2026-01-30 02:56:06,110:main.py#L172:INFO]: [Workload 331/526] Successfully completed tuning for: ssb_flat_tiny_91.wg with surrogate
[2026-01-30 02:56:06,110:main.py#L163:INFO]: ----------------------------------------------------------------------------------------------------
[2026-01-30 02:56:06,110:main.py#L164:INFO]: [Workload 332/526] Starting tuning for: ssb_flat_tiny_92.wg with surrogate
[2026-01-30 02:56:06,110:main.py#L167:INFO]: ----------------------------------------------------------------------------------------------------
[2026-01-30 03:00:27,152:main.py#L172:INFO]: [Workload 332/526] Successfully completed tuning for: ssb_flat_tiny_92.wg with surrogate
[2026-01-30 03:00:27,152:main.py#L163:INFO]: ----------------------------------------------------------------------------------------------------
[2026-01-30 03:00:27,153:main.py#L164:INFO]: [Workload 333/526] Starting tuning for: ssb_flat_tiny_93.wg with surrogate
[2026-01-30 03:00:27,153:main.py#L167:INFO]: ----------------------------------------------------------------------------------------------------
[2026-01-30 03:04:44,898:main.py#L172:INFO]: [Workload 333/526] Successfully completed tuning for: ssb_flat_tiny_93.wg with surrogate
[2026-01-30 03:04:44,899:main.py#L163:INFO]: ----------------------------------------------------------------------------------------------------
[2026-01-30 03:04:44,899:main.py#L164:INFO]: [Workload 334/526] Starting tuning for: ssb_flat_tiny_94.wg with surrogate
[2026-01-30 03:04:44,899:main.py#L167:INFO]: ----------------------------------------------------------------------------------------------------
[2026-01-30 03:09:03,224:main.py#L172:INFO]: [Workload 334/526] Successfully completed tuning for: ssb_flat_tiny_94.wg with surrogate
[2026-01-30 03:09:03,224:main.py#L163:INFO]: ----------------------------------------------------------------------------------------------------
[2026-01-30 03:09:03,224:main.py#L164:INFO]: [Workload 335/526] Starting tuning for: ssb_flat_tiny_95.wg with surrogate
[2026-01-30 03:09:03,224:main.py#L167:INFO]: ----------------------------------------------------------------------------------------------------
[2026-01-30 03:13:16,905:main.py#L172:INFO]: [Workload 335/526] Successfully completed tuning for: ssb_flat_tiny_95.wg with surrogate
[2026-01-30 03:13:16,905:main.py#L163:INFO]: ----------------------------------------------------------------------------------------------------
[2026-01-30 03:13:16,906:main.py#L164:INFO]: [Workload 336/526] Starting tuning for: ssb_flat_tiny_96.wg with surrogate
[2026-01-30 03:13:16,906:main.py#L167:INFO]: ----------------------------------------------------------------------------------------------------
[2026-01-30 03:17:35,822:main.py#L172:INFO]: [Workload 336/526] Successfully completed tuning for: ssb_flat_tiny_96.wg with surrogate
[2026-01-30 03:17:35,822:main.py#L163:INFO]: ----------------------------------------------------------------------------------------------------
[2026-01-30 03:17:35,822:main.py#L164:INFO]: [Workload 337/526] Starting tuning for: ssb_flat_tiny_97.wg with surrogate
[2026-01-30 03:17:35,822:main.py#L167:INFO]: ----------------------------------------------------------------------------------------------------
[2026-01-30 03:21:46,622:main.py#L172:INFO]: [Workload 337/526] Successfully completed tuning for: ssb_flat_tiny_97.wg with surrogate
[2026-01-30 03:21:46,622:main.py#L163:INFO]: ----------------------------------------------------------------------------------------------------
[2026-01-30 03:21:46,622:main.py#L164:INFO]: [Workload 338/526] Starting tuning for: ssb_flat_tiny_98.wg with surrogate
[2026-01-30 03:21:46,622:main.py#L167:INFO]: ----------------------------------------------------------------------------------------------------
[2026-01-30 03:26:00,989:main.py#L172:INFO]: [Workload 338/526] Successfully completed tuning for: ssb_flat_tiny_98.wg with surrogate
[2026-01-30 03:26:00,989:main.py#L163:INFO]: ----------------------------------------------------------------------------------------------------
[2026-01-30 03:26:00,989:main.py#L164:INFO]: [Workload 339/526] Starting tuning for: ssb_flat_tiny_99.wg with surrogate
[2026-01-30 03:26:00,989:main.py#L167:INFO]: ----------------------------------------------------------------------------------------------------
[2026-01-30 03:30:14,111:main.py#L172:INFO]: [Workload 339/526] Successfully completed tuning for: ssb_flat_tiny_99.wg with surrogate
[2026-01-30 03:30:14,112:main.py#L163:INFO]: ----------------------------------------------------------------------------------------------------
[2026-01-30 03:30:14,112:main.py#L164:INFO]: [Workload 340/526] Starting tuning for: ssb_flat_tiny_100.wg with surrogate
[2026-01-30 03:30:14,112:main.py#L167:INFO]: ----------------------------------------------------------------------------------------------------
[2026-01-30 03:34:22,185:main.py#L172:INFO]: [Workload 340/526] Successfully completed tuning for: ssb_flat_tiny_100.wg with surrogate
[2026-01-30 03:34:22,185:main.py#L163:INFO]: ----------------------------------------------------------------------------------------------------
[2026-01-30 03:34:22,185:main.py#L164:INFO]: [Workload 341/526] Starting tuning for: ssb_flat_tiny_101.wg with surrogate
[2026-01-30 03:34:22,185:main.py#L167:INFO]: ----------------------------------------------------------------------------------------------------
[2026-01-30 03:38:42,120:main.py#L172:INFO]: [Workload 341/526] Successfully completed tuning for: ssb_flat_tiny_101.wg with surrogate
[2026-01-30 03:38:42,121:main.py#L163:INFO]: ----------------------------------------------------------------------------------------------------
[2026-01-30 03:38:42,121:main.py#L164:INFO]: [Workload 342/526] Starting tuning for: ssb_flat_tiny_102.wg with surrogate
[2026-01-30 03:38:42,121:main.py#L167:INFO]: ----------------------------------------------------------------------------------------------------
[2026-01-30 03:42:55,889:main.py#L172:INFO]: [Workload 342/526] Successfully completed tuning for: ssb_flat_tiny_102.wg with surrogate
[2026-01-30 03:42:55,890:main.py#L163:INFO]: ----------------------------------------------------------------------------------------------------
[2026-01-30 03:42:55,890:main.py#L164:INFO]: [Workload 343/526] Starting tuning for: ssb_flat_tiny_103.wg with surrogate
[2026-01-30 03:42:55,890:main.py#L167:INFO]: ----------------------------------------------------------------------------------------------------
[2026-01-30 03:47:09,801:main.py#L172:INFO]: [Workload 343/526] Successfully completed tuning for: ssb_flat_tiny_103.wg with surrogate
[2026-01-30 03:47:09,802:main.py#L163:INFO]: ----------------------------------------------------------------------------------------------------
[2026-01-30 03:47:09,802:main.py#L164:INFO]: [Workload 344/526] Starting tuning for: ssb_flat_tiny_104.wg with surrogate
[2026-01-30 03:47:09,802:main.py#L167:INFO]: ----------------------------------------------------------------------------------------------------
[2026-01-30 03:51:26,454:main.py#L172:INFO]: [Workload 344/526] Successfully completed tuning for: ssb_flat_tiny_104.wg with surrogate
[2026-01-30 03:51:26,454:main.py#L163:INFO]: ----------------------------------------------------------------------------------------------------
[2026-01-30 03:51:26,454:main.py#L164:INFO]: [Workload 345/526] Starting tuning for: ssb_flat_tiny_105.wg with surrogate
[2026-01-30 03:51:26,454:main.py#L167:INFO]: ----------------------------------------------------------------------------------------------------
[2026-01-30 03:55:44,505:main.py#L172:INFO]: [Workload 345/526] Successfully completed tuning for: ssb_flat_tiny_105.wg with surrogate
[2026-01-30 03:55:44,505:main.py#L163:INFO]: ----------------------------------------------------------------------------------------------------
[2026-01-30 03:55:44,505:main.py#L164:INFO]: [Workload 346/526] Starting tuning for: ssb_flat_tiny_106.wg with surrogate
[2026-01-30 03:55:44,505:main.py#L167:INFO]: ----------------------------------------------------------------------------------------------------
[2026-01-30 04:00:06,347:main.py#L172:INFO]: [Workload 346/526] Successfully completed tuning for: ssb_flat_tiny_106.wg with surrogate
[2026-01-30 04:00:06,347:main.py#L163:INFO]: ----------------------------------------------------------------------------------------------------
[2026-01-30 04:00:06,347:main.py#L164:INFO]: [Workload 347/526] Starting tuning for: ssb_flat_tiny_107.wg with surrogate
[2026-01-30 04:00:06,347:main.py#L167:INFO]: ----------------------------------------------------------------------------------------------------
[2026-01-30 04:04:25,272:main.py#L172:INFO]: [Workload 347/526] Successfully completed tuning for: ssb_flat_tiny_107.wg with surrogate
[2026-01-30 04:04:25,272:main.py#L163:INFO]: ----------------------------------------------------------------------------------------------------
[2026-01-30 04:04:25,272:main.py#L164:INFO]: [Workload 348/526] Starting tuning for: ssb_flat_tiny_108.wg with surrogate
[2026-01-30 04:04:25,272:main.py#L167:INFO]: ----------------------------------------------------------------------------------------------------
[2026-01-30 04:08:46,928:main.py#L172:INFO]: [Workload 348/526] Successfully completed tuning for: ssb_flat_tiny_108.wg with surrogate
[2026-01-30 04:08:46,928:main.py#L163:INFO]: ----------------------------------------------------------------------------------------------------
[2026-01-30 04:08:46,928:main.py#L164:INFO]: [Workload 349/526] Starting tuning for: ssb_flat_tiny_109.wg with surrogate
[2026-01-30 04:08:46,928:main.py#L167:INFO]: ----------------------------------------------------------------------------------------------------
[2026-01-30 04:13:04,732:main.py#L172:INFO]: [Workload 349/526] Successfully completed tuning for: ssb_flat_tiny_109.wg with surrogate
[2026-01-30 04:13:04,732:main.py#L163:INFO]: ----------------------------------------------------------------------------------------------------
[2026-01-30 04:13:04,733:main.py#L164:INFO]: [Workload 350/526] Starting tuning for: ssb_flat_tiny_110.wg with surrogate
[2026-01-30 04:13:04,733:main.py#L167:INFO]: ----------------------------------------------------------------------------------------------------
[2026-01-30 04:17:22,815:main.py#L172:INFO]: [Workload 350/526] Successfully completed tuning for: ssb_flat_tiny_110.wg with surrogate
[2026-01-30 04:17:22,815:main.py#L163:INFO]: ----------------------------------------------------------------------------------------------------
[2026-01-30 04:17:22,815:main.py#L164:INFO]: [Workload 351/526] Starting tuning for: ssb_flat_tiny_111.wg with surrogate
[2026-01-30 04:17:22,815:main.py#L167:INFO]: ----------------------------------------------------------------------------------------------------
[2026-01-30 04:21:41,566:main.py#L172:INFO]: [Workload 351/526] Successfully completed tuning for: ssb_flat_tiny_111.wg with surrogate
[2026-01-30 04:21:41,566:main.py#L163:INFO]: ----------------------------------------------------------------------------------------------------
[2026-01-30 04:21:41,566:main.py#L164:INFO]: [Workload 352/526] Starting tuning for: ssb_flat_tiny_112.wg with surrogate
[2026-01-30 04:21:41,566:main.py#L167:INFO]: ----------------------------------------------------------------------------------------------------
[2026-01-30 04:26:03,336:main.py#L172:INFO]: [Workload 352/526] Successfully completed tuning for: ssb_flat_tiny_112.wg with surrogate
[2026-01-30 04:26:03,336:main.py#L163:INFO]: ----------------------------------------------------------------------------------------------------
[2026-01-30 04:26:03,336:main.py#L164:INFO]: [Workload 353/526] Starting tuning for: ssb_flat_tiny_113.wg with surrogate
[2026-01-30 04:26:03,336:main.py#L167:INFO]: ----------------------------------------------------------------------------------------------------
[2026-01-30 04:30:19,009:main.py#L172:INFO]: [Workload 353/526] Successfully completed tuning for: ssb_flat_tiny_113.wg with surrogate
[2026-01-30 04:30:19,009:main.py#L163:INFO]: ----------------------------------------------------------------------------------------------------
[2026-01-30 04:30:19,009:main.py#L164:INFO]: [Workload 354/526] Starting tuning for: ssb_flat_tiny_114.wg with surrogate
[2026-01-30 04:30:19,009:main.py#L167:INFO]: ----------------------------------------------------------------------------------------------------
[2026-01-30 04:34:40,748:main.py#L172:INFO]: [Workload 354/526] Successfully completed tuning for: ssb_flat_tiny_114.wg with surrogate
[2026-01-30 04:34:40,748:main.py#L163:INFO]: ----------------------------------------------------------------------------------------------------
[2026-01-30 04:34:40,748:main.py#L164:INFO]: [Workload 355/526] Starting tuning for: ssb_flat_tiny_115.wg with surrogate
[2026-01-30 04:34:40,748:main.py#L167:INFO]: ----------------------------------------------------------------------------------------------------
[2026-01-30 04:38:59,232:main.py#L172:INFO]: [Workload 355/526] Successfully completed tuning for: ssb_flat_tiny_115.wg with surrogate
[2026-01-30 04:38:59,232:main.py#L163:INFO]: ----------------------------------------------------------------------------------------------------
[2026-01-30 04:38:59,232:main.py#L164:INFO]: [Workload 356/526] Starting tuning for: ssb_flat_tiny_116.wg with surrogate
[2026-01-30 04:38:59,232:main.py#L167:INFO]: ----------------------------------------------------------------------------------------------------
[2026-01-30 04:43:08,776:main.py#L172:INFO]: [Workload 356/526] Successfully completed tuning for: ssb_flat_tiny_116.wg with surrogate
[2026-01-30 04:43:08,776:main.py#L163:INFO]: ----------------------------------------------------------------------------------------------------
[2026-01-30 04:43:08,776:main.py#L164:INFO]: [Workload 357/526] Starting tuning for: ssb_flat_tiny_117.wg with surrogate
[2026-01-30 04:43:08,776:main.py#L167:INFO]: ----------------------------------------------------------------------------------------------------
[2026-01-30 04:47:19,429:main.py#L172:INFO]: [Workload 357/526] Successfully completed tuning for: ssb_flat_tiny_117.wg with surrogate
[2026-01-30 04:47:19,429:main.py#L163:INFO]: ----------------------------------------------------------------------------------------------------
[2026-01-30 04:47:19,429:main.py#L164:INFO]: [Workload 358/526] Starting tuning for: ssb_flat_tiny_118.wg with surrogate
[2026-01-30 04:47:19,429:main.py#L167:INFO]: ----------------------------------------------------------------------------------------------------
[2026-01-30 04:51:40,906:main.py#L172:INFO]: [Workload 358/526] Successfully completed tuning for: ssb_flat_tiny_118.wg with surrogate
[2026-01-30 04:51:40,907:main.py#L163:INFO]: ----------------------------------------------------------------------------------------------------
[2026-01-30 04:51:40,907:main.py#L164:INFO]: [Workload 359/526] Starting tuning for: ssb_flat_tiny_119.wg with surrogate
[2026-01-30 04:51:40,907:main.py#L167:INFO]: ----------------------------------------------------------------------------------------------------
[2026-01-30 04:56:03,782:main.py#L172:INFO]: [Workload 359/526] Successfully completed tuning for: ssb_flat_tiny_119.wg with surrogate
[2026-01-30 04:56:03,782:main.py#L163:INFO]: ----------------------------------------------------------------------------------------------------
[2026-01-30 04:56:03,782:main.py#L164:INFO]: [Workload 360/526] Starting tuning for: ssb_flat_tiny_120.wg with surrogate
[2026-01-30 04:56:03,782:main.py#L167:INFO]: ----------------------------------------------------------------------------------------------------
[2026-01-30 05:00:25,757:main.py#L172:INFO]: [Workload 360/526] Successfully completed tuning for: ssb_flat_tiny_120.wg with surrogate
[2026-01-30 05:00:25,757:main.py#L163:INFO]: ----------------------------------------------------------------------------------------------------
[2026-01-30 05:00:25,757:main.py#L164:INFO]: [Workload 361/526] Starting tuning for: ssb_flat_tiny_121.wg with surrogate
[2026-01-30 05:00:25,757:main.py#L167:INFO]: ----------------------------------------------------------------------------------------------------
[2026-01-30 05:04:45,551:main.py#L172:INFO]: [Workload 361/526] Successfully completed tuning for: ssb_flat_tiny_121.wg with surrogate
[2026-01-30 05:04:45,551:main.py#L163:INFO]: ----------------------------------------------------------------------------------------------------
[2026-01-30 05:04:45,551:main.py#L164:INFO]: [Workload 362/526] Starting tuning for: ssb_flat_tiny_122.wg with surrogate
[2026-01-30 05:04:45,551:main.py#L167:INFO]: ----------------------------------------------------------------------------------------------------
[2026-01-30 05:09:04,584:main.py#L172:INFO]: [Workload 362/526] Successfully completed tuning for: ssb_flat_tiny_122.wg with surrogate
[2026-01-30 05:09:04,585:main.py#L163:INFO]: ----------------------------------------------------------------------------------------------------
[2026-01-30 05:09:04,585:main.py#L164:INFO]: [Workload 363/526] Starting tuning for: ssb_flat_tiny_123.wg with surrogate
[2026-01-30 05:09:04,585:main.py#L167:INFO]: ----------------------------------------------------------------------------------------------------
[2026-01-30 05:13:23,199:main.py#L172:INFO]: [Workload 363/526] Successfully completed tuning for: ssb_flat_tiny_123.wg with surrogate
[2026-01-30 05:13:23,199:main.py#L163:INFO]: ----------------------------------------------------------------------------------------------------
[2026-01-30 05:13:23,199:main.py#L164:INFO]: [Workload 364/526] Starting tuning for: ssb_flat_tiny_124.wg with surrogate
[2026-01-30 05:13:23,199:main.py#L167:INFO]: ----------------------------------------------------------------------------------------------------
[2026-01-30 05:17:48,851:main.py#L172:INFO]: [Workload 364/526] Successfully completed tuning for: ssb_flat_tiny_124.wg with surrogate
[2026-01-30 05:17:48,852:main.py#L163:INFO]: ----------------------------------------------------------------------------------------------------
[2026-01-30 05:17:48,852:main.py#L164:INFO]: [Workload 365/526] Starting tuning for: ssb_flat_tiny_125.wg with surrogate
[2026-01-30 05:17:48,852:main.py#L167:INFO]: ----------------------------------------------------------------------------------------------------
[2026-01-30 05:22:03,494:main.py#L172:INFO]: [Workload 365/526] Successfully completed tuning for: ssb_flat_tiny_125.wg with surrogate
[2026-01-30 05:22:03,494:main.py#L163:INFO]: ----------------------------------------------------------------------------------------------------
[2026-01-30 05:22:03,494:main.py#L164:INFO]: [Workload 366/526] Starting tuning for: ssb_flat_tiny_126.wg with surrogate
[2026-01-30 05:22:03,494:main.py#L167:INFO]: ----------------------------------------------------------------------------------------------------
[2026-01-30 05:26:24,379:main.py#L172:INFO]: [Workload 366/526] Successfully completed tuning for: ssb_flat_tiny_126.wg with surrogate
[2026-01-30 05:26:24,379:main.py#L163:INFO]: ----------------------------------------------------------------------------------------------------
[2026-01-30 05:26:24,379:main.py#L164:INFO]: [Workload 367/526] Starting tuning for: ssb_flat_tiny_127.wg with surrogate
[2026-01-30 05:26:24,379:main.py#L167:INFO]: ----------------------------------------------------------------------------------------------------
[2026-01-30 05:30:40,225:main.py#L172:INFO]: [Workload 367/526] Successfully completed tuning for: ssb_flat_tiny_127.wg with surrogate
[2026-01-30 05:30:40,225:main.py#L163:INFO]: ----------------------------------------------------------------------------------------------------
[2026-01-30 05:30:40,225:main.py#L164:INFO]: [Workload 368/526] Starting tuning for: ssb_flat_tiny_128.wg with surrogate
[2026-01-30 05:30:40,226:main.py#L167:INFO]: ----------------------------------------------------------------------------------------------------
[2026-01-30 05:35:00,987:main.py#L172:INFO]: [Workload 368/526] Successfully completed tuning for: ssb_flat_tiny_128.wg with surrogate
[2026-01-30 05:35:00,987:main.py#L163:INFO]: ----------------------------------------------------------------------------------------------------
[2026-01-30 05:35:00,988:main.py#L164:INFO]: [Workload 369/526] Starting tuning for: ssb_flat_tiny_129.wg with surrogate
[2026-01-30 05:35:00,988:main.py#L167:INFO]: ----------------------------------------------------------------------------------------------------
[2026-01-30 05:39:17,439:main.py#L172:INFO]: [Workload 369/526] Successfully completed tuning for: ssb_flat_tiny_129.wg with surrogate
[2026-01-30 05:39:17,439:main.py#L163:INFO]: ----------------------------------------------------------------------------------------------------
[2026-01-30 05:39:17,439:main.py#L164:INFO]: [Workload 370/526] Starting tuning for: ssb_flat_tiny_130.wg with surrogate
[2026-01-30 05:39:17,440:main.py#L167:INFO]: ----------------------------------------------------------------------------------------------------
[2026-01-30 05:43:31,299:main.py#L172:INFO]: [Workload 370/526] Successfully completed tuning for: ssb_flat_tiny_130.wg with surrogate
[2026-01-30 05:43:31,299:main.py#L163:INFO]: ----------------------------------------------------------------------------------------------------
[2026-01-30 05:43:31,299:main.py#L164:INFO]: [Workload 371/526] Starting tuning for: ssb_flat_tiny_131.wg with surrogate
[2026-01-30 05:43:31,300:main.py#L167:INFO]: ----------------------------------------------------------------------------------------------------
[2026-01-30 05:47:50,354:main.py#L172:INFO]: [Workload 371/526] Successfully completed tuning for: ssb_flat_tiny_131.wg with surrogate
[2026-01-30 05:47:50,355:main.py#L163:INFO]: ----------------------------------------------------------------------------------------------------
[2026-01-30 05:47:50,355:main.py#L164:INFO]: [Workload 372/526] Starting tuning for: ssb_flat_tiny_132.wg with surrogate
[2026-01-30 05:47:50,355:main.py#L167:INFO]: ----------------------------------------------------------------------------------------------------
[2026-01-30 05:52:10,024:main.py#L172:INFO]: [Workload 372/526] Successfully completed tuning for: ssb_flat_tiny_132.wg with surrogate
[2026-01-30 05:52:10,024:main.py#L163:INFO]: ----------------------------------------------------------------------------------------------------
[2026-01-30 05:52:10,025:main.py#L164:INFO]: [Workload 373/526] Starting tuning for: ssb_flat_tiny_133.wg with surrogate
[2026-01-30 05:52:10,025:main.py#L167:INFO]: ----------------------------------------------------------------------------------------------------
[2026-01-30 05:56:37,167:main.py#L172:INFO]: [Workload 373/526] Successfully completed tuning for: ssb_flat_tiny_133.wg with surrogate
[2026-01-30 05:56:37,167:main.py#L163:INFO]: ----------------------------------------------------------------------------------------------------
[2026-01-30 05:56:37,167:main.py#L164:INFO]: [Workload 374/526] Starting tuning for: ssb_flat_tiny_134.wg with surrogate
[2026-01-30 05:56:37,167:main.py#L167:INFO]: ----------------------------------------------------------------------------------------------------
[2026-01-30 06:00:50,894:main.py#L172:INFO]: [Workload 374/526] Successfully completed tuning for: ssb_flat_tiny_134.wg with surrogate
[2026-01-30 06:00:50,894:main.py#L163:INFO]: ----------------------------------------------------------------------------------------------------
[2026-01-30 06:00:50,894:main.py#L164:INFO]: [Workload 375/526] Starting tuning for: ssb_flat_tiny_135.wg with surrogate
[2026-01-30 06:00:50,894:main.py#L167:INFO]: ----------------------------------------------------------------------------------------------------
[2026-01-30 06:05:08,427:main.py#L172:INFO]: [Workload 375/526] Successfully completed tuning for: ssb_flat_tiny_135.wg with surrogate
[2026-01-30 06:05:08,427:main.py#L163:INFO]: ----------------------------------------------------------------------------------------------------
[2026-01-30 06:05:08,427:main.py#L164:INFO]: [Workload 376/526] Starting tuning for: ssb_flat_tiny_136.wg with surrogate
[2026-01-30 06:05:08,427:main.py#L167:INFO]: ----------------------------------------------------------------------------------------------------
[2026-01-30 06:09:23,202:main.py#L172:INFO]: [Workload 376/526] Successfully completed tuning for: ssb_flat_tiny_136.wg with surrogate
[2026-01-30 06:09:23,202:main.py#L163:INFO]: ----------------------------------------------------------------------------------------------------
[2026-01-30 06:09:23,202:main.py#L164:INFO]: [Workload 377/526] Starting tuning for: ssb_flat_tiny_137.wg with surrogate
[2026-01-30 06:09:23,202:main.py#L167:INFO]: ----------------------------------------------------------------------------------------------------
[2026-01-30 06:13:39,161:main.py#L172:INFO]: [Workload 377/526] Successfully completed tuning for: ssb_flat_tiny_137.wg with surrogate
[2026-01-30 06:13:39,161:main.py#L163:INFO]: ----------------------------------------------------------------------------------------------------
[2026-01-30 06:13:39,161:main.py#L164:INFO]: [Workload 378/526] Starting tuning for: ssb_flat_tiny_138.wg with surrogate
[2026-01-30 06:13:39,161:main.py#L167:INFO]: ----------------------------------------------------------------------------------------------------
[2026-01-30 06:17:56,773:main.py#L172:INFO]: [Workload 378/526] Successfully completed tuning for: ssb_flat_tiny_138.wg with surrogate
[2026-01-30 06:17:56,774:main.py#L163:INFO]: ----------------------------------------------------------------------------------------------------
[2026-01-30 06:17:56,774:main.py#L164:INFO]: [Workload 379/526] Starting tuning for: ssb_flat_tiny_139.wg with surrogate
[2026-01-30 06:17:56,774:main.py#L167:INFO]: ----------------------------------------------------------------------------------------------------
[2026-01-30 06:22:18,211:main.py#L172:INFO]: [Workload 379/526] Successfully completed tuning for: ssb_flat_tiny_139.wg with surrogate
[2026-01-30 06:22:18,211:main.py#L163:INFO]: ----------------------------------------------------------------------------------------------------
[2026-01-30 06:22:18,211:main.py#L164:INFO]: [Workload 380/526] Starting tuning for: ssb_flat_tiny_140.wg with surrogate
[2026-01-30 06:22:18,211:main.py#L167:INFO]: ----------------------------------------------------------------------------------------------------
[2026-01-30 06:26:46,320:main.py#L172:INFO]: [Workload 380/526] Successfully completed tuning for: ssb_flat_tiny_140.wg with surrogate
[2026-01-30 06:26:46,321:main.py#L163:INFO]: ----------------------------------------------------------------------------------------------------
[2026-01-30 06:26:46,321:main.py#L164:INFO]: [Workload 381/526] Starting tuning for: ssb_flat_tiny_141.wg with surrogate
[2026-01-30 06:26:46,321:main.py#L167:INFO]: ----------------------------------------------------------------------------------------------------
[2026-01-30 06:31:13,074:main.py#L172:INFO]: [Workload 381/526] Successfully completed tuning for: ssb_flat_tiny_141.wg with surrogate
[2026-01-30 06:31:13,074:main.py#L163:INFO]: ----------------------------------------------------------------------------------------------------
[2026-01-30 06:31:13,074:main.py#L164:INFO]: [Workload 382/526] Starting tuning for: ssb_flat_tiny_142.wg with surrogate
[2026-01-30 06:31:13,074:main.py#L167:INFO]: ----------------------------------------------------------------------------------------------------
[2026-01-30 06:35:38,940:main.py#L172:INFO]: [Workload 382/526] Successfully completed tuning for: ssb_flat_tiny_142.wg with surrogate
[2026-01-30 06:35:38,940:main.py#L163:INFO]: ----------------------------------------------------------------------------------------------------
[2026-01-30 06:35:38,940:main.py#L164:INFO]: [Workload 383/526] Starting tuning for: ssb_flat_tiny_143.wg with surrogate
[2026-01-30 06:35:38,940:main.py#L167:INFO]: ----------------------------------------------------------------------------------------------------
[2026-01-30 06:40:03,884:main.py#L172:INFO]: [Workload 383/526] Successfully completed tuning for: ssb_flat_tiny_143.wg with surrogate
[2026-01-30 06:40:03,884:main.py#L163:INFO]: ----------------------------------------------------------------------------------------------------
[2026-01-30 06:40:03,884:main.py#L164:INFO]: [Workload 384/526] Starting tuning for: ssb_flat_tiny_144.wg with surrogate
[2026-01-30 06:40:03,884:main.py#L167:INFO]: ----------------------------------------------------------------------------------------------------
[2026-01-30 06:44:26,424:main.py#L172:INFO]: [Workload 384/526] Successfully completed tuning for: ssb_flat_tiny_144.wg with surrogate
[2026-01-30 06:44:26,424:main.py#L163:INFO]: ----------------------------------------------------------------------------------------------------
[2026-01-30 06:44:26,424:main.py#L164:INFO]: [Workload 385/526] Starting tuning for: ssb_flat_tiny_145.wg with surrogate
[2026-01-30 06:44:26,424:main.py#L167:INFO]: ----------------------------------------------------------------------------------------------------
[2026-01-30 06:48:42,588:main.py#L172:INFO]: [Workload 385/526] Successfully completed tuning for: ssb_flat_tiny_145.wg with surrogate
[2026-01-30 06:48:42,588:main.py#L163:INFO]: ----------------------------------------------------------------------------------------------------
[2026-01-30 06:48:42,588:main.py#L164:INFO]: [Workload 386/526] Starting tuning for: ssb_flat_tiny_146.wg with surrogate
[2026-01-30 06:48:42,588:main.py#L167:INFO]: ----------------------------------------------------------------------------------------------------
[2026-01-30 06:53:03,744:main.py#L172:INFO]: [Workload 386/526] Successfully completed tuning for: ssb_flat_tiny_146.wg with surrogate
[2026-01-30 06:53:03,744:main.py#L163:INFO]: ----------------------------------------------------------------------------------------------------
[2026-01-30 06:53:03,744:main.py#L164:INFO]: [Workload 387/526] Starting tuning for: ssb_flat_tiny_147.wg with surrogate
[2026-01-30 06:53:03,744:main.py#L167:INFO]: ----------------------------------------------------------------------------------------------------
[2026-01-30 06:57:20,613:main.py#L172:INFO]: [Workload 387/526] Successfully completed tuning for: ssb_flat_tiny_147.wg with surrogate
[2026-01-30 06:57:20,613:main.py#L163:INFO]: ----------------------------------------------------------------------------------------------------
[2026-01-30 06:57:20,613:main.py#L164:INFO]: [Workload 388/526] Starting tuning for: ssb_flat_tiny_148.wg with surrogate
[2026-01-30 06:57:20,613:main.py#L167:INFO]: ----------------------------------------------------------------------------------------------------
[2026-01-30 07:01:37,406:main.py#L172:INFO]: [Workload 388/526] Successfully completed tuning for: ssb_flat_tiny_148.wg with surrogate
[2026-01-30 07:01:37,406:main.py#L163:INFO]: ----------------------------------------------------------------------------------------------------
[2026-01-30 07:01:37,406:main.py#L164:INFO]: [Workload 389/526] Starting tuning for: ssb_flat_tiny_149.wg with surrogate
[2026-01-30 07:01:37,406:main.py#L167:INFO]: ----------------------------------------------------------------------------------------------------
[2026-01-30 07:05:51,591:main.py#L172:INFO]: [Workload 389/526] Successfully completed tuning for: ssb_flat_tiny_149.wg with surrogate
[2026-01-30 07:05:51,591:main.py#L163:INFO]: ----------------------------------------------------------------------------------------------------
[2026-01-30 07:05:51,591:main.py#L164:INFO]: [Workload 390/526] Starting tuning for: ssb_flat_tiny_150.wg with surrogate
[2026-01-30 07:05:51,591:main.py#L167:INFO]: ----------------------------------------------------------------------------------------------------
[2026-01-30 07:10:12,948:main.py#L172:INFO]: [Workload 390/526] Successfully completed tuning for: ssb_flat_tiny_150.wg with surrogate
[2026-01-30 07:10:12,948:main.py#L163:INFO]: ----------------------------------------------------------------------------------------------------
[2026-01-30 07:10:12,948:main.py#L164:INFO]: [Workload 391/526] Starting tuning for: ssb_flat_tiny_151.wg with surrogate
[2026-01-30 07:10:12,948:main.py#L167:INFO]: ----------------------------------------------------------------------------------------------------
[2026-01-30 07:14:31,202:main.py#L172:INFO]: [Workload 391/526] Successfully completed tuning for: ssb_flat_tiny_151.wg with surrogate
[2026-01-30 07:14:31,202:main.py#L163:INFO]: ----------------------------------------------------------------------------------------------------
[2026-01-30 07:14:31,202:main.py#L164:INFO]: [Workload 392/526] Starting tuning for: ssb_flat_tiny_152.wg with surrogate
[2026-01-30 07:14:31,202:main.py#L167:INFO]: ----------------------------------------------------------------------------------------------------
[2026-01-30 07:18:50,297:main.py#L172:INFO]: [Workload 392/526] Successfully completed tuning for: ssb_flat_tiny_152.wg with surrogate
[2026-01-30 07:18:50,297:main.py#L163:INFO]: ----------------------------------------------------------------------------------------------------
[2026-01-30 07:18:50,297:main.py#L164:INFO]: [Workload 393/526] Starting tuning for: ssb_flat_tiny_153.wg with surrogate
[2026-01-30 07:18:50,297:main.py#L167:INFO]: ----------------------------------------------------------------------------------------------------
[2026-01-30 07:22:58,982:main.py#L172:INFO]: [Workload 393/526] Successfully completed tuning for: ssb_flat_tiny_153.wg with surrogate
[2026-01-30 07:22:58,982:main.py#L163:INFO]: ----------------------------------------------------------------------------------------------------
[2026-01-30 07:22:58,982:main.py#L164:INFO]: [Workload 394/526] Starting tuning for: ssb_flat_tiny_154.wg with surrogate
[2026-01-30 07:22:58,982:main.py#L167:INFO]: ----------------------------------------------------------------------------------------------------
[2026-01-30 07:27:13,934:main.py#L172:INFO]: [Workload 394/526] Successfully completed tuning for: ssb_flat_tiny_154.wg with surrogate
[2026-01-30 07:27:13,934:main.py#L163:INFO]: ----------------------------------------------------------------------------------------------------
[2026-01-30 07:27:13,934:main.py#L164:INFO]: [Workload 395/526] Starting tuning for: ssb_flat_tiny_155.wg with surrogate
[2026-01-30 07:27:13,934:main.py#L167:INFO]: ----------------------------------------------------------------------------------------------------
[2026-01-30 07:31:32,578:main.py#L172:INFO]: [Workload 395/526] Successfully completed tuning for: ssb_flat_tiny_155.wg with surrogate
[2026-01-30 07:31:32,579:main.py#L163:INFO]: ----------------------------------------------------------------------------------------------------
[2026-01-30 07:31:32,579:main.py#L164:INFO]: [Workload 396/526] Starting tuning for: ssb_flat_tiny_156.wg with surrogate
[2026-01-30 07:31:32,579:main.py#L167:INFO]: ----------------------------------------------------------------------------------------------------
[2026-01-30 07:35:44,417:main.py#L172:INFO]: [Workload 396/526] Successfully completed tuning for: ssb_flat_tiny_156.wg with surrogate
[2026-01-30 07:35:44,417:main.py#L163:INFO]: ----------------------------------------------------------------------------------------------------
[2026-01-30 07:35:44,418:main.py#L164:INFO]: [Workload 397/526] Starting tuning for: ssb_flat_tiny_157.wg with surrogate
[2026-01-30 07:35:44,418:main.py#L167:INFO]: ----------------------------------------------------------------------------------------------------
[2026-01-30 07:40:01,407:main.py#L172:INFO]: [Workload 397/526] Successfully completed tuning for: ssb_flat_tiny_157.wg with surrogate
[2026-01-30 07:40:01,408:main.py#L163:INFO]: ----------------------------------------------------------------------------------------------------
[2026-01-30 07:40:01,408:main.py#L164:INFO]: [Workload 398/526] Starting tuning for: ssb_flat_tiny_158.wg with surrogate
[2026-01-30 07:40:01,408:main.py#L167:INFO]: ----------------------------------------------------------------------------------------------------
[2026-01-30 07:44:22,138:main.py#L172:INFO]: [Workload 398/526] Successfully completed tuning for: ssb_flat_tiny_158.wg with surrogate
[2026-01-30 07:44:22,138:main.py#L163:INFO]: ----------------------------------------------------------------------------------------------------
[2026-01-30 07:44:22,138:main.py#L164:INFO]: [Workload 399/526] Starting tuning for: ssb_flat_tiny_159.wg with surrogate
[2026-01-30 07:44:22,138:main.py#L167:INFO]: ----------------------------------------------------------------------------------------------------
[2026-01-30 07:48:36,352:main.py#L172:INFO]: [Workload 399/526] Successfully completed tuning for: ssb_flat_tiny_159.wg with surrogate
[2026-01-30 07:48:36,353:main.py#L163:INFO]: ----------------------------------------------------------------------------------------------------
[2026-01-30 07:48:36,353:main.py#L164:INFO]: [Workload 400/526] Starting tuning for: ssb_flat_tiny_160.wg with surrogate
[2026-01-30 07:48:36,353:main.py#L167:INFO]: ----------------------------------------------------------------------------------------------------
[2026-01-30 07:52:51,782:main.py#L172:INFO]: [Workload 400/526] Successfully completed tuning for: ssb_flat_tiny_160.wg with surrogate
[2026-01-30 07:52:51,783:main.py#L163:INFO]: ----------------------------------------------------------------------------------------------------
[2026-01-30 07:52:51,783:main.py#L164:INFO]: [Workload 401/526] Starting tuning for: ssb_flat_tiny_161.wg with surrogate
[2026-01-30 07:52:51,783:main.py#L167:INFO]: ----------------------------------------------------------------------------------------------------
[2026-01-30 07:57:16,209:main.py#L172:INFO]: [Workload 401/526] Successfully completed tuning for: ssb_flat_tiny_161.wg with surrogate
[2026-01-30 07:57:16,209:main.py#L163:INFO]: ----------------------------------------------------------------------------------------------------
[2026-01-30 07:57:16,209:main.py#L164:INFO]: [Workload 402/526] Starting tuning for: ssb_flat_tiny_162.wg with surrogate
[2026-01-30 07:57:16,209:main.py#L167:INFO]: ----------------------------------------------------------------------------------------------------
[2026-01-30 08:01:31,867:main.py#L172:INFO]: [Workload 402/526] Successfully completed tuning for: ssb_flat_tiny_162.wg with surrogate
[2026-01-30 08:01:31,867:main.py#L163:INFO]: ----------------------------------------------------------------------------------------------------
[2026-01-30 08:01:31,868:main.py#L164:INFO]: [Workload 403/526] Starting tuning for: ssb_flat_tiny_163.wg with surrogate
[2026-01-30 08:01:31,868:main.py#L167:INFO]: ----------------------------------------------------------------------------------------------------
[2026-01-30 08:05:48,373:main.py#L172:INFO]: [Workload 403/526] Successfully completed tuning for: ssb_flat_tiny_163.wg with surrogate
[2026-01-30 08:05:48,373:main.py#L163:INFO]: ----------------------------------------------------------------------------------------------------
[2026-01-30 08:05:48,373:main.py#L164:INFO]: [Workload 404/526] Starting tuning for: ssb_flat_tiny_164.wg with surrogate
[2026-01-30 08:05:48,374:main.py#L167:INFO]: ----------------------------------------------------------------------------------------------------
[2026-01-30 08:10:14,661:main.py#L172:INFO]: [Workload 404/526] Successfully completed tuning for: ssb_flat_tiny_164.wg with surrogate
[2026-01-30 08:10:14,662:main.py#L163:INFO]: ----------------------------------------------------------------------------------------------------
[2026-01-30 08:10:14,662:main.py#L164:INFO]: [Workload 405/526] Starting tuning for: ssb_flat_tiny_165.wg with surrogate
[2026-01-30 08:10:14,662:main.py#L167:INFO]: ----------------------------------------------------------------------------------------------------
[2026-01-30 08:14:29,999:main.py#L172:INFO]: [Workload 405/526] Successfully completed tuning for: ssb_flat_tiny_165.wg with surrogate
[2026-01-30 08:14:29,999:main.py#L163:INFO]: ----------------------------------------------------------------------------------------------------
[2026-01-30 08:14:29,999:main.py#L164:INFO]: [Workload 406/526] Starting tuning for: ssb_flat_tiny_166.wg with surrogate
[2026-01-30 08:14:29,999:main.py#L167:INFO]: ----------------------------------------------------------------------------------------------------
[2026-01-30 08:18:41,162:main.py#L172:INFO]: [Workload 406/526] Successfully completed tuning for: ssb_flat_tiny_166.wg with surrogate
[2026-01-30 08:18:41,162:main.py#L163:INFO]: ----------------------------------------------------------------------------------------------------
[2026-01-30 08:18:41,163:main.py#L164:INFO]: [Workload 407/526] Starting tuning for: ssb_flat_tiny_167.wg with surrogate
[2026-01-30 08:18:41,163:main.py#L167:INFO]: ----------------------------------------------------------------------------------------------------
[2026-01-30 08:23:04,106:main.py#L172:INFO]: [Workload 407/526] Successfully completed tuning for: ssb_flat_tiny_167.wg with surrogate
[2026-01-30 08:23:04,106:main.py#L163:INFO]: ----------------------------------------------------------------------------------------------------
[2026-01-30 08:23:04,106:main.py#L164:INFO]: [Workload 408/526] Starting tuning for: ssb_flat_tiny_168.wg with surrogate
[2026-01-30 08:23:04,106:main.py#L167:INFO]: ----------------------------------------------------------------------------------------------------
[2026-01-30 08:27:27,305:main.py#L172:INFO]: [Workload 408/526] Successfully completed tuning for: ssb_flat_tiny_168.wg with surrogate
[2026-01-30 08:27:27,306:main.py#L163:INFO]: ----------------------------------------------------------------------------------------------------
[2026-01-30 08:27:27,306:main.py#L164:INFO]: [Workload 409/526] Starting tuning for: ssb_flat_tiny_169.wg with surrogate
[2026-01-30 08:27:27,306:main.py#L167:INFO]: ----------------------------------------------------------------------------------------------------
[2026-01-30 08:31:48,936:main.py#L172:INFO]: [Workload 409/526] Successfully completed tuning for: ssb_flat_tiny_169.wg with surrogate
[2026-01-30 08:31:48,936:main.py#L163:INFO]: ----------------------------------------------------------------------------------------------------
[2026-01-30 08:31:48,936:main.py#L164:INFO]: [Workload 410/526] Starting tuning for: ssb_flat_tiny_170.wg with surrogate
[2026-01-30 08:31:48,936:main.py#L167:INFO]: ----------------------------------------------------------------------------------------------------
[2026-01-30 08:36:10,893:main.py#L172:INFO]: [Workload 410/526] Successfully completed tuning for: ssb_flat_tiny_170.wg with surrogate
[2026-01-30 08:36:10,893:main.py#L163:INFO]: ----------------------------------------------------------------------------------------------------
[2026-01-30 08:36:10,893:main.py#L164:INFO]: [Workload 411/526] Starting tuning for: ssb_flat_tiny_171.wg with surrogate
[2026-01-30 08:36:10,893:main.py#L167:INFO]: ----------------------------------------------------------------------------------------------------
[2026-01-30 08:40:32,185:main.py#L172:INFO]: [Workload 411/526] Successfully completed tuning for: ssb_flat_tiny_171.wg with surrogate
[2026-01-30 08:40:32,185:main.py#L163:INFO]: ----------------------------------------------------------------------------------------------------
[2026-01-30 08:40:32,185:main.py#L164:INFO]: [Workload 412/526] Starting tuning for: ssb_flat_tiny_172.wg with surrogate
[2026-01-30 08:40:32,185:main.py#L167:INFO]: ----------------------------------------------------------------------------------------------------
[2026-01-30 08:44:50,660:main.py#L172:INFO]: [Workload 412/526] Successfully completed tuning for: ssb_flat_tiny_172.wg with surrogate
[2026-01-30 08:44:50,661:main.py#L163:INFO]: ----------------------------------------------------------------------------------------------------
[2026-01-30 08:44:50,661:main.py#L164:INFO]: [Workload 413/526] Starting tuning for: ssb_flat_tiny_173.wg with surrogate
[2026-01-30 08:44:50,661:main.py#L167:INFO]: ----------------------------------------------------------------------------------------------------
[2026-01-30 08:49:02,953:main.py#L172:INFO]: [Workload 413/526] Successfully completed tuning for: ssb_flat_tiny_173.wg with surrogate
[2026-01-30 08:49:02,953:main.py#L163:INFO]: ----------------------------------------------------------------------------------------------------
[2026-01-30 08:49:02,953:main.py#L164:INFO]: [Workload 414/526] Starting tuning for: ssb_flat_tiny_174.wg with surrogate
[2026-01-30 08:49:02,953:main.py#L167:INFO]: ----------------------------------------------------------------------------------------------------
[2026-01-30 08:53:16,418:main.py#L172:INFO]: [Workload 414/526] Successfully completed tuning for: ssb_flat_tiny_174.wg with surrogate
[2026-01-30 08:53:16,418:main.py#L163:INFO]: ----------------------------------------------------------------------------------------------------
[2026-01-30 08:53:16,418:main.py#L164:INFO]: [Workload 415/526] Starting tuning for: ssb_flat_tiny_175.wg with surrogate
[2026-01-30 08:53:16,418:main.py#L167:INFO]: ----------------------------------------------------------------------------------------------------
[2026-01-30 08:57:24,707:main.py#L172:INFO]: [Workload 415/526] Successfully completed tuning for: ssb_flat_tiny_175.wg with surrogate
[2026-01-30 08:57:24,707:main.py#L163:INFO]: ----------------------------------------------------------------------------------------------------
[2026-01-30 08:57:24,707:main.py#L164:INFO]: [Workload 416/526] Starting tuning for: ssb_flat_tiny_176.wg with surrogate
[2026-01-30 08:57:24,707:main.py#L167:INFO]: ----------------------------------------------------------------------------------------------------
[2026-01-30 09:01:51,280:main.py#L172:INFO]: [Workload 416/526] Successfully completed tuning for: ssb_flat_tiny_176.wg with surrogate
[2026-01-30 09:01:51,281:main.py#L163:INFO]: ----------------------------------------------------------------------------------------------------
[2026-01-30 09:01:51,281:main.py#L164:INFO]: [Workload 417/526] Starting tuning for: ssb_flat_tiny_177.wg with surrogate
[2026-01-30 09:01:51,281:main.py#L167:INFO]: ----------------------------------------------------------------------------------------------------
[2026-01-30 09:06:17,061:main.py#L172:INFO]: [Workload 417/526] Successfully completed tuning for: ssb_flat_tiny_177.wg with surrogate
[2026-01-30 09:06:17,061:main.py#L163:INFO]: ----------------------------------------------------------------------------------------------------
[2026-01-30 09:06:17,061:main.py#L164:INFO]: [Workload 418/526] Starting tuning for: ssb_flat_tiny_178.wg with surrogate
[2026-01-30 09:06:17,061:main.py#L167:INFO]: ----------------------------------------------------------------------------------------------------
[2026-01-30 09:10:36,511:main.py#L172:INFO]: [Workload 418/526] Successfully completed tuning for: ssb_flat_tiny_178.wg with surrogate
[2026-01-30 09:10:36,511:main.py#L163:INFO]: ----------------------------------------------------------------------------------------------------
[2026-01-30 09:10:36,511:main.py#L164:INFO]: [Workload 419/526] Starting tuning for: ssb_flat_tiny_179.wg with surrogate
[2026-01-30 09:10:36,512:main.py#L167:INFO]: ----------------------------------------------------------------------------------------------------
[2026-01-30 09:14:45,548:main.py#L172:INFO]: [Workload 419/526] Successfully completed tuning for: ssb_flat_tiny_179.wg with surrogate
[2026-01-30 09:14:45,549:main.py#L163:INFO]: ----------------------------------------------------------------------------------------------------
[2026-01-30 09:14:45,549:main.py#L164:INFO]: [Workload 420/526] Starting tuning for: ssb_flat_tiny_180.wg with surrogate
[2026-01-30 09:14:45,549:main.py#L167:INFO]: ----------------------------------------------------------------------------------------------------
[2026-01-30 09:19:05,944:main.py#L172:INFO]: [Workload 420/526] Successfully completed tuning for: ssb_flat_tiny_180.wg with surrogate
[2026-01-30 09:19:05,944:main.py#L163:INFO]: ----------------------------------------------------------------------------------------------------
[2026-01-30 09:19:05,944:main.py#L164:INFO]: [Workload 421/526] Starting tuning for: ssb_flat_tiny_181.wg with surrogate
[2026-01-30 09:19:05,944:main.py#L167:INFO]: ----------------------------------------------------------------------------------------------------
[2026-01-30 09:23:25,005:main.py#L172:INFO]: [Workload 421/526] Successfully completed tuning for: ssb_flat_tiny_181.wg with surrogate
[2026-01-30 09:23:25,005:main.py#L163:INFO]: ----------------------------------------------------------------------------------------------------
[2026-01-30 09:23:25,005:main.py#L164:INFO]: [Workload 422/526] Starting tuning for: ssb_flat_tiny_182.wg with surrogate
[2026-01-30 09:23:25,005:main.py#L167:INFO]: ----------------------------------------------------------------------------------------------------
[2026-01-30 09:27:40,385:main.py#L172:INFO]: [Workload 422/526] Successfully completed tuning for: ssb_flat_tiny_182.wg with surrogate
[2026-01-30 09:27:40,385:main.py#L163:INFO]: ----------------------------------------------------------------------------------------------------
[2026-01-30 09:27:40,386:main.py#L164:INFO]: [Workload 423/526] Starting tuning for: ssb_flat_tiny_183.wg with surrogate
[2026-01-30 09:27:40,386:main.py#L167:INFO]: ----------------------------------------------------------------------------------------------------
[2026-01-30 09:31:54,528:main.py#L172:INFO]: [Workload 423/526] Successfully completed tuning for: ssb_flat_tiny_183.wg with surrogate
[2026-01-30 09:31:54,528:main.py#L163:INFO]: ----------------------------------------------------------------------------------------------------
[2026-01-30 09:31:54,528:main.py#L164:INFO]: [Workload 424/526] Starting tuning for: ssb_flat_tiny_184.wg with surrogate
[2026-01-30 09:31:54,528:main.py#L167:INFO]: ----------------------------------------------------------------------------------------------------
[2026-01-30 09:36:14,780:main.py#L172:INFO]: [Workload 424/526] Successfully completed tuning for: ssb_flat_tiny_184.wg with surrogate
[2026-01-30 09:36:14,780:main.py#L163:INFO]: ----------------------------------------------------------------------------------------------------
[2026-01-30 09:36:14,780:main.py#L164:INFO]: [Workload 425/526] Starting tuning for: ssb_flat_tiny_185.wg with surrogate
[2026-01-30 09:36:14,780:main.py#L167:INFO]: ----------------------------------------------------------------------------------------------------
[2026-01-30 09:40:24,807:main.py#L172:INFO]: [Workload 425/526] Successfully completed tuning for: ssb_flat_tiny_185.wg with surrogate
[2026-01-30 09:40:24,807:main.py#L163:INFO]: ----------------------------------------------------------------------------------------------------
[2026-01-30 09:40:24,807:main.py#L164:INFO]: [Workload 426/526] Starting tuning for: ssb_flat_tiny_186.wg with surrogate
[2026-01-30 09:40:24,807:main.py#L167:INFO]: ----------------------------------------------------------------------------------------------------
[2026-01-30 09:44:38,269:main.py#L172:INFO]: [Workload 426/526] Successfully completed tuning for: ssb_flat_tiny_186.wg with surrogate
[2026-01-30 09:44:38,269:main.py#L163:INFO]: ----------------------------------------------------------------------------------------------------
[2026-01-30 09:44:38,269:main.py#L164:INFO]: [Workload 427/526] Starting tuning for: ssb_flat_tiny_187.wg with surrogate
[2026-01-30 09:44:38,269:main.py#L167:INFO]: ----------------------------------------------------------------------------------------------------
[2026-01-30 09:49:00,368:main.py#L172:INFO]: [Workload 427/526] Successfully completed tuning for: ssb_flat_tiny_187.wg with surrogate
[2026-01-30 09:49:00,368:main.py#L163:INFO]: ----------------------------------------------------------------------------------------------------
[2026-01-30 09:49:00,368:main.py#L164:INFO]: [Workload 428/526] Starting tuning for: ssb_flat_tiny_188.wg with surrogate
[2026-01-30 09:49:00,368:main.py#L167:INFO]: ----------------------------------------------------------------------------------------------------
[2026-01-30 09:53:13,715:main.py#L172:INFO]: [Workload 428/526] Successfully completed tuning for: ssb_flat_tiny_188.wg with surrogate
[2026-01-30 09:53:13,715:main.py#L163:INFO]: ----------------------------------------------------------------------------------------------------
[2026-01-30 09:53:13,715:main.py#L164:INFO]: [Workload 429/526] Starting tuning for: ssb_flat_tiny_189.wg with surrogate
[2026-01-30 09:53:13,715:main.py#L167:INFO]: ----------------------------------------------------------------------------------------------------
[2026-01-30 09:57:30,770:main.py#L172:INFO]: [Workload 429/526] Successfully completed tuning for: ssb_flat_tiny_189.wg with surrogate
[2026-01-30 09:57:30,770:main.py#L163:INFO]: ----------------------------------------------------------------------------------------------------
[2026-01-30 09:57:30,770:main.py#L164:INFO]: [Workload 430/526] Starting tuning for: ssb_flat_tiny_190.wg with surrogate
[2026-01-30 09:57:30,771:main.py#L167:INFO]: ----------------------------------------------------------------------------------------------------
[2026-01-30 10:01:41,494:main.py#L172:INFO]: [Workload 430/526] Successfully completed tuning for: ssb_flat_tiny_190.wg with surrogate
[2026-01-30 10:01:41,494:main.py#L163:INFO]: ----------------------------------------------------------------------------------------------------
[2026-01-30 10:01:41,494:main.py#L164:INFO]: [Workload 431/526] Starting tuning for: ssb_flat_tiny_191.wg with surrogate
[2026-01-30 10:01:41,494:main.py#L167:INFO]: ----------------------------------------------------------------------------------------------------
[2026-01-30 10:05:51,943:main.py#L172:INFO]: [Workload 431/526] Successfully completed tuning for: ssb_flat_tiny_191.wg with surrogate
[2026-01-30 10:05:51,943:main.py#L163:INFO]: ----------------------------------------------------------------------------------------------------
[2026-01-30 10:05:51,943:main.py#L164:INFO]: [Workload 432/526] Starting tuning for: ssb_flat_tiny_192.wg with surrogate
[2026-01-30 10:05:51,943:main.py#L167:INFO]: ----------------------------------------------------------------------------------------------------
[2026-01-30 10:10:00,622:main.py#L172:INFO]: [Workload 432/526] Successfully completed tuning for: ssb_flat_tiny_192.wg with surrogate
[2026-01-30 10:10:00,622:main.py#L163:INFO]: ----------------------------------------------------------------------------------------------------
[2026-01-30 10:10:00,622:main.py#L164:INFO]: [Workload 433/526] Starting tuning for: ssb_flat_tiny_193.wg with surrogate
[2026-01-30 10:10:00,622:main.py#L167:INFO]: ----------------------------------------------------------------------------------------------------
[2026-01-30 10:14:20,213:main.py#L172:INFO]: [Workload 433/526] Successfully completed tuning for: ssb_flat_tiny_193.wg with surrogate
[2026-01-30 10:14:20,213:main.py#L163:INFO]: ----------------------------------------------------------------------------------------------------
[2026-01-30 10:14:20,213:main.py#L164:INFO]: [Workload 434/526] Starting tuning for: ssb_flat_tiny_194.wg with surrogate
[2026-01-30 10:14:20,213:main.py#L167:INFO]: ----------------------------------------------------------------------------------------------------
[2026-01-30 10:18:22,142:main.py#L172:INFO]: [Workload 434/526] Successfully completed tuning for: ssb_flat_tiny_194.wg with surrogate
[2026-01-30 10:18:22,142:main.py#L163:INFO]: ----------------------------------------------------------------------------------------------------
[2026-01-30 10:18:22,142:main.py#L164:INFO]: [Workload 435/526] Starting tuning for: ssb_flat_tiny_195.wg with surrogate
[2026-01-30 10:18:22,142:main.py#L167:INFO]: ----------------------------------------------------------------------------------------------------
[2026-01-30 10:22:26,929:main.py#L172:INFO]: [Workload 435/526] Successfully completed tuning for: ssb_flat_tiny_195.wg with surrogate
[2026-01-30 10:22:26,929:main.py#L163:INFO]: ----------------------------------------------------------------------------------------------------
[2026-01-30 10:22:26,929:main.py#L164:INFO]: [Workload 436/526] Starting tuning for: ssb_flat_tiny_196.wg with surrogate
[2026-01-30 10:22:26,929:main.py#L167:INFO]: ----------------------------------------------------------------------------------------------------
[2026-01-30 10:26:31,799:main.py#L172:INFO]: [Workload 436/526] Successfully completed tuning for: ssb_flat_tiny_196.wg with surrogate
[2026-01-30 10:26:31,799:main.py#L163:INFO]: ----------------------------------------------------------------------------------------------------
[2026-01-30 10:26:31,799:main.py#L164:INFO]: [Workload 437/526] Starting tuning for: ssb_flat_tiny_197.wg with surrogate
[2026-01-30 10:26:31,799:main.py#L167:INFO]: ----------------------------------------------------------------------------------------------------
[2026-01-30 10:30:31,433:main.py#L172:INFO]: [Workload 437/526] Successfully completed tuning for: ssb_flat_tiny_197.wg with surrogate
[2026-01-30 10:30:31,433:main.py#L163:INFO]: ----------------------------------------------------------------------------------------------------
[2026-01-30 10:30:31,434:main.py#L164:INFO]: [Workload 438/526] Starting tuning for: ssb_flat_tiny_198.wg with surrogate
[2026-01-30 10:30:31,434:main.py#L167:INFO]: ----------------------------------------------------------------------------------------------------
[2026-01-30 10:34:35,052:main.py#L172:INFO]: [Workload 438/526] Successfully completed tuning for: ssb_flat_tiny_198.wg with surrogate
[2026-01-30 10:34:35,052:main.py#L163:INFO]: ----------------------------------------------------------------------------------------------------
[2026-01-30 10:34:35,052:main.py#L164:INFO]: [Workload 439/526] Starting tuning for: ssb_flat_tiny_199.wg with surrogate
[2026-01-30 10:34:35,052:main.py#L167:INFO]: ----------------------------------------------------------------------------------------------------
[2026-01-30 10:38:34,795:main.py#L172:INFO]: [Workload 439/526] Successfully completed tuning for: ssb_flat_tiny_199.wg with surrogate
[2026-01-30 10:38:34,796:main.py#L163:INFO]: ----------------------------------------------------------------------------------------------------
[2026-01-30 10:38:34,796:main.py#L164:INFO]: [Workload 440/526] Starting tuning for: ssb_flat_tiny_200.wg with surrogate
[2026-01-30 10:38:34,796:main.py#L167:INFO]: ----------------------------------------------------------------------------------------------------
[2026-01-30 10:42:31,081:main.py#L172:INFO]: [Workload 440/526] Successfully completed tuning for: ssb_flat_tiny_200.wg with surrogate
[2026-01-30 10:42:31,081:main.py#L163:INFO]: ----------------------------------------------------------------------------------------------------
[2026-01-30 10:42:31,082:main.py#L164:INFO]: [Workload 441/526] Starting tuning for: ssb_flat_tiny_201.wg with surrogate
[2026-01-30 10:42:31,082:main.py#L167:INFO]: ----------------------------------------------------------------------------------------------------
[2026-01-30 10:46:30,658:main.py#L172:INFO]: [Workload 441/526] Successfully completed tuning for: ssb_flat_tiny_201.wg with surrogate
[2026-01-30 10:46:30,659:main.py#L163:INFO]: ----------------------------------------------------------------------------------------------------
[2026-01-30 10:46:30,659:main.py#L164:INFO]: [Workload 442/526] Starting tuning for: ssb_flat_tiny_202.wg with surrogate
[2026-01-30 10:46:30,659:main.py#L167:INFO]: ----------------------------------------------------------------------------------------------------
[2026-01-30 10:50:37,156:main.py#L172:INFO]: [Workload 442/526] Successfully completed tuning for: ssb_flat_tiny_202.wg with surrogate
[2026-01-30 10:50:37,157:main.py#L163:INFO]: ----------------------------------------------------------------------------------------------------
[2026-01-30 10:50:37,157:main.py#L164:INFO]: [Workload 443/526] Starting tuning for: ssb_flat_tiny_203.wg with surrogate
[2026-01-30 10:50:37,157:main.py#L167:INFO]: ----------------------------------------------------------------------------------------------------
[2026-01-30 10:54:36,792:main.py#L172:INFO]: [Workload 443/526] Successfully completed tuning for: ssb_flat_tiny_203.wg with surrogate
[2026-01-30 10:54:36,792:main.py#L163:INFO]: ----------------------------------------------------------------------------------------------------
[2026-01-30 10:54:36,793:main.py#L164:INFO]: [Workload 444/526] Starting tuning for: ssb_flat_tiny_204.wg with surrogate
[2026-01-30 10:54:36,793:main.py#L167:INFO]: ----------------------------------------------------------------------------------------------------
[2026-01-30 10:58:33,177:main.py#L172:INFO]: [Workload 444/526] Successfully completed tuning for: ssb_flat_tiny_204.wg with surrogate
[2026-01-30 10:58:33,177:main.py#L163:INFO]: ----------------------------------------------------------------------------------------------------
[2026-01-30 10:58:33,177:main.py#L164:INFO]: [Workload 445/526] Starting tuning for: ssb_flat_tiny_205.wg with surrogate
[2026-01-30 10:58:33,178:main.py#L167:INFO]: ----------------------------------------------------------------------------------------------------
[2026-01-30 11:02:38,912:main.py#L172:INFO]: [Workload 445/526] Successfully completed tuning for: ssb_flat_tiny_205.wg with surrogate
[2026-01-30 11:02:38,912:main.py#L163:INFO]: ----------------------------------------------------------------------------------------------------
[2026-01-30 11:02:38,912:main.py#L164:INFO]: [Workload 446/526] Starting tuning for: ssb_flat_tiny_206.wg with surrogate
[2026-01-30 11:02:38,913:main.py#L167:INFO]: ----------------------------------------------------------------------------------------------------
[2026-01-30 11:06:41,816:main.py#L172:INFO]: [Workload 446/526] Successfully completed tuning for: ssb_flat_tiny_206.wg with surrogate
[2026-01-30 11:06:41,817:main.py#L163:INFO]: ----------------------------------------------------------------------------------------------------
[2026-01-30 11:06:41,817:main.py#L164:INFO]: [Workload 447/526] Starting tuning for: ssb_flat_tiny_207.wg with surrogate
[2026-01-30 11:06:41,817:main.py#L167:INFO]: ----------------------------------------------------------------------------------------------------
[2026-01-30 11:10:45,676:main.py#L172:INFO]: [Workload 447/526] Successfully completed tuning for: ssb_flat_tiny_207.wg with surrogate
[2026-01-30 11:10:45,676:main.py#L163:INFO]: ----------------------------------------------------------------------------------------------------
[2026-01-30 11:10:45,676:main.py#L164:INFO]: [Workload 448/526] Starting tuning for: ssb_flat_tiny_208.wg with surrogate
[2026-01-30 11:10:45,676:main.py#L167:INFO]: ----------------------------------------------------------------------------------------------------
[2026-01-30 11:14:45,071:main.py#L172:INFO]: [Workload 448/526] Successfully completed tuning for: ssb_flat_tiny_208.wg with surrogate
[2026-01-30 11:14:45,071:main.py#L163:INFO]: ----------------------------------------------------------------------------------------------------
[2026-01-30 11:14:45,071:main.py#L164:INFO]: [Workload 449/526] Starting tuning for: ssb_flat_tiny_209.wg with surrogate
[2026-01-30 11:14:45,071:main.py#L167:INFO]: ----------------------------------------------------------------------------------------------------
[2026-01-30 11:18:41,459:main.py#L172:INFO]: [Workload 449/526] Successfully completed tuning for: ssb_flat_tiny_209.wg with surrogate
[2026-01-30 11:18:41,459:main.py#L163:INFO]: ----------------------------------------------------------------------------------------------------
[2026-01-30 11:18:41,459:main.py#L164:INFO]: [Workload 450/526] Starting tuning for: ssb_flat_tiny_210.wg with surrogate
[2026-01-30 11:18:41,459:main.py#L167:INFO]: ----------------------------------------------------------------------------------------------------
[2026-01-30 11:22:41,989:main.py#L172:INFO]: [Workload 450/526] Successfully completed tuning for: ssb_flat_tiny_210.wg with surrogate
[2026-01-30 11:22:41,989:main.py#L163:INFO]: ----------------------------------------------------------------------------------------------------
[2026-01-30 11:22:41,989:main.py#L164:INFO]: [Workload 451/526] Starting tuning for: ssb_flat_tiny_211.wg with surrogate
[2026-01-30 11:22:41,989:main.py#L167:INFO]: ----------------------------------------------------------------------------------------------------
[2026-01-30 11:26:44,024:main.py#L172:INFO]: [Workload 451/526] Successfully completed tuning for: ssb_flat_tiny_211.wg with surrogate
[2026-01-30 11:26:44,024:main.py#L163:INFO]: ----------------------------------------------------------------------------------------------------
[2026-01-30 11:26:44,024:main.py#L164:INFO]: [Workload 452/526] Starting tuning for: ssb_flat_tiny_212.wg with surrogate
[2026-01-30 11:26:44,024:main.py#L167:INFO]: ----------------------------------------------------------------------------------------------------
[2026-01-30 11:30:37,170:main.py#L172:INFO]: [Workload 452/526] Successfully completed tuning for: ssb_flat_tiny_212.wg with surrogate
[2026-01-30 11:30:37,170:main.py#L163:INFO]: ----------------------------------------------------------------------------------------------------
[2026-01-30 11:30:37,170:main.py#L164:INFO]: [Workload 453/526] Starting tuning for: ssb_flat_tiny_213.wg with surrogate
[2026-01-30 11:30:37,171:main.py#L167:INFO]: ----------------------------------------------------------------------------------------------------
[2026-01-30 11:34:33,773:main.py#L172:INFO]: [Workload 453/526] Successfully completed tuning for: ssb_flat_tiny_213.wg with surrogate
[2026-01-30 11:34:33,773:main.py#L163:INFO]: ----------------------------------------------------------------------------------------------------
[2026-01-30 11:34:33,773:main.py#L164:INFO]: [Workload 454/526] Starting tuning for: ssb_flat_tiny_214.wg with surrogate
[2026-01-30 11:34:33,773:main.py#L167:INFO]: ----------------------------------------------------------------------------------------------------
[2026-01-30 11:38:21,155:main.py#L172:INFO]: [Workload 454/526] Successfully completed tuning for: ssb_flat_tiny_214.wg with surrogate
[2026-01-30 11:38:21,155:main.py#L163:INFO]: ----------------------------------------------------------------------------------------------------
[2026-01-30 11:38:21,155:main.py#L164:INFO]: [Workload 455/526] Starting tuning for: ssb_flat_tiny_215.wg with surrogate
[2026-01-30 11:38:21,155:main.py#L167:INFO]: ----------------------------------------------------------------------------------------------------
[2026-01-30 11:42:24,370:main.py#L172:INFO]: [Workload 455/526] Successfully completed tuning for: ssb_flat_tiny_215.wg with surrogate
[2026-01-30 11:42:24,370:main.py#L163:INFO]: ----------------------------------------------------------------------------------------------------
[2026-01-30 11:42:24,370:main.py#L164:INFO]: [Workload 456/526] Starting tuning for: ssb_flat_tiny_216.wg with surrogate
[2026-01-30 11:42:24,370:main.py#L167:INFO]: ----------------------------------------------------------------------------------------------------
[2026-01-30 11:46:23,717:main.py#L172:INFO]: [Workload 456/526] Successfully completed tuning for: ssb_flat_tiny_216.wg with surrogate
[2026-01-30 11:46:23,717:main.py#L163:INFO]: ----------------------------------------------------------------------------------------------------
[2026-01-30 11:46:23,717:main.py#L164:INFO]: [Workload 457/526] Starting tuning for: ssb_flat_tiny_217.wg with surrogate
[2026-01-30 11:46:23,717:main.py#L167:INFO]: ----------------------------------------------------------------------------------------------------
[2026-01-30 11:50:13,564:main.py#L172:INFO]: [Workload 457/526] Successfully completed tuning for: ssb_flat_tiny_217.wg with surrogate
[2026-01-30 11:50:13,564:main.py#L163:INFO]: ----------------------------------------------------------------------------------------------------
[2026-01-30 11:50:13,564:main.py#L164:INFO]: [Workload 458/526] Starting tuning for: ssb_flat_tiny_218.wg with surrogate
[2026-01-30 11:50:13,564:main.py#L167:INFO]: ----------------------------------------------------------------------------------------------------
[2026-01-30 11:54:06,905:main.py#L172:INFO]: [Workload 458/526] Successfully completed tuning for: ssb_flat_tiny_218.wg with surrogate
[2026-01-30 11:54:06,905:main.py#L163:INFO]: ----------------------------------------------------------------------------------------------------
[2026-01-30 11:54:06,906:main.py#L164:INFO]: [Workload 459/526] Starting tuning for: ssb_flat_tiny_219.wg with surrogate
[2026-01-30 11:54:06,906:main.py#L167:INFO]: ----------------------------------------------------------------------------------------------------
[2026-01-30 11:58:03,575:main.py#L172:INFO]: [Workload 459/526] Successfully completed tuning for: ssb_flat_tiny_219.wg with surrogate
[2026-01-30 11:58:03,575:main.py#L163:INFO]: ----------------------------------------------------------------------------------------------------
[2026-01-30 11:58:03,575:main.py#L164:INFO]: [Workload 460/526] Starting tuning for: ssb_flat_tiny_220.wg with surrogate
[2026-01-30 11:58:03,575:main.py#L167:INFO]: ----------------------------------------------------------------------------------------------------
[2026-01-30 12:02:08,103:main.py#L172:INFO]: [Workload 460/526] Successfully completed tuning for: ssb_flat_tiny_220.wg with surrogate
[2026-01-30 12:02:08,103:main.py#L163:INFO]: ----------------------------------------------------------------------------------------------------
[2026-01-30 12:02:08,103:main.py#L164:INFO]: [Workload 461/526] Starting tuning for: ssb_flat_tiny_221.wg with surrogate
[2026-01-30 12:02:08,103:main.py#L167:INFO]: ----------------------------------------------------------------------------------------------------
[2026-01-30 12:05:59,617:main.py#L172:INFO]: [Workload 461/526] Successfully completed tuning for: ssb_flat_tiny_221.wg with surrogate
[2026-01-30 12:05:59,617:main.py#L163:INFO]: ----------------------------------------------------------------------------------------------------
[2026-01-30 12:05:59,617:main.py#L164:INFO]: [Workload 462/526] Starting tuning for: ssb_flat_tiny_222.wg with surrogate
[2026-01-30 12:05:59,617:main.py#L167:INFO]: ----------------------------------------------------------------------------------------------------
[2026-01-30 12:09:53,900:main.py#L172:INFO]: [Workload 462/526] Successfully completed tuning for: ssb_flat_tiny_222.wg with surrogate
[2026-01-30 12:09:53,900:main.py#L163:INFO]: ----------------------------------------------------------------------------------------------------
[2026-01-30 12:09:53,900:main.py#L164:INFO]: [Workload 463/526] Starting tuning for: ssb_flat_tiny_223.wg with surrogate
[2026-01-30 12:09:53,901:main.py#L167:INFO]: ----------------------------------------------------------------------------------------------------
[2026-01-30 12:14:00,624:main.py#L172:INFO]: [Workload 463/526] Successfully completed tuning for: ssb_flat_tiny_223.wg with surrogate
[2026-01-30 12:14:00,624:main.py#L163:INFO]: ----------------------------------------------------------------------------------------------------
[2026-01-30 12:14:00,624:main.py#L164:INFO]: [Workload 464/526] Starting tuning for: ssb_flat_tiny_224.wg with surrogate
[2026-01-30 12:14:00,624:main.py#L167:INFO]: ----------------------------------------------------------------------------------------------------
[2026-01-30 12:17:52,581:main.py#L172:INFO]: [Workload 464/526] Successfully completed tuning for: ssb_flat_tiny_224.wg with surrogate
[2026-01-30 12:17:52,581:main.py#L163:INFO]: ----------------------------------------------------------------------------------------------------
[2026-01-30 12:17:52,581:main.py#L164:INFO]: [Workload 465/526] Starting tuning for: ssb_flat_tiny_225.wg with surrogate
[2026-01-30 12:17:52,581:main.py#L167:INFO]: ----------------------------------------------------------------------------------------------------
[2026-01-30 12:21:51,851:main.py#L172:INFO]: [Workload 465/526] Successfully completed tuning for: ssb_flat_tiny_225.wg with surrogate
[2026-01-30 12:21:51,851:main.py#L163:INFO]: ----------------------------------------------------------------------------------------------------
[2026-01-30 12:21:51,851:main.py#L164:INFO]: [Workload 466/526] Starting tuning for: ssb_flat_tiny_226.wg with surrogate
[2026-01-30 12:21:51,851:main.py#L167:INFO]: ----------------------------------------------------------------------------------------------------
[2026-01-30 12:26:04,067:main.py#L172:INFO]: [Workload 466/526] Successfully completed tuning for: ssb_flat_tiny_226.wg with surrogate
[2026-01-30 12:26:04,067:main.py#L163:INFO]: ----------------------------------------------------------------------------------------------------
[2026-01-30 12:26:04,068:main.py#L164:INFO]: [Workload 467/526] Starting tuning for: ssb_flat_tiny_227.wg with surrogate
[2026-01-30 12:26:04,068:main.py#L167:INFO]: ----------------------------------------------------------------------------------------------------
[2026-01-30 12:30:00,932:main.py#L172:INFO]: [Workload 467/526] Successfully completed tuning for: ssb_flat_tiny_227.wg with surrogate
[2026-01-30 12:30:00,932:main.py#L163:INFO]: ----------------------------------------------------------------------------------------------------
[2026-01-30 12:30:00,932:main.py#L164:INFO]: [Workload 468/526] Starting tuning for: ssb_flat_tiny_228.wg with surrogate
[2026-01-30 12:30:00,932:main.py#L167:INFO]: ----------------------------------------------------------------------------------------------------
[2026-01-30 12:34:02,268:main.py#L172:INFO]: [Workload 468/526] Successfully completed tuning for: ssb_flat_tiny_228.wg with surrogate
[2026-01-30 12:34:02,268:main.py#L163:INFO]: ----------------------------------------------------------------------------------------------------
[2026-01-30 12:34:02,268:main.py#L164:INFO]: [Workload 469/526] Starting tuning for: ssb_flat_tiny_229.wg with surrogate
[2026-01-30 12:34:02,268:main.py#L167:INFO]: ----------------------------------------------------------------------------------------------------
[2026-01-30 12:38:05,278:main.py#L172:INFO]: [Workload 469/526] Successfully completed tuning for: ssb_flat_tiny_229.wg with surrogate
[2026-01-30 12:38:05,278:main.py#L163:INFO]: ----------------------------------------------------------------------------------------------------
[2026-01-30 12:38:05,278:main.py#L164:INFO]: [Workload 470/526] Starting tuning for: ssb_flat_tiny_230.wg with surrogate
[2026-01-30 12:38:05,278:main.py#L167:INFO]: ----------------------------------------------------------------------------------------------------
[2026-01-30 12:42:08,138:main.py#L172:INFO]: [Workload 470/526] Successfully completed tuning for: ssb_flat_tiny_230.wg with surrogate
[2026-01-30 12:42:08,139:main.py#L163:INFO]: ----------------------------------------------------------------------------------------------------
[2026-01-30 12:42:08,139:main.py#L164:INFO]: [Workload 471/526] Starting tuning for: ssb_flat_tiny_231.wg with surrogate
[2026-01-30 12:42:08,139:main.py#L167:INFO]: ----------------------------------------------------------------------------------------------------
[2026-01-30 12:46:08,538:main.py#L172:INFO]: [Workload 471/526] Successfully completed tuning for: ssb_flat_tiny_231.wg with surrogate
[2026-01-30 12:46:08,538:main.py#L163:INFO]: ----------------------------------------------------------------------------------------------------
[2026-01-30 12:46:08,538:main.py#L164:INFO]: [Workload 472/526] Starting tuning for: ssb_flat_tiny_232.wg with surrogate
[2026-01-30 12:46:08,538:main.py#L167:INFO]: ----------------------------------------------------------------------------------------------------
[2026-01-30 12:50:17,340:main.py#L172:INFO]: [Workload 472/526] Successfully completed tuning for: ssb_flat_tiny_232.wg with surrogate
[2026-01-30 12:50:17,340:main.py#L163:INFO]: ----------------------------------------------------------------------------------------------------
[2026-01-30 12:50:17,340:main.py#L164:INFO]: [Workload 473/526] Starting tuning for: ssb_flat_tiny_233.wg with surrogate
[2026-01-30 12:50:17,340:main.py#L167:INFO]: ----------------------------------------------------------------------------------------------------
[2026-01-30 12:54:14,980:main.py#L172:INFO]: [Workload 473/526] Successfully completed tuning for: ssb_flat_tiny_233.wg with surrogate
[2026-01-30 12:54:14,980:main.py#L163:INFO]: ----------------------------------------------------------------------------------------------------
[2026-01-30 12:54:14,980:main.py#L164:INFO]: [Workload 474/526] Starting tuning for: ssb_flat_tiny_234.wg with surrogate
[2026-01-30 12:54:14,980:main.py#L167:INFO]: ----------------------------------------------------------------------------------------------------
[2026-01-30 12:58:20,206:main.py#L172:INFO]: [Workload 474/526] Successfully completed tuning for: ssb_flat_tiny_234.wg with surrogate
[2026-01-30 12:58:20,206:main.py#L163:INFO]: ----------------------------------------------------------------------------------------------------
[2026-01-30 12:58:20,206:main.py#L164:INFO]: [Workload 475/526] Starting tuning for: ssb_flat_tiny_235.wg with surrogate
[2026-01-30 12:58:20,206:main.py#L167:INFO]: ----------------------------------------------------------------------------------------------------
[2026-01-30 13:02:17,200:main.py#L172:INFO]: [Workload 475/526] Successfully completed tuning for: ssb_flat_tiny_235.wg with surrogate
[2026-01-30 13:02:17,201:main.py#L163:INFO]: ----------------------------------------------------------------------------------------------------
[2026-01-30 13:02:17,201:main.py#L164:INFO]: [Workload 476/526] Starting tuning for: ssb_flat_tiny_236.wg with surrogate
[2026-01-30 13:02:17,201:main.py#L167:INFO]: ----------------------------------------------------------------------------------------------------
[2026-01-30 13:06:23,483:main.py#L172:INFO]: [Workload 476/526] Successfully completed tuning for: ssb_flat_tiny_236.wg with surrogate
[2026-01-30 13:06:23,483:main.py#L163:INFO]: ----------------------------------------------------------------------------------------------------
[2026-01-30 13:06:23,483:main.py#L164:INFO]: [Workload 477/526] Starting tuning for: ssb_flat_tiny_237.wg with surrogate
[2026-01-30 13:06:23,483:main.py#L167:INFO]: ----------------------------------------------------------------------------------------------------
[2026-01-30 13:10:26,240:main.py#L172:INFO]: [Workload 477/526] Successfully completed tuning for: ssb_flat_tiny_237.wg with surrogate
[2026-01-30 13:10:26,241:main.py#L163:INFO]: ----------------------------------------------------------------------------------------------------
[2026-01-30 13:10:26,241:main.py#L164:INFO]: [Workload 478/526] Starting tuning for: ssb_flat_tiny_238.wg with surrogate
[2026-01-30 13:10:26,241:main.py#L167:INFO]: ----------------------------------------------------------------------------------------------------
[2026-01-30 13:14:24,293:main.py#L172:INFO]: [Workload 478/526] Successfully completed tuning for: ssb_flat_tiny_238.wg with surrogate
[2026-01-30 13:14:24,293:main.py#L163:INFO]: ----------------------------------------------------------------------------------------------------
[2026-01-30 13:14:24,294:main.py#L164:INFO]: [Workload 479/526] Starting tuning for: ssb_flat_tiny_239.wg with surrogate
[2026-01-30 13:14:24,294:main.py#L167:INFO]: ----------------------------------------------------------------------------------------------------
[2026-01-30 13:18:23,628:main.py#L172:INFO]: [Workload 479/526] Successfully completed tuning for: ssb_flat_tiny_239.wg with surrogate
[2026-01-30 13:18:23,628:main.py#L163:INFO]: ----------------------------------------------------------------------------------------------------
[2026-01-30 13:18:23,628:main.py#L164:INFO]: [Workload 480/526] Starting tuning for: ssb_flat_tiny_240.wg with surrogate
[2026-01-30 13:18:23,628:main.py#L167:INFO]: ----------------------------------------------------------------------------------------------------
[2026-01-30 13:22:34,584:main.py#L172:INFO]: [Workload 480/526] Successfully completed tuning for: ssb_flat_tiny_240.wg with surrogate
[2026-01-30 13:22:34,584:main.py#L163:INFO]: ----------------------------------------------------------------------------------------------------
[2026-01-30 13:22:34,584:main.py#L164:INFO]: [Workload 481/526] Starting tuning for: ssb_flat_tiny_241.wg with surrogate
[2026-01-30 13:22:34,584:main.py#L167:INFO]: ----------------------------------------------------------------------------------------------------
[2026-01-30 13:26:32,953:main.py#L172:INFO]: [Workload 481/526] Successfully completed tuning for: ssb_flat_tiny_241.wg with surrogate
[2026-01-30 13:26:32,953:main.py#L163:INFO]: ----------------------------------------------------------------------------------------------------
[2026-01-30 13:26:32,953:main.py#L164:INFO]: [Workload 482/526] Starting tuning for: ssb_flat_tiny_242.wg with surrogate
[2026-01-30 13:26:32,953:main.py#L167:INFO]: ----------------------------------------------------------------------------------------------------
[2026-01-30 13:30:30,868:main.py#L172:INFO]: [Workload 482/526] Successfully completed tuning for: ssb_flat_tiny_242.wg with surrogate
[2026-01-30 13:30:30,868:main.py#L163:INFO]: ----------------------------------------------------------------------------------------------------
[2026-01-30 13:30:30,868:main.py#L164:INFO]: [Workload 483/526] Starting tuning for: ssb_flat_tiny_243.wg with surrogate
[2026-01-30 13:30:30,868:main.py#L167:INFO]: ----------------------------------------------------------------------------------------------------
[2026-01-30 13:34:30,032:main.py#L172:INFO]: [Workload 483/526] Successfully completed tuning for: ssb_flat_tiny_243.wg with surrogate
[2026-01-30 13:34:30,032:main.py#L163:INFO]: ----------------------------------------------------------------------------------------------------
[2026-01-30 13:34:30,032:main.py#L164:INFO]: [Workload 484/526] Starting tuning for: ssb_flat_tiny_244.wg with surrogate
[2026-01-30 13:34:30,032:main.py#L167:INFO]: ----------------------------------------------------------------------------------------------------
[2026-01-30 13:38:31,064:main.py#L172:INFO]: [Workload 484/526] Successfully completed tuning for: ssb_flat_tiny_244.wg with surrogate
[2026-01-30 13:38:31,065:main.py#L163:INFO]: ----------------------------------------------------------------------------------------------------
[2026-01-30 13:38:31,065:main.py#L164:INFO]: [Workload 485/526] Starting tuning for: ssb_flat_tiny_245.wg with surrogate
[2026-01-30 13:38:31,065:main.py#L167:INFO]: ----------------------------------------------------------------------------------------------------
[2026-01-30 13:42:39,907:main.py#L172:INFO]: [Workload 485/526] Successfully completed tuning for: ssb_flat_tiny_245.wg with surrogate
[2026-01-30 13:42:39,907:main.py#L163:INFO]: ----------------------------------------------------------------------------------------------------
[2026-01-30 13:42:39,907:main.py#L164:INFO]: [Workload 486/526] Starting tuning for: ssb_flat_tiny_246.wg with surrogate
[2026-01-30 13:42:39,907:main.py#L167:INFO]: ----------------------------------------------------------------------------------------------------
[2026-01-30 13:46:33,485:main.py#L172:INFO]: [Workload 486/526] Successfully completed tuning for: ssb_flat_tiny_246.wg with surrogate
[2026-01-30 13:46:33,485:main.py#L163:INFO]: ----------------------------------------------------------------------------------------------------
[2026-01-30 13:46:33,485:main.py#L164:INFO]: [Workload 487/526] Starting tuning for: ssb_flat_tiny_247.wg with surrogate
[2026-01-30 13:46:33,485:main.py#L167:INFO]: ----------------------------------------------------------------------------------------------------
[2026-01-30 13:50:27,826:main.py#L172:INFO]: [Workload 487/526] Successfully completed tuning for: ssb_flat_tiny_247.wg with surrogate
[2026-01-30 13:50:27,827:main.py#L163:INFO]: ----------------------------------------------------------------------------------------------------
[2026-01-30 13:50:27,827:main.py#L164:INFO]: [Workload 488/526] Starting tuning for: ssb_flat_tiny_248.wg with surrogate
[2026-01-30 13:50:27,827:main.py#L167:INFO]: ----------------------------------------------------------------------------------------------------
[2026-01-30 13:54:25,595:main.py#L172:INFO]: [Workload 488/526] Successfully completed tuning for: ssb_flat_tiny_248.wg with surrogate
[2026-01-30 13:54:25,595:main.py#L163:INFO]: ----------------------------------------------------------------------------------------------------
[2026-01-30 13:54:25,595:main.py#L164:INFO]: [Workload 489/526] Starting tuning for: ssb_flat_tiny_249.wg with surrogate
[2026-01-30 13:54:25,595:main.py#L167:INFO]: ----------------------------------------------------------------------------------------------------
[2026-01-30 13:58:22,923:main.py#L172:INFO]: [Workload 489/526] Successfully completed tuning for: ssb_flat_tiny_249.wg with surrogate
[2026-01-30 13:58:22,923:main.py#L163:INFO]: ----------------------------------------------------------------------------------------------------
[2026-01-30 13:58:22,923:main.py#L164:INFO]: [Workload 490/526] Starting tuning for: ssb_flat_tiny_250.wg with surrogate
[2026-01-30 13:58:22,923:main.py#L167:INFO]: ----------------------------------------------------------------------------------------------------
[2026-01-30 14:02:22,195:main.py#L172:INFO]: [Workload 490/526] Successfully completed tuning for: ssb_flat_tiny_250.wg with surrogate
[2026-01-30 14:02:22,195:main.py#L163:INFO]: ----------------------------------------------------------------------------------------------------
[2026-01-30 14:02:22,195:main.py#L164:INFO]: [Workload 491/526] Starting tuning for: ssb_flat_tiny_251.wg with surrogate
[2026-01-30 14:02:22,196:main.py#L167:INFO]: ----------------------------------------------------------------------------------------------------
[2026-01-30 14:06:16,284:main.py#L172:INFO]: [Workload 491/526] Successfully completed tuning for: ssb_flat_tiny_251.wg with surrogate
[2026-01-30 14:06:16,284:main.py#L163:INFO]: ----------------------------------------------------------------------------------------------------
[2026-01-30 14:06:16,284:main.py#L164:INFO]: [Workload 492/526] Starting tuning for: ssb_flat_tiny_252.wg with surrogate
[2026-01-30 14:06:16,284:main.py#L167:INFO]: ----------------------------------------------------------------------------------------------------
[2026-01-30 14:10:21,360:main.py#L172:INFO]: [Workload 492/526] Successfully completed tuning for: ssb_flat_tiny_252.wg with surrogate
[2026-01-30 14:10:21,360:main.py#L163:INFO]: ----------------------------------------------------------------------------------------------------
[2026-01-30 14:10:21,360:main.py#L164:INFO]: [Workload 493/526] Starting tuning for: ssb_flat_tiny_253.wg with surrogate
[2026-01-30 14:10:21,360:main.py#L167:INFO]: ----------------------------------------------------------------------------------------------------
[2026-01-30 14:14:21,014:main.py#L172:INFO]: [Workload 493/526] Successfully completed tuning for: ssb_flat_tiny_253.wg with surrogate
[2026-01-30 14:14:21,015:main.py#L163:INFO]: ----------------------------------------------------------------------------------------------------
[2026-01-30 14:14:21,015:main.py#L164:INFO]: [Workload 494/526] Starting tuning for: ssb_flat_tiny_254.wg with surrogate
[2026-01-30 14:14:21,015:main.py#L167:INFO]: ----------------------------------------------------------------------------------------------------
[2026-01-30 14:18:18,085:main.py#L172:INFO]: [Workload 494/526] Successfully completed tuning for: ssb_flat_tiny_254.wg with surrogate
[2026-01-30 14:18:18,086:main.py#L163:INFO]: ----------------------------------------------------------------------------------------------------
[2026-01-30 14:18:18,086:main.py#L164:INFO]: [Workload 495/526] Starting tuning for: ssb_flat_tiny_255.wg with surrogate
[2026-01-30 14:18:18,086:main.py#L167:INFO]: ----------------------------------------------------------------------------------------------------
