[2026-01-28 10:09:46,298:main.py#L28:INFO]: ====================================================================================================
[2026-01-28 10:09:46,299:main.py#L29:INFO]: E2ETune: End-to-End Database Tuning System
[2026-01-28 10:09:46,299:main.py#L30:INFO]: ====================================================================================================
[2026-01-28 10:09:46,299:main.py#L31:INFO]: Configuration file: config/config.ini
[2026-01-28 10:09:46,299:main.py#L32:INFO]: Host: localhost
[2026-01-28 10:09:46,299:main.py#L33:INFO]: Database: tpcds
[2026-01-28 10:09:46,299:main.py#L34:INFO]: Data Path: /var/lib/postgresql/12/main
[2026-01-28 10:09:46,299:main.py#L35:INFO]: Benchmark: tpcds
[2026-01-28 10:09:46,299:main.py#L36:INFO]: Workload Path: ./olap_workloads
[2026-01-28 10:09:46,299:main.py#L37:INFO]: ====================================================================================================
[2026-01-28 10:09:46,301:main.py#L63:INFO]: Found 233 workloads matching prefix 'tpcds'
[2026-01-28 10:09:46,302:main.py#L71:INFO]: Found 348 completed workload records in: logs/performance_record
[2026-01-28 10:09:46,302:main.py#L79:INFO]: Processing first 13 of 233 workloads
[2026-01-28 10:09:46,302:main.py#L95:INFO]: [Workload 0/233] Skipping already completed: tpcds_0.wg
[2026-01-28 10:09:46,302:main.py#L95:INFO]: [Workload 1/233] Skipping already completed: tpcds_1.wg
[2026-01-28 10:09:46,302:main.py#L95:INFO]: [Workload 2/233] Skipping already completed: tpcds_2.wg
[2026-01-28 10:09:46,302:main.py#L95:INFO]: [Workload 3/233] Skipping already completed: tpcds_3.wg
[2026-01-28 10:09:46,302:main.py#L95:INFO]: [Workload 4/233] Skipping already completed: tpcds_4.wg
[2026-01-28 10:09:46,302:main.py#L95:INFO]: [Workload 5/233] Skipping already completed: tpcds_5.wg
[2026-01-28 10:09:46,302:main.py#L95:INFO]: [Workload 6/233] Skipping already completed: tpcds_6.wg
[2026-01-28 10:09:46,302:main.py#L95:INFO]: [Workload 7/233] Skipping already completed: tpcds_7.wg
[2026-01-28 10:09:46,302:main.py#L95:INFO]: [Workload 8/233] Skipping already completed: tpcds_8.wg
[2026-01-28 10:09:46,302:main.py#L95:INFO]: [Workload 9/233] Skipping already completed: tpcds_9.wg
[2026-01-28 10:09:46,302:main.py#L95:INFO]: [Workload 10/233] Skipping already completed: tpcds_10.wg
[2026-01-28 10:09:46,303:main.py#L95:INFO]: [Workload 11/233] Skipping already completed: tpcds_11.wg
[2026-01-28 10:09:46,303:main.py#L95:INFO]: [Workload 12/233] Skipping already completed: tpcds_12.wg
[2026-01-28 10:09:46,303:main.py#L163:INFO]: ----------------------------------------------------------------------------------------------------
[2026-01-28 10:09:46,303:main.py#L164:INFO]: [Workload 13/233] Starting tuning for: tpcds_13.wg with surrogate
[2026-01-28 10:09:46,303:main.py#L167:INFO]: ----------------------------------------------------------------------------------------------------
[2026-01-28 10:14:17,240:main.py#L172:INFO]: [Workload 13/233] Successfully completed tuning for: tpcds_13.wg with surrogate
[2026-01-28 10:14:17,240:main.py#L163:INFO]: ----------------------------------------------------------------------------------------------------
[2026-01-28 10:14:17,240:main.py#L164:INFO]: [Workload 14/233] Starting tuning for: tpcds_14.wg with surrogate
[2026-01-28 10:14:17,240:main.py#L167:INFO]: ----------------------------------------------------------------------------------------------------
[2026-01-28 10:18:35,271:main.py#L172:INFO]: [Workload 14/233] Successfully completed tuning for: tpcds_14.wg with surrogate
[2026-01-28 10:18:35,272:main.py#L163:INFO]: ----------------------------------------------------------------------------------------------------
[2026-01-28 10:18:35,272:main.py#L164:INFO]: [Workload 15/233] Starting tuning for: tpcds_15.wg with surrogate
[2026-01-28 10:18:35,272:main.py#L167:INFO]: ----------------------------------------------------------------------------------------------------
[2026-01-28 10:23:04,063:main.py#L172:INFO]: [Workload 15/233] Successfully completed tuning for: tpcds_15.wg with surrogate
[2026-01-28 10:23:04,063:main.py#L163:INFO]: ----------------------------------------------------------------------------------------------------
[2026-01-28 10:23:04,063:main.py#L164:INFO]: [Workload 16/233] Starting tuning for: tpcds_16.wg with surrogate
[2026-01-28 10:23:04,063:main.py#L167:INFO]: ----------------------------------------------------------------------------------------------------
[2026-01-28 10:27:13,412:main.py#L172:INFO]: [Workload 16/233] Successfully completed tuning for: tpcds_16.wg with surrogate
[2026-01-28 10:27:13,412:main.py#L163:INFO]: ----------------------------------------------------------------------------------------------------
[2026-01-28 10:27:13,412:main.py#L164:INFO]: [Workload 17/233] Starting tuning for: tpcds_17.wg with surrogate
[2026-01-28 10:27:13,412:main.py#L167:INFO]: ----------------------------------------------------------------------------------------------------
[2026-01-28 10:31:30,860:main.py#L172:INFO]: [Workload 17/233] Successfully completed tuning for: tpcds_17.wg with surrogate
[2026-01-28 10:31:30,860:main.py#L163:INFO]: ----------------------------------------------------------------------------------------------------
[2026-01-28 10:31:30,860:main.py#L164:INFO]: [Workload 18/233] Starting tuning for: tpcds_18.wg with surrogate
[2026-01-28 10:31:30,860:main.py#L167:INFO]: ----------------------------------------------------------------------------------------------------
[2026-01-28 10:35:41,135:main.py#L172:INFO]: [Workload 18/233] Successfully completed tuning for: tpcds_18.wg with surrogate
[2026-01-28 10:35:41,135:main.py#L163:INFO]: ----------------------------------------------------------------------------------------------------
[2026-01-28 10:35:41,135:main.py#L164:INFO]: [Workload 19/233] Starting tuning for: tpcds_19.wg with surrogate
[2026-01-28 10:35:41,135:main.py#L167:INFO]: ----------------------------------------------------------------------------------------------------
[2026-01-28 10:39:52,496:main.py#L172:INFO]: [Workload 19/233] Successfully completed tuning for: tpcds_19.wg with surrogate
[2026-01-28 10:39:52,496:main.py#L163:INFO]: ----------------------------------------------------------------------------------------------------
[2026-01-28 10:39:52,497:main.py#L164:INFO]: [Workload 20/233] Starting tuning for: tpcds_20.wg with surrogate
[2026-01-28 10:39:52,497:main.py#L167:INFO]: ----------------------------------------------------------------------------------------------------
[2026-01-28 10:44:05,113:main.py#L172:INFO]: [Workload 20/233] Successfully completed tuning for: tpcds_20.wg with surrogate
[2026-01-28 10:44:05,113:main.py#L163:INFO]: ----------------------------------------------------------------------------------------------------
[2026-01-28 10:44:05,114:main.py#L164:INFO]: [Workload 21/233] Starting tuning for: tpcds_21.wg with surrogate
[2026-01-28 10:44:05,114:main.py#L167:INFO]: ----------------------------------------------------------------------------------------------------
[2026-01-28 10:48:28,137:main.py#L172:INFO]: [Workload 21/233] Successfully completed tuning for: tpcds_21.wg with surrogate
[2026-01-28 10:48:28,137:main.py#L163:INFO]: ----------------------------------------------------------------------------------------------------
[2026-01-28 10:48:28,137:main.py#L164:INFO]: [Workload 22/233] Starting tuning for: tpcds_22.wg with surrogate
[2026-01-28 10:48:28,137:main.py#L167:INFO]: ----------------------------------------------------------------------------------------------------
[2026-01-28 10:52:53,362:main.py#L172:INFO]: [Workload 22/233] Successfully completed tuning for: tpcds_22.wg with surrogate
[2026-01-28 10:52:53,363:main.py#L163:INFO]: ----------------------------------------------------------------------------------------------------
[2026-01-28 10:52:53,363:main.py#L164:INFO]: [Workload 23/233] Starting tuning for: tpcds_23.wg with surrogate
[2026-01-28 10:52:53,363:main.py#L167:INFO]: ----------------------------------------------------------------------------------------------------
[2026-01-28 10:57:14,147:main.py#L172:INFO]: [Workload 23/233] Successfully completed tuning for: tpcds_23.wg with surrogate
[2026-01-28 10:57:14,147:main.py#L163:INFO]: ----------------------------------------------------------------------------------------------------
[2026-01-28 10:57:14,147:main.py#L164:INFO]: [Workload 24/233] Starting tuning for: tpcds_24.wg with surrogate
[2026-01-28 10:57:14,147:main.py#L167:INFO]: ----------------------------------------------------------------------------------------------------
[2026-01-28 11:01:26,402:main.py#L172:INFO]: [Workload 24/233] Successfully completed tuning for: tpcds_24.wg with surrogate
[2026-01-28 11:01:26,402:main.py#L163:INFO]: ----------------------------------------------------------------------------------------------------
[2026-01-28 11:01:26,402:main.py#L164:INFO]: [Workload 25/233] Starting tuning for: tpcds_25.wg with surrogate
[2026-01-28 11:01:26,402:main.py#L167:INFO]: ----------------------------------------------------------------------------------------------------
[2026-01-28 11:06:00,739:main.py#L172:INFO]: [Workload 25/233] Successfully completed tuning for: tpcds_25.wg with surrogate
[2026-01-28 11:06:00,739:main.py#L163:INFO]: ----------------------------------------------------------------------------------------------------
[2026-01-28 11:06:00,739:main.py#L164:INFO]: [Workload 26/233] Starting tuning for: tpcds_26.wg with surrogate
[2026-01-28 11:06:00,739:main.py#L167:INFO]: ----------------------------------------------------------------------------------------------------
[2026-01-28 11:10:19,011:main.py#L172:INFO]: [Workload 26/233] Successfully completed tuning for: tpcds_26.wg with surrogate
[2026-01-28 11:10:19,011:main.py#L163:INFO]: ----------------------------------------------------------------------------------------------------
[2026-01-28 11:10:19,011:main.py#L164:INFO]: [Workload 27/233] Starting tuning for: tpcds_27.wg with surrogate
[2026-01-28 11:10:19,012:main.py#L167:INFO]: ----------------------------------------------------------------------------------------------------
[2026-01-28 11:14:47,008:main.py#L172:INFO]: [Workload 27/233] Successfully completed tuning for: tpcds_27.wg with surrogate
[2026-01-28 11:14:47,008:main.py#L163:INFO]: ----------------------------------------------------------------------------------------------------
[2026-01-28 11:14:47,008:main.py#L164:INFO]: [Workload 28/233] Starting tuning for: tpcds_28.wg with surrogate
[2026-01-28 11:14:47,008:main.py#L167:INFO]: ----------------------------------------------------------------------------------------------------
[2026-01-28 11:19:11,459:main.py#L172:INFO]: [Workload 28/233] Successfully completed tuning for: tpcds_28.wg with surrogate
[2026-01-28 11:19:11,459:main.py#L163:INFO]: ----------------------------------------------------------------------------------------------------
[2026-01-28 11:19:11,459:main.py#L164:INFO]: [Workload 29/233] Starting tuning for: tpcds_29.wg with surrogate
[2026-01-28 11:19:11,459:main.py#L167:INFO]: ----------------------------------------------------------------------------------------------------
[2026-01-28 11:23:36,489:main.py#L172:INFO]: [Workload 29/233] Successfully completed tuning for: tpcds_29.wg with surrogate
[2026-01-28 11:23:36,489:main.py#L163:INFO]: ----------------------------------------------------------------------------------------------------
[2026-01-28 11:23:36,489:main.py#L164:INFO]: [Workload 30/233] Starting tuning for: tpcds_30.wg with surrogate
[2026-01-28 11:23:36,489:main.py#L167:INFO]: ----------------------------------------------------------------------------------------------------
[2026-01-28 11:27:50,857:main.py#L172:INFO]: [Workload 30/233] Successfully completed tuning for: tpcds_30.wg with surrogate
[2026-01-28 11:27:50,858:main.py#L163:INFO]: ----------------------------------------------------------------------------------------------------
[2026-01-28 11:27:50,858:main.py#L164:INFO]: [Workload 31/233] Starting tuning for: tpcds_31.wg with surrogate
[2026-01-28 11:27:50,858:main.py#L167:INFO]: ----------------------------------------------------------------------------------------------------
[2026-01-28 11:32:11,145:main.py#L172:INFO]: [Workload 31/233] Successfully completed tuning for: tpcds_31.wg with surrogate
[2026-01-28 11:32:11,145:main.py#L163:INFO]: ----------------------------------------------------------------------------------------------------
[2026-01-28 11:32:11,146:main.py#L164:INFO]: [Workload 32/233] Starting tuning for: tpcds_32.wg with surrogate
[2026-01-28 11:32:11,146:main.py#L167:INFO]: ----------------------------------------------------------------------------------------------------
[2026-01-28 11:36:23,809:main.py#L172:INFO]: [Workload 32/233] Successfully completed tuning for: tpcds_32.wg with surrogate
[2026-01-28 11:36:23,810:main.py#L163:INFO]: ----------------------------------------------------------------------------------------------------
[2026-01-28 11:36:23,810:main.py#L164:INFO]: [Workload 33/233] Starting tuning for: tpcds_33.wg with surrogate
[2026-01-28 11:36:23,810:main.py#L167:INFO]: ----------------------------------------------------------------------------------------------------
[2026-01-28 11:40:36,760:main.py#L172:INFO]: [Workload 33/233] Successfully completed tuning for: tpcds_33.wg with surrogate
[2026-01-28 11:40:36,760:main.py#L163:INFO]: ----------------------------------------------------------------------------------------------------
[2026-01-28 11:40:36,760:main.py#L164:INFO]: [Workload 34/233] Starting tuning for: tpcds_34.wg with surrogate
[2026-01-28 11:40:36,760:main.py#L167:INFO]: ----------------------------------------------------------------------------------------------------
[2026-01-28 11:44:57,591:main.py#L172:INFO]: [Workload 34/233] Successfully completed tuning for: tpcds_34.wg with surrogate
[2026-01-28 11:44:57,591:main.py#L163:INFO]: ----------------------------------------------------------------------------------------------------
[2026-01-28 11:44:57,591:main.py#L164:INFO]: [Workload 35/233] Starting tuning for: tpcds_35.wg with surrogate
[2026-01-28 11:44:57,591:main.py#L167:INFO]: ----------------------------------------------------------------------------------------------------
[2026-01-28 11:49:13,258:main.py#L172:INFO]: [Workload 35/233] Successfully completed tuning for: tpcds_35.wg with surrogate
[2026-01-28 11:49:13,258:main.py#L163:INFO]: ----------------------------------------------------------------------------------------------------
[2026-01-28 11:49:13,258:main.py#L164:INFO]: [Workload 36/233] Starting tuning for: tpcds_36.wg with surrogate
[2026-01-28 11:49:13,258:main.py#L167:INFO]: ----------------------------------------------------------------------------------------------------
[2026-01-28 11:53:27,949:main.py#L172:INFO]: [Workload 36/233] Successfully completed tuning for: tpcds_36.wg with surrogate
[2026-01-28 11:53:27,949:main.py#L163:INFO]: ----------------------------------------------------------------------------------------------------
[2026-01-28 11:53:27,949:main.py#L164:INFO]: [Workload 37/233] Starting tuning for: tpcds_37.wg with surrogate
[2026-01-28 11:53:27,949:main.py#L167:INFO]: ----------------------------------------------------------------------------------------------------
[2026-01-28 11:57:43,631:main.py#L172:INFO]: [Workload 37/233] Successfully completed tuning for: tpcds_37.wg with surrogate
[2026-01-28 11:57:43,631:main.py#L163:INFO]: ----------------------------------------------------------------------------------------------------
[2026-01-28 11:57:43,631:main.py#L164:INFO]: [Workload 38/233] Starting tuning for: tpcds_38.wg with surrogate
[2026-01-28 11:57:43,631:main.py#L167:INFO]: ----------------------------------------------------------------------------------------------------
[2026-01-28 12:02:07,799:main.py#L172:INFO]: [Workload 38/233] Successfully completed tuning for: tpcds_38.wg with surrogate
[2026-01-28 12:02:07,800:main.py#L163:INFO]: ----------------------------------------------------------------------------------------------------
[2026-01-28 12:02:07,800:main.py#L164:INFO]: [Workload 39/233] Starting tuning for: tpcds_39.wg with surrogate
[2026-01-28 12:02:07,800:main.py#L167:INFO]: ----------------------------------------------------------------------------------------------------
[2026-01-28 12:06:32,848:main.py#L172:INFO]: [Workload 39/233] Successfully completed tuning for: tpcds_39.wg with surrogate
[2026-01-28 12:06:32,849:main.py#L163:INFO]: ----------------------------------------------------------------------------------------------------
[2026-01-28 12:06:32,849:main.py#L164:INFO]: [Workload 40/233] Starting tuning for: tpcds_40.wg with surrogate
[2026-01-28 12:06:32,849:main.py#L167:INFO]: ----------------------------------------------------------------------------------------------------
[2026-01-28 12:10:50,026:main.py#L172:INFO]: [Workload 40/233] Successfully completed tuning for: tpcds_40.wg with surrogate
[2026-01-28 12:10:50,026:main.py#L163:INFO]: ----------------------------------------------------------------------------------------------------
[2026-01-28 12:10:50,026:main.py#L164:INFO]: [Workload 41/233] Starting tuning for: tpcds_41.wg with surrogate
[2026-01-28 12:10:50,026:main.py#L167:INFO]: ----------------------------------------------------------------------------------------------------
[2026-01-28 12:15:18,149:main.py#L172:INFO]: [Workload 41/233] Successfully completed tuning for: tpcds_41.wg with surrogate
[2026-01-28 12:15:18,150:main.py#L163:INFO]: ----------------------------------------------------------------------------------------------------
[2026-01-28 12:15:18,150:main.py#L164:INFO]: [Workload 42/233] Starting tuning for: tpcds_42.wg with surrogate
[2026-01-28 12:15:18,150:main.py#L167:INFO]: ----------------------------------------------------------------------------------------------------
[2026-01-28 12:19:37,793:main.py#L172:INFO]: [Workload 42/233] Successfully completed tuning for: tpcds_42.wg with surrogate
[2026-01-28 12:19:37,793:main.py#L163:INFO]: ----------------------------------------------------------------------------------------------------
[2026-01-28 12:19:37,793:main.py#L164:INFO]: [Workload 43/233] Starting tuning for: tpcds_43.wg with surrogate
[2026-01-28 12:19:37,793:main.py#L167:INFO]: ----------------------------------------------------------------------------------------------------
[2026-01-28 12:24:07,694:main.py#L172:INFO]: [Workload 43/233] Successfully completed tuning for: tpcds_43.wg with surrogate
[2026-01-28 12:24:07,694:main.py#L163:INFO]: ----------------------------------------------------------------------------------------------------
[2026-01-28 12:24:07,694:main.py#L164:INFO]: [Workload 44/233] Starting tuning for: tpcds_44.wg with surrogate
[2026-01-28 12:24:07,694:main.py#L167:INFO]: ----------------------------------------------------------------------------------------------------
[2026-01-28 12:28:20,123:main.py#L172:INFO]: [Workload 44/233] Successfully completed tuning for: tpcds_44.wg with surrogate
[2026-01-28 12:28:20,123:main.py#L163:INFO]: ----------------------------------------------------------------------------------------------------
[2026-01-28 12:28:20,123:main.py#L164:INFO]: [Workload 45/233] Starting tuning for: tpcds_45.wg with surrogate
[2026-01-28 12:28:20,123:main.py#L167:INFO]: ----------------------------------------------------------------------------------------------------
[2026-01-28 12:32:51,950:main.py#L172:INFO]: [Workload 45/233] Successfully completed tuning for: tpcds_45.wg with surrogate
[2026-01-28 12:32:51,950:main.py#L163:INFO]: ----------------------------------------------------------------------------------------------------
[2026-01-28 12:32:51,950:main.py#L164:INFO]: [Workload 46/233] Starting tuning for: tpcds_46.wg with surrogate
[2026-01-28 12:32:51,951:main.py#L167:INFO]: ----------------------------------------------------------------------------------------------------
[2026-01-28 12:37:08,599:main.py#L172:INFO]: [Workload 46/233] Successfully completed tuning for: tpcds_46.wg with surrogate
[2026-01-28 12:37:08,599:main.py#L163:INFO]: ----------------------------------------------------------------------------------------------------
[2026-01-28 12:37:08,599:main.py#L164:INFO]: [Workload 47/233] Starting tuning for: tpcds_47.wg with surrogate
[2026-01-28 12:37:08,599:main.py#L167:INFO]: ----------------------------------------------------------------------------------------------------
[2026-01-28 12:41:41,747:main.py#L172:INFO]: [Workload 47/233] Successfully completed tuning for: tpcds_47.wg with surrogate
[2026-01-28 12:41:41,747:main.py#L163:INFO]: ----------------------------------------------------------------------------------------------------
[2026-01-28 12:41:41,747:main.py#L164:INFO]: [Workload 48/233] Starting tuning for: tpcds_48.wg with surrogate
[2026-01-28 12:41:41,747:main.py#L167:INFO]: ----------------------------------------------------------------------------------------------------
[2026-01-28 12:46:01,673:main.py#L172:INFO]: [Workload 48/233] Successfully completed tuning for: tpcds_48.wg with surrogate
[2026-01-28 12:46:01,673:main.py#L163:INFO]: ----------------------------------------------------------------------------------------------------
[2026-01-28 12:46:01,673:main.py#L164:INFO]: [Workload 49/233] Starting tuning for: tpcds_49.wg with surrogate
[2026-01-28 12:46:01,673:main.py#L167:INFO]: ----------------------------------------------------------------------------------------------------
[2026-01-28 12:50:34,398:main.py#L172:INFO]: [Workload 49/233] Successfully completed tuning for: tpcds_49.wg with surrogate
[2026-01-28 12:50:34,398:main.py#L163:INFO]: ----------------------------------------------------------------------------------------------------
[2026-01-28 12:50:34,398:main.py#L164:INFO]: [Workload 50/233] Starting tuning for: tpcds_50.wg with surrogate
[2026-01-28 12:50:34,399:main.py#L167:INFO]: ----------------------------------------------------------------------------------------------------
[2026-01-28 12:54:50,081:main.py#L172:INFO]: [Workload 50/233] Successfully completed tuning for: tpcds_50.wg with surrogate
[2026-01-28 12:54:50,081:main.py#L163:INFO]: ----------------------------------------------------------------------------------------------------
[2026-01-28 12:54:50,081:main.py#L164:INFO]: [Workload 51/233] Starting tuning for: tpcds_51.wg with surrogate
[2026-01-28 12:54:50,081:main.py#L167:INFO]: ----------------------------------------------------------------------------------------------------
[2026-01-28 12:59:05,182:main.py#L172:INFO]: [Workload 51/233] Successfully completed tuning for: tpcds_51.wg with surrogate
[2026-01-28 12:59:05,182:main.py#L163:INFO]: ----------------------------------------------------------------------------------------------------
[2026-01-28 12:59:05,182:main.py#L164:INFO]: [Workload 52/233] Starting tuning for: tpcds_52.wg with surrogate
[2026-01-28 12:59:05,182:main.py#L167:INFO]: ----------------------------------------------------------------------------------------------------
[2026-01-28 13:03:24,376:main.py#L172:INFO]: [Workload 52/233] Successfully completed tuning for: tpcds_52.wg with surrogate
[2026-01-28 13:03:24,376:main.py#L163:INFO]: ----------------------------------------------------------------------------------------------------
[2026-01-28 13:03:24,376:main.py#L164:INFO]: [Workload 53/233] Starting tuning for: tpcds_53.wg with surrogate
[2026-01-28 13:03:24,376:main.py#L167:INFO]: ----------------------------------------------------------------------------------------------------
[2026-01-28 13:07:42,816:main.py#L172:INFO]: [Workload 53/233] Successfully completed tuning for: tpcds_53.wg with surrogate
[2026-01-28 13:07:42,817:main.py#L163:INFO]: ----------------------------------------------------------------------------------------------------
[2026-01-28 13:07:42,817:main.py#L164:INFO]: [Workload 54/233] Starting tuning for: tpcds_54.wg with surrogate
[2026-01-28 13:07:42,817:main.py#L167:INFO]: ----------------------------------------------------------------------------------------------------
[2026-01-28 13:12:08,915:main.py#L172:INFO]: [Workload 54/233] Successfully completed tuning for: tpcds_54.wg with surrogate
[2026-01-28 13:12:08,915:main.py#L163:INFO]: ----------------------------------------------------------------------------------------------------
[2026-01-28 13:12:08,915:main.py#L164:INFO]: [Workload 55/233] Starting tuning for: tpcds_55.wg with surrogate
[2026-01-28 13:12:08,915:main.py#L167:INFO]: ----------------------------------------------------------------------------------------------------
[2026-01-28 13:16:32,108:main.py#L172:INFO]: [Workload 55/233] Successfully completed tuning for: tpcds_55.wg with surrogate
[2026-01-28 13:16:32,108:main.py#L163:INFO]: ----------------------------------------------------------------------------------------------------
[2026-01-28 13:16:32,108:main.py#L164:INFO]: [Workload 56/233] Starting tuning for: tpcds_56.wg with surrogate
[2026-01-28 13:16:32,108:main.py#L167:INFO]: ----------------------------------------------------------------------------------------------------
[2026-01-28 13:20:51,917:main.py#L172:INFO]: [Workload 56/233] Successfully completed tuning for: tpcds_56.wg with surrogate
[2026-01-28 13:20:51,918:main.py#L163:INFO]: ----------------------------------------------------------------------------------------------------
[2026-01-28 13:20:51,918:main.py#L164:INFO]: [Workload 57/233] Starting tuning for: tpcds_57.wg with surrogate
[2026-01-28 13:20:51,918:main.py#L167:INFO]: ----------------------------------------------------------------------------------------------------
[2026-01-28 13:25:11,229:main.py#L172:INFO]: [Workload 57/233] Successfully completed tuning for: tpcds_57.wg with surrogate
[2026-01-28 13:25:11,229:main.py#L163:INFO]: ----------------------------------------------------------------------------------------------------
[2026-01-28 13:25:11,229:main.py#L164:INFO]: [Workload 58/233] Starting tuning for: tpcds_58.wg with surrogate
[2026-01-28 13:25:11,229:main.py#L167:INFO]: ----------------------------------------------------------------------------------------------------
[2026-01-28 13:29:41,640:main.py#L172:INFO]: [Workload 58/233] Successfully completed tuning for: tpcds_58.wg with surrogate
[2026-01-28 13:29:41,640:main.py#L163:INFO]: ----------------------------------------------------------------------------------------------------
[2026-01-28 13:29:41,640:main.py#L164:INFO]: [Workload 59/233] Starting tuning for: tpcds_59.wg with surrogate
[2026-01-28 13:29:41,640:main.py#L167:INFO]: ----------------------------------------------------------------------------------------------------
[2026-01-28 13:34:06,760:main.py#L172:INFO]: [Workload 59/233] Successfully completed tuning for: tpcds_59.wg with surrogate
[2026-01-28 13:34:06,761:main.py#L163:INFO]: ----------------------------------------------------------------------------------------------------
[2026-01-28 13:34:06,761:main.py#L164:INFO]: [Workload 60/233] Starting tuning for: tpcds_60.wg with surrogate
[2026-01-28 13:34:06,761:main.py#L167:INFO]: ----------------------------------------------------------------------------------------------------
[2026-01-28 13:38:22,848:main.py#L172:INFO]: [Workload 60/233] Successfully completed tuning for: tpcds_60.wg with surrogate
[2026-01-28 13:38:22,848:main.py#L163:INFO]: ----------------------------------------------------------------------------------------------------
[2026-01-28 13:38:22,849:main.py#L164:INFO]: [Workload 61/233] Starting tuning for: tpcds_61.wg with surrogate
[2026-01-28 13:38:22,849:main.py#L167:INFO]: ----------------------------------------------------------------------------------------------------
[2026-01-28 13:42:36,038:main.py#L172:INFO]: [Workload 61/233] Successfully completed tuning for: tpcds_61.wg with surrogate
[2026-01-28 13:42:36,038:main.py#L163:INFO]: ----------------------------------------------------------------------------------------------------
[2026-01-28 13:42:36,038:main.py#L164:INFO]: [Workload 62/233] Starting tuning for: tpcds_62.wg with surrogate
[2026-01-28 13:42:36,038:main.py#L167:INFO]: ----------------------------------------------------------------------------------------------------
[2026-01-28 13:47:03,550:main.py#L172:INFO]: [Workload 62/233] Successfully completed tuning for: tpcds_62.wg with surrogate
[2026-01-28 13:47:03,551:main.py#L163:INFO]: ----------------------------------------------------------------------------------------------------
[2026-01-28 13:47:03,551:main.py#L164:INFO]: [Workload 63/233] Starting tuning for: tpcds_63.wg with surrogate
[2026-01-28 13:47:03,551:main.py#L167:INFO]: ----------------------------------------------------------------------------------------------------
[2026-01-28 13:51:32,690:main.py#L172:INFO]: [Workload 63/233] Successfully completed tuning for: tpcds_63.wg with surrogate
[2026-01-28 13:51:32,690:main.py#L163:INFO]: ----------------------------------------------------------------------------------------------------
[2026-01-28 13:51:32,690:main.py#L164:INFO]: [Workload 64/233] Starting tuning for: tpcds_64.wg with surrogate
[2026-01-28 13:51:32,690:main.py#L167:INFO]: ----------------------------------------------------------------------------------------------------
[2026-01-28 13:55:42,925:main.py#L172:INFO]: [Workload 64/233] Successfully completed tuning for: tpcds_64.wg with surrogate
[2026-01-28 13:55:42,925:main.py#L163:INFO]: ----------------------------------------------------------------------------------------------------
[2026-01-28 13:55:42,926:main.py#L164:INFO]: [Workload 65/233] Starting tuning for: tpcds_65.wg with surrogate
[2026-01-28 13:55:42,926:main.py#L167:INFO]: ----------------------------------------------------------------------------------------------------
[2026-01-28 14:00:05,400:main.py#L172:INFO]: [Workload 65/233] Successfully completed tuning for: tpcds_65.wg with surrogate
[2026-01-28 14:00:05,401:main.py#L163:INFO]: ----------------------------------------------------------------------------------------------------
[2026-01-28 14:00:05,401:main.py#L164:INFO]: [Workload 66/233] Starting tuning for: tpcds_66.wg with surrogate
[2026-01-28 14:00:05,401:main.py#L167:INFO]: ----------------------------------------------------------------------------------------------------
[2026-01-28 14:04:21,497:main.py#L172:INFO]: [Workload 66/233] Successfully completed tuning for: tpcds_66.wg with surrogate
[2026-01-28 14:04:21,497:main.py#L163:INFO]: ----------------------------------------------------------------------------------------------------
[2026-01-28 14:04:21,497:main.py#L164:INFO]: [Workload 67/233] Starting tuning for: tpcds_67.wg with surrogate
[2026-01-28 14:04:21,497:main.py#L167:INFO]: ----------------------------------------------------------------------------------------------------
[2026-01-28 14:08:41,536:main.py#L172:INFO]: [Workload 67/233] Successfully completed tuning for: tpcds_67.wg with surrogate
[2026-01-28 14:08:41,536:main.py#L163:INFO]: ----------------------------------------------------------------------------------------------------
[2026-01-28 14:08:41,536:main.py#L164:INFO]: [Workload 68/233] Starting tuning for: tpcds_68.wg with surrogate
[2026-01-28 14:08:41,536:main.py#L167:INFO]: ----------------------------------------------------------------------------------------------------
[2026-01-28 14:13:15,940:main.py#L172:INFO]: [Workload 68/233] Successfully completed tuning for: tpcds_68.wg with surrogate
[2026-01-28 14:13:15,940:main.py#L163:INFO]: ----------------------------------------------------------------------------------------------------
[2026-01-28 14:13:15,940:main.py#L164:INFO]: [Workload 69/233] Starting tuning for: tpcds_69.wg with surrogate
[2026-01-28 14:13:15,940:main.py#L167:INFO]: ----------------------------------------------------------------------------------------------------
[2026-01-28 14:17:49,928:main.py#L172:INFO]: [Workload 69/233] Successfully completed tuning for: tpcds_69.wg with surrogate
[2026-01-28 14:17:49,929:main.py#L163:INFO]: ----------------------------------------------------------------------------------------------------
[2026-01-28 14:17:49,929:main.py#L164:INFO]: [Workload 70/233] Starting tuning for: tpcds_70.wg with surrogate
[2026-01-28 14:17:49,929:main.py#L167:INFO]: ----------------------------------------------------------------------------------------------------
[2026-01-28 14:22:24,823:main.py#L172:INFO]: [Workload 70/233] Successfully completed tuning for: tpcds_70.wg with surrogate
[2026-01-28 14:22:24,823:main.py#L163:INFO]: ----------------------------------------------------------------------------------------------------
[2026-01-28 14:22:24,823:main.py#L164:INFO]: [Workload 71/233] Starting tuning for: tpcds_71.wg with surrogate
[2026-01-28 14:22:24,823:main.py#L167:INFO]: ----------------------------------------------------------------------------------------------------
[2026-01-28 14:26:46,529:main.py#L172:INFO]: [Workload 71/233] Successfully completed tuning for: tpcds_71.wg with surrogate
[2026-01-28 14:26:46,529:main.py#L163:INFO]: ----------------------------------------------------------------------------------------------------
[2026-01-28 14:26:46,529:main.py#L164:INFO]: [Workload 72/233] Starting tuning for: tpcds_72.wg with surrogate
[2026-01-28 14:26:46,529:main.py#L167:INFO]: ----------------------------------------------------------------------------------------------------
[2026-01-28 14:31:07,700:main.py#L172:INFO]: [Workload 72/233] Successfully completed tuning for: tpcds_72.wg with surrogate
[2026-01-28 14:31:07,701:main.py#L163:INFO]: ----------------------------------------------------------------------------------------------------
[2026-01-28 14:31:07,701:main.py#L164:INFO]: [Workload 73/233] Starting tuning for: tpcds_73.wg with surrogate
[2026-01-28 14:31:07,701:main.py#L167:INFO]: ----------------------------------------------------------------------------------------------------
[2026-01-28 14:35:26,745:main.py#L172:INFO]: [Workload 73/233] Successfully completed tuning for: tpcds_73.wg with surrogate
[2026-01-28 14:35:26,745:main.py#L163:INFO]: ----------------------------------------------------------------------------------------------------
[2026-01-28 14:35:26,745:main.py#L164:INFO]: [Workload 74/233] Starting tuning for: tpcds_74.wg with surrogate
[2026-01-28 14:35:26,745:main.py#L167:INFO]: ----------------------------------------------------------------------------------------------------
[2026-01-28 14:39:36,169:main.py#L172:INFO]: [Workload 74/233] Successfully completed tuning for: tpcds_74.wg with surrogate
[2026-01-28 14:39:36,170:main.py#L163:INFO]: ----------------------------------------------------------------------------------------------------
[2026-01-28 14:39:36,170:main.py#L164:INFO]: [Workload 75/233] Starting tuning for: tpcds_75.wg with surrogate
[2026-01-28 14:39:36,170:main.py#L167:INFO]: ----------------------------------------------------------------------------------------------------
[2026-01-28 14:43:56,231:main.py#L172:INFO]: [Workload 75/233] Successfully completed tuning for: tpcds_75.wg with surrogate
[2026-01-28 14:43:56,231:main.py#L163:INFO]: ----------------------------------------------------------------------------------------------------
[2026-01-28 14:43:56,231:main.py#L164:INFO]: [Workload 76/233] Starting tuning for: tpcds_76.wg with surrogate
[2026-01-28 14:43:56,231:main.py#L167:INFO]: ----------------------------------------------------------------------------------------------------
[2026-01-28 14:48:21,963:main.py#L172:INFO]: [Workload 76/233] Successfully completed tuning for: tpcds_76.wg with surrogate
[2026-01-28 14:48:21,963:main.py#L163:INFO]: ----------------------------------------------------------------------------------------------------
[2026-01-28 14:48:21,963:main.py#L164:INFO]: [Workload 77/233] Starting tuning for: tpcds_77.wg with surrogate
[2026-01-28 14:48:21,963:main.py#L167:INFO]: ----------------------------------------------------------------------------------------------------
[2026-01-28 14:52:39,972:main.py#L172:INFO]: [Workload 77/233] Successfully completed tuning for: tpcds_77.wg with surrogate
[2026-01-28 14:52:39,972:main.py#L163:INFO]: ----------------------------------------------------------------------------------------------------
[2026-01-28 14:52:39,972:main.py#L164:INFO]: [Workload 78/233] Starting tuning for: tpcds_78.wg with surrogate
[2026-01-28 14:52:39,972:main.py#L167:INFO]: ----------------------------------------------------------------------------------------------------
[2026-01-28 14:56:57,511:main.py#L172:INFO]: [Workload 78/233] Successfully completed tuning for: tpcds_78.wg with surrogate
[2026-01-28 14:56:57,512:main.py#L163:INFO]: ----------------------------------------------------------------------------------------------------
[2026-01-28 14:56:57,512:main.py#L164:INFO]: [Workload 79/233] Starting tuning for: tpcds_79.wg with surrogate
[2026-01-28 14:56:57,512:main.py#L167:INFO]: ----------------------------------------------------------------------------------------------------
[2026-01-28 15:01:19,894:main.py#L172:INFO]: [Workload 79/233] Successfully completed tuning for: tpcds_79.wg with surrogate
[2026-01-28 15:01:19,894:main.py#L163:INFO]: ----------------------------------------------------------------------------------------------------
[2026-01-28 15:01:19,894:main.py#L164:INFO]: [Workload 80/233] Starting tuning for: tpcds_80.wg with surrogate
[2026-01-28 15:01:19,895:main.py#L167:INFO]: ----------------------------------------------------------------------------------------------------
[2026-01-28 15:05:36,958:main.py#L172:INFO]: [Workload 80/233] Successfully completed tuning for: tpcds_80.wg with surrogate
[2026-01-28 15:05:36,958:main.py#L163:INFO]: ----------------------------------------------------------------------------------------------------
[2026-01-28 15:05:36,958:main.py#L164:INFO]: [Workload 81/233] Starting tuning for: tpcds_81.wg with surrogate
[2026-01-28 15:05:36,958:main.py#L167:INFO]: ----------------------------------------------------------------------------------------------------
[2026-01-28 15:09:59,879:main.py#L172:INFO]: [Workload 81/233] Successfully completed tuning for: tpcds_81.wg with surrogate
[2026-01-28 15:09:59,879:main.py#L163:INFO]: ----------------------------------------------------------------------------------------------------
[2026-01-28 15:09:59,879:main.py#L164:INFO]: [Workload 82/233] Starting tuning for: tpcds_82.wg with surrogate
[2026-01-28 15:09:59,879:main.py#L167:INFO]: ----------------------------------------------------------------------------------------------------
[2026-01-28 15:14:21,596:main.py#L172:INFO]: [Workload 82/233] Successfully completed tuning for: tpcds_82.wg with surrogate
[2026-01-28 15:14:21,596:main.py#L163:INFO]: ----------------------------------------------------------------------------------------------------
[2026-01-28 15:14:21,596:main.py#L164:INFO]: [Workload 83/233] Starting tuning for: tpcds_83.wg with surrogate
[2026-01-28 15:14:21,596:main.py#L167:INFO]: ----------------------------------------------------------------------------------------------------
[2026-01-28 15:18:30,323:main.py#L172:INFO]: [Workload 83/233] Successfully completed tuning for: tpcds_83.wg with surrogate
[2026-01-28 15:18:30,323:main.py#L163:INFO]: ----------------------------------------------------------------------------------------------------
[2026-01-28 15:18:30,324:main.py#L164:INFO]: [Workload 84/233] Starting tuning for: tpcds_84.wg with surrogate
[2026-01-28 15:18:30,324:main.py#L167:INFO]: ----------------------------------------------------------------------------------------------------
[2026-01-28 15:22:50,341:main.py#L172:INFO]: [Workload 84/233] Successfully completed tuning for: tpcds_84.wg with surrogate
[2026-01-28 15:22:50,341:main.py#L163:INFO]: ----------------------------------------------------------------------------------------------------
[2026-01-28 15:22:50,341:main.py#L164:INFO]: [Workload 85/233] Starting tuning for: tpcds_85.wg with surrogate
[2026-01-28 15:22:50,341:main.py#L167:INFO]: ----------------------------------------------------------------------------------------------------
[2026-01-28 15:27:14,201:main.py#L172:INFO]: [Workload 85/233] Successfully completed tuning for: tpcds_85.wg with surrogate
[2026-01-28 15:27:14,202:main.py#L163:INFO]: ----------------------------------------------------------------------------------------------------
[2026-01-28 15:27:14,202:main.py#L164:INFO]: [Workload 86/233] Starting tuning for: tpcds_86.wg with surrogate
[2026-01-28 15:27:14,202:main.py#L167:INFO]: ----------------------------------------------------------------------------------------------------
[2026-01-28 15:31:31,332:main.py#L172:INFO]: [Workload 86/233] Successfully completed tuning for: tpcds_86.wg with surrogate
[2026-01-28 15:31:31,332:main.py#L163:INFO]: ----------------------------------------------------------------------------------------------------
[2026-01-28 15:31:31,332:main.py#L164:INFO]: [Workload 87/233] Starting tuning for: tpcds_87.wg with surrogate
[2026-01-28 15:31:31,332:main.py#L167:INFO]: ----------------------------------------------------------------------------------------------------
[2026-01-28 15:35:47,139:main.py#L172:INFO]: [Workload 87/233] Successfully completed tuning for: tpcds_87.wg with surrogate
[2026-01-28 15:35:47,140:main.py#L163:INFO]: ----------------------------------------------------------------------------------------------------
[2026-01-28 15:35:47,140:main.py#L164:INFO]: [Workload 88/233] Starting tuning for: tpcds_88.wg with surrogate
[2026-01-28 15:35:47,140:main.py#L167:INFO]: ----------------------------------------------------------------------------------------------------
[2026-01-28 15:40:02,562:main.py#L172:INFO]: [Workload 88/233] Successfully completed tuning for: tpcds_88.wg with surrogate
[2026-01-28 15:40:02,562:main.py#L163:INFO]: ----------------------------------------------------------------------------------------------------
[2026-01-28 15:40:02,562:main.py#L164:INFO]: [Workload 89/233] Starting tuning for: tpcds_89.wg with surrogate
[2026-01-28 15:40:02,562:main.py#L167:INFO]: ----------------------------------------------------------------------------------------------------
[2026-01-28 15:44:13,527:main.py#L172:INFO]: [Workload 89/233] Successfully completed tuning for: tpcds_89.wg with surrogate
[2026-01-28 15:44:13,528:main.py#L163:INFO]: ----------------------------------------------------------------------------------------------------
[2026-01-28 15:44:13,528:main.py#L164:INFO]: [Workload 90/233] Starting tuning for: tpcds_90.wg with surrogate
[2026-01-28 15:44:13,528:main.py#L167:INFO]: ----------------------------------------------------------------------------------------------------
[2026-01-28 15:48:27,084:main.py#L172:INFO]: [Workload 90/233] Successfully completed tuning for: tpcds_90.wg with surrogate
[2026-01-28 15:48:27,084:main.py#L163:INFO]: ----------------------------------------------------------------------------------------------------
[2026-01-28 15:48:27,084:main.py#L164:INFO]: [Workload 91/233] Starting tuning for: tpcds_91.wg with surrogate
[2026-01-28 15:48:27,084:main.py#L167:INFO]: ----------------------------------------------------------------------------------------------------
[2026-01-28 15:52:35,135:main.py#L172:INFO]: [Workload 91/233] Successfully completed tuning for: tpcds_91.wg with surrogate
[2026-01-28 15:52:35,135:main.py#L163:INFO]: ----------------------------------------------------------------------------------------------------
[2026-01-28 15:52:35,135:main.py#L164:INFO]: [Workload 92/233] Starting tuning for: tpcds_92.wg with surrogate
[2026-01-28 15:52:35,135:main.py#L167:INFO]: ----------------------------------------------------------------------------------------------------
[2026-01-28 15:56:47,942:main.py#L172:INFO]: [Workload 92/233] Successfully completed tuning for: tpcds_92.wg with surrogate
[2026-01-28 15:56:47,942:main.py#L163:INFO]: ----------------------------------------------------------------------------------------------------
[2026-01-28 15:56:47,942:main.py#L164:INFO]: [Workload 93/233] Starting tuning for: tpcds_93.wg with surrogate
[2026-01-28 15:56:47,942:main.py#L167:INFO]: ----------------------------------------------------------------------------------------------------
[2026-01-28 16:00:58,962:main.py#L172:INFO]: [Workload 93/233] Successfully completed tuning for: tpcds_93.wg with surrogate
[2026-01-28 16:00:58,962:main.py#L163:INFO]: ----------------------------------------------------------------------------------------------------
[2026-01-28 16:00:58,962:main.py#L164:INFO]: [Workload 94/233] Starting tuning for: tpcds_94.wg with surrogate
[2026-01-28 16:00:58,962:main.py#L167:INFO]: ----------------------------------------------------------------------------------------------------
[2026-01-28 16:05:22,380:main.py#L172:INFO]: [Workload 94/233] Successfully completed tuning for: tpcds_94.wg with surrogate
[2026-01-28 16:05:22,381:main.py#L163:INFO]: ----------------------------------------------------------------------------------------------------
[2026-01-28 16:05:22,381:main.py#L164:INFO]: [Workload 95/233] Starting tuning for: tpcds_95.wg with surrogate
[2026-01-28 16:05:22,381:main.py#L167:INFO]: ----------------------------------------------------------------------------------------------------
[2026-01-28 16:09:44,222:main.py#L172:INFO]: [Workload 95/233] Successfully completed tuning for: tpcds_95.wg with surrogate
[2026-01-28 16:09:44,222:main.py#L163:INFO]: ----------------------------------------------------------------------------------------------------
[2026-01-28 16:09:44,222:main.py#L164:INFO]: [Workload 96/233] Starting tuning for: tpcds_96.wg with surrogate
[2026-01-28 16:09:44,222:main.py#L167:INFO]: ----------------------------------------------------------------------------------------------------
[2026-01-28 16:14:07,173:main.py#L172:INFO]: [Workload 96/233] Successfully completed tuning for: tpcds_96.wg with surrogate
[2026-01-28 16:14:07,173:main.py#L163:INFO]: ----------------------------------------------------------------------------------------------------
[2026-01-28 16:14:07,173:main.py#L164:INFO]: [Workload 97/233] Starting tuning for: tpcds_97.wg with surrogate
[2026-01-28 16:14:07,174:main.py#L167:INFO]: ----------------------------------------------------------------------------------------------------
[2026-01-28 16:18:28,404:main.py#L172:INFO]: [Workload 97/233] Successfully completed tuning for: tpcds_97.wg with surrogate
[2026-01-28 16:18:28,404:main.py#L163:INFO]: ----------------------------------------------------------------------------------------------------
[2026-01-28 16:18:28,404:main.py#L164:INFO]: [Workload 98/233] Starting tuning for: tpcds_98.wg with surrogate
[2026-01-28 16:18:28,404:main.py#L167:INFO]: ----------------------------------------------------------------------------------------------------
[2026-01-28 16:22:45,736:main.py#L172:INFO]: [Workload 98/233] Successfully completed tuning for: tpcds_98.wg with surrogate
[2026-01-28 16:22:45,737:main.py#L163:INFO]: ----------------------------------------------------------------------------------------------------
[2026-01-28 16:22:45,737:main.py#L164:INFO]: [Workload 99/233] Starting tuning for: tpcds_99.wg with surrogate
[2026-01-28 16:22:45,737:main.py#L167:INFO]: ----------------------------------------------------------------------------------------------------
[2026-01-28 16:27:00,659:main.py#L172:INFO]: [Workload 99/233] Successfully completed tuning for: tpcds_99.wg with surrogate
[2026-01-28 16:27:00,659:main.py#L163:INFO]: ----------------------------------------------------------------------------------------------------
[2026-01-28 16:27:00,659:main.py#L164:INFO]: [Workload 100/233] Starting tuning for: tpcds_100.wg with surrogate
[2026-01-28 16:27:00,659:main.py#L167:INFO]: ----------------------------------------------------------------------------------------------------
[2026-01-28 16:31:14,223:main.py#L172:INFO]: [Workload 100/233] Successfully completed tuning for: tpcds_100.wg with surrogate
[2026-01-28 16:31:14,223:main.py#L163:INFO]: ----------------------------------------------------------------------------------------------------
[2026-01-28 16:31:14,224:main.py#L164:INFO]: [Workload 101/233] Starting tuning for: tpcds_101.wg with surrogate
[2026-01-28 16:31:14,224:main.py#L167:INFO]: ----------------------------------------------------------------------------------------------------
[2026-01-28 16:35:24,943:main.py#L172:INFO]: [Workload 101/233] Successfully completed tuning for: tpcds_101.wg with surrogate
[2026-01-28 16:35:24,943:main.py#L163:INFO]: ----------------------------------------------------------------------------------------------------
[2026-01-28 16:35:24,943:main.py#L164:INFO]: [Workload 102/233] Starting tuning for: tpcds_102.wg with surrogate
[2026-01-28 16:35:24,943:main.py#L167:INFO]: ----------------------------------------------------------------------------------------------------
[2026-01-28 16:39:41,011:main.py#L172:INFO]: [Workload 102/233] Successfully completed tuning for: tpcds_102.wg with surrogate
[2026-01-28 16:39:41,011:main.py#L163:INFO]: ----------------------------------------------------------------------------------------------------
[2026-01-28 16:39:41,011:main.py#L164:INFO]: [Workload 103/233] Starting tuning for: tpcds_103.wg with surrogate
[2026-01-28 16:39:41,011:main.py#L167:INFO]: ----------------------------------------------------------------------------------------------------
[2026-01-28 16:43:44,311:main.py#L172:INFO]: [Workload 103/233] Successfully completed tuning for: tpcds_103.wg with surrogate
[2026-01-28 16:43:44,311:main.py#L163:INFO]: ----------------------------------------------------------------------------------------------------
[2026-01-28 16:43:44,311:main.py#L164:INFO]: [Workload 104/233] Starting tuning for: tpcds_104.wg with surrogate
[2026-01-28 16:43:44,311:main.py#L167:INFO]: ----------------------------------------------------------------------------------------------------
[2026-01-28 16:47:55,818:main.py#L172:INFO]: [Workload 104/233] Successfully completed tuning for: tpcds_104.wg with surrogate
[2026-01-28 16:47:55,818:main.py#L163:INFO]: ----------------------------------------------------------------------------------------------------
[2026-01-28 16:47:55,818:main.py#L164:INFO]: [Workload 105/233] Starting tuning for: tpcds_105.wg with surrogate
[2026-01-28 16:47:55,818:main.py#L167:INFO]: ----------------------------------------------------------------------------------------------------
[2026-01-28 16:52:16,583:main.py#L172:INFO]: [Workload 105/233] Successfully completed tuning for: tpcds_105.wg with surrogate
[2026-01-28 16:52:16,583:main.py#L163:INFO]: ----------------------------------------------------------------------------------------------------
[2026-01-28 16:52:16,584:main.py#L164:INFO]: [Workload 106/233] Starting tuning for: tpcds_106.wg with surrogate
[2026-01-28 16:52:16,584:main.py#L167:INFO]: ----------------------------------------------------------------------------------------------------
[2026-01-28 16:56:37,932:main.py#L172:INFO]: [Workload 106/233] Successfully completed tuning for: tpcds_106.wg with surrogate
[2026-01-28 16:56:37,932:main.py#L163:INFO]: ----------------------------------------------------------------------------------------------------
[2026-01-28 16:56:37,932:main.py#L164:INFO]: [Workload 107/233] Starting tuning for: tpcds_107.wg with surrogate
[2026-01-28 16:56:37,932:main.py#L167:INFO]: ----------------------------------------------------------------------------------------------------
[2026-01-28 17:00:56,814:main.py#L172:INFO]: [Workload 107/233] Successfully completed tuning for: tpcds_107.wg with surrogate
[2026-01-28 17:00:56,814:main.py#L163:INFO]: ----------------------------------------------------------------------------------------------------
[2026-01-28 17:00:56,814:main.py#L164:INFO]: [Workload 108/233] Starting tuning for: tpcds_108.wg with surrogate
[2026-01-28 17:00:56,814:main.py#L167:INFO]: ----------------------------------------------------------------------------------------------------
[2026-01-28 17:05:13,822:main.py#L172:INFO]: [Workload 108/233] Successfully completed tuning for: tpcds_108.wg with surrogate
[2026-01-28 17:05:13,823:main.py#L163:INFO]: ----------------------------------------------------------------------------------------------------
[2026-01-28 17:05:13,823:main.py#L164:INFO]: [Workload 109/233] Starting tuning for: tpcds_109.wg with surrogate
[2026-01-28 17:05:13,823:main.py#L167:INFO]: ----------------------------------------------------------------------------------------------------
[2026-01-28 17:09:20,047:main.py#L172:INFO]: [Workload 109/233] Successfully completed tuning for: tpcds_109.wg with surrogate
[2026-01-28 17:09:20,047:main.py#L163:INFO]: ----------------------------------------------------------------------------------------------------
[2026-01-28 17:09:20,047:main.py#L164:INFO]: [Workload 110/233] Starting tuning for: tpcds_110.wg with surrogate
[2026-01-28 17:09:20,047:main.py#L167:INFO]: ----------------------------------------------------------------------------------------------------
[2026-01-28 17:13:33,405:main.py#L172:INFO]: [Workload 110/233] Successfully completed tuning for: tpcds_110.wg with surrogate
[2026-01-28 17:13:33,405:main.py#L163:INFO]: ----------------------------------------------------------------------------------------------------
[2026-01-28 17:13:33,405:main.py#L164:INFO]: [Workload 111/233] Starting tuning for: tpcds_111.wg with surrogate
[2026-01-28 17:13:33,405:main.py#L167:INFO]: ----------------------------------------------------------------------------------------------------
[2026-01-28 17:18:07,751:main.py#L172:INFO]: [Workload 111/233] Successfully completed tuning for: tpcds_111.wg with surrogate
[2026-01-28 17:18:07,751:main.py#L163:INFO]: ----------------------------------------------------------------------------------------------------
[2026-01-28 17:18:07,751:main.py#L164:INFO]: [Workload 112/233] Starting tuning for: tpcds_112.wg with surrogate
[2026-01-28 17:18:07,751:main.py#L167:INFO]: ----------------------------------------------------------------------------------------------------
[2026-01-28 17:22:25,432:main.py#L172:INFO]: [Workload 112/233] Successfully completed tuning for: tpcds_112.wg with surrogate
[2026-01-28 17:22:25,433:main.py#L163:INFO]: ----------------------------------------------------------------------------------------------------
[2026-01-28 17:22:25,433:main.py#L164:INFO]: [Workload 113/233] Starting tuning for: tpcds_113.wg with surrogate
[2026-01-28 17:22:25,433:main.py#L167:INFO]: ----------------------------------------------------------------------------------------------------
[2026-01-28 17:26:34,354:main.py#L172:INFO]: [Workload 113/233] Successfully completed tuning for: tpcds_113.wg with surrogate
[2026-01-28 17:26:34,354:main.py#L163:INFO]: ----------------------------------------------------------------------------------------------------
[2026-01-28 17:26:34,354:main.py#L164:INFO]: [Workload 114/233] Starting tuning for: tpcds_114.wg with surrogate
[2026-01-28 17:26:34,354:main.py#L167:INFO]: ----------------------------------------------------------------------------------------------------
[2026-01-28 17:31:01,261:main.py#L172:INFO]: [Workload 114/233] Successfully completed tuning for: tpcds_114.wg with surrogate
[2026-01-28 17:31:01,261:main.py#L163:INFO]: ----------------------------------------------------------------------------------------------------
[2026-01-28 17:31:01,261:main.py#L164:INFO]: [Workload 115/233] Starting tuning for: tpcds_115.wg with surrogate
[2026-01-28 17:31:01,261:main.py#L167:INFO]: ----------------------------------------------------------------------------------------------------
[2026-01-28 17:35:17,743:main.py#L172:INFO]: [Workload 115/233] Successfully completed tuning for: tpcds_115.wg with surrogate
[2026-01-28 17:35:17,743:main.py#L163:INFO]: ----------------------------------------------------------------------------------------------------
[2026-01-28 17:35:17,743:main.py#L164:INFO]: [Workload 116/233] Starting tuning for: tpcds_116.wg with surrogate
[2026-01-28 17:35:17,743:main.py#L167:INFO]: ----------------------------------------------------------------------------------------------------
[2026-01-28 17:39:35,467:main.py#L172:INFO]: [Workload 116/233] Successfully completed tuning for: tpcds_116.wg with surrogate
[2026-01-28 17:39:35,468:main.py#L163:INFO]: ----------------------------------------------------------------------------------------------------
[2026-01-28 17:39:35,468:main.py#L164:INFO]: [Workload 117/233] Starting tuning for: tpcds_117.wg with surrogate
[2026-01-28 17:39:35,468:main.py#L167:INFO]: ----------------------------------------------------------------------------------------------------
[2026-01-28 17:44:01,622:main.py#L172:INFO]: [Workload 117/233] Successfully completed tuning for: tpcds_117.wg with surrogate
[2026-01-28 17:44:01,623:main.py#L163:INFO]: ----------------------------------------------------------------------------------------------------
[2026-01-28 17:44:01,623:main.py#L164:INFO]: [Workload 118/233] Starting tuning for: tpcds_118.wg with surrogate
[2026-01-28 17:44:01,623:main.py#L167:INFO]: ----------------------------------------------------------------------------------------------------
[2026-01-28 17:48:22,937:main.py#L172:INFO]: [Workload 118/233] Successfully completed tuning for: tpcds_118.wg with surrogate
[2026-01-28 17:48:22,937:main.py#L163:INFO]: ----------------------------------------------------------------------------------------------------
[2026-01-28 17:48:22,937:main.py#L164:INFO]: [Workload 119/233] Starting tuning for: tpcds_119.wg with surrogate
[2026-01-28 17:48:22,937:main.py#L167:INFO]: ----------------------------------------------------------------------------------------------------
[2026-01-28 17:52:43,913:main.py#L172:INFO]: [Workload 119/233] Successfully completed tuning for: tpcds_119.wg with surrogate
[2026-01-28 17:52:43,913:main.py#L163:INFO]: ----------------------------------------------------------------------------------------------------
[2026-01-28 17:52:43,913:main.py#L164:INFO]: [Workload 120/233] Starting tuning for: tpcds_120.wg with surrogate
[2026-01-28 17:52:43,913:main.py#L167:INFO]: ----------------------------------------------------------------------------------------------------
[2026-01-28 17:56:56,043:main.py#L172:INFO]: [Workload 120/233] Successfully completed tuning for: tpcds_120.wg with surrogate
[2026-01-28 17:56:56,043:main.py#L163:INFO]: ----------------------------------------------------------------------------------------------------
[2026-01-28 17:56:56,043:main.py#L164:INFO]: [Workload 121/233] Starting tuning for: tpcds_121.wg with surrogate
[2026-01-28 17:56:56,043:main.py#L167:INFO]: ----------------------------------------------------------------------------------------------------
[2026-01-28 18:01:15,411:main.py#L172:INFO]: [Workload 121/233] Successfully completed tuning for: tpcds_121.wg with surrogate
[2026-01-28 18:01:15,412:main.py#L163:INFO]: ----------------------------------------------------------------------------------------------------
[2026-01-28 18:01:15,412:main.py#L164:INFO]: [Workload 122/233] Starting tuning for: tpcds_122.wg with surrogate
[2026-01-28 18:01:15,412:main.py#L167:INFO]: ----------------------------------------------------------------------------------------------------
[2026-01-28 18:05:30,821:main.py#L172:INFO]: [Workload 122/233] Successfully completed tuning for: tpcds_122.wg with surrogate
[2026-01-28 18:05:30,821:main.py#L163:INFO]: ----------------------------------------------------------------------------------------------------
[2026-01-28 18:05:30,821:main.py#L164:INFO]: [Workload 123/233] Starting tuning for: tpcds_123.wg with surrogate
[2026-01-28 18:05:30,821:main.py#L167:INFO]: ----------------------------------------------------------------------------------------------------
[2026-01-28 18:09:50,109:main.py#L172:INFO]: [Workload 123/233] Successfully completed tuning for: tpcds_123.wg with surrogate
[2026-01-28 18:09:50,110:main.py#L163:INFO]: ----------------------------------------------------------------------------------------------------
[2026-01-28 18:09:50,110:main.py#L164:INFO]: [Workload 124/233] Starting tuning for: tpcds_124.wg with surrogate
[2026-01-28 18:09:50,110:main.py#L167:INFO]: ----------------------------------------------------------------------------------------------------
[2026-01-28 18:14:02,254:main.py#L172:INFO]: [Workload 124/233] Successfully completed tuning for: tpcds_124.wg with surrogate
[2026-01-28 18:14:02,254:main.py#L163:INFO]: ----------------------------------------------------------------------------------------------------
[2026-01-28 18:14:02,254:main.py#L164:INFO]: [Workload 125/233] Starting tuning for: tpcds_125.wg with surrogate
[2026-01-28 18:14:02,254:main.py#L167:INFO]: ----------------------------------------------------------------------------------------------------
[2026-01-28 18:18:16,461:main.py#L172:INFO]: [Workload 125/233] Successfully completed tuning for: tpcds_125.wg with surrogate
[2026-01-28 18:18:16,462:main.py#L163:INFO]: ----------------------------------------------------------------------------------------------------
[2026-01-28 18:18:16,462:main.py#L164:INFO]: [Workload 126/233] Starting tuning for: tpcds_126.wg with surrogate
[2026-01-28 18:18:16,462:main.py#L167:INFO]: ----------------------------------------------------------------------------------------------------
[2026-01-28 18:22:27,669:main.py#L172:INFO]: [Workload 126/233] Successfully completed tuning for: tpcds_126.wg with surrogate
[2026-01-28 18:22:27,670:main.py#L163:INFO]: ----------------------------------------------------------------------------------------------------
[2026-01-28 18:22:27,670:main.py#L164:INFO]: [Workload 127/233] Starting tuning for: tpcds_127.wg with surrogate
[2026-01-28 18:22:27,670:main.py#L167:INFO]: ----------------------------------------------------------------------------------------------------
[2026-01-28 18:26:41,515:main.py#L172:INFO]: [Workload 127/233] Successfully completed tuning for: tpcds_127.wg with surrogate
[2026-01-28 18:26:41,515:main.py#L163:INFO]: ----------------------------------------------------------------------------------------------------
[2026-01-28 18:26:41,515:main.py#L164:INFO]: [Workload 128/233] Starting tuning for: tpcds_128.wg with surrogate
[2026-01-28 18:26:41,515:main.py#L167:INFO]: ----------------------------------------------------------------------------------------------------
[2026-01-28 18:31:01,363:main.py#L172:INFO]: [Workload 128/233] Successfully completed tuning for: tpcds_128.wg with surrogate
[2026-01-28 18:31:01,363:main.py#L163:INFO]: ----------------------------------------------------------------------------------------------------
[2026-01-28 18:31:01,363:main.py#L164:INFO]: [Workload 129/233] Starting tuning for: tpcds_129.wg with surrogate
[2026-01-28 18:31:01,363:main.py#L167:INFO]: ----------------------------------------------------------------------------------------------------
[2026-01-28 18:35:16,943:main.py#L172:INFO]: [Workload 129/233] Successfully completed tuning for: tpcds_129.wg with surrogate
[2026-01-28 18:35:16,943:main.py#L163:INFO]: ----------------------------------------------------------------------------------------------------
[2026-01-28 18:35:16,943:main.py#L164:INFO]: [Workload 130/233] Starting tuning for: tpcds_130.wg with surrogate
[2026-01-28 18:35:16,943:main.py#L167:INFO]: ----------------------------------------------------------------------------------------------------
[2026-01-28 18:39:27,498:main.py#L172:INFO]: [Workload 130/233] Successfully completed tuning for: tpcds_130.wg with surrogate
[2026-01-28 18:39:27,498:main.py#L163:INFO]: ----------------------------------------------------------------------------------------------------
[2026-01-28 18:39:27,498:main.py#L164:INFO]: [Workload 131/233] Starting tuning for: tpcds_131.wg with surrogate
[2026-01-28 18:39:27,498:main.py#L167:INFO]: ----------------------------------------------------------------------------------------------------
[2026-01-28 18:43:39,656:main.py#L172:INFO]: [Workload 131/233] Successfully completed tuning for: tpcds_131.wg with surrogate
[2026-01-28 18:43:39,656:main.py#L163:INFO]: ----------------------------------------------------------------------------------------------------
[2026-01-28 18:43:39,656:main.py#L164:INFO]: [Workload 132/233] Starting tuning for: tpcds_132.wg with surrogate
[2026-01-28 18:43:39,656:main.py#L167:INFO]: ----------------------------------------------------------------------------------------------------
[2026-01-28 18:47:53,438:main.py#L172:INFO]: [Workload 132/233] Successfully completed tuning for: tpcds_132.wg with surrogate
[2026-01-28 18:47:53,438:main.py#L163:INFO]: ----------------------------------------------------------------------------------------------------
[2026-01-28 18:47:53,438:main.py#L164:INFO]: [Workload 133/233] Starting tuning for: tpcds_133.wg with surrogate
[2026-01-28 18:47:53,438:main.py#L167:INFO]: ----------------------------------------------------------------------------------------------------
[2026-01-28 18:52:08,465:main.py#L172:INFO]: [Workload 133/233] Successfully completed tuning for: tpcds_133.wg with surrogate
[2026-01-28 18:52:08,465:main.py#L163:INFO]: ----------------------------------------------------------------------------------------------------
[2026-01-28 18:52:08,465:main.py#L164:INFO]: [Workload 134/233] Starting tuning for: tpcds_134.wg with surrogate
[2026-01-28 18:52:08,465:main.py#L167:INFO]: ----------------------------------------------------------------------------------------------------
[2026-01-28 18:56:23,311:main.py#L172:INFO]: [Workload 134/233] Successfully completed tuning for: tpcds_134.wg with surrogate
[2026-01-28 18:56:23,312:main.py#L163:INFO]: ----------------------------------------------------------------------------------------------------
[2026-01-28 18:56:23,312:main.py#L164:INFO]: [Workload 135/233] Starting tuning for: tpcds_135.wg with surrogate
[2026-01-28 18:56:23,312:main.py#L167:INFO]: ----------------------------------------------------------------------------------------------------
[2026-01-28 19:00:34,896:main.py#L172:INFO]: [Workload 135/233] Successfully completed tuning for: tpcds_135.wg with surrogate
[2026-01-28 19:00:34,896:main.py#L163:INFO]: ----------------------------------------------------------------------------------------------------
[2026-01-28 19:00:34,896:main.py#L164:INFO]: [Workload 136/233] Starting tuning for: tpcds_136.wg with surrogate
[2026-01-28 19:00:34,896:main.py#L167:INFO]: ----------------------------------------------------------------------------------------------------
[2026-01-28 19:04:50,412:main.py#L172:INFO]: [Workload 136/233] Successfully completed tuning for: tpcds_136.wg with surrogate
[2026-01-28 19:04:50,412:main.py#L163:INFO]: ----------------------------------------------------------------------------------------------------
[2026-01-28 19:04:50,413:main.py#L164:INFO]: [Workload 137/233] Starting tuning for: tpcds_137.wg with surrogate
[2026-01-28 19:04:50,413:main.py#L167:INFO]: ----------------------------------------------------------------------------------------------------
[2026-01-28 19:09:06,564:main.py#L172:INFO]: [Workload 137/233] Successfully completed tuning for: tpcds_137.wg with surrogate
[2026-01-28 19:09:06,564:main.py#L163:INFO]: ----------------------------------------------------------------------------------------------------
[2026-01-28 19:09:06,564:main.py#L164:INFO]: [Workload 138/233] Starting tuning for: tpcds_138.wg with surrogate
[2026-01-28 19:09:06,564:main.py#L167:INFO]: ----------------------------------------------------------------------------------------------------
[2026-01-28 19:13:26,742:main.py#L172:INFO]: [Workload 138/233] Successfully completed tuning for: tpcds_138.wg with surrogate
[2026-01-28 19:13:26,742:main.py#L163:INFO]: ----------------------------------------------------------------------------------------------------
[2026-01-28 19:13:26,742:main.py#L164:INFO]: [Workload 139/233] Starting tuning for: tpcds_139.wg with surrogate
[2026-01-28 19:13:26,742:main.py#L167:INFO]: ----------------------------------------------------------------------------------------------------
[2026-01-28 19:17:50,801:main.py#L172:INFO]: [Workload 139/233] Successfully completed tuning for: tpcds_139.wg with surrogate
[2026-01-28 19:17:50,801:main.py#L163:INFO]: ----------------------------------------------------------------------------------------------------
[2026-01-28 19:17:50,801:main.py#L164:INFO]: [Workload 140/233] Starting tuning for: tpcds_140.wg with surrogate
[2026-01-28 19:17:50,801:main.py#L167:INFO]: ----------------------------------------------------------------------------------------------------
[2026-01-28 19:23:10,880:main.py#L172:INFO]: [Workload 140/233] Successfully completed tuning for: tpcds_140.wg with surrogate
[2026-01-28 19:23:10,881:main.py#L163:INFO]: ----------------------------------------------------------------------------------------------------
[2026-01-28 19:23:10,881:main.py#L164:INFO]: [Workload 141/233] Starting tuning for: tpcds_141.wg with surrogate
[2026-01-28 19:23:10,881:main.py#L167:INFO]: ----------------------------------------------------------------------------------------------------
[2026-01-28 19:27:22,227:main.py#L172:INFO]: [Workload 141/233] Successfully completed tuning for: tpcds_141.wg with surrogate
[2026-01-28 19:27:22,227:main.py#L163:INFO]: ----------------------------------------------------------------------------------------------------
[2026-01-28 19:27:22,227:main.py#L164:INFO]: [Workload 142/233] Starting tuning for: tpcds_142.wg with surrogate
[2026-01-28 19:27:22,227:main.py#L167:INFO]: ----------------------------------------------------------------------------------------------------
[2026-01-28 19:31:34,234:main.py#L172:INFO]: [Workload 142/233] Successfully completed tuning for: tpcds_142.wg with surrogate
[2026-01-28 19:31:34,234:main.py#L163:INFO]: ----------------------------------------------------------------------------------------------------
[2026-01-28 19:31:34,234:main.py#L164:INFO]: [Workload 143/233] Starting tuning for: tpcds_143.wg with surrogate
[2026-01-28 19:31:34,234:main.py#L167:INFO]: ----------------------------------------------------------------------------------------------------
[2026-01-28 19:35:48,020:main.py#L172:INFO]: [Workload 143/233] Successfully completed tuning for: tpcds_143.wg with surrogate
[2026-01-28 19:35:48,020:main.py#L163:INFO]: ----------------------------------------------------------------------------------------------------
[2026-01-28 19:35:48,020:main.py#L164:INFO]: [Workload 144/233] Starting tuning for: tpcds_144.wg with surrogate
[2026-01-28 19:35:48,020:main.py#L167:INFO]: ----------------------------------------------------------------------------------------------------
[2026-01-28 19:39:56,057:main.py#L172:INFO]: [Workload 144/233] Successfully completed tuning for: tpcds_144.wg with surrogate
[2026-01-28 19:39:56,058:main.py#L163:INFO]: ----------------------------------------------------------------------------------------------------
[2026-01-28 19:39:56,058:main.py#L164:INFO]: [Workload 145/233] Starting tuning for: tpcds_145.wg with surrogate
[2026-01-28 19:39:56,058:main.py#L167:INFO]: ----------------------------------------------------------------------------------------------------
[2026-01-28 19:44:38,402:main.py#L172:INFO]: [Workload 145/233] Successfully completed tuning for: tpcds_145.wg with surrogate
[2026-01-28 19:44:38,402:main.py#L163:INFO]: ----------------------------------------------------------------------------------------------------
[2026-01-28 19:44:38,403:main.py#L164:INFO]: [Workload 146/233] Starting tuning for: tpcds_146.wg with surrogate
[2026-01-28 19:44:38,403:main.py#L167:INFO]: ----------------------------------------------------------------------------------------------------
[2026-01-28 19:48:57,707:main.py#L172:INFO]: [Workload 146/233] Successfully completed tuning for: tpcds_146.wg with surrogate
[2026-01-28 19:48:57,707:main.py#L163:INFO]: ----------------------------------------------------------------------------------------------------
[2026-01-28 19:48:57,707:main.py#L164:INFO]: [Workload 147/233] Starting tuning for: tpcds_147.wg with surrogate
[2026-01-28 19:48:57,707:main.py#L167:INFO]: ----------------------------------------------------------------------------------------------------
[2026-01-28 19:53:12,614:main.py#L172:INFO]: [Workload 147/233] Successfully completed tuning for: tpcds_147.wg with surrogate
[2026-01-28 19:53:12,615:main.py#L163:INFO]: ----------------------------------------------------------------------------------------------------
[2026-01-28 19:53:12,615:main.py#L164:INFO]: [Workload 148/233] Starting tuning for: tpcds_148.wg with surrogate
[2026-01-28 19:53:12,615:main.py#L167:INFO]: ----------------------------------------------------------------------------------------------------
[2026-01-28 19:57:51,929:main.py#L172:INFO]: [Workload 148/233] Successfully completed tuning for: tpcds_148.wg with surrogate
[2026-01-28 19:57:51,930:main.py#L163:INFO]: ----------------------------------------------------------------------------------------------------
[2026-01-28 19:57:51,930:main.py#L164:INFO]: [Workload 149/233] Starting tuning for: tpcds_149.wg with surrogate
[2026-01-28 19:57:51,930:main.py#L167:INFO]: ----------------------------------------------------------------------------------------------------
[2026-01-28 20:04:48,019:main.py#L172:INFO]: [Workload 149/233] Successfully completed tuning for: tpcds_149.wg with surrogate
[2026-01-28 20:04:48,019:main.py#L163:INFO]: ----------------------------------------------------------------------------------------------------
[2026-01-28 20:04:48,019:main.py#L164:INFO]: [Workload 150/233] Starting tuning for: tpcds_150.wg with surrogate
[2026-01-28 20:04:48,019:main.py#L167:INFO]: ----------------------------------------------------------------------------------------------------
[2026-01-28 20:09:10,519:main.py#L172:INFO]: [Workload 150/233] Successfully completed tuning for: tpcds_150.wg with surrogate
[2026-01-28 20:09:10,520:main.py#L163:INFO]: ----------------------------------------------------------------------------------------------------
[2026-01-28 20:09:10,520:main.py#L164:INFO]: [Workload 151/233] Starting tuning for: tpcds_151.wg with surrogate
[2026-01-28 20:09:10,520:main.py#L167:INFO]: ----------------------------------------------------------------------------------------------------
[2026-01-28 20:13:30,479:main.py#L172:INFO]: [Workload 151/233] Successfully completed tuning for: tpcds_151.wg with surrogate
[2026-01-28 20:13:30,480:main.py#L163:INFO]: ----------------------------------------------------------------------------------------------------
[2026-01-28 20:13:30,480:main.py#L164:INFO]: [Workload 152/233] Starting tuning for: tpcds_152.wg with surrogate
[2026-01-28 20:13:30,480:main.py#L167:INFO]: ----------------------------------------------------------------------------------------------------
[2026-01-28 20:17:47,433:main.py#L172:INFO]: [Workload 152/233] Successfully completed tuning for: tpcds_152.wg with surrogate
[2026-01-28 20:17:47,434:main.py#L163:INFO]: ----------------------------------------------------------------------------------------------------
[2026-01-28 20:17:47,434:main.py#L164:INFO]: [Workload 153/233] Starting tuning for: tpcds_153.wg with surrogate
[2026-01-28 20:17:47,434:main.py#L167:INFO]: ----------------------------------------------------------------------------------------------------
[2026-01-28 20:22:16,327:main.py#L172:INFO]: [Workload 153/233] Successfully completed tuning for: tpcds_153.wg with surrogate
[2026-01-28 20:22:16,327:main.py#L163:INFO]: ----------------------------------------------------------------------------------------------------
[2026-01-28 20:22:16,327:main.py#L164:INFO]: [Workload 154/233] Starting tuning for: tpcds_154.wg with surrogate
[2026-01-28 20:22:16,327:main.py#L167:INFO]: ----------------------------------------------------------------------------------------------------
[2026-01-28 20:26:47,193:main.py#L172:INFO]: [Workload 154/233] Successfully completed tuning for: tpcds_154.wg with surrogate
[2026-01-28 20:26:47,194:main.py#L163:INFO]: ----------------------------------------------------------------------------------------------------
[2026-01-28 20:26:47,194:main.py#L164:INFO]: [Workload 155/233] Starting tuning for: tpcds_155.wg with surrogate
[2026-01-28 20:26:47,194:main.py#L167:INFO]: ----------------------------------------------------------------------------------------------------
[2026-01-28 20:31:16,115:main.py#L172:INFO]: [Workload 155/233] Successfully completed tuning for: tpcds_155.wg with surrogate
[2026-01-28 20:31:16,115:main.py#L163:INFO]: ----------------------------------------------------------------------------------------------------
[2026-01-28 20:31:16,116:main.py#L164:INFO]: [Workload 156/233] Starting tuning for: tpcds_156.wg with surrogate
[2026-01-28 20:31:16,116:main.py#L167:INFO]: ----------------------------------------------------------------------------------------------------
[2026-01-28 20:35:46,104:main.py#L172:INFO]: [Workload 156/233] Successfully completed tuning for: tpcds_156.wg with surrogate
[2026-01-28 20:35:46,104:main.py#L163:INFO]: ----------------------------------------------------------------------------------------------------
[2026-01-28 20:35:46,104:main.py#L164:INFO]: [Workload 157/233] Starting tuning for: tpcds_157.wg with surrogate
[2026-01-28 20:35:46,104:main.py#L167:INFO]: ----------------------------------------------------------------------------------------------------
[2026-01-28 20:40:09,919:main.py#L172:INFO]: [Workload 157/233] Successfully completed tuning for: tpcds_157.wg with surrogate
[2026-01-28 20:40:09,919:main.py#L163:INFO]: ----------------------------------------------------------------------------------------------------
[2026-01-28 20:40:09,919:main.py#L164:INFO]: [Workload 158/233] Starting tuning for: tpcds_158.wg with surrogate
[2026-01-28 20:40:09,919:main.py#L167:INFO]: ----------------------------------------------------------------------------------------------------
[2026-01-28 20:44:30,550:main.py#L172:INFO]: [Workload 158/233] Successfully completed tuning for: tpcds_158.wg with surrogate
[2026-01-28 20:44:30,550:main.py#L163:INFO]: ----------------------------------------------------------------------------------------------------
[2026-01-28 20:44:30,550:main.py#L164:INFO]: [Workload 159/233] Starting tuning for: tpcds_159.wg with surrogate
[2026-01-28 20:44:30,550:main.py#L167:INFO]: ----------------------------------------------------------------------------------------------------
[2026-01-28 20:49:01,272:main.py#L172:INFO]: [Workload 159/233] Successfully completed tuning for: tpcds_159.wg with surrogate
[2026-01-28 20:49:01,272:main.py#L163:INFO]: ----------------------------------------------------------------------------------------------------
[2026-01-28 20:49:01,272:main.py#L164:INFO]: [Workload 160/233] Starting tuning for: tpcds_160.wg with surrogate
[2026-01-28 20:49:01,272:main.py#L167:INFO]: ----------------------------------------------------------------------------------------------------
[2026-01-28 20:53:35,891:main.py#L172:INFO]: [Workload 160/233] Successfully completed tuning for: tpcds_160.wg with surrogate
[2026-01-28 20:53:35,891:main.py#L163:INFO]: ----------------------------------------------------------------------------------------------------
[2026-01-28 20:53:35,891:main.py#L164:INFO]: [Workload 161/233] Starting tuning for: tpcds_161.wg with surrogate
[2026-01-28 20:53:35,891:main.py#L167:INFO]: ----------------------------------------------------------------------------------------------------
[2026-01-28 20:57:53,522:main.py#L172:INFO]: [Workload 161/233] Successfully completed tuning for: tpcds_161.wg with surrogate
[2026-01-28 20:57:53,522:main.py#L163:INFO]: ----------------------------------------------------------------------------------------------------
[2026-01-28 20:57:53,522:main.py#L164:INFO]: [Workload 162/233] Starting tuning for: tpcds_162.wg with surrogate
[2026-01-28 20:57:53,522:main.py#L167:INFO]: ----------------------------------------------------------------------------------------------------
[2026-01-28 21:02:04,226:main.py#L172:INFO]: [Workload 162/233] Successfully completed tuning for: tpcds_162.wg with surrogate
[2026-01-28 21:02:04,227:main.py#L163:INFO]: ----------------------------------------------------------------------------------------------------
[2026-01-28 21:02:04,227:main.py#L164:INFO]: [Workload 163/233] Starting tuning for: tpcds_163.wg with surrogate
[2026-01-28 21:02:04,227:main.py#L167:INFO]: ----------------------------------------------------------------------------------------------------
[2026-01-28 21:06:16,430:main.py#L172:INFO]: [Workload 163/233] Successfully completed tuning for: tpcds_163.wg with surrogate
[2026-01-28 21:06:16,430:main.py#L163:INFO]: ----------------------------------------------------------------------------------------------------
[2026-01-28 21:06:16,430:main.py#L164:INFO]: [Workload 164/233] Starting tuning for: tpcds_164.wg with surrogate
[2026-01-28 21:06:16,430:main.py#L167:INFO]: ----------------------------------------------------------------------------------------------------
[2026-01-28 21:10:39,653:main.py#L172:INFO]: [Workload 164/233] Successfully completed tuning for: tpcds_164.wg with surrogate
[2026-01-28 21:10:39,653:main.py#L163:INFO]: ----------------------------------------------------------------------------------------------------
[2026-01-28 21:10:39,653:main.py#L164:INFO]: [Workload 165/233] Starting tuning for: tpcds_165.wg with surrogate
[2026-01-28 21:10:39,653:main.py#L167:INFO]: ----------------------------------------------------------------------------------------------------
[2026-01-28 21:15:01,652:main.py#L172:INFO]: [Workload 165/233] Successfully completed tuning for: tpcds_165.wg with surrogate
[2026-01-28 21:15:01,652:main.py#L163:INFO]: ----------------------------------------------------------------------------------------------------
[2026-01-28 21:15:01,652:main.py#L164:INFO]: [Workload 166/233] Starting tuning for: tpcds_166.wg with surrogate
[2026-01-28 21:15:01,652:main.py#L167:INFO]: ----------------------------------------------------------------------------------------------------
[2026-01-28 21:19:16,396:main.py#L172:INFO]: [Workload 166/233] Successfully completed tuning for: tpcds_166.wg with surrogate
[2026-01-28 21:19:16,397:main.py#L163:INFO]: ----------------------------------------------------------------------------------------------------
[2026-01-28 21:19:16,397:main.py#L164:INFO]: [Workload 167/233] Starting tuning for: tpcds_167.wg with surrogate
[2026-01-28 21:19:16,397:main.py#L167:INFO]: ----------------------------------------------------------------------------------------------------
[2026-01-28 21:23:56,663:main.py#L172:INFO]: [Workload 167/233] Successfully completed tuning for: tpcds_167.wg with surrogate
[2026-01-28 21:23:56,663:main.py#L163:INFO]: ----------------------------------------------------------------------------------------------------
[2026-01-28 21:23:56,663:main.py#L164:INFO]: [Workload 168/233] Starting tuning for: tpcds_168.wg with surrogate
[2026-01-28 21:23:56,663:main.py#L167:INFO]: ----------------------------------------------------------------------------------------------------
[2026-01-28 21:28:15,603:main.py#L172:INFO]: [Workload 168/233] Successfully completed tuning for: tpcds_168.wg with surrogate
[2026-01-28 21:28:15,604:main.py#L163:INFO]: ----------------------------------------------------------------------------------------------------
[2026-01-28 21:28:15,604:main.py#L164:INFO]: [Workload 169/233] Starting tuning for: tpcds_169.wg with surrogate
[2026-01-28 21:28:15,604:main.py#L167:INFO]: ----------------------------------------------------------------------------------------------------
[2026-01-28 21:32:35,255:main.py#L172:INFO]: [Workload 169/233] Successfully completed tuning for: tpcds_169.wg with surrogate
[2026-01-28 21:32:35,256:main.py#L163:INFO]: ----------------------------------------------------------------------------------------------------
[2026-01-28 21:32:35,256:main.py#L164:INFO]: [Workload 170/233] Starting tuning for: tpcds_170.wg with surrogate
[2026-01-28 21:32:35,256:main.py#L167:INFO]: ----------------------------------------------------------------------------------------------------
[2026-01-28 21:36:51,685:main.py#L172:INFO]: [Workload 170/233] Successfully completed tuning for: tpcds_170.wg with surrogate
[2026-01-28 21:36:51,686:main.py#L163:INFO]: ----------------------------------------------------------------------------------------------------
[2026-01-28 21:36:51,686:main.py#L164:INFO]: [Workload 171/233] Starting tuning for: tpcds_171.wg with surrogate
[2026-01-28 21:36:51,686:main.py#L167:INFO]: ----------------------------------------------------------------------------------------------------
[2026-01-28 21:41:00,459:main.py#L172:INFO]: [Workload 171/233] Successfully completed tuning for: tpcds_171.wg with surrogate
[2026-01-28 21:41:00,459:main.py#L163:INFO]: ----------------------------------------------------------------------------------------------------
[2026-01-28 21:41:00,459:main.py#L164:INFO]: [Workload 172/233] Starting tuning for: tpcds_172.wg with surrogate
[2026-01-28 21:41:00,459:main.py#L167:INFO]: ----------------------------------------------------------------------------------------------------
[2026-01-28 21:45:12,220:main.py#L172:INFO]: [Workload 172/233] Successfully completed tuning for: tpcds_172.wg with surrogate
[2026-01-28 21:45:12,220:main.py#L163:INFO]: ----------------------------------------------------------------------------------------------------
[2026-01-28 21:45:12,221:main.py#L164:INFO]: [Workload 173/233] Starting tuning for: tpcds_173.wg with surrogate
[2026-01-28 21:45:12,221:main.py#L167:INFO]: ----------------------------------------------------------------------------------------------------
[2026-01-28 21:49:14,060:main.py#L172:INFO]: [Workload 173/233] Successfully completed tuning for: tpcds_173.wg with surrogate
[2026-01-28 21:49:14,060:main.py#L163:INFO]: ----------------------------------------------------------------------------------------------------
[2026-01-28 21:49:14,060:main.py#L164:INFO]: [Workload 174/233] Starting tuning for: tpcds_174.wg with surrogate
[2026-01-28 21:49:14,060:main.py#L167:INFO]: ----------------------------------------------------------------------------------------------------
[2026-01-28 21:53:35,542:main.py#L172:INFO]: [Workload 174/233] Successfully completed tuning for: tpcds_174.wg with surrogate
[2026-01-28 21:53:35,543:main.py#L163:INFO]: ----------------------------------------------------------------------------------------------------
[2026-01-28 21:53:35,543:main.py#L164:INFO]: [Workload 175/233] Starting tuning for: tpcds_175.wg with surrogate
[2026-01-28 21:53:35,543:main.py#L167:INFO]: ----------------------------------------------------------------------------------------------------
[2026-01-28 21:58:01,111:main.py#L172:INFO]: [Workload 175/233] Successfully completed tuning for: tpcds_175.wg with surrogate
[2026-01-28 21:58:01,111:main.py#L163:INFO]: ----------------------------------------------------------------------------------------------------
[2026-01-28 21:58:01,111:main.py#L164:INFO]: [Workload 176/233] Starting tuning for: tpcds_176.wg with surrogate
[2026-01-28 21:58:01,111:main.py#L167:INFO]: ----------------------------------------------------------------------------------------------------
[2026-01-28 22:02:19,083:main.py#L172:INFO]: [Workload 176/233] Successfully completed tuning for: tpcds_176.wg with surrogate
[2026-01-28 22:02:19,083:main.py#L163:INFO]: ----------------------------------------------------------------------------------------------------
[2026-01-28 22:02:19,083:main.py#L164:INFO]: [Workload 177/233] Starting tuning for: tpcds_177.wg with surrogate
[2026-01-28 22:02:19,083:main.py#L167:INFO]: ----------------------------------------------------------------------------------------------------
[2026-01-28 22:06:31,293:main.py#L172:INFO]: [Workload 177/233] Successfully completed tuning for: tpcds_177.wg with surrogate
[2026-01-28 22:06:31,294:main.py#L163:INFO]: ----------------------------------------------------------------------------------------------------
[2026-01-28 22:06:31,294:main.py#L164:INFO]: [Workload 178/233] Starting tuning for: tpcds_178.wg with surrogate
[2026-01-28 22:06:31,294:main.py#L167:INFO]: ----------------------------------------------------------------------------------------------------
[2026-01-28 22:10:35,515:main.py#L172:INFO]: [Workload 178/233] Successfully completed tuning for: tpcds_178.wg with surrogate
[2026-01-28 22:10:35,515:main.py#L163:INFO]: ----------------------------------------------------------------------------------------------------
[2026-01-28 22:10:35,516:main.py#L164:INFO]: [Workload 179/233] Starting tuning for: tpcds_179.wg with surrogate
[2026-01-28 22:10:35,516:main.py#L167:INFO]: ----------------------------------------------------------------------------------------------------
[2026-01-28 22:14:51,676:main.py#L172:INFO]: [Workload 179/233] Successfully completed tuning for: tpcds_179.wg with surrogate
[2026-01-28 22:14:51,676:main.py#L163:INFO]: ----------------------------------------------------------------------------------------------------
[2026-01-28 22:14:51,676:main.py#L164:INFO]: [Workload 180/233] Starting tuning for: tpcds_180.wg with surrogate
[2026-01-28 22:14:51,676:main.py#L167:INFO]: ----------------------------------------------------------------------------------------------------
[2026-01-28 22:19:04,489:main.py#L172:INFO]: [Workload 180/233] Successfully completed tuning for: tpcds_180.wg with surrogate
[2026-01-28 22:19:04,489:main.py#L163:INFO]: ----------------------------------------------------------------------------------------------------
[2026-01-28 22:19:04,490:main.py#L164:INFO]: [Workload 181/233] Starting tuning for: tpcds_181.wg with surrogate
[2026-01-28 22:19:04,490:main.py#L167:INFO]: ----------------------------------------------------------------------------------------------------
[2026-01-28 22:23:22,116:main.py#L172:INFO]: [Workload 181/233] Successfully completed tuning for: tpcds_181.wg with surrogate
[2026-01-28 22:23:22,116:main.py#L163:INFO]: ----------------------------------------------------------------------------------------------------
[2026-01-28 22:23:22,116:main.py#L164:INFO]: [Workload 182/233] Starting tuning for: tpcds_182.wg with surrogate
[2026-01-28 22:23:22,116:main.py#L167:INFO]: ----------------------------------------------------------------------------------------------------
[2026-01-28 22:27:32,656:main.py#L172:INFO]: [Workload 182/233] Successfully completed tuning for: tpcds_182.wg with surrogate
[2026-01-28 22:27:32,656:main.py#L163:INFO]: ----------------------------------------------------------------------------------------------------
[2026-01-28 22:27:32,656:main.py#L164:INFO]: [Workload 183/233] Starting tuning for: tpcds_183.wg with surrogate
[2026-01-28 22:27:32,656:main.py#L167:INFO]: ----------------------------------------------------------------------------------------------------
[2026-01-28 22:31:49,129:main.py#L172:INFO]: [Workload 183/233] Successfully completed tuning for: tpcds_183.wg with surrogate
[2026-01-28 22:31:49,129:main.py#L163:INFO]: ----------------------------------------------------------------------------------------------------
[2026-01-28 22:31:49,129:main.py#L164:INFO]: [Workload 184/233] Starting tuning for: tpcds_184.wg with surrogate
[2026-01-28 22:31:49,129:main.py#L167:INFO]: ----------------------------------------------------------------------------------------------------
[2026-01-28 22:36:05,277:main.py#L172:INFO]: [Workload 184/233] Successfully completed tuning for: tpcds_184.wg with surrogate
[2026-01-28 22:36:05,277:main.py#L163:INFO]: ----------------------------------------------------------------------------------------------------
[2026-01-28 22:36:05,277:main.py#L164:INFO]: [Workload 185/233] Starting tuning for: tpcds_185.wg with surrogate
[2026-01-28 22:36:05,277:main.py#L167:INFO]: ----------------------------------------------------------------------------------------------------
[2026-01-28 22:40:21,908:main.py#L172:INFO]: [Workload 185/233] Successfully completed tuning for: tpcds_185.wg with surrogate
[2026-01-28 22:40:21,908:main.py#L163:INFO]: ----------------------------------------------------------------------------------------------------
[2026-01-28 22:40:21,908:main.py#L164:INFO]: [Workload 186/233] Starting tuning for: tpcds_186.wg with surrogate
[2026-01-28 22:40:21,908:main.py#L167:INFO]: ----------------------------------------------------------------------------------------------------
[2026-01-28 22:44:29,159:main.py#L172:INFO]: [Workload 186/233] Successfully completed tuning for: tpcds_186.wg with surrogate
[2026-01-28 22:44:29,159:main.py#L163:INFO]: ----------------------------------------------------------------------------------------------------
[2026-01-28 22:44:29,159:main.py#L164:INFO]: [Workload 187/233] Starting tuning for: tpcds_187.wg with surrogate
[2026-01-28 22:44:29,159:main.py#L167:INFO]: ----------------------------------------------------------------------------------------------------
[2026-01-28 22:48:47,213:main.py#L172:INFO]: [Workload 187/233] Successfully completed tuning for: tpcds_187.wg with surrogate
[2026-01-28 22:48:47,213:main.py#L163:INFO]: ----------------------------------------------------------------------------------------------------
[2026-01-28 22:48:47,213:main.py#L164:INFO]: [Workload 188/233] Starting tuning for: tpcds_188.wg with surrogate
[2026-01-28 22:48:47,213:main.py#L167:INFO]: ----------------------------------------------------------------------------------------------------
[2026-01-28 22:53:09,293:main.py#L172:INFO]: [Workload 188/233] Successfully completed tuning for: tpcds_188.wg with surrogate
[2026-01-28 22:53:09,294:main.py#L163:INFO]: ----------------------------------------------------------------------------------------------------
[2026-01-28 22:53:09,294:main.py#L164:INFO]: [Workload 189/233] Starting tuning for: tpcds_189.wg with surrogate
[2026-01-28 22:53:09,294:main.py#L167:INFO]: ----------------------------------------------------------------------------------------------------
[2026-01-28 22:57:23,559:main.py#L172:INFO]: [Workload 189/233] Successfully completed tuning for: tpcds_189.wg with surrogate
[2026-01-28 22:57:23,560:main.py#L163:INFO]: ----------------------------------------------------------------------------------------------------
[2026-01-28 22:57:23,560:main.py#L164:INFO]: [Workload 190/233] Starting tuning for: tpcds_190.wg with surrogate
[2026-01-28 22:57:23,560:main.py#L167:INFO]: ----------------------------------------------------------------------------------------------------
[2026-01-28 23:01:43,050:main.py#L172:INFO]: [Workload 190/233] Successfully completed tuning for: tpcds_190.wg with surrogate
[2026-01-28 23:01:43,050:main.py#L163:INFO]: ----------------------------------------------------------------------------------------------------
[2026-01-28 23:01:43,050:main.py#L164:INFO]: [Workload 191/233] Starting tuning for: tpcds_191.wg with surrogate
[2026-01-28 23:01:43,050:main.py#L167:INFO]: ----------------------------------------------------------------------------------------------------
[2026-01-28 23:06:02,936:main.py#L172:INFO]: [Workload 191/233] Successfully completed tuning for: tpcds_191.wg with surrogate
[2026-01-28 23:06:02,936:main.py#L163:INFO]: ----------------------------------------------------------------------------------------------------
[2026-01-28 23:06:02,936:main.py#L164:INFO]: [Workload 192/233] Starting tuning for: tpcds_192.wg with surrogate
[2026-01-28 23:06:02,936:main.py#L167:INFO]: ----------------------------------------------------------------------------------------------------
[2026-01-28 23:10:23,584:main.py#L172:INFO]: [Workload 192/233] Successfully completed tuning for: tpcds_192.wg with surrogate
[2026-01-28 23:10:23,584:main.py#L163:INFO]: ----------------------------------------------------------------------------------------------------
[2026-01-28 23:10:23,584:main.py#L164:INFO]: [Workload 193/233] Starting tuning for: tpcds_193.wg with surrogate
[2026-01-28 23:10:23,584:main.py#L167:INFO]: ----------------------------------------------------------------------------------------------------
[2026-01-28 23:14:39,689:main.py#L172:INFO]: [Workload 193/233] Successfully completed tuning for: tpcds_193.wg with surrogate
[2026-01-28 23:14:39,690:main.py#L163:INFO]: ----------------------------------------------------------------------------------------------------
[2026-01-28 23:14:39,690:main.py#L164:INFO]: [Workload 194/233] Starting tuning for: tpcds_194.wg with surrogate
[2026-01-28 23:14:39,690:main.py#L167:INFO]: ----------------------------------------------------------------------------------------------------
[2026-01-28 23:18:57,551:main.py#L172:INFO]: [Workload 194/233] Successfully completed tuning for: tpcds_194.wg with surrogate
[2026-01-28 23:18:57,551:main.py#L163:INFO]: ----------------------------------------------------------------------------------------------------
[2026-01-28 23:18:57,551:main.py#L164:INFO]: [Workload 195/233] Starting tuning for: tpcds_195.wg with surrogate
[2026-01-28 23:18:57,551:main.py#L167:INFO]: ----------------------------------------------------------------------------------------------------
[2026-01-28 23:23:12,257:main.py#L172:INFO]: [Workload 195/233] Successfully completed tuning for: tpcds_195.wg with surrogate
[2026-01-28 23:23:12,257:main.py#L163:INFO]: ----------------------------------------------------------------------------------------------------
[2026-01-28 23:23:12,257:main.py#L164:INFO]: [Workload 196/233] Starting tuning for: tpcds_196.wg with surrogate
[2026-01-28 23:23:12,257:main.py#L167:INFO]: ----------------------------------------------------------------------------------------------------
[2026-01-28 23:27:24,571:main.py#L172:INFO]: [Workload 196/233] Successfully completed tuning for: tpcds_196.wg with surrogate
[2026-01-28 23:27:24,571:main.py#L163:INFO]: ----------------------------------------------------------------------------------------------------
[2026-01-28 23:27:24,571:main.py#L164:INFO]: [Workload 197/233] Starting tuning for: tpcds_197.wg with surrogate
[2026-01-28 23:27:24,571:main.py#L167:INFO]: ----------------------------------------------------------------------------------------------------
[2026-01-28 23:31:38,393:main.py#L172:INFO]: [Workload 197/233] Successfully completed tuning for: tpcds_197.wg with surrogate
[2026-01-28 23:31:38,393:main.py#L163:INFO]: ----------------------------------------------------------------------------------------------------
[2026-01-28 23:31:38,393:main.py#L164:INFO]: [Workload 198/233] Starting tuning for: tpcds_198.wg with surrogate
[2026-01-28 23:31:38,393:main.py#L167:INFO]: ----------------------------------------------------------------------------------------------------
[2026-01-28 23:35:49,710:main.py#L172:INFO]: [Workload 198/233] Successfully completed tuning for: tpcds_198.wg with surrogate
[2026-01-28 23:35:49,710:main.py#L163:INFO]: ----------------------------------------------------------------------------------------------------
[2026-01-28 23:35:49,710:main.py#L164:INFO]: [Workload 199/233] Starting tuning for: tpcds_199.wg with surrogate
[2026-01-28 23:35:49,710:main.py#L167:INFO]: ----------------------------------------------------------------------------------------------------
[2026-01-28 23:40:02,039:main.py#L172:INFO]: [Workload 199/233] Successfully completed tuning for: tpcds_199.wg with surrogate
[2026-01-28 23:40:02,039:main.py#L163:INFO]: ----------------------------------------------------------------------------------------------------
[2026-01-28 23:40:02,040:main.py#L164:INFO]: [Workload 200/233] Starting tuning for: tpcds_200.wg with surrogate
[2026-01-28 23:40:02,040:main.py#L167:INFO]: ----------------------------------------------------------------------------------------------------
[2026-01-28 23:44:18,318:main.py#L172:INFO]: [Workload 200/233] Successfully completed tuning for: tpcds_200.wg with surrogate
[2026-01-28 23:44:18,318:main.py#L163:INFO]: ----------------------------------------------------------------------------------------------------
[2026-01-28 23:44:18,319:main.py#L164:INFO]: [Workload 201/233] Starting tuning for: tpcds_201.wg with surrogate
[2026-01-28 23:44:18,319:main.py#L167:INFO]: ----------------------------------------------------------------------------------------------------
[2026-01-28 23:48:31,028:main.py#L172:INFO]: [Workload 201/233] Successfully completed tuning for: tpcds_201.wg with surrogate
[2026-01-28 23:48:31,028:main.py#L163:INFO]: ----------------------------------------------------------------------------------------------------
[2026-01-28 23:48:31,028:main.py#L164:INFO]: [Workload 202/233] Starting tuning for: tpcds_202.wg with surrogate
[2026-01-28 23:48:31,028:main.py#L167:INFO]: ----------------------------------------------------------------------------------------------------
[2026-01-28 23:52:52,075:main.py#L172:INFO]: [Workload 202/233] Successfully completed tuning for: tpcds_202.wg with surrogate
[2026-01-28 23:52:52,075:main.py#L163:INFO]: ----------------------------------------------------------------------------------------------------
[2026-01-28 23:52:52,075:main.py#L164:INFO]: [Workload 203/233] Starting tuning for: tpcds_203.wg with surrogate
[2026-01-28 23:52:52,075:main.py#L167:INFO]: ----------------------------------------------------------------------------------------------------
[2026-01-28 23:57:03,756:main.py#L172:INFO]: [Workload 203/233] Successfully completed tuning for: tpcds_203.wg with surrogate
[2026-01-28 23:57:03,756:main.py#L163:INFO]: ----------------------------------------------------------------------------------------------------
[2026-01-28 23:57:03,756:main.py#L164:INFO]: [Workload 204/233] Starting tuning for: tpcds_204.wg with surrogate
[2026-01-28 23:57:03,756:main.py#L167:INFO]: ----------------------------------------------------------------------------------------------------
[2026-01-29 00:01:14,632:main.py#L172:INFO]: [Workload 204/233] Successfully completed tuning for: tpcds_204.wg with surrogate
[2026-01-29 00:01:14,633:main.py#L163:INFO]: ----------------------------------------------------------------------------------------------------
[2026-01-29 00:01:14,633:main.py#L164:INFO]: [Workload 205/233] Starting tuning for: tpcds_205.wg with surrogate
[2026-01-29 00:01:14,633:main.py#L167:INFO]: ----------------------------------------------------------------------------------------------------
[2026-01-29 00:05:46,313:main.py#L172:INFO]: [Workload 205/233] Successfully completed tuning for: tpcds_205.wg with surrogate
[2026-01-29 00:05:46,313:main.py#L163:INFO]: ----------------------------------------------------------------------------------------------------
[2026-01-29 00:05:46,313:main.py#L164:INFO]: [Workload 206/233] Starting tuning for: tpcds_206.wg with surrogate
[2026-01-29 00:05:46,313:main.py#L167:INFO]: ----------------------------------------------------------------------------------------------------
[2026-01-29 00:09:54,757:main.py#L172:INFO]: [Workload 206/233] Successfully completed tuning for: tpcds_206.wg with surrogate
[2026-01-29 00:09:54,757:main.py#L163:INFO]: ----------------------------------------------------------------------------------------------------
[2026-01-29 00:09:54,757:main.py#L164:INFO]: [Workload 207/233] Starting tuning for: tpcds_207.wg with surrogate
[2026-01-29 00:09:54,757:main.py#L167:INFO]: ----------------------------------------------------------------------------------------------------
[2026-01-29 00:13:59,025:main.py#L172:INFO]: [Workload 207/233] Successfully completed tuning for: tpcds_207.wg with surrogate
[2026-01-29 00:13:59,025:main.py#L163:INFO]: ----------------------------------------------------------------------------------------------------
[2026-01-29 00:13:59,025:main.py#L164:INFO]: [Workload 208/233] Starting tuning for: tpcds_208.wg with surrogate
[2026-01-29 00:13:59,025:main.py#L167:INFO]: ----------------------------------------------------------------------------------------------------
[2026-01-29 00:18:06,560:main.py#L172:INFO]: [Workload 208/233] Successfully completed tuning for: tpcds_208.wg with surrogate
[2026-01-29 00:18:06,560:main.py#L163:INFO]: ----------------------------------------------------------------------------------------------------
[2026-01-29 00:18:06,560:main.py#L164:INFO]: [Workload 209/233] Starting tuning for: tpcds_209.wg with surrogate
[2026-01-29 00:18:06,560:main.py#L167:INFO]: ----------------------------------------------------------------------------------------------------
[2026-01-29 00:22:21,922:main.py#L172:INFO]: [Workload 209/233] Successfully completed tuning for: tpcds_209.wg with surrogate
[2026-01-29 00:22:21,923:main.py#L163:INFO]: ----------------------------------------------------------------------------------------------------
[2026-01-29 00:22:21,923:main.py#L164:INFO]: [Workload 210/233] Starting tuning for: tpcds_210.wg with surrogate
[2026-01-29 00:22:21,923:main.py#L167:INFO]: ----------------------------------------------------------------------------------------------------
[2026-01-29 00:26:41,503:main.py#L172:INFO]: [Workload 210/233] Successfully completed tuning for: tpcds_210.wg with surrogate
[2026-01-29 00:26:41,504:main.py#L163:INFO]: ----------------------------------------------------------------------------------------------------
[2026-01-29 00:26:41,504:main.py#L164:INFO]: [Workload 211/233] Starting tuning for: tpcds_211.wg with surrogate
[2026-01-29 00:26:41,504:main.py#L167:INFO]: ----------------------------------------------------------------------------------------------------
[2026-01-29 00:31:05,005:main.py#L172:INFO]: [Workload 211/233] Successfully completed tuning for: tpcds_211.wg with surrogate
[2026-01-29 00:31:05,005:main.py#L163:INFO]: ----------------------------------------------------------------------------------------------------
[2026-01-29 00:31:05,005:main.py#L164:INFO]: [Workload 212/233] Starting tuning for: tpcds_212.wg with surrogate
[2026-01-29 00:31:05,005:main.py#L167:INFO]: ----------------------------------------------------------------------------------------------------
[2026-01-29 00:35:31,106:main.py#L172:INFO]: [Workload 212/233] Successfully completed tuning for: tpcds_212.wg with surrogate
[2026-01-29 00:35:31,106:main.py#L163:INFO]: ----------------------------------------------------------------------------------------------------
[2026-01-29 00:35:31,106:main.py#L164:INFO]: [Workload 213/233] Starting tuning for: tpcds_213.wg with surrogate
[2026-01-29 00:35:31,106:main.py#L167:INFO]: ----------------------------------------------------------------------------------------------------
[2026-01-29 00:39:48,632:main.py#L172:INFO]: [Workload 213/233] Successfully completed tuning for: tpcds_213.wg with surrogate
[2026-01-29 00:39:48,633:main.py#L163:INFO]: ----------------------------------------------------------------------------------------------------
[2026-01-29 00:39:48,633:main.py#L164:INFO]: [Workload 214/233] Starting tuning for: tpcds_214.wg with surrogate
[2026-01-29 00:39:48,633:main.py#L167:INFO]: ----------------------------------------------------------------------------------------------------
[2026-01-29 00:44:10,643:main.py#L172:INFO]: [Workload 214/233] Successfully completed tuning for: tpcds_214.wg with surrogate
[2026-01-29 00:44:10,644:main.py#L163:INFO]: ----------------------------------------------------------------------------------------------------
[2026-01-29 00:44:10,644:main.py#L164:INFO]: [Workload 215/233] Starting tuning for: tpcds_215.wg with surrogate
[2026-01-29 00:44:10,644:main.py#L167:INFO]: ----------------------------------------------------------------------------------------------------
[2026-01-29 00:48:15,997:main.py#L172:INFO]: [Workload 215/233] Successfully completed tuning for: tpcds_215.wg with surrogate
[2026-01-29 00:48:15,997:main.py#L163:INFO]: ----------------------------------------------------------------------------------------------------
[2026-01-29 00:48:15,997:main.py#L164:INFO]: [Workload 216/233] Starting tuning for: tpcds_216.wg with surrogate
[2026-01-29 00:48:15,997:main.py#L167:INFO]: ----------------------------------------------------------------------------------------------------
[2026-01-29 00:52:27,076:main.py#L172:INFO]: [Workload 216/233] Successfully completed tuning for: tpcds_216.wg with surrogate
[2026-01-29 00:52:27,076:main.py#L163:INFO]: ----------------------------------------------------------------------------------------------------
[2026-01-29 00:52:27,076:main.py#L164:INFO]: [Workload 217/233] Starting tuning for: tpcds_217.wg with surrogate
[2026-01-29 00:52:27,076:main.py#L167:INFO]: ----------------------------------------------------------------------------------------------------
[2026-01-29 00:56:46,216:main.py#L172:INFO]: [Workload 217/233] Successfully completed tuning for: tpcds_217.wg with surrogate
[2026-01-29 00:56:46,216:main.py#L163:INFO]: ----------------------------------------------------------------------------------------------------
[2026-01-29 00:56:46,216:main.py#L164:INFO]: [Workload 218/233] Starting tuning for: tpcds_218.wg with surrogate
[2026-01-29 00:56:46,216:main.py#L167:INFO]: ----------------------------------------------------------------------------------------------------
[2026-01-29 01:01:04,026:main.py#L172:INFO]: [Workload 218/233] Successfully completed tuning for: tpcds_218.wg with surrogate
[2026-01-29 01:01:04,026:main.py#L163:INFO]: ----------------------------------------------------------------------------------------------------
[2026-01-29 01:01:04,026:main.py#L164:INFO]: [Workload 219/233] Starting tuning for: tpcds_219.wg with surrogate
[2026-01-29 01:01:04,026:main.py#L167:INFO]: ----------------------------------------------------------------------------------------------------
[2026-01-29 01:05:23,176:main.py#L172:INFO]: [Workload 219/233] Successfully completed tuning for: tpcds_219.wg with surrogate
[2026-01-29 01:05:23,176:main.py#L163:INFO]: ----------------------------------------------------------------------------------------------------
[2026-01-29 01:05:23,176:main.py#L164:INFO]: [Workload 220/233] Starting tuning for: tpcds_220.wg with surrogate
[2026-01-29 01:05:23,176:main.py#L167:INFO]: ----------------------------------------------------------------------------------------------------
[2026-01-29 01:09:32,153:main.py#L172:INFO]: [Workload 220/233] Successfully completed tuning for: tpcds_220.wg with surrogate
[2026-01-29 01:09:32,153:main.py#L163:INFO]: ----------------------------------------------------------------------------------------------------
[2026-01-29 01:09:32,153:main.py#L164:INFO]: [Workload 221/233] Starting tuning for: tpcds_221.wg with surrogate
[2026-01-29 01:09:32,153:main.py#L167:INFO]: ----------------------------------------------------------------------------------------------------
[2026-01-29 01:13:45,506:main.py#L172:INFO]: [Workload 221/233] Successfully completed tuning for: tpcds_221.wg with surrogate
[2026-01-29 01:13:45,506:main.py#L163:INFO]: ----------------------------------------------------------------------------------------------------
[2026-01-29 01:13:45,506:main.py#L164:INFO]: [Workload 222/233] Starting tuning for: tpcds_222.wg with surrogate
[2026-01-29 01:13:45,506:main.py#L167:INFO]: ----------------------------------------------------------------------------------------------------
[2026-01-29 01:18:14,259:main.py#L172:INFO]: [Workload 222/233] Successfully completed tuning for: tpcds_222.wg with surrogate
[2026-01-29 01:18:14,260:main.py#L163:INFO]: ----------------------------------------------------------------------------------------------------
[2026-01-29 01:18:14,260:main.py#L164:INFO]: [Workload 223/233] Starting tuning for: tpcds_223.wg with surrogate
[2026-01-29 01:18:14,260:main.py#L167:INFO]: ----------------------------------------------------------------------------------------------------
[2026-01-29 01:22:36,331:main.py#L172:INFO]: [Workload 223/233] Successfully completed tuning for: tpcds_223.wg with surrogate
[2026-01-29 01:22:36,331:main.py#L163:INFO]: ----------------------------------------------------------------------------------------------------
[2026-01-29 01:22:36,331:main.py#L164:INFO]: [Workload 224/233] Starting tuning for: tpcds_224.wg with surrogate
[2026-01-29 01:22:36,331:main.py#L167:INFO]: ----------------------------------------------------------------------------------------------------
[2026-01-29 01:27:14,978:main.py#L172:INFO]: [Workload 224/233] Successfully completed tuning for: tpcds_224.wg with surrogate
[2026-01-29 01:27:14,978:main.py#L163:INFO]: ----------------------------------------------------------------------------------------------------
[2026-01-29 01:27:14,979:main.py#L164:INFO]: [Workload 225/233] Starting tuning for: tpcds_225.wg with surrogate
[2026-01-29 01:27:14,979:main.py#L167:INFO]: ----------------------------------------------------------------------------------------------------
[2026-01-29 01:31:53,729:main.py#L172:INFO]: [Workload 225/233] Successfully completed tuning for: tpcds_225.wg with surrogate
[2026-01-29 01:31:53,729:main.py#L163:INFO]: ----------------------------------------------------------------------------------------------------
[2026-01-29 01:31:53,730:main.py#L164:INFO]: [Workload 226/233] Starting tuning for: tpcds_226.wg with surrogate
[2026-01-29 01:31:53,730:main.py#L167:INFO]: ----------------------------------------------------------------------------------------------------
[2026-01-29 01:36:41,819:main.py#L172:INFO]: [Workload 226/233] Successfully completed tuning for: tpcds_226.wg with surrogate
[2026-01-29 01:36:41,819:main.py#L163:INFO]: ----------------------------------------------------------------------------------------------------
[2026-01-29 01:36:41,819:main.py#L164:INFO]: [Workload 227/233] Starting tuning for: tpcds_227.wg with surrogate
[2026-01-29 01:36:41,819:main.py#L167:INFO]: ----------------------------------------------------------------------------------------------------
[2026-01-29 01:41:11,651:main.py#L172:INFO]: [Workload 227/233] Successfully completed tuning for: tpcds_227.wg with surrogate
[2026-01-29 01:41:11,651:main.py#L163:INFO]: ----------------------------------------------------------------------------------------------------
[2026-01-29 01:41:11,651:main.py#L164:INFO]: [Workload 228/233] Starting tuning for: tpcds_228.wg with surrogate
[2026-01-29 01:41:11,651:main.py#L167:INFO]: ----------------------------------------------------------------------------------------------------
[2026-01-29 01:45:33,207:main.py#L172:INFO]: [Workload 228/233] Successfully completed tuning for: tpcds_228.wg with surrogate
[2026-01-29 01:45:33,208:main.py#L163:INFO]: ----------------------------------------------------------------------------------------------------
[2026-01-29 01:45:33,208:main.py#L164:INFO]: [Workload 229/233] Starting tuning for: tpcds_229.wg with surrogate
[2026-01-29 01:45:33,208:main.py#L167:INFO]: ----------------------------------------------------------------------------------------------------
[2026-01-29 01:50:10,282:main.py#L172:INFO]: [Workload 229/233] Successfully completed tuning for: tpcds_229.wg with surrogate
[2026-01-29 01:50:10,282:main.py#L163:INFO]: ----------------------------------------------------------------------------------------------------
[2026-01-29 01:50:10,282:main.py#L164:INFO]: [Workload 230/233] Starting tuning for: tpcds_230.wg with surrogate
[2026-01-29 01:50:10,282:main.py#L167:INFO]: ----------------------------------------------------------------------------------------------------
[2026-01-29 01:54:30,238:main.py#L172:INFO]: [Workload 230/233] Successfully completed tuning for: tpcds_230.wg with surrogate
[2026-01-29 01:54:30,238:main.py#L163:INFO]: ----------------------------------------------------------------------------------------------------
[2026-01-29 01:54:30,238:main.py#L164:INFO]: [Workload 231/233] Starting tuning for: tpcds_231.wg with surrogate
[2026-01-29 01:54:30,238:main.py#L167:INFO]: ----------------------------------------------------------------------------------------------------
[2026-01-29 01:58:57,822:main.py#L172:INFO]: [Workload 231/233] Successfully completed tuning for: tpcds_231.wg with surrogate
[2026-01-29 01:58:57,822:main.py#L163:INFO]: ----------------------------------------------------------------------------------------------------
[2026-01-29 01:58:57,822:main.py#L164:INFO]: [Workload 232/233] Starting tuning for: tpcds_232.wg with surrogate
[2026-01-29 01:58:57,822:main.py#L167:INFO]: ----------------------------------------------------------------------------------------------------
[2026-01-29 02:03:37,925:main.py#L172:INFO]: [Workload 232/233] Successfully completed tuning for: tpcds_232.wg with surrogate
[2026-01-29 02:03:37,925:main.py#L184:INFO]: ====================================================================================================
[2026-01-29 02:03:37,925:main.py#L185:INFO]: TUNING SUMMARY
[2026-01-29 02:03:37,925:main.py#L186:INFO]: ====================================================================================================
[2026-01-29 02:03:37,925:main.py#L187:INFO]: Total workloads processed: 233
[2026-01-29 02:03:37,925:main.py#L188:INFO]: Successfully tuned: 220
[2026-01-29 02:03:37,925:main.py#L189:INFO]: Skipped (already completed): 13
[2026-01-29 02:03:37,925:main.py#L190:INFO]: Failed: 0
[2026-01-29 02:03:37,925:main.py#L191:INFO]: ====================================================================================================
[2026-01-29 02:03:37,925:main.py#L192:INFO]: E2ETune session completed
[2026-01-29 02:03:37,925:main.py#L193:INFO]: ====================================================================================================
