[2026-01-30 14:35:58,588:main.py#L28:INFO]: ====================================================================================================
[2026-01-30 14:35:58,588:main.py#L29:INFO]: E2ETune: End-to-End Database Tuning System
[2026-01-30 14:35:58,588:main.py#L30:INFO]: ====================================================================================================
[2026-01-30 14:35:58,588:main.py#L31:INFO]: Configuration file: config/config.ini
[2026-01-30 14:35:58,588:main.py#L32:INFO]: Host: localhost
[2026-01-30 14:35:58,588:main.py#L33:INFO]: Database: dss
[2026-01-30 14:35:58,588:main.py#L34:INFO]: Data Path: /var/lib/postgresql/12/main
[2026-01-30 14:35:58,589:main.py#L35:INFO]: Benchmark: tpch
[2026-01-30 14:35:58,589:main.py#L36:INFO]: Workload Path: ./olap_workloads
[2026-01-30 14:35:58,589:main.py#L37:INFO]: ====================================================================================================
[2026-01-30 14:35:58,591:main.py#L63:INFO]: Found 272 workloads matching prefix 'tpch'
[2026-01-30 14:35:58,593:main.py#L71:INFO]: Found 1051 completed workload records in: logs/performance_record
[2026-01-30 14:35:58,593:main.py#L79:INFO]: Processing first 13 of 272 workloads
[2026-01-30 14:35:58,593:main.py#L95:INFO]: [Workload 0/272] Skipping already completed: tpch_0.wg
[2026-01-30 14:35:58,593:main.py#L95:INFO]: [Workload 1/272] Skipping already completed: tpch_1.wg
[2026-01-30 14:35:58,593:main.py#L95:INFO]: [Workload 2/272] Skipping already completed: tpch_2.wg
[2026-01-30 14:35:58,593:main.py#L95:INFO]: [Workload 3/272] Skipping already completed: tpch_3.wg
[2026-01-30 14:35:58,593:main.py#L95:INFO]: [Workload 4/272] Skipping already completed: tpch_4.wg
[2026-01-30 14:35:58,594:main.py#L95:INFO]: [Workload 5/272] Skipping already completed: tpch_5.wg
[2026-01-30 14:35:58,594:main.py#L95:INFO]: [Workload 6/272] Skipping already completed: tpch_6.wg
[2026-01-30 14:35:58,594:main.py#L95:INFO]: [Workload 7/272] Skipping already completed: tpch_7.wg
[2026-01-30 14:35:58,594:main.py#L95:INFO]: [Workload 8/272] Skipping already completed: tpch_8.wg
[2026-01-30 14:35:58,594:main.py#L95:INFO]: [Workload 9/272] Skipping already completed: tpch_9.wg
[2026-01-30 14:35:58,594:main.py#L95:INFO]: [Workload 10/272] Skipping already completed: tpch_10.wg
[2026-01-30 14:35:58,594:main.py#L95:INFO]: [Workload 11/272] Skipping already completed: tpch_11.wg
[2026-01-30 14:35:58,594:main.py#L95:INFO]: [Workload 12/272] Skipping already completed: tpch_12.wg
[2026-01-30 14:35:58,594:main.py#L163:INFO]: ----------------------------------------------------------------------------------------------------
[2026-01-30 14:35:58,594:main.py#L164:INFO]: [Workload 13/272] Starting tuning for: tpch_13.wg with surrogate
[2026-01-30 14:35:58,594:main.py#L167:INFO]: ----------------------------------------------------------------------------------------------------
[2026-01-30 14:40:03,290:main.py#L172:INFO]: [Workload 13/272] Successfully completed tuning for: tpch_13.wg with surrogate
[2026-01-30 14:40:03,291:main.py#L163:INFO]: ----------------------------------------------------------------------------------------------------
[2026-01-30 14:40:03,291:main.py#L164:INFO]: [Workload 14/272] Starting tuning for: tpch_14.wg with surrogate
[2026-01-30 14:40:03,291:main.py#L167:INFO]: ----------------------------------------------------------------------------------------------------
[2026-01-30 14:44:47,230:main.py#L172:INFO]: [Workload 14/272] Successfully completed tuning for: tpch_14.wg with surrogate
[2026-01-30 14:44:47,231:main.py#L163:INFO]: ----------------------------------------------------------------------------------------------------
[2026-01-30 14:44:47,231:main.py#L164:INFO]: [Workload 15/272] Starting tuning for: tpch_15.wg with surrogate
[2026-01-30 14:44:47,231:main.py#L167:INFO]: ----------------------------------------------------------------------------------------------------
[2026-01-30 14:49:19,984:main.py#L172:INFO]: [Workload 15/272] Successfully completed tuning for: tpch_15.wg with surrogate
[2026-01-30 14:49:19,985:main.py#L163:INFO]: ----------------------------------------------------------------------------------------------------
[2026-01-30 14:49:19,985:main.py#L164:INFO]: [Workload 16/272] Starting tuning for: tpch_16.wg with surrogate
[2026-01-30 14:49:19,985:main.py#L167:INFO]: ----------------------------------------------------------------------------------------------------
[2026-01-30 14:54:12,331:main.py#L172:INFO]: [Workload 16/272] Successfully completed tuning for: tpch_16.wg with surrogate
[2026-01-30 14:54:12,331:main.py#L163:INFO]: ----------------------------------------------------------------------------------------------------
[2026-01-30 14:54:12,331:main.py#L164:INFO]: [Workload 17/272] Starting tuning for: tpch_17.wg with surrogate
[2026-01-30 14:54:12,331:main.py#L167:INFO]: ----------------------------------------------------------------------------------------------------
[2026-01-30 14:58:29,681:main.py#L172:INFO]: [Workload 17/272] Successfully completed tuning for: tpch_17.wg with surrogate
[2026-01-30 14:58:29,681:main.py#L163:INFO]: ----------------------------------------------------------------------------------------------------
[2026-01-30 14:58:29,682:main.py#L164:INFO]: [Workload 18/272] Starting tuning for: tpch_18.wg with surrogate
[2026-01-30 14:58:29,682:main.py#L167:INFO]: ----------------------------------------------------------------------------------------------------
[2026-01-30 15:02:36,017:main.py#L172:INFO]: [Workload 18/272] Successfully completed tuning for: tpch_18.wg with surrogate
[2026-01-30 15:02:36,017:main.py#L163:INFO]: ----------------------------------------------------------------------------------------------------
[2026-01-30 15:02:36,018:main.py#L164:INFO]: [Workload 19/272] Starting tuning for: tpch_19.wg with surrogate
[2026-01-30 15:02:36,018:main.py#L167:INFO]: ----------------------------------------------------------------------------------------------------
[2026-01-30 15:06:36,410:main.py#L172:INFO]: [Workload 19/272] Successfully completed tuning for: tpch_19.wg with surrogate
[2026-01-30 15:06:36,410:main.py#L163:INFO]: ----------------------------------------------------------------------------------------------------
[2026-01-30 15:06:36,410:main.py#L164:INFO]: [Workload 20/272] Starting tuning for: tpch_20.wg with surrogate
[2026-01-30 15:06:36,410:main.py#L167:INFO]: ----------------------------------------------------------------------------------------------------
[2026-01-30 15:10:53,473:main.py#L172:INFO]: [Workload 20/272] Successfully completed tuning for: tpch_20.wg with surrogate
[2026-01-30 15:10:53,473:main.py#L163:INFO]: ----------------------------------------------------------------------------------------------------
[2026-01-30 15:10:53,473:main.py#L164:INFO]: [Workload 21/272] Starting tuning for: tpch_21.wg with surrogate
[2026-01-30 15:10:53,473:main.py#L167:INFO]: ----------------------------------------------------------------------------------------------------
[2026-01-30 15:15:02,020:main.py#L172:INFO]: [Workload 21/272] Successfully completed tuning for: tpch_21.wg with surrogate
[2026-01-30 15:15:02,020:main.py#L163:INFO]: ----------------------------------------------------------------------------------------------------
[2026-01-30 15:15:02,020:main.py#L164:INFO]: [Workload 22/272] Starting tuning for: tpch_22.wg with surrogate
[2026-01-30 15:15:02,020:main.py#L167:INFO]: ----------------------------------------------------------------------------------------------------
[2026-01-30 15:19:17,428:main.py#L172:INFO]: [Workload 22/272] Successfully completed tuning for: tpch_22.wg with surrogate
[2026-01-30 15:19:17,429:main.py#L163:INFO]: ----------------------------------------------------------------------------------------------------
[2026-01-30 15:19:17,429:main.py#L164:INFO]: [Workload 23/272] Starting tuning for: tpch_23.wg with surrogate
[2026-01-30 15:19:17,429:main.py#L167:INFO]: ----------------------------------------------------------------------------------------------------
[2026-01-30 15:23:24,164:main.py#L172:INFO]: [Workload 23/272] Successfully completed tuning for: tpch_23.wg with surrogate
[2026-01-30 15:23:24,164:main.py#L163:INFO]: ----------------------------------------------------------------------------------------------------
[2026-01-30 15:23:24,164:main.py#L164:INFO]: [Workload 24/272] Starting tuning for: tpch_24.wg with surrogate
[2026-01-30 15:23:24,164:main.py#L167:INFO]: ----------------------------------------------------------------------------------------------------
[2026-01-30 15:27:32,062:main.py#L172:INFO]: [Workload 24/272] Successfully completed tuning for: tpch_24.wg with surrogate
[2026-01-30 15:27:32,063:main.py#L163:INFO]: ----------------------------------------------------------------------------------------------------
[2026-01-30 15:27:32,063:main.py#L164:INFO]: [Workload 25/272] Starting tuning for: tpch_25.wg with surrogate
[2026-01-30 15:27:32,063:main.py#L167:INFO]: ----------------------------------------------------------------------------------------------------
[2026-01-30 15:31:57,930:main.py#L172:INFO]: [Workload 25/272] Successfully completed tuning for: tpch_25.wg with surrogate
[2026-01-30 15:31:57,930:main.py#L163:INFO]: ----------------------------------------------------------------------------------------------------
[2026-01-30 15:31:57,930:main.py#L164:INFO]: [Workload 26/272] Starting tuning for: tpch_26.wg with surrogate
[2026-01-30 15:31:57,930:main.py#L167:INFO]: ----------------------------------------------------------------------------------------------------
[2026-01-30 15:36:00,936:main.py#L172:INFO]: [Workload 26/272] Successfully completed tuning for: tpch_26.wg with surrogate
[2026-01-30 15:36:00,936:main.py#L163:INFO]: ----------------------------------------------------------------------------------------------------
[2026-01-30 15:36:00,936:main.py#L164:INFO]: [Workload 27/272] Starting tuning for: tpch_27.wg with surrogate
[2026-01-30 15:36:00,936:main.py#L167:INFO]: ----------------------------------------------------------------------------------------------------
[2026-01-30 15:40:27,358:main.py#L172:INFO]: [Workload 27/272] Successfully completed tuning for: tpch_27.wg with surrogate
[2026-01-30 15:40:27,358:main.py#L163:INFO]: ----------------------------------------------------------------------------------------------------
[2026-01-30 15:40:27,358:main.py#L164:INFO]: [Workload 28/272] Starting tuning for: tpch_28.wg with surrogate
[2026-01-30 15:40:27,358:main.py#L167:INFO]: ----------------------------------------------------------------------------------------------------
[2026-01-30 15:44:41,450:main.py#L172:INFO]: [Workload 28/272] Successfully completed tuning for: tpch_28.wg with surrogate
[2026-01-30 15:44:41,450:main.py#L163:INFO]: ----------------------------------------------------------------------------------------------------
[2026-01-30 15:44:41,450:main.py#L164:INFO]: [Workload 29/272] Starting tuning for: tpch_29.wg with surrogate
[2026-01-30 15:44:41,450:main.py#L167:INFO]: ----------------------------------------------------------------------------------------------------
[2026-01-30 15:49:13,416:main.py#L172:INFO]: [Workload 29/272] Successfully completed tuning for: tpch_29.wg with surrogate
[2026-01-30 15:49:13,416:main.py#L163:INFO]: ----------------------------------------------------------------------------------------------------
[2026-01-30 15:49:13,416:main.py#L164:INFO]: [Workload 30/272] Starting tuning for: tpch_30.wg with surrogate
[2026-01-30 15:49:13,416:main.py#L167:INFO]: ----------------------------------------------------------------------------------------------------
[2026-01-30 15:53:32,438:main.py#L172:INFO]: [Workload 30/272] Successfully completed tuning for: tpch_30.wg with surrogate
[2026-01-30 15:53:32,438:main.py#L163:INFO]: ----------------------------------------------------------------------------------------------------
[2026-01-30 15:53:32,438:main.py#L164:INFO]: [Workload 31/272] Starting tuning for: tpch_31.wg with surrogate
[2026-01-30 15:53:32,438:main.py#L167:INFO]: ----------------------------------------------------------------------------------------------------
[2026-01-30 15:58:06,848:main.py#L172:INFO]: [Workload 31/272] Successfully completed tuning for: tpch_31.wg with surrogate
[2026-01-30 15:58:06,848:main.py#L163:INFO]: ----------------------------------------------------------------------------------------------------
[2026-01-30 15:58:06,848:main.py#L164:INFO]: [Workload 32/272] Starting tuning for: tpch_32.wg with surrogate
[2026-01-30 15:58:06,848:main.py#L167:INFO]: ----------------------------------------------------------------------------------------------------
[2026-01-30 16:02:53,908:main.py#L172:INFO]: [Workload 32/272] Successfully completed tuning for: tpch_32.wg with surrogate
[2026-01-30 16:02:53,909:main.py#L163:INFO]: ----------------------------------------------------------------------------------------------------
[2026-01-30 16:02:53,909:main.py#L164:INFO]: [Workload 33/272] Starting tuning for: tpch_33.wg with surrogate
[2026-01-30 16:02:53,909:main.py#L167:INFO]: ----------------------------------------------------------------------------------------------------
[2026-01-30 16:08:13,575:main.py#L172:INFO]: [Workload 33/272] Successfully completed tuning for: tpch_33.wg with surrogate
[2026-01-30 16:08:13,575:main.py#L163:INFO]: ----------------------------------------------------------------------------------------------------
[2026-01-30 16:08:13,575:main.py#L164:INFO]: [Workload 34/272] Starting tuning for: tpch_34.wg with surrogate
[2026-01-30 16:08:13,575:main.py#L167:INFO]: ----------------------------------------------------------------------------------------------------
[2026-01-30 16:12:24,963:main.py#L172:INFO]: [Workload 34/272] Successfully completed tuning for: tpch_34.wg with surrogate
[2026-01-30 16:12:24,963:main.py#L163:INFO]: ----------------------------------------------------------------------------------------------------
[2026-01-30 16:12:24,963:main.py#L164:INFO]: [Workload 35/272] Starting tuning for: tpch_35.wg with surrogate
[2026-01-30 16:12:24,964:main.py#L167:INFO]: ----------------------------------------------------------------------------------------------------
[2026-01-30 16:16:58,865:main.py#L172:INFO]: [Workload 35/272] Successfully completed tuning for: tpch_35.wg with surrogate
[2026-01-30 16:16:58,865:main.py#L163:INFO]: ----------------------------------------------------------------------------------------------------
[2026-01-30 16:16:58,865:main.py#L164:INFO]: [Workload 36/272] Starting tuning for: tpch_36.wg with surrogate
[2026-01-30 16:16:58,865:main.py#L167:INFO]: ----------------------------------------------------------------------------------------------------
[2026-01-30 16:21:10,095:main.py#L172:INFO]: [Workload 36/272] Successfully completed tuning for: tpch_36.wg with surrogate
[2026-01-30 16:21:10,095:main.py#L163:INFO]: ----------------------------------------------------------------------------------------------------
[2026-01-30 16:21:10,095:main.py#L164:INFO]: [Workload 37/272] Starting tuning for: tpch_37.wg with surrogate
[2026-01-30 16:21:10,095:main.py#L167:INFO]: ----------------------------------------------------------------------------------------------------
[2026-01-30 16:25:34,733:main.py#L172:INFO]: [Workload 37/272] Successfully completed tuning for: tpch_37.wg with surrogate
[2026-01-30 16:25:34,733:main.py#L163:INFO]: ----------------------------------------------------------------------------------------------------
[2026-01-30 16:25:34,733:main.py#L164:INFO]: [Workload 38/272] Starting tuning for: tpch_38.wg with surrogate
[2026-01-30 16:25:34,733:main.py#L167:INFO]: ----------------------------------------------------------------------------------------------------
[2026-01-30 16:29:46,740:main.py#L172:INFO]: [Workload 38/272] Successfully completed tuning for: tpch_38.wg with surrogate
[2026-01-30 16:29:46,740:main.py#L163:INFO]: ----------------------------------------------------------------------------------------------------
[2026-01-30 16:29:46,740:main.py#L164:INFO]: [Workload 39/272] Starting tuning for: tpch_39.wg with surrogate
[2026-01-30 16:29:46,740:main.py#L167:INFO]: ----------------------------------------------------------------------------------------------------
[2026-01-30 16:34:05,405:main.py#L172:INFO]: [Workload 39/272] Successfully completed tuning for: tpch_39.wg with surrogate
[2026-01-30 16:34:05,406:main.py#L163:INFO]: ----------------------------------------------------------------------------------------------------
[2026-01-30 16:34:05,406:main.py#L164:INFO]: [Workload 40/272] Starting tuning for: tpch_40.wg with surrogate
[2026-01-30 16:34:05,406:main.py#L167:INFO]: ----------------------------------------------------------------------------------------------------
[2026-01-30 16:38:07,171:main.py#L172:INFO]: [Workload 40/272] Successfully completed tuning for: tpch_40.wg with surrogate
[2026-01-30 16:38:07,171:main.py#L163:INFO]: ----------------------------------------------------------------------------------------------------
[2026-01-30 16:38:07,171:main.py#L164:INFO]: [Workload 41/272] Starting tuning for: tpch_41.wg with surrogate
[2026-01-30 16:38:07,171:main.py#L167:INFO]: ----------------------------------------------------------------------------------------------------
[2026-01-30 16:42:29,699:main.py#L172:INFO]: [Workload 41/272] Successfully completed tuning for: tpch_41.wg with surrogate
[2026-01-30 16:42:29,700:main.py#L163:INFO]: ----------------------------------------------------------------------------------------------------
[2026-01-30 16:42:29,700:main.py#L164:INFO]: [Workload 42/272] Starting tuning for: tpch_42.wg with surrogate
[2026-01-30 16:42:29,700:main.py#L167:INFO]: ----------------------------------------------------------------------------------------------------
[2026-01-30 16:46:45,826:main.py#L172:INFO]: [Workload 42/272] Successfully completed tuning for: tpch_42.wg with surrogate
[2026-01-30 16:46:45,826:main.py#L163:INFO]: ----------------------------------------------------------------------------------------------------
[2026-01-30 16:46:45,826:main.py#L164:INFO]: [Workload 43/272] Starting tuning for: tpch_43.wg with surrogate
[2026-01-30 16:46:45,826:main.py#L167:INFO]: ----------------------------------------------------------------------------------------------------
[2026-01-30 16:51:02,043:main.py#L172:INFO]: [Workload 43/272] Successfully completed tuning for: tpch_43.wg with surrogate
[2026-01-30 16:51:02,043:main.py#L163:INFO]: ----------------------------------------------------------------------------------------------------
[2026-01-30 16:51:02,043:main.py#L164:INFO]: [Workload 44/272] Starting tuning for: tpch_44.wg with surrogate
[2026-01-30 16:51:02,043:main.py#L167:INFO]: ----------------------------------------------------------------------------------------------------
[2026-01-30 16:55:08,183:main.py#L172:INFO]: [Workload 44/272] Successfully completed tuning for: tpch_44.wg with surrogate
[2026-01-30 16:55:08,183:main.py#L163:INFO]: ----------------------------------------------------------------------------------------------------
[2026-01-30 16:55:08,183:main.py#L164:INFO]: [Workload 45/272] Starting tuning for: tpch_45.wg with surrogate
[2026-01-30 16:55:08,183:main.py#L167:INFO]: ----------------------------------------------------------------------------------------------------
[2026-01-30 16:59:12,061:main.py#L172:INFO]: [Workload 45/272] Successfully completed tuning for: tpch_45.wg with surrogate
[2026-01-30 16:59:12,061:main.py#L163:INFO]: ----------------------------------------------------------------------------------------------------
[2026-01-30 16:59:12,062:main.py#L164:INFO]: [Workload 46/272] Starting tuning for: tpch_46.wg with surrogate
[2026-01-30 16:59:12,062:main.py#L167:INFO]: ----------------------------------------------------------------------------------------------------
[2026-01-30 17:03:22,341:main.py#L172:INFO]: [Workload 46/272] Successfully completed tuning for: tpch_46.wg with surrogate
[2026-01-30 17:03:22,341:main.py#L163:INFO]: ----------------------------------------------------------------------------------------------------
[2026-01-30 17:03:22,341:main.py#L164:INFO]: [Workload 47/272] Starting tuning for: tpch_47.wg with surrogate
[2026-01-30 17:03:22,341:main.py#L167:INFO]: ----------------------------------------------------------------------------------------------------
[2026-01-30 17:07:16,092:main.py#L172:INFO]: [Workload 47/272] Successfully completed tuning for: tpch_47.wg with surrogate
[2026-01-30 17:07:16,093:main.py#L163:INFO]: ----------------------------------------------------------------------------------------------------
[2026-01-30 17:07:16,093:main.py#L164:INFO]: [Workload 48/272] Starting tuning for: tpch_48.wg with surrogate
[2026-01-30 17:07:16,093:main.py#L167:INFO]: ----------------------------------------------------------------------------------------------------
[2026-01-30 17:11:34,773:main.py#L172:INFO]: [Workload 48/272] Successfully completed tuning for: tpch_48.wg with surrogate
[2026-01-30 17:11:34,774:main.py#L163:INFO]: ----------------------------------------------------------------------------------------------------
[2026-01-30 17:11:34,774:main.py#L164:INFO]: [Workload 49/272] Starting tuning for: tpch_49.wg with surrogate
[2026-01-30 17:11:34,774:main.py#L167:INFO]: ----------------------------------------------------------------------------------------------------
[2026-01-30 17:15:51,645:main.py#L172:INFO]: [Workload 49/272] Successfully completed tuning for: tpch_49.wg with surrogate
[2026-01-30 17:15:51,645:main.py#L163:INFO]: ----------------------------------------------------------------------------------------------------
[2026-01-30 17:15:51,645:main.py#L164:INFO]: [Workload 50/272] Starting tuning for: tpch_50.wg with surrogate
[2026-01-30 17:15:51,645:main.py#L167:INFO]: ----------------------------------------------------------------------------------------------------
[2026-01-30 17:20:12,382:main.py#L172:INFO]: [Workload 50/272] Successfully completed tuning for: tpch_50.wg with surrogate
[2026-01-30 17:20:12,382:main.py#L163:INFO]: ----------------------------------------------------------------------------------------------------
[2026-01-30 17:20:12,382:main.py#L164:INFO]: [Workload 51/272] Starting tuning for: tpch_51.wg with surrogate
[2026-01-30 17:20:12,382:main.py#L167:INFO]: ----------------------------------------------------------------------------------------------------
[2026-01-30 17:24:42,451:main.py#L172:INFO]: [Workload 51/272] Successfully completed tuning for: tpch_51.wg with surrogate
[2026-01-30 17:24:42,451:main.py#L163:INFO]: ----------------------------------------------------------------------------------------------------
[2026-01-30 17:24:42,451:main.py#L164:INFO]: [Workload 52/272] Starting tuning for: tpch_52.wg with surrogate
[2026-01-30 17:24:42,451:main.py#L167:INFO]: ----------------------------------------------------------------------------------------------------
[2026-01-30 17:28:52,323:main.py#L172:INFO]: [Workload 52/272] Successfully completed tuning for: tpch_52.wg with surrogate
[2026-01-30 17:28:52,323:main.py#L163:INFO]: ----------------------------------------------------------------------------------------------------
[2026-01-30 17:28:52,323:main.py#L164:INFO]: [Workload 53/272] Starting tuning for: tpch_53.wg with surrogate
[2026-01-30 17:28:52,324:main.py#L167:INFO]: ----------------------------------------------------------------------------------------------------
[2026-01-30 17:33:07,060:main.py#L172:INFO]: [Workload 53/272] Successfully completed tuning for: tpch_53.wg with surrogate
[2026-01-30 17:33:07,060:main.py#L163:INFO]: ----------------------------------------------------------------------------------------------------
[2026-01-30 17:33:07,060:main.py#L164:INFO]: [Workload 54/272] Starting tuning for: tpch_54.wg with surrogate
[2026-01-30 17:33:07,060:main.py#L167:INFO]: ----------------------------------------------------------------------------------------------------
[2026-01-30 17:37:27,123:main.py#L172:INFO]: [Workload 54/272] Successfully completed tuning for: tpch_54.wg with surrogate
[2026-01-30 17:37:27,123:main.py#L163:INFO]: ----------------------------------------------------------------------------------------------------
[2026-01-30 17:37:27,123:main.py#L164:INFO]: [Workload 55/272] Starting tuning for: tpch_55.wg with surrogate
[2026-01-30 17:37:27,123:main.py#L167:INFO]: ----------------------------------------------------------------------------------------------------
[2026-01-30 17:41:54,441:main.py#L172:INFO]: [Workload 55/272] Successfully completed tuning for: tpch_55.wg with surrogate
[2026-01-30 17:41:54,441:main.py#L163:INFO]: ----------------------------------------------------------------------------------------------------
[2026-01-30 17:41:54,441:main.py#L164:INFO]: [Workload 56/272] Starting tuning for: tpch_56.wg with surrogate
[2026-01-30 17:41:54,441:main.py#L167:INFO]: ----------------------------------------------------------------------------------------------------
[2026-01-30 17:46:13,102:main.py#L172:INFO]: [Workload 56/272] Successfully completed tuning for: tpch_56.wg with surrogate
[2026-01-30 17:46:13,102:main.py#L163:INFO]: ----------------------------------------------------------------------------------------------------
[2026-01-30 17:46:13,102:main.py#L164:INFO]: [Workload 57/272] Starting tuning for: tpch_57.wg with surrogate
[2026-01-30 17:46:13,102:main.py#L167:INFO]: ----------------------------------------------------------------------------------------------------
[2026-01-30 17:50:41,380:main.py#L172:INFO]: [Workload 57/272] Successfully completed tuning for: tpch_57.wg with surrogate
[2026-01-30 17:50:41,380:main.py#L163:INFO]: ----------------------------------------------------------------------------------------------------
[2026-01-30 17:50:41,380:main.py#L164:INFO]: [Workload 58/272] Starting tuning for: tpch_58.wg with surrogate
[2026-01-30 17:50:41,380:main.py#L167:INFO]: ----------------------------------------------------------------------------------------------------
[2026-01-30 17:55:29,710:main.py#L172:INFO]: [Workload 58/272] Successfully completed tuning for: tpch_58.wg with surrogate
[2026-01-30 17:55:29,710:main.py#L163:INFO]: ----------------------------------------------------------------------------------------------------
[2026-01-30 17:55:29,710:main.py#L164:INFO]: [Workload 59/272] Starting tuning for: tpch_59.wg with surrogate
[2026-01-30 17:55:29,710:main.py#L167:INFO]: ----------------------------------------------------------------------------------------------------
[2026-01-30 17:59:52,819:main.py#L172:INFO]: [Workload 59/272] Successfully completed tuning for: tpch_59.wg with surrogate
[2026-01-30 17:59:52,819:main.py#L163:INFO]: ----------------------------------------------------------------------------------------------------
[2026-01-30 17:59:52,819:main.py#L164:INFO]: [Workload 60/272] Starting tuning for: tpch_60.wg with surrogate
[2026-01-30 17:59:52,819:main.py#L167:INFO]: ----------------------------------------------------------------------------------------------------
[2026-01-30 18:04:13,170:main.py#L172:INFO]: [Workload 60/272] Successfully completed tuning for: tpch_60.wg with surrogate
[2026-01-30 18:04:13,170:main.py#L163:INFO]: ----------------------------------------------------------------------------------------------------
[2026-01-30 18:04:13,170:main.py#L164:INFO]: [Workload 61/272] Starting tuning for: tpch_61.wg with surrogate
[2026-01-30 18:04:13,170:main.py#L167:INFO]: ----------------------------------------------------------------------------------------------------
[2026-01-30 18:08:22,246:main.py#L172:INFO]: [Workload 61/272] Successfully completed tuning for: tpch_61.wg with surrogate
[2026-01-30 18:08:22,246:main.py#L163:INFO]: ----------------------------------------------------------------------------------------------------
[2026-01-30 18:08:22,246:main.py#L164:INFO]: [Workload 62/272] Starting tuning for: tpch_62.wg with surrogate
[2026-01-30 18:08:22,246:main.py#L167:INFO]: ----------------------------------------------------------------------------------------------------
[2026-01-30 18:12:41,514:main.py#L172:INFO]: [Workload 62/272] Successfully completed tuning for: tpch_62.wg with surrogate
[2026-01-30 18:12:41,514:main.py#L163:INFO]: ----------------------------------------------------------------------------------------------------
[2026-01-30 18:12:41,514:main.py#L164:INFO]: [Workload 63/272] Starting tuning for: tpch_63.wg with surrogate
[2026-01-30 18:12:41,514:main.py#L167:INFO]: ----------------------------------------------------------------------------------------------------
[2026-01-30 18:17:07,758:main.py#L172:INFO]: [Workload 63/272] Successfully completed tuning for: tpch_63.wg with surrogate
[2026-01-30 18:17:07,758:main.py#L163:INFO]: ----------------------------------------------------------------------------------------------------
[2026-01-30 18:17:07,758:main.py#L164:INFO]: [Workload 64/272] Starting tuning for: tpch_64.wg with surrogate
[2026-01-30 18:17:07,758:main.py#L167:INFO]: ----------------------------------------------------------------------------------------------------
[2026-01-30 18:21:13,548:main.py#L172:INFO]: [Workload 64/272] Successfully completed tuning for: tpch_64.wg with surrogate
[2026-01-30 18:21:13,548:main.py#L163:INFO]: ----------------------------------------------------------------------------------------------------
[2026-01-30 18:21:13,548:main.py#L164:INFO]: [Workload 65/272] Starting tuning for: tpch_65.wg with surrogate
[2026-01-30 18:21:13,548:main.py#L167:INFO]: ----------------------------------------------------------------------------------------------------
[2026-01-30 18:25:29,600:main.py#L172:INFO]: [Workload 65/272] Successfully completed tuning for: tpch_65.wg with surrogate
[2026-01-30 18:25:29,600:main.py#L163:INFO]: ----------------------------------------------------------------------------------------------------
[2026-01-30 18:25:29,600:main.py#L164:INFO]: [Workload 66/272] Starting tuning for: tpch_66.wg with surrogate
[2026-01-30 18:25:29,601:main.py#L167:INFO]: ----------------------------------------------------------------------------------------------------
[2026-01-30 18:30:14,640:main.py#L172:INFO]: [Workload 66/272] Successfully completed tuning for: tpch_66.wg with surrogate
[2026-01-30 18:30:14,640:main.py#L163:INFO]: ----------------------------------------------------------------------------------------------------
[2026-01-30 18:30:14,640:main.py#L164:INFO]: [Workload 67/272] Starting tuning for: tpch_67.wg with surrogate
[2026-01-30 18:30:14,640:main.py#L167:INFO]: ----------------------------------------------------------------------------------------------------
[2026-01-30 18:34:26,751:main.py#L172:INFO]: [Workload 67/272] Successfully completed tuning for: tpch_67.wg with surrogate
[2026-01-30 18:34:26,751:main.py#L163:INFO]: ----------------------------------------------------------------------------------------------------
[2026-01-30 18:34:26,751:main.py#L164:INFO]: [Workload 68/272] Starting tuning for: tpch_68.wg with surrogate
[2026-01-30 18:34:26,751:main.py#L167:INFO]: ----------------------------------------------------------------------------------------------------
[2026-01-30 18:38:28,134:main.py#L172:INFO]: [Workload 68/272] Successfully completed tuning for: tpch_68.wg with surrogate
[2026-01-30 18:38:28,134:main.py#L163:INFO]: ----------------------------------------------------------------------------------------------------
[2026-01-30 18:38:28,134:main.py#L164:INFO]: [Workload 69/272] Starting tuning for: tpch_69.wg with surrogate
[2026-01-30 18:38:28,134:main.py#L167:INFO]: ----------------------------------------------------------------------------------------------------
[2026-01-30 18:42:34,611:main.py#L172:INFO]: [Workload 69/272] Successfully completed tuning for: tpch_69.wg with surrogate
[2026-01-30 18:42:34,611:main.py#L163:INFO]: ----------------------------------------------------------------------------------------------------
[2026-01-30 18:42:34,611:main.py#L164:INFO]: [Workload 70/272] Starting tuning for: tpch_70.wg with surrogate
[2026-01-30 18:42:34,611:main.py#L167:INFO]: ----------------------------------------------------------------------------------------------------
[2026-01-30 18:46:54,656:main.py#L172:INFO]: [Workload 70/272] Successfully completed tuning for: tpch_70.wg with surrogate
[2026-01-30 18:46:54,656:main.py#L163:INFO]: ----------------------------------------------------------------------------------------------------
[2026-01-30 18:46:54,656:main.py#L164:INFO]: [Workload 71/272] Starting tuning for: tpch_71.wg with surrogate
[2026-01-30 18:46:54,656:main.py#L167:INFO]: ----------------------------------------------------------------------------------------------------
[2026-01-30 18:50:54,405:main.py#L172:INFO]: [Workload 71/272] Successfully completed tuning for: tpch_71.wg with surrogate
[2026-01-30 18:50:54,406:main.py#L163:INFO]: ----------------------------------------------------------------------------------------------------
[2026-01-30 18:50:54,406:main.py#L164:INFO]: [Workload 72/272] Starting tuning for: tpch_72.wg with surrogate
[2026-01-30 18:50:54,406:main.py#L167:INFO]: ----------------------------------------------------------------------------------------------------
[2026-01-30 18:54:53,395:main.py#L172:INFO]: [Workload 72/272] Successfully completed tuning for: tpch_72.wg with surrogate
[2026-01-30 18:54:53,396:main.py#L163:INFO]: ----------------------------------------------------------------------------------------------------
[2026-01-30 18:54:53,396:main.py#L164:INFO]: [Workload 73/272] Starting tuning for: tpch_73.wg with surrogate
[2026-01-30 18:54:53,396:main.py#L167:INFO]: ----------------------------------------------------------------------------------------------------
[2026-01-30 18:59:15,936:main.py#L172:INFO]: [Workload 73/272] Successfully completed tuning for: tpch_73.wg with surrogate
[2026-01-30 18:59:15,936:main.py#L163:INFO]: ----------------------------------------------------------------------------------------------------
[2026-01-30 18:59:15,936:main.py#L164:INFO]: [Workload 74/272] Starting tuning for: tpch_74.wg with surrogate
[2026-01-30 18:59:15,936:main.py#L167:INFO]: ----------------------------------------------------------------------------------------------------
[2026-01-30 19:03:29,384:main.py#L172:INFO]: [Workload 74/272] Successfully completed tuning for: tpch_74.wg with surrogate
[2026-01-30 19:03:29,384:main.py#L163:INFO]: ----------------------------------------------------------------------------------------------------
[2026-01-30 19:03:29,384:main.py#L164:INFO]: [Workload 75/272] Starting tuning for: tpch_75.wg with surrogate
[2026-01-30 19:03:29,384:main.py#L167:INFO]: ----------------------------------------------------------------------------------------------------
[2026-01-30 19:07:36,794:main.py#L172:INFO]: [Workload 75/272] Successfully completed tuning for: tpch_75.wg with surrogate
[2026-01-30 19:07:36,794:main.py#L163:INFO]: ----------------------------------------------------------------------------------------------------
[2026-01-30 19:07:36,794:main.py#L164:INFO]: [Workload 76/272] Starting tuning for: tpch_76.wg with surrogate
[2026-01-30 19:07:36,794:main.py#L167:INFO]: ----------------------------------------------------------------------------------------------------
[2026-01-30 19:11:20,570:main.py#L172:INFO]: [Workload 76/272] Successfully completed tuning for: tpch_76.wg with surrogate
[2026-01-30 19:11:20,570:main.py#L163:INFO]: ----------------------------------------------------------------------------------------------------
[2026-01-30 19:11:20,570:main.py#L164:INFO]: [Workload 77/272] Starting tuning for: tpch_77.wg with surrogate
[2026-01-30 19:11:20,571:main.py#L167:INFO]: ----------------------------------------------------------------------------------------------------
[2026-01-30 19:15:08,105:main.py#L172:INFO]: [Workload 77/272] Successfully completed tuning for: tpch_77.wg with surrogate
[2026-01-30 19:15:08,105:main.py#L163:INFO]: ----------------------------------------------------------------------------------------------------
[2026-01-30 19:15:08,105:main.py#L164:INFO]: [Workload 78/272] Starting tuning for: tpch_78.wg with surrogate
[2026-01-30 19:15:08,105:main.py#L167:INFO]: ----------------------------------------------------------------------------------------------------
[2026-01-30 19:18:53,845:main.py#L172:INFO]: [Workload 78/272] Successfully completed tuning for: tpch_78.wg with surrogate
[2026-01-30 19:18:53,845:main.py#L163:INFO]: ----------------------------------------------------------------------------------------------------
[2026-01-30 19:18:53,845:main.py#L164:INFO]: [Workload 79/272] Starting tuning for: tpch_79.wg with surrogate
[2026-01-30 19:18:53,845:main.py#L167:INFO]: ----------------------------------------------------------------------------------------------------
[2026-01-30 19:22:42,867:main.py#L172:INFO]: [Workload 79/272] Successfully completed tuning for: tpch_79.wg with surrogate
[2026-01-30 19:22:42,868:main.py#L163:INFO]: ----------------------------------------------------------------------------------------------------
[2026-01-30 19:22:42,868:main.py#L164:INFO]: [Workload 80/272] Starting tuning for: tpch_80.wg with surrogate
[2026-01-30 19:22:42,868:main.py#L167:INFO]: ----------------------------------------------------------------------------------------------------
[2026-01-30 19:26:42,046:main.py#L172:INFO]: [Workload 80/272] Successfully completed tuning for: tpch_80.wg with surrogate
[2026-01-30 19:26:42,047:main.py#L163:INFO]: ----------------------------------------------------------------------------------------------------
[2026-01-30 19:26:42,047:main.py#L164:INFO]: [Workload 81/272] Starting tuning for: tpch_81.wg with surrogate
[2026-01-30 19:26:42,047:main.py#L167:INFO]: ----------------------------------------------------------------------------------------------------
[2026-01-30 19:30:43,573:main.py#L172:INFO]: [Workload 81/272] Successfully completed tuning for: tpch_81.wg with surrogate
[2026-01-30 19:30:43,573:main.py#L163:INFO]: ----------------------------------------------------------------------------------------------------
[2026-01-30 19:30:43,573:main.py#L164:INFO]: [Workload 82/272] Starting tuning for: tpch_82.wg with surrogate
[2026-01-30 19:30:43,573:main.py#L167:INFO]: ----------------------------------------------------------------------------------------------------
[2026-01-30 19:34:32,793:main.py#L172:INFO]: [Workload 82/272] Successfully completed tuning for: tpch_82.wg with surrogate
[2026-01-30 19:34:32,793:main.py#L163:INFO]: ----------------------------------------------------------------------------------------------------
[2026-01-30 19:34:32,793:main.py#L164:INFO]: [Workload 83/272] Starting tuning for: tpch_83.wg with surrogate
[2026-01-30 19:34:32,793:main.py#L167:INFO]: ----------------------------------------------------------------------------------------------------
[2026-01-30 19:38:41,617:main.py#L172:INFO]: [Workload 83/272] Successfully completed tuning for: tpch_83.wg with surrogate
[2026-01-30 19:38:41,617:main.py#L163:INFO]: ----------------------------------------------------------------------------------------------------
[2026-01-30 19:38:41,617:main.py#L164:INFO]: [Workload 84/272] Starting tuning for: tpch_84.wg with surrogate
[2026-01-30 19:38:41,617:main.py#L167:INFO]: ----------------------------------------------------------------------------------------------------
[2026-01-30 19:42:38,940:main.py#L172:INFO]: [Workload 84/272] Successfully completed tuning for: tpch_84.wg with surrogate
[2026-01-30 19:42:38,940:main.py#L163:INFO]: ----------------------------------------------------------------------------------------------------
[2026-01-30 19:42:38,940:main.py#L164:INFO]: [Workload 85/272] Starting tuning for: tpch_85.wg with surrogate
[2026-01-30 19:42:38,940:main.py#L167:INFO]: ----------------------------------------------------------------------------------------------------
[2026-01-30 19:46:27,132:main.py#L172:INFO]: [Workload 85/272] Successfully completed tuning for: tpch_85.wg with surrogate
[2026-01-30 19:46:27,133:main.py#L163:INFO]: ----------------------------------------------------------------------------------------------------
[2026-01-30 19:46:27,133:main.py#L164:INFO]: [Workload 86/272] Starting tuning for: tpch_86.wg with surrogate
[2026-01-30 19:46:27,133:main.py#L167:INFO]: ----------------------------------------------------------------------------------------------------
[2026-01-30 19:50:15,319:main.py#L172:INFO]: [Workload 86/272] Successfully completed tuning for: tpch_86.wg with surrogate
[2026-01-30 19:50:15,320:main.py#L163:INFO]: ----------------------------------------------------------------------------------------------------
[2026-01-30 19:50:15,320:main.py#L164:INFO]: [Workload 87/272] Starting tuning for: tpch_87.wg with surrogate
[2026-01-30 19:50:15,320:main.py#L167:INFO]: ----------------------------------------------------------------------------------------------------
[2026-01-30 19:54:13,154:main.py#L172:INFO]: [Workload 87/272] Successfully completed tuning for: tpch_87.wg with surrogate
[2026-01-30 19:54:13,154:main.py#L163:INFO]: ----------------------------------------------------------------------------------------------------
[2026-01-30 19:54:13,154:main.py#L164:INFO]: [Workload 88/272] Starting tuning for: tpch_88.wg with surrogate
[2026-01-30 19:54:13,154:main.py#L167:INFO]: ----------------------------------------------------------------------------------------------------
[2026-01-30 19:58:00,938:main.py#L172:INFO]: [Workload 88/272] Successfully completed tuning for: tpch_88.wg with surrogate
[2026-01-30 19:58:00,938:main.py#L163:INFO]: ----------------------------------------------------------------------------------------------------
[2026-01-30 19:58:00,939:main.py#L164:INFO]: [Workload 89/272] Starting tuning for: tpch_89.wg with surrogate
[2026-01-30 19:58:00,939:main.py#L167:INFO]: ----------------------------------------------------------------------------------------------------
[2026-01-30 20:02:05,120:main.py#L172:INFO]: [Workload 89/272] Successfully completed tuning for: tpch_89.wg with surrogate
[2026-01-30 20:02:05,121:main.py#L163:INFO]: ----------------------------------------------------------------------------------------------------
[2026-01-30 20:02:05,121:main.py#L164:INFO]: [Workload 90/272] Starting tuning for: tpch_90.wg with surrogate
[2026-01-30 20:02:05,121:main.py#L167:INFO]: ----------------------------------------------------------------------------------------------------
[2026-01-30 20:06:08,625:main.py#L172:INFO]: [Workload 90/272] Successfully completed tuning for: tpch_90.wg with surrogate
[2026-01-30 20:06:08,625:main.py#L163:INFO]: ----------------------------------------------------------------------------------------------------
[2026-01-30 20:06:08,625:main.py#L164:INFO]: [Workload 91/272] Starting tuning for: tpch_91.wg with surrogate
[2026-01-30 20:06:08,625:main.py#L167:INFO]: ----------------------------------------------------------------------------------------------------
[2026-01-30 20:47:07,231:main.py#L172:INFO]: [Workload 91/272] Successfully completed tuning for: tpch_91.wg with surrogate
[2026-01-30 20:47:07,232:main.py#L163:INFO]: ----------------------------------------------------------------------------------------------------
[2026-01-30 20:47:07,232:main.py#L164:INFO]: [Workload 92/272] Starting tuning for: tpch_92.wg with surrogate
[2026-01-30 20:47:07,232:main.py#L167:INFO]: ----------------------------------------------------------------------------------------------------
[2026-01-30 20:50:56,525:main.py#L172:INFO]: [Workload 92/272] Successfully completed tuning for: tpch_92.wg with surrogate
[2026-01-30 20:50:56,525:main.py#L163:INFO]: ----------------------------------------------------------------------------------------------------
[2026-01-30 20:50:56,525:main.py#L164:INFO]: [Workload 93/272] Starting tuning for: tpch_93.wg with surrogate
[2026-01-30 20:50:56,525:main.py#L167:INFO]: ----------------------------------------------------------------------------------------------------
[2026-01-30 20:54:50,917:main.py#L172:INFO]: [Workload 93/272] Successfully completed tuning for: tpch_93.wg with surrogate
[2026-01-30 20:54:50,917:main.py#L163:INFO]: ----------------------------------------------------------------------------------------------------
[2026-01-30 20:54:50,917:main.py#L164:INFO]: [Workload 94/272] Starting tuning for: tpch_94.wg with surrogate
[2026-01-30 20:54:50,917:main.py#L167:INFO]: ----------------------------------------------------------------------------------------------------
[2026-01-30 20:58:43,339:main.py#L172:INFO]: [Workload 94/272] Successfully completed tuning for: tpch_94.wg with surrogate
[2026-01-30 20:58:43,339:main.py#L163:INFO]: ----------------------------------------------------------------------------------------------------
[2026-01-30 20:58:43,339:main.py#L164:INFO]: [Workload 95/272] Starting tuning for: tpch_95.wg with surrogate
[2026-01-30 20:58:43,339:main.py#L167:INFO]: ----------------------------------------------------------------------------------------------------
[2026-01-30 21:02:35,355:main.py#L172:INFO]: [Workload 95/272] Successfully completed tuning for: tpch_95.wg with surrogate
[2026-01-30 21:02:35,355:main.py#L163:INFO]: ----------------------------------------------------------------------------------------------------
[2026-01-30 21:02:35,355:main.py#L164:INFO]: [Workload 96/272] Starting tuning for: tpch_96.wg with surrogate
[2026-01-30 21:02:35,355:main.py#L167:INFO]: ----------------------------------------------------------------------------------------------------
[2026-01-30 21:06:43,946:main.py#L172:INFO]: [Workload 96/272] Successfully completed tuning for: tpch_96.wg with surrogate
[2026-01-30 21:06:43,946:main.py#L163:INFO]: ----------------------------------------------------------------------------------------------------
[2026-01-30 21:06:43,946:main.py#L164:INFO]: [Workload 97/272] Starting tuning for: tpch_97.wg with surrogate
[2026-01-30 21:06:43,946:main.py#L167:INFO]: ----------------------------------------------------------------------------------------------------
[2026-01-30 21:10:31,252:main.py#L172:INFO]: [Workload 97/272] Successfully completed tuning for: tpch_97.wg with surrogate
[2026-01-30 21:10:31,252:main.py#L163:INFO]: ----------------------------------------------------------------------------------------------------
[2026-01-30 21:10:31,252:main.py#L164:INFO]: [Workload 98/272] Starting tuning for: tpch_98.wg with surrogate
[2026-01-30 21:10:31,252:main.py#L167:INFO]: ----------------------------------------------------------------------------------------------------
[2026-01-30 21:14:45,039:main.py#L172:INFO]: [Workload 98/272] Successfully completed tuning for: tpch_98.wg with surrogate
[2026-01-30 21:14:45,039:main.py#L163:INFO]: ----------------------------------------------------------------------------------------------------
[2026-01-30 21:14:45,040:main.py#L164:INFO]: [Workload 99/272] Starting tuning for: tpch_99.wg with surrogate
[2026-01-30 21:14:45,040:main.py#L167:INFO]: ----------------------------------------------------------------------------------------------------
[2026-01-30 21:18:41,136:main.py#L172:INFO]: [Workload 99/272] Successfully completed tuning for: tpch_99.wg with surrogate
[2026-01-30 21:18:41,136:main.py#L163:INFO]: ----------------------------------------------------------------------------------------------------
[2026-01-30 21:18:41,136:main.py#L164:INFO]: [Workload 100/272] Starting tuning for: tpch_100.wg with surrogate
[2026-01-30 21:18:41,136:main.py#L167:INFO]: ----------------------------------------------------------------------------------------------------
[2026-01-30 21:22:29,613:main.py#L172:INFO]: [Workload 100/272] Successfully completed tuning for: tpch_100.wg with surrogate
[2026-01-30 21:22:29,613:main.py#L163:INFO]: ----------------------------------------------------------------------------------------------------
[2026-01-30 21:22:29,614:main.py#L164:INFO]: [Workload 101/272] Starting tuning for: tpch_101.wg with surrogate
[2026-01-30 21:22:29,614:main.py#L167:INFO]: ----------------------------------------------------------------------------------------------------
[2026-01-30 21:26:19,636:main.py#L172:INFO]: [Workload 101/272] Successfully completed tuning for: tpch_101.wg with surrogate
[2026-01-30 21:26:19,636:main.py#L163:INFO]: ----------------------------------------------------------------------------------------------------
[2026-01-30 21:26:19,636:main.py#L164:INFO]: [Workload 102/272] Starting tuning for: tpch_102.wg with surrogate
[2026-01-30 21:26:19,636:main.py#L167:INFO]: ----------------------------------------------------------------------------------------------------
[2026-01-30 21:30:13,575:main.py#L172:INFO]: [Workload 102/272] Successfully completed tuning for: tpch_102.wg with surrogate
[2026-01-30 21:30:13,575:main.py#L163:INFO]: ----------------------------------------------------------------------------------------------------
[2026-01-30 21:30:13,575:main.py#L164:INFO]: [Workload 103/272] Starting tuning for: tpch_103.wg with surrogate
[2026-01-30 21:30:13,575:main.py#L167:INFO]: ----------------------------------------------------------------------------------------------------
[2026-01-30 21:34:05,425:main.py#L172:INFO]: [Workload 103/272] Successfully completed tuning for: tpch_103.wg with surrogate
[2026-01-30 21:34:05,425:main.py#L163:INFO]: ----------------------------------------------------------------------------------------------------
[2026-01-30 21:34:05,425:main.py#L164:INFO]: [Workload 104/272] Starting tuning for: tpch_104.wg with surrogate
[2026-01-30 21:34:05,425:main.py#L167:INFO]: ----------------------------------------------------------------------------------------------------
[2026-01-30 21:37:52,028:main.py#L172:INFO]: [Workload 104/272] Successfully completed tuning for: tpch_104.wg with surrogate
[2026-01-30 21:37:52,029:main.py#L163:INFO]: ----------------------------------------------------------------------------------------------------
[2026-01-30 21:37:52,029:main.py#L164:INFO]: [Workload 105/272] Starting tuning for: tpch_105.wg with surrogate
[2026-01-30 21:37:52,029:main.py#L167:INFO]: ----------------------------------------------------------------------------------------------------
[2026-01-30 21:41:37,687:main.py#L172:INFO]: [Workload 105/272] Successfully completed tuning for: tpch_105.wg with surrogate
[2026-01-30 21:41:37,687:main.py#L163:INFO]: ----------------------------------------------------------------------------------------------------
[2026-01-30 21:41:37,687:main.py#L164:INFO]: [Workload 106/272] Starting tuning for: tpch_106.wg with surrogate
[2026-01-30 21:41:37,687:main.py#L167:INFO]: ----------------------------------------------------------------------------------------------------
[2026-01-30 21:45:28,428:main.py#L172:INFO]: [Workload 106/272] Successfully completed tuning for: tpch_106.wg with surrogate
[2026-01-30 21:45:28,428:main.py#L163:INFO]: ----------------------------------------------------------------------------------------------------
[2026-01-30 21:45:28,428:main.py#L164:INFO]: [Workload 107/272] Starting tuning for: tpch_107.wg with surrogate
[2026-01-30 21:45:28,428:main.py#L167:INFO]: ----------------------------------------------------------------------------------------------------
[2026-01-30 21:49:27,401:main.py#L172:INFO]: [Workload 107/272] Successfully completed tuning for: tpch_107.wg with surrogate
[2026-01-30 21:49:27,401:main.py#L163:INFO]: ----------------------------------------------------------------------------------------------------
[2026-01-30 21:49:27,401:main.py#L164:INFO]: [Workload 108/272] Starting tuning for: tpch_108.wg with surrogate
[2026-01-30 21:49:27,401:main.py#L167:INFO]: ----------------------------------------------------------------------------------------------------
[2026-01-30 21:53:15,567:main.py#L172:INFO]: [Workload 108/272] Successfully completed tuning for: tpch_108.wg with surrogate
[2026-01-30 21:53:15,567:main.py#L163:INFO]: ----------------------------------------------------------------------------------------------------
[2026-01-30 21:53:15,567:main.py#L164:INFO]: [Workload 109/272] Starting tuning for: tpch_109.wg with surrogate
[2026-01-30 21:53:15,567:main.py#L167:INFO]: ----------------------------------------------------------------------------------------------------
[2026-01-30 21:57:09,150:main.py#L172:INFO]: [Workload 109/272] Successfully completed tuning for: tpch_109.wg with surrogate
[2026-01-30 21:57:09,150:main.py#L163:INFO]: ----------------------------------------------------------------------------------------------------
[2026-01-30 21:57:09,150:main.py#L164:INFO]: [Workload 110/272] Starting tuning for: tpch_110.wg with surrogate
[2026-01-30 21:57:09,150:main.py#L167:INFO]: ----------------------------------------------------------------------------------------------------
[2026-01-30 22:01:47,422:main.py#L172:INFO]: [Workload 110/272] Successfully completed tuning for: tpch_110.wg with surrogate
[2026-01-30 22:01:47,423:main.py#L163:INFO]: ----------------------------------------------------------------------------------------------------
[2026-01-30 22:01:47,423:main.py#L164:INFO]: [Workload 111/272] Starting tuning for: tpch_111.wg with surrogate
[2026-01-30 22:01:47,423:main.py#L167:INFO]: ----------------------------------------------------------------------------------------------------
[2026-01-30 22:05:47,361:main.py#L172:INFO]: [Workload 111/272] Successfully completed tuning for: tpch_111.wg with surrogate
[2026-01-30 22:05:47,361:main.py#L163:INFO]: ----------------------------------------------------------------------------------------------------
[2026-01-30 22:05:47,361:main.py#L164:INFO]: [Workload 112/272] Starting tuning for: tpch_112.wg with surrogate
[2026-01-30 22:05:47,361:main.py#L167:INFO]: ----------------------------------------------------------------------------------------------------
[2026-01-30 22:09:36,635:main.py#L172:INFO]: [Workload 112/272] Successfully completed tuning for: tpch_112.wg with surrogate
[2026-01-30 22:09:36,635:main.py#L163:INFO]: ----------------------------------------------------------------------------------------------------
[2026-01-30 22:09:36,636:main.py#L164:INFO]: [Workload 113/272] Starting tuning for: tpch_113.wg with surrogate
[2026-01-30 22:09:36,636:main.py#L167:INFO]: ----------------------------------------------------------------------------------------------------
[2026-01-30 22:13:28,288:main.py#L172:INFO]: [Workload 113/272] Successfully completed tuning for: tpch_113.wg with surrogate
[2026-01-30 22:13:28,288:main.py#L163:INFO]: ----------------------------------------------------------------------------------------------------
[2026-01-30 22:13:28,288:main.py#L164:INFO]: [Workload 114/272] Starting tuning for: tpch_114.wg with surrogate
[2026-01-30 22:13:28,288:main.py#L167:INFO]: ----------------------------------------------------------------------------------------------------
[2026-01-30 22:39:46,535:main.py#L172:INFO]: [Workload 114/272] Successfully completed tuning for: tpch_114.wg with surrogate
[2026-01-30 22:39:46,535:main.py#L163:INFO]: ----------------------------------------------------------------------------------------------------
[2026-01-30 22:39:46,535:main.py#L164:INFO]: [Workload 115/272] Starting tuning for: tpch_115.wg with surrogate
[2026-01-30 22:39:46,535:main.py#L167:INFO]: ----------------------------------------------------------------------------------------------------
[2026-01-30 22:43:32,125:main.py#L172:INFO]: [Workload 115/272] Successfully completed tuning for: tpch_115.wg with surrogate
[2026-01-30 22:43:32,125:main.py#L163:INFO]: ----------------------------------------------------------------------------------------------------
[2026-01-30 22:43:32,125:main.py#L164:INFO]: [Workload 116/272] Starting tuning for: tpch_116.wg with surrogate
[2026-01-30 22:43:32,125:main.py#L167:INFO]: ----------------------------------------------------------------------------------------------------
[2026-01-30 22:47:44,626:main.py#L172:INFO]: [Workload 116/272] Successfully completed tuning for: tpch_116.wg with surrogate
[2026-01-30 22:47:44,626:main.py#L163:INFO]: ----------------------------------------------------------------------------------------------------
[2026-01-30 22:47:44,626:main.py#L164:INFO]: [Workload 117/272] Starting tuning for: tpch_117.wg with surrogate
[2026-01-30 22:47:44,626:main.py#L167:INFO]: ----------------------------------------------------------------------------------------------------
[2026-01-30 22:51:35,787:main.py#L172:INFO]: [Workload 117/272] Successfully completed tuning for: tpch_117.wg with surrogate
[2026-01-30 22:51:35,787:main.py#L163:INFO]: ----------------------------------------------------------------------------------------------------
[2026-01-30 22:51:35,787:main.py#L164:INFO]: [Workload 118/272] Starting tuning for: tpch_118.wg with surrogate
[2026-01-30 22:51:35,787:main.py#L167:INFO]: ----------------------------------------------------------------------------------------------------
[2026-01-30 23:15:40,389:main.py#L172:INFO]: [Workload 118/272] Successfully completed tuning for: tpch_118.wg with surrogate
[2026-01-30 23:15:40,389:main.py#L163:INFO]: ----------------------------------------------------------------------------------------------------
[2026-01-30 23:15:40,390:main.py#L164:INFO]: [Workload 119/272] Starting tuning for: tpch_119.wg with surrogate
[2026-01-30 23:15:40,390:main.py#L167:INFO]: ----------------------------------------------------------------------------------------------------
[2026-01-30 23:19:36,348:main.py#L172:INFO]: [Workload 119/272] Successfully completed tuning for: tpch_119.wg with surrogate
[2026-01-30 23:19:36,348:main.py#L163:INFO]: ----------------------------------------------------------------------------------------------------
[2026-01-30 23:19:36,348:main.py#L164:INFO]: [Workload 120/272] Starting tuning for: tpch_120.wg with surrogate
[2026-01-30 23:19:36,348:main.py#L167:INFO]: ----------------------------------------------------------------------------------------------------
[2026-01-30 23:23:25,199:main.py#L172:INFO]: [Workload 120/272] Successfully completed tuning for: tpch_120.wg with surrogate
[2026-01-30 23:23:25,200:main.py#L163:INFO]: ----------------------------------------------------------------------------------------------------
[2026-01-30 23:23:25,200:main.py#L164:INFO]: [Workload 121/272] Starting tuning for: tpch_121.wg with surrogate
[2026-01-30 23:23:25,200:main.py#L167:INFO]: ----------------------------------------------------------------------------------------------------
[2026-01-30 23:27:20,561:main.py#L172:INFO]: [Workload 121/272] Successfully completed tuning for: tpch_121.wg with surrogate
[2026-01-30 23:27:20,561:main.py#L163:INFO]: ----------------------------------------------------------------------------------------------------
[2026-01-30 23:27:20,561:main.py#L164:INFO]: [Workload 122/272] Starting tuning for: tpch_122.wg with surrogate
[2026-01-30 23:27:20,562:main.py#L167:INFO]: ----------------------------------------------------------------------------------------------------
[2026-01-30 23:31:12,379:main.py#L172:INFO]: [Workload 122/272] Successfully completed tuning for: tpch_122.wg with surrogate
[2026-01-30 23:31:12,379:main.py#L163:INFO]: ----------------------------------------------------------------------------------------------------
[2026-01-30 23:31:12,379:main.py#L164:INFO]: [Workload 123/272] Starting tuning for: tpch_123.wg with surrogate
[2026-01-30 23:31:12,379:main.py#L167:INFO]: ----------------------------------------------------------------------------------------------------
[2026-01-30 23:35:05,506:main.py#L172:INFO]: [Workload 123/272] Successfully completed tuning for: tpch_123.wg with surrogate
[2026-01-30 23:35:05,506:main.py#L163:INFO]: ----------------------------------------------------------------------------------------------------
[2026-01-30 23:35:05,506:main.py#L164:INFO]: [Workload 124/272] Starting tuning for: tpch_124.wg with surrogate
[2026-01-30 23:35:05,506:main.py#L167:INFO]: ----------------------------------------------------------------------------------------------------
[2026-01-30 23:38:56,341:main.py#L172:INFO]: [Workload 124/272] Successfully completed tuning for: tpch_124.wg with surrogate
[2026-01-30 23:38:56,341:main.py#L163:INFO]: ----------------------------------------------------------------------------------------------------
[2026-01-30 23:38:56,342:main.py#L164:INFO]: [Workload 125/272] Starting tuning for: tpch_125.wg with surrogate
[2026-01-30 23:38:56,342:main.py#L167:INFO]: ----------------------------------------------------------------------------------------------------
[2026-01-30 23:42:44,759:main.py#L172:INFO]: [Workload 125/272] Successfully completed tuning for: tpch_125.wg with surrogate
[2026-01-30 23:42:44,759:main.py#L163:INFO]: ----------------------------------------------------------------------------------------------------
[2026-01-30 23:42:44,759:main.py#L164:INFO]: [Workload 126/272] Starting tuning for: tpch_126.wg with surrogate
[2026-01-30 23:42:44,759:main.py#L167:INFO]: ----------------------------------------------------------------------------------------------------
[2026-01-30 23:46:32,759:main.py#L172:INFO]: [Workload 126/272] Successfully completed tuning for: tpch_126.wg with surrogate
[2026-01-30 23:46:32,760:main.py#L163:INFO]: ----------------------------------------------------------------------------------------------------
[2026-01-30 23:46:32,760:main.py#L164:INFO]: [Workload 127/272] Starting tuning for: tpch_127.wg with surrogate
[2026-01-30 23:46:32,760:main.py#L167:INFO]: ----------------------------------------------------------------------------------------------------
[2026-01-30 23:50:20,133:main.py#L172:INFO]: [Workload 127/272] Successfully completed tuning for: tpch_127.wg with surrogate
[2026-01-30 23:50:20,133:main.py#L163:INFO]: ----------------------------------------------------------------------------------------------------
[2026-01-30 23:50:20,133:main.py#L164:INFO]: [Workload 128/272] Starting tuning for: tpch_128.wg with surrogate
[2026-01-30 23:50:20,133:main.py#L167:INFO]: ----------------------------------------------------------------------------------------------------
[2026-01-30 23:54:19,302:main.py#L172:INFO]: [Workload 128/272] Successfully completed tuning for: tpch_128.wg with surrogate
[2026-01-30 23:54:19,302:main.py#L163:INFO]: ----------------------------------------------------------------------------------------------------
[2026-01-30 23:54:19,302:main.py#L164:INFO]: [Workload 129/272] Starting tuning for: tpch_129.wg with surrogate
[2026-01-30 23:54:19,302:main.py#L167:INFO]: ----------------------------------------------------------------------------------------------------
[2026-01-30 23:58:22,287:main.py#L172:INFO]: [Workload 129/272] Successfully completed tuning for: tpch_129.wg with surrogate
[2026-01-30 23:58:22,288:main.py#L163:INFO]: ----------------------------------------------------------------------------------------------------
[2026-01-30 23:58:22,288:main.py#L164:INFO]: [Workload 130/272] Starting tuning for: tpch_130.wg with surrogate
[2026-01-30 23:58:22,288:main.py#L167:INFO]: ----------------------------------------------------------------------------------------------------
[2026-01-31 00:02:27,581:main.py#L172:INFO]: [Workload 130/272] Successfully completed tuning for: tpch_130.wg with surrogate
[2026-01-31 00:02:27,581:main.py#L163:INFO]: ----------------------------------------------------------------------------------------------------
[2026-01-31 00:02:27,581:main.py#L164:INFO]: [Workload 131/272] Starting tuning for: tpch_131.wg with surrogate
[2026-01-31 00:02:27,581:main.py#L167:INFO]: ----------------------------------------------------------------------------------------------------
[2026-01-31 00:06:21,800:main.py#L172:INFO]: [Workload 131/272] Successfully completed tuning for: tpch_131.wg with surrogate
[2026-01-31 00:06:21,800:main.py#L163:INFO]: ----------------------------------------------------------------------------------------------------
[2026-01-31 00:06:21,800:main.py#L164:INFO]: [Workload 132/272] Starting tuning for: tpch_132.wg with surrogate
[2026-01-31 00:06:21,800:main.py#L167:INFO]: ----------------------------------------------------------------------------------------------------
[2026-01-31 00:10:19,963:main.py#L172:INFO]: [Workload 132/272] Successfully completed tuning for: tpch_132.wg with surrogate
[2026-01-31 00:10:19,963:main.py#L163:INFO]: ----------------------------------------------------------------------------------------------------
[2026-01-31 00:10:19,963:main.py#L164:INFO]: [Workload 133/272] Starting tuning for: tpch_133.wg with surrogate
[2026-01-31 00:10:19,963:main.py#L167:INFO]: ----------------------------------------------------------------------------------------------------
[2026-01-31 00:14:06,682:main.py#L172:INFO]: [Workload 133/272] Successfully completed tuning for: tpch_133.wg with surrogate
[2026-01-31 00:14:06,682:main.py#L163:INFO]: ----------------------------------------------------------------------------------------------------
[2026-01-31 00:14:06,682:main.py#L164:INFO]: [Workload 134/272] Starting tuning for: tpch_134.wg with surrogate
[2026-01-31 00:14:06,682:main.py#L167:INFO]: ----------------------------------------------------------------------------------------------------
[2026-01-31 00:17:57,198:main.py#L172:INFO]: [Workload 134/272] Successfully completed tuning for: tpch_134.wg with surrogate
[2026-01-31 00:17:57,198:main.py#L163:INFO]: ----------------------------------------------------------------------------------------------------
[2026-01-31 00:17:57,198:main.py#L164:INFO]: [Workload 135/272] Starting tuning for: tpch_135.wg with surrogate
[2026-01-31 00:17:57,198:main.py#L167:INFO]: ----------------------------------------------------------------------------------------------------
[2026-01-31 00:21:54,636:main.py#L172:INFO]: [Workload 135/272] Successfully completed tuning for: tpch_135.wg with surrogate
[2026-01-31 00:21:54,636:main.py#L163:INFO]: ----------------------------------------------------------------------------------------------------
[2026-01-31 00:21:54,636:main.py#L164:INFO]: [Workload 136/272] Starting tuning for: tpch_136.wg with surrogate
[2026-01-31 00:21:54,636:main.py#L167:INFO]: ----------------------------------------------------------------------------------------------------
[2026-01-31 00:25:44,304:main.py#L172:INFO]: [Workload 136/272] Successfully completed tuning for: tpch_136.wg with surrogate
[2026-01-31 00:25:44,305:main.py#L163:INFO]: ----------------------------------------------------------------------------------------------------
[2026-01-31 00:25:44,305:main.py#L164:INFO]: [Workload 137/272] Starting tuning for: tpch_137.wg with surrogate
[2026-01-31 00:25:44,305:main.py#L167:INFO]: ----------------------------------------------------------------------------------------------------
[2026-01-31 00:30:12,930:main.py#L172:INFO]: [Workload 137/272] Successfully completed tuning for: tpch_137.wg with surrogate
[2026-01-31 00:30:12,930:main.py#L163:INFO]: ----------------------------------------------------------------------------------------------------
[2026-01-31 00:30:12,930:main.py#L164:INFO]: [Workload 138/272] Starting tuning for: tpch_138.wg with surrogate
[2026-01-31 00:30:12,930:main.py#L167:INFO]: ----------------------------------------------------------------------------------------------------
[2026-01-31 00:34:04,782:main.py#L172:INFO]: [Workload 138/272] Successfully completed tuning for: tpch_138.wg with surrogate
[2026-01-31 00:34:04,782:main.py#L163:INFO]: ----------------------------------------------------------------------------------------------------
[2026-01-31 00:34:04,782:main.py#L164:INFO]: [Workload 139/272] Starting tuning for: tpch_139.wg with surrogate
[2026-01-31 00:34:04,782:main.py#L167:INFO]: ----------------------------------------------------------------------------------------------------
[2026-01-31 00:38:06,252:main.py#L172:INFO]: [Workload 139/272] Successfully completed tuning for: tpch_139.wg with surrogate
[2026-01-31 00:38:06,252:main.py#L163:INFO]: ----------------------------------------------------------------------------------------------------
[2026-01-31 00:38:06,252:main.py#L164:INFO]: [Workload 140/272] Starting tuning for: tpch_140.wg with surrogate
[2026-01-31 00:38:06,252:main.py#L167:INFO]: ----------------------------------------------------------------------------------------------------
[2026-01-31 00:42:03,394:main.py#L172:INFO]: [Workload 140/272] Successfully completed tuning for: tpch_140.wg with surrogate
[2026-01-31 00:42:03,394:main.py#L163:INFO]: ----------------------------------------------------------------------------------------------------
[2026-01-31 00:42:03,394:main.py#L164:INFO]: [Workload 141/272] Starting tuning for: tpch_141.wg with surrogate
[2026-01-31 00:42:03,394:main.py#L167:INFO]: ----------------------------------------------------------------------------------------------------
[2026-01-31 00:46:07,367:main.py#L172:INFO]: [Workload 141/272] Successfully completed tuning for: tpch_141.wg with surrogate
[2026-01-31 00:46:07,367:main.py#L163:INFO]: ----------------------------------------------------------------------------------------------------
[2026-01-31 00:46:07,367:main.py#L164:INFO]: [Workload 142/272] Starting tuning for: tpch_142.wg with surrogate
[2026-01-31 00:46:07,367:main.py#L167:INFO]: ----------------------------------------------------------------------------------------------------
[2026-01-31 00:50:25,997:main.py#L172:INFO]: [Workload 142/272] Successfully completed tuning for: tpch_142.wg with surrogate
[2026-01-31 00:50:25,997:main.py#L163:INFO]: ----------------------------------------------------------------------------------------------------
[2026-01-31 00:50:25,998:main.py#L164:INFO]: [Workload 143/272] Starting tuning for: tpch_143.wg with surrogate
[2026-01-31 00:50:25,998:main.py#L167:INFO]: ----------------------------------------------------------------------------------------------------
[2026-01-31 00:54:31,724:main.py#L172:INFO]: [Workload 143/272] Successfully completed tuning for: tpch_143.wg with surrogate
[2026-01-31 00:54:31,724:main.py#L163:INFO]: ----------------------------------------------------------------------------------------------------
[2026-01-31 00:54:31,724:main.py#L164:INFO]: [Workload 144/272] Starting tuning for: tpch_144.wg with surrogate
[2026-01-31 00:54:31,724:main.py#L167:INFO]: ----------------------------------------------------------------------------------------------------
[2026-01-31 00:58:19,517:main.py#L172:INFO]: [Workload 144/272] Successfully completed tuning for: tpch_144.wg with surrogate
[2026-01-31 00:58:19,518:main.py#L163:INFO]: ----------------------------------------------------------------------------------------------------
[2026-01-31 00:58:19,518:main.py#L164:INFO]: [Workload 145/272] Starting tuning for: tpch_145.wg with surrogate
[2026-01-31 00:58:19,518:main.py#L167:INFO]: ----------------------------------------------------------------------------------------------------
[2026-01-31 01:02:11,914:main.py#L172:INFO]: [Workload 145/272] Successfully completed tuning for: tpch_145.wg with surrogate
[2026-01-31 01:02:11,914:main.py#L163:INFO]: ----------------------------------------------------------------------------------------------------
[2026-01-31 01:02:11,915:main.py#L164:INFO]: [Workload 146/272] Starting tuning for: tpch_146.wg with surrogate
[2026-01-31 01:02:11,915:main.py#L167:INFO]: ----------------------------------------------------------------------------------------------------
[2026-01-31 01:05:59,924:main.py#L172:INFO]: [Workload 146/272] Successfully completed tuning for: tpch_146.wg with surrogate
[2026-01-31 01:05:59,924:main.py#L163:INFO]: ----------------------------------------------------------------------------------------------------
[2026-01-31 01:05:59,924:main.py#L164:INFO]: [Workload 147/272] Starting tuning for: tpch_147.wg with surrogate
[2026-01-31 01:05:59,924:main.py#L167:INFO]: ----------------------------------------------------------------------------------------------------
[2026-01-31 01:09:47,713:main.py#L172:INFO]: [Workload 147/272] Successfully completed tuning for: tpch_147.wg with surrogate
[2026-01-31 01:09:47,713:main.py#L163:INFO]: ----------------------------------------------------------------------------------------------------
[2026-01-31 01:09:47,713:main.py#L164:INFO]: [Workload 148/272] Starting tuning for: tpch_148.wg with surrogate
[2026-01-31 01:09:47,713:main.py#L167:INFO]: ----------------------------------------------------------------------------------------------------
[2026-01-31 01:13:46,114:main.py#L172:INFO]: [Workload 148/272] Successfully completed tuning for: tpch_148.wg with surrogate
[2026-01-31 01:13:46,114:main.py#L163:INFO]: ----------------------------------------------------------------------------------------------------
[2026-01-31 01:13:46,114:main.py#L164:INFO]: [Workload 149/272] Starting tuning for: tpch_149.wg with surrogate
[2026-01-31 01:13:46,114:main.py#L167:INFO]: ----------------------------------------------------------------------------------------------------
[2026-01-31 01:18:04,465:main.py#L172:INFO]: [Workload 149/272] Successfully completed tuning for: tpch_149.wg with surrogate
[2026-01-31 01:18:04,466:main.py#L163:INFO]: ----------------------------------------------------------------------------------------------------
[2026-01-31 01:18:04,466:main.py#L164:INFO]: [Workload 150/272] Starting tuning for: tpch_150.wg with surrogate
[2026-01-31 01:18:04,466:main.py#L167:INFO]: ----------------------------------------------------------------------------------------------------
[2026-01-31 01:22:05,110:main.py#L172:INFO]: [Workload 150/272] Successfully completed tuning for: tpch_150.wg with surrogate
[2026-01-31 01:22:05,111:main.py#L163:INFO]: ----------------------------------------------------------------------------------------------------
[2026-01-31 01:22:05,111:main.py#L164:INFO]: [Workload 151/272] Starting tuning for: tpch_151.wg with surrogate
[2026-01-31 01:22:05,111:main.py#L167:INFO]: ----------------------------------------------------------------------------------------------------
[2026-01-31 01:28:50,779:main.py#L172:INFO]: [Workload 151/272] Successfully completed tuning for: tpch_151.wg with surrogate
[2026-01-31 01:28:50,779:main.py#L163:INFO]: ----------------------------------------------------------------------------------------------------
[2026-01-31 01:28:50,779:main.py#L164:INFO]: [Workload 152/272] Starting tuning for: tpch_152.wg with surrogate
[2026-01-31 01:28:50,779:main.py#L167:INFO]: ----------------------------------------------------------------------------------------------------
[2026-01-31 01:32:57,868:main.py#L172:INFO]: [Workload 152/272] Successfully completed tuning for: tpch_152.wg with surrogate
[2026-01-31 01:32:57,868:main.py#L163:INFO]: ----------------------------------------------------------------------------------------------------
[2026-01-31 01:32:57,868:main.py#L164:INFO]: [Workload 153/272] Starting tuning for: tpch_153.wg with surrogate
[2026-01-31 01:32:57,868:main.py#L167:INFO]: ----------------------------------------------------------------------------------------------------
[2026-01-31 01:36:54,257:main.py#L172:INFO]: [Workload 153/272] Successfully completed tuning for: tpch_153.wg with surrogate
[2026-01-31 01:36:54,257:main.py#L163:INFO]: ----------------------------------------------------------------------------------------------------
[2026-01-31 01:36:54,258:main.py#L164:INFO]: [Workload 154/272] Starting tuning for: tpch_154.wg with surrogate
[2026-01-31 01:36:54,258:main.py#L167:INFO]: ----------------------------------------------------------------------------------------------------
[2026-01-31 01:40:51,184:main.py#L172:INFO]: [Workload 154/272] Successfully completed tuning for: tpch_154.wg with surrogate
[2026-01-31 01:40:51,184:main.py#L163:INFO]: ----------------------------------------------------------------------------------------------------
[2026-01-31 01:40:51,184:main.py#L164:INFO]: [Workload 155/272] Starting tuning for: tpch_155.wg with surrogate
[2026-01-31 01:40:51,184:main.py#L167:INFO]: ----------------------------------------------------------------------------------------------------
[2026-01-31 01:44:55,350:main.py#L172:INFO]: [Workload 155/272] Successfully completed tuning for: tpch_155.wg with surrogate
[2026-01-31 01:44:55,350:main.py#L163:INFO]: ----------------------------------------------------------------------------------------------------
[2026-01-31 01:44:55,351:main.py#L164:INFO]: [Workload 156/272] Starting tuning for: tpch_156.wg with surrogate
[2026-01-31 01:44:55,351:main.py#L167:INFO]: ----------------------------------------------------------------------------------------------------
[2026-01-31 01:48:49,026:main.py#L172:INFO]: [Workload 156/272] Successfully completed tuning for: tpch_156.wg with surrogate
[2026-01-31 01:48:49,026:main.py#L163:INFO]: ----------------------------------------------------------------------------------------------------
[2026-01-31 01:48:49,026:main.py#L164:INFO]: [Workload 157/272] Starting tuning for: tpch_157.wg with surrogate
[2026-01-31 01:48:49,026:main.py#L167:INFO]: ----------------------------------------------------------------------------------------------------
[2026-01-31 01:53:00,318:main.py#L172:INFO]: [Workload 157/272] Successfully completed tuning for: tpch_157.wg with surrogate
[2026-01-31 01:53:00,318:main.py#L163:INFO]: ----------------------------------------------------------------------------------------------------
[2026-01-31 01:53:00,319:main.py#L164:INFO]: [Workload 158/272] Starting tuning for: tpch_158.wg with surrogate
[2026-01-31 01:53:00,319:main.py#L167:INFO]: ----------------------------------------------------------------------------------------------------
[2026-01-31 01:56:54,981:main.py#L172:INFO]: [Workload 158/272] Successfully completed tuning for: tpch_158.wg with surrogate
[2026-01-31 01:56:54,981:main.py#L163:INFO]: ----------------------------------------------------------------------------------------------------
[2026-01-31 01:56:54,981:main.py#L164:INFO]: [Workload 159/272] Starting tuning for: tpch_159.wg with surrogate
[2026-01-31 01:56:54,981:main.py#L167:INFO]: ----------------------------------------------------------------------------------------------------
[2026-01-31 02:00:47,631:main.py#L172:INFO]: [Workload 159/272] Successfully completed tuning for: tpch_159.wg with surrogate
[2026-01-31 02:00:47,631:main.py#L163:INFO]: ----------------------------------------------------------------------------------------------------
[2026-01-31 02:00:47,631:main.py#L164:INFO]: [Workload 160/272] Starting tuning for: tpch_160.wg with surrogate
[2026-01-31 02:00:47,631:main.py#L167:INFO]: ----------------------------------------------------------------------------------------------------
[2026-01-31 02:04:37,457:main.py#L172:INFO]: [Workload 160/272] Successfully completed tuning for: tpch_160.wg with surrogate
[2026-01-31 02:04:37,457:main.py#L163:INFO]: ----------------------------------------------------------------------------------------------------
[2026-01-31 02:04:37,457:main.py#L164:INFO]: [Workload 161/272] Starting tuning for: tpch_161.wg with surrogate
[2026-01-31 02:04:37,457:main.py#L167:INFO]: ----------------------------------------------------------------------------------------------------
[2026-01-31 02:08:33,643:main.py#L172:INFO]: [Workload 161/272] Successfully completed tuning for: tpch_161.wg with surrogate
[2026-01-31 02:08:33,644:main.py#L163:INFO]: ----------------------------------------------------------------------------------------------------
[2026-01-31 02:08:33,644:main.py#L164:INFO]: [Workload 162/272] Starting tuning for: tpch_162.wg with surrogate
[2026-01-31 02:08:33,644:main.py#L167:INFO]: ----------------------------------------------------------------------------------------------------
[2026-01-31 02:12:41,885:main.py#L172:INFO]: [Workload 162/272] Successfully completed tuning for: tpch_162.wg with surrogate
[2026-01-31 02:12:41,885:main.py#L163:INFO]: ----------------------------------------------------------------------------------------------------
[2026-01-31 02:12:41,885:main.py#L164:INFO]: [Workload 163/272] Starting tuning for: tpch_163.wg with surrogate
[2026-01-31 02:12:41,885:main.py#L167:INFO]: ----------------------------------------------------------------------------------------------------
[2026-01-31 02:16:58,966:main.py#L172:INFO]: [Workload 163/272] Successfully completed tuning for: tpch_163.wg with surrogate
[2026-01-31 02:16:58,966:main.py#L163:INFO]: ----------------------------------------------------------------------------------------------------
[2026-01-31 02:16:58,966:main.py#L164:INFO]: [Workload 164/272] Starting tuning for: tpch_164.wg with surrogate
[2026-01-31 02:16:58,966:main.py#L167:INFO]: ----------------------------------------------------------------------------------------------------
[2026-01-31 02:20:57,095:main.py#L172:INFO]: [Workload 164/272] Successfully completed tuning for: tpch_164.wg with surrogate
[2026-01-31 02:20:57,095:main.py#L163:INFO]: ----------------------------------------------------------------------------------------------------
[2026-01-31 02:20:57,095:main.py#L164:INFO]: [Workload 165/272] Starting tuning for: tpch_165.wg with surrogate
[2026-01-31 02:20:57,095:main.py#L167:INFO]: ----------------------------------------------------------------------------------------------------
[2026-01-31 02:24:56,681:main.py#L172:INFO]: [Workload 165/272] Successfully completed tuning for: tpch_165.wg with surrogate
[2026-01-31 02:24:56,682:main.py#L163:INFO]: ----------------------------------------------------------------------------------------------------
[2026-01-31 02:24:56,682:main.py#L164:INFO]: [Workload 166/272] Starting tuning for: tpch_166.wg with surrogate
[2026-01-31 02:24:56,682:main.py#L167:INFO]: ----------------------------------------------------------------------------------------------------
[2026-01-31 02:28:54,841:main.py#L172:INFO]: [Workload 166/272] Successfully completed tuning for: tpch_166.wg with surrogate
[2026-01-31 02:28:54,841:main.py#L163:INFO]: ----------------------------------------------------------------------------------------------------
[2026-01-31 02:28:54,841:main.py#L164:INFO]: [Workload 167/272] Starting tuning for: tpch_167.wg with surrogate
[2026-01-31 02:28:54,841:main.py#L167:INFO]: ----------------------------------------------------------------------------------------------------
[2026-01-31 02:32:45,498:main.py#L172:INFO]: [Workload 167/272] Successfully completed tuning for: tpch_167.wg with surrogate
[2026-01-31 02:32:45,498:main.py#L163:INFO]: ----------------------------------------------------------------------------------------------------
[2026-01-31 02:32:45,498:main.py#L164:INFO]: [Workload 168/272] Starting tuning for: tpch_168.wg with surrogate
[2026-01-31 02:32:45,498:main.py#L167:INFO]: ----------------------------------------------------------------------------------------------------
[2026-01-31 02:36:35,590:main.py#L172:INFO]: [Workload 168/272] Successfully completed tuning for: tpch_168.wg with surrogate
[2026-01-31 02:36:35,590:main.py#L163:INFO]: ----------------------------------------------------------------------------------------------------
[2026-01-31 02:36:35,590:main.py#L164:INFO]: [Workload 169/272] Starting tuning for: tpch_169.wg with surrogate
[2026-01-31 02:36:35,590:main.py#L167:INFO]: ----------------------------------------------------------------------------------------------------
[2026-01-31 02:40:33,957:main.py#L172:INFO]: [Workload 169/272] Successfully completed tuning for: tpch_169.wg with surrogate
[2026-01-31 02:40:33,957:main.py#L163:INFO]: ----------------------------------------------------------------------------------------------------
[2026-01-31 02:40:33,958:main.py#L164:INFO]: [Workload 170/272] Starting tuning for: tpch_170.wg with surrogate
[2026-01-31 02:40:33,958:main.py#L167:INFO]: ----------------------------------------------------------------------------------------------------
[2026-01-31 02:44:25,201:main.py#L172:INFO]: [Workload 170/272] Successfully completed tuning for: tpch_170.wg with surrogate
[2026-01-31 02:44:25,201:main.py#L163:INFO]: ----------------------------------------------------------------------------------------------------
[2026-01-31 02:44:25,201:main.py#L164:INFO]: [Workload 171/272] Starting tuning for: tpch_171.wg with surrogate
[2026-01-31 02:44:25,201:main.py#L167:INFO]: ----------------------------------------------------------------------------------------------------
[2026-01-31 02:48:19,402:main.py#L172:INFO]: [Workload 171/272] Successfully completed tuning for: tpch_171.wg with surrogate
[2026-01-31 02:48:19,402:main.py#L163:INFO]: ----------------------------------------------------------------------------------------------------
[2026-01-31 02:48:19,402:main.py#L164:INFO]: [Workload 172/272] Starting tuning for: tpch_172.wg with surrogate
[2026-01-31 02:48:19,402:main.py#L167:INFO]: ----------------------------------------------------------------------------------------------------
[2026-01-31 02:52:14,522:main.py#L172:INFO]: [Workload 172/272] Successfully completed tuning for: tpch_172.wg with surrogate
[2026-01-31 02:52:14,523:main.py#L163:INFO]: ----------------------------------------------------------------------------------------------------
[2026-01-31 02:52:14,523:main.py#L164:INFO]: [Workload 173/272] Starting tuning for: tpch_173.wg with surrogate
[2026-01-31 02:52:14,523:main.py#L167:INFO]: ----------------------------------------------------------------------------------------------------
[2026-01-31 02:56:15,078:main.py#L172:INFO]: [Workload 173/272] Successfully completed tuning for: tpch_173.wg with surrogate
[2026-01-31 02:56:15,078:main.py#L163:INFO]: ----------------------------------------------------------------------------------------------------
[2026-01-31 02:56:15,078:main.py#L164:INFO]: [Workload 174/272] Starting tuning for: tpch_174.wg with surrogate
[2026-01-31 02:56:15,078:main.py#L167:INFO]: ----------------------------------------------------------------------------------------------------
[2026-01-31 03:00:11,700:main.py#L172:INFO]: [Workload 174/272] Successfully completed tuning for: tpch_174.wg with surrogate
[2026-01-31 03:00:11,700:main.py#L163:INFO]: ----------------------------------------------------------------------------------------------------
[2026-01-31 03:00:11,700:main.py#L164:INFO]: [Workload 175/272] Starting tuning for: tpch_175.wg with surrogate
[2026-01-31 03:00:11,700:main.py#L167:INFO]: ----------------------------------------------------------------------------------------------------
[2026-01-31 03:04:05,445:main.py#L172:INFO]: [Workload 175/272] Successfully completed tuning for: tpch_175.wg with surrogate
[2026-01-31 03:04:05,446:main.py#L163:INFO]: ----------------------------------------------------------------------------------------------------
[2026-01-31 03:04:05,446:main.py#L164:INFO]: [Workload 176/272] Starting tuning for: tpch_176.wg with surrogate
[2026-01-31 03:04:05,446:main.py#L167:INFO]: ----------------------------------------------------------------------------------------------------
[2026-01-31 03:08:13,729:main.py#L172:INFO]: [Workload 176/272] Successfully completed tuning for: tpch_176.wg with surrogate
[2026-01-31 03:08:13,729:main.py#L163:INFO]: ----------------------------------------------------------------------------------------------------
[2026-01-31 03:08:13,729:main.py#L164:INFO]: [Workload 177/272] Starting tuning for: tpch_177.wg with surrogate
[2026-01-31 03:08:13,729:main.py#L167:INFO]: ----------------------------------------------------------------------------------------------------
[2026-01-31 03:12:09,756:main.py#L172:INFO]: [Workload 177/272] Successfully completed tuning for: tpch_177.wg with surrogate
[2026-01-31 03:12:09,756:main.py#L163:INFO]: ----------------------------------------------------------------------------------------------------
[2026-01-31 03:12:09,756:main.py#L164:INFO]: [Workload 178/272] Starting tuning for: tpch_178.wg with surrogate
[2026-01-31 03:12:09,756:main.py#L167:INFO]: ----------------------------------------------------------------------------------------------------
[2026-01-31 03:16:43,749:main.py#L172:INFO]: [Workload 178/272] Successfully completed tuning for: tpch_178.wg with surrogate
[2026-01-31 03:16:43,749:main.py#L163:INFO]: ----------------------------------------------------------------------------------------------------
[2026-01-31 03:16:43,749:main.py#L164:INFO]: [Workload 179/272] Starting tuning for: tpch_179.wg with surrogate
[2026-01-31 03:16:43,749:main.py#L167:INFO]: ----------------------------------------------------------------------------------------------------
[2026-01-31 03:20:47,098:main.py#L172:INFO]: [Workload 179/272] Successfully completed tuning for: tpch_179.wg with surrogate
[2026-01-31 03:20:47,098:main.py#L163:INFO]: ----------------------------------------------------------------------------------------------------
[2026-01-31 03:20:47,099:main.py#L164:INFO]: [Workload 180/272] Starting tuning for: tpch_180.wg with surrogate
[2026-01-31 03:20:47,099:main.py#L167:INFO]: ----------------------------------------------------------------------------------------------------
[2026-01-31 03:24:40,178:main.py#L172:INFO]: [Workload 180/272] Successfully completed tuning for: tpch_180.wg with surrogate
[2026-01-31 03:24:40,178:main.py#L163:INFO]: ----------------------------------------------------------------------------------------------------
[2026-01-31 03:24:40,178:main.py#L164:INFO]: [Workload 181/272] Starting tuning for: tpch_181.wg with surrogate
[2026-01-31 03:24:40,178:main.py#L167:INFO]: ----------------------------------------------------------------------------------------------------
[2026-01-31 04:08:25,855:main.py#L172:INFO]: [Workload 181/272] Successfully completed tuning for: tpch_181.wg with surrogate
[2026-01-31 04:08:25,855:main.py#L163:INFO]: ----------------------------------------------------------------------------------------------------
[2026-01-31 04:08:25,855:main.py#L164:INFO]: [Workload 182/272] Starting tuning for: tpch_182.wg with surrogate
[2026-01-31 04:08:25,855:main.py#L167:INFO]: ----------------------------------------------------------------------------------------------------
[2026-01-31 04:12:19,851:main.py#L172:INFO]: [Workload 182/272] Successfully completed tuning for: tpch_182.wg with surrogate
[2026-01-31 04:12:19,851:main.py#L163:INFO]: ----------------------------------------------------------------------------------------------------
[2026-01-31 04:12:19,851:main.py#L164:INFO]: [Workload 183/272] Starting tuning for: tpch_183.wg with surrogate
[2026-01-31 04:12:19,851:main.py#L167:INFO]: ----------------------------------------------------------------------------------------------------
[2026-01-31 04:16:11,376:main.py#L172:INFO]: [Workload 183/272] Successfully completed tuning for: tpch_183.wg with surrogate
[2026-01-31 04:16:11,376:main.py#L163:INFO]: ----------------------------------------------------------------------------------------------------
[2026-01-31 04:16:11,377:main.py#L164:INFO]: [Workload 184/272] Starting tuning for: tpch_184.wg with surrogate
[2026-01-31 04:16:11,377:main.py#L167:INFO]: ----------------------------------------------------------------------------------------------------
[2026-01-31 04:20:10,060:main.py#L172:INFO]: [Workload 184/272] Successfully completed tuning for: tpch_184.wg with surrogate
[2026-01-31 04:20:10,060:main.py#L163:INFO]: ----------------------------------------------------------------------------------------------------
[2026-01-31 04:20:10,060:main.py#L164:INFO]: [Workload 185/272] Starting tuning for: tpch_185.wg with surrogate
[2026-01-31 04:20:10,060:main.py#L167:INFO]: ----------------------------------------------------------------------------------------------------
[2026-01-31 04:24:24,827:main.py#L172:INFO]: [Workload 185/272] Successfully completed tuning for: tpch_185.wg with surrogate
[2026-01-31 04:24:24,827:main.py#L163:INFO]: ----------------------------------------------------------------------------------------------------
[2026-01-31 04:24:24,827:main.py#L164:INFO]: [Workload 186/272] Starting tuning for: tpch_186.wg with surrogate
[2026-01-31 04:24:24,828:main.py#L167:INFO]: ----------------------------------------------------------------------------------------------------
[2026-01-31 04:28:32,344:main.py#L172:INFO]: [Workload 186/272] Successfully completed tuning for: tpch_186.wg with surrogate
[2026-01-31 04:28:32,344:main.py#L163:INFO]: ----------------------------------------------------------------------------------------------------
[2026-01-31 04:28:32,344:main.py#L164:INFO]: [Workload 187/272] Starting tuning for: tpch_187.wg with surrogate
[2026-01-31 04:28:32,344:main.py#L167:INFO]: ----------------------------------------------------------------------------------------------------
[2026-01-31 04:32:33,195:main.py#L172:INFO]: [Workload 187/272] Successfully completed tuning for: tpch_187.wg with surrogate
[2026-01-31 04:32:33,196:main.py#L163:INFO]: ----------------------------------------------------------------------------------------------------
[2026-01-31 04:32:33,196:main.py#L164:INFO]: [Workload 188/272] Starting tuning for: tpch_188.wg with surrogate
[2026-01-31 04:32:33,196:main.py#L167:INFO]: ----------------------------------------------------------------------------------------------------
[2026-01-31 04:36:43,785:main.py#L172:INFO]: [Workload 188/272] Successfully completed tuning for: tpch_188.wg with surrogate
[2026-01-31 04:36:43,786:main.py#L163:INFO]: ----------------------------------------------------------------------------------------------------
[2026-01-31 04:36:43,786:main.py#L164:INFO]: [Workload 189/272] Starting tuning for: tpch_189.wg with surrogate
[2026-01-31 04:36:43,786:main.py#L167:INFO]: ----------------------------------------------------------------------------------------------------
[2026-01-31 04:40:38,357:main.py#L172:INFO]: [Workload 189/272] Successfully completed tuning for: tpch_189.wg with surrogate
[2026-01-31 04:40:38,357:main.py#L163:INFO]: ----------------------------------------------------------------------------------------------------
[2026-01-31 04:40:38,357:main.py#L164:INFO]: [Workload 190/272] Starting tuning for: tpch_190.wg with surrogate
[2026-01-31 04:40:38,357:main.py#L167:INFO]: ----------------------------------------------------------------------------------------------------
[2026-01-31 04:44:33,602:main.py#L172:INFO]: [Workload 190/272] Successfully completed tuning for: tpch_190.wg with surrogate
[2026-01-31 04:44:33,602:main.py#L163:INFO]: ----------------------------------------------------------------------------------------------------
[2026-01-31 04:44:33,602:main.py#L164:INFO]: [Workload 191/272] Starting tuning for: tpch_191.wg with surrogate
[2026-01-31 04:44:33,602:main.py#L167:INFO]: ----------------------------------------------------------------------------------------------------
[2026-01-31 04:48:43,542:main.py#L172:INFO]: [Workload 191/272] Successfully completed tuning for: tpch_191.wg with surrogate
[2026-01-31 04:48:43,542:main.py#L163:INFO]: ----------------------------------------------------------------------------------------------------
[2026-01-31 04:48:43,542:main.py#L164:INFO]: [Workload 192/272] Starting tuning for: tpch_192.wg with surrogate
[2026-01-31 04:48:43,542:main.py#L167:INFO]: ----------------------------------------------------------------------------------------------------
[2026-01-31 04:52:36,506:main.py#L172:INFO]: [Workload 192/272] Successfully completed tuning for: tpch_192.wg with surrogate
[2026-01-31 04:52:36,507:main.py#L163:INFO]: ----------------------------------------------------------------------------------------------------
[2026-01-31 04:52:36,507:main.py#L164:INFO]: [Workload 193/272] Starting tuning for: tpch_193.wg with surrogate
[2026-01-31 04:52:36,507:main.py#L167:INFO]: ----------------------------------------------------------------------------------------------------
[2026-01-31 04:56:50,368:main.py#L172:INFO]: [Workload 193/272] Successfully completed tuning for: tpch_193.wg with surrogate
[2026-01-31 04:56:50,368:main.py#L163:INFO]: ----------------------------------------------------------------------------------------------------
[2026-01-31 04:56:50,369:main.py#L164:INFO]: [Workload 194/272] Starting tuning for: tpch_194.wg with surrogate
[2026-01-31 04:56:50,369:main.py#L167:INFO]: ----------------------------------------------------------------------------------------------------
[2026-01-31 05:01:05,731:main.py#L172:INFO]: [Workload 194/272] Successfully completed tuning for: tpch_194.wg with surrogate
[2026-01-31 05:01:05,731:main.py#L163:INFO]: ----------------------------------------------------------------------------------------------------
[2026-01-31 05:01:05,731:main.py#L164:INFO]: [Workload 195/272] Starting tuning for: tpch_195.wg with surrogate
[2026-01-31 05:01:05,731:main.py#L167:INFO]: ----------------------------------------------------------------------------------------------------
[2026-01-31 05:05:24,338:main.py#L172:INFO]: [Workload 195/272] Successfully completed tuning for: tpch_195.wg with surrogate
[2026-01-31 05:05:24,339:main.py#L163:INFO]: ----------------------------------------------------------------------------------------------------
[2026-01-31 05:05:24,339:main.py#L164:INFO]: [Workload 196/272] Starting tuning for: tpch_196.wg with surrogate
[2026-01-31 05:05:24,339:main.py#L167:INFO]: ----------------------------------------------------------------------------------------------------
[2026-01-31 05:09:23,689:main.py#L172:INFO]: [Workload 196/272] Successfully completed tuning for: tpch_196.wg with surrogate
[2026-01-31 05:09:23,689:main.py#L163:INFO]: ----------------------------------------------------------------------------------------------------
[2026-01-31 05:09:23,689:main.py#L164:INFO]: [Workload 197/272] Starting tuning for: tpch_197.wg with surrogate
[2026-01-31 05:09:23,689:main.py#L167:INFO]: ----------------------------------------------------------------------------------------------------
[2026-01-31 05:13:49,368:main.py#L172:INFO]: [Workload 197/272] Successfully completed tuning for: tpch_197.wg with surrogate
[2026-01-31 05:13:49,368:main.py#L163:INFO]: ----------------------------------------------------------------------------------------------------
[2026-01-31 05:13:49,368:main.py#L164:INFO]: [Workload 198/272] Starting tuning for: tpch_198.wg with surrogate
[2026-01-31 05:13:49,368:main.py#L167:INFO]: ----------------------------------------------------------------------------------------------------
[2026-01-31 05:18:08,295:main.py#L172:INFO]: [Workload 198/272] Successfully completed tuning for: tpch_198.wg with surrogate
[2026-01-31 05:18:08,295:main.py#L163:INFO]: ----------------------------------------------------------------------------------------------------
[2026-01-31 05:18:08,295:main.py#L164:INFO]: [Workload 199/272] Starting tuning for: tpch_199.wg with surrogate
[2026-01-31 05:18:08,295:main.py#L167:INFO]: ----------------------------------------------------------------------------------------------------
[2026-01-31 05:22:10,971:main.py#L172:INFO]: [Workload 199/272] Successfully completed tuning for: tpch_199.wg with surrogate
[2026-01-31 05:22:10,972:main.py#L163:INFO]: ----------------------------------------------------------------------------------------------------
[2026-01-31 05:22:10,972:main.py#L164:INFO]: [Workload 200/272] Starting tuning for: tpch_200.wg with surrogate
[2026-01-31 05:22:10,972:main.py#L167:INFO]: ----------------------------------------------------------------------------------------------------
[2026-01-31 05:26:14,774:main.py#L172:INFO]: [Workload 200/272] Successfully completed tuning for: tpch_200.wg with surrogate
[2026-01-31 05:26:14,774:main.py#L163:INFO]: ----------------------------------------------------------------------------------------------------
[2026-01-31 05:26:14,774:main.py#L164:INFO]: [Workload 201/272] Starting tuning for: tpch_201.wg with surrogate
[2026-01-31 05:26:14,774:main.py#L167:INFO]: ----------------------------------------------------------------------------------------------------
[2026-01-31 05:30:29,338:main.py#L172:INFO]: [Workload 201/272] Successfully completed tuning for: tpch_201.wg with surrogate
[2026-01-31 05:30:29,338:main.py#L163:INFO]: ----------------------------------------------------------------------------------------------------
[2026-01-31 05:30:29,338:main.py#L164:INFO]: [Workload 202/272] Starting tuning for: tpch_202.wg with surrogate
[2026-01-31 05:30:29,338:main.py#L167:INFO]: ----------------------------------------------------------------------------------------------------
[2026-01-31 05:34:21,821:main.py#L172:INFO]: [Workload 202/272] Successfully completed tuning for: tpch_202.wg with surrogate
[2026-01-31 05:34:21,821:main.py#L163:INFO]: ----------------------------------------------------------------------------------------------------
[2026-01-31 05:34:21,821:main.py#L164:INFO]: [Workload 203/272] Starting tuning for: tpch_203.wg with surrogate
[2026-01-31 05:34:21,821:main.py#L167:INFO]: ----------------------------------------------------------------------------------------------------
[2026-01-31 05:38:18,316:main.py#L172:INFO]: [Workload 203/272] Successfully completed tuning for: tpch_203.wg with surrogate
[2026-01-31 05:38:18,316:main.py#L163:INFO]: ----------------------------------------------------------------------------------------------------
[2026-01-31 05:38:18,317:main.py#L164:INFO]: [Workload 204/272] Starting tuning for: tpch_204.wg with surrogate
[2026-01-31 05:38:18,317:main.py#L167:INFO]: ----------------------------------------------------------------------------------------------------
[2026-01-31 05:42:10,413:main.py#L172:INFO]: [Workload 204/272] Successfully completed tuning for: tpch_204.wg with surrogate
[2026-01-31 05:42:10,413:main.py#L163:INFO]: ----------------------------------------------------------------------------------------------------
[2026-01-31 05:42:10,413:main.py#L164:INFO]: [Workload 205/272] Starting tuning for: tpch_205.wg with surrogate
[2026-01-31 05:42:10,413:main.py#L167:INFO]: ----------------------------------------------------------------------------------------------------
[2026-01-31 05:46:09,685:main.py#L172:INFO]: [Workload 205/272] Successfully completed tuning for: tpch_205.wg with surrogate
[2026-01-31 05:46:09,685:main.py#L163:INFO]: ----------------------------------------------------------------------------------------------------
[2026-01-31 05:46:09,685:main.py#L164:INFO]: [Workload 206/272] Starting tuning for: tpch_206.wg with surrogate
[2026-01-31 05:46:09,685:main.py#L167:INFO]: ----------------------------------------------------------------------------------------------------
[2026-01-31 05:50:47,718:main.py#L172:INFO]: [Workload 206/272] Successfully completed tuning for: tpch_206.wg with surrogate
[2026-01-31 05:50:47,718:main.py#L163:INFO]: ----------------------------------------------------------------------------------------------------
[2026-01-31 05:50:47,718:main.py#L164:INFO]: [Workload 207/272] Starting tuning for: tpch_207.wg with surrogate
[2026-01-31 05:50:47,718:main.py#L167:INFO]: ----------------------------------------------------------------------------------------------------
[2026-01-31 05:54:49,508:main.py#L172:INFO]: [Workload 207/272] Successfully completed tuning for: tpch_207.wg with surrogate
[2026-01-31 05:54:49,508:main.py#L163:INFO]: ----------------------------------------------------------------------------------------------------
[2026-01-31 05:54:49,508:main.py#L164:INFO]: [Workload 208/272] Starting tuning for: tpch_208.wg with surrogate
[2026-01-31 05:54:49,508:main.py#L167:INFO]: ----------------------------------------------------------------------------------------------------
[2026-01-31 05:58:43,325:main.py#L172:INFO]: [Workload 208/272] Successfully completed tuning for: tpch_208.wg with surrogate
[2026-01-31 05:58:43,325:main.py#L163:INFO]: ----------------------------------------------------------------------------------------------------
[2026-01-31 05:58:43,325:main.py#L164:INFO]: [Workload 209/272] Starting tuning for: tpch_209.wg with surrogate
[2026-01-31 05:58:43,325:main.py#L167:INFO]: ----------------------------------------------------------------------------------------------------
[2026-01-31 06:02:35,877:main.py#L172:INFO]: [Workload 209/272] Successfully completed tuning for: tpch_209.wg with surrogate
[2026-01-31 06:02:35,877:main.py#L163:INFO]: ----------------------------------------------------------------------------------------------------
[2026-01-31 06:02:35,878:main.py#L164:INFO]: [Workload 210/272] Starting tuning for: tpch_210.wg with surrogate
[2026-01-31 06:02:35,878:main.py#L167:INFO]: ----------------------------------------------------------------------------------------------------
[2026-01-31 06:06:35,093:main.py#L172:INFO]: [Workload 210/272] Successfully completed tuning for: tpch_210.wg with surrogate
[2026-01-31 06:06:35,094:main.py#L163:INFO]: ----------------------------------------------------------------------------------------------------
[2026-01-31 06:06:35,094:main.py#L164:INFO]: [Workload 211/272] Starting tuning for: tpch_211.wg with surrogate
[2026-01-31 06:06:35,094:main.py#L167:INFO]: ----------------------------------------------------------------------------------------------------
[2026-01-31 06:10:40,077:main.py#L172:INFO]: [Workload 211/272] Successfully completed tuning for: tpch_211.wg with surrogate
[2026-01-31 06:10:40,077:main.py#L163:INFO]: ----------------------------------------------------------------------------------------------------
[2026-01-31 06:10:40,077:main.py#L164:INFO]: [Workload 212/272] Starting tuning for: tpch_212.wg with surrogate
[2026-01-31 06:10:40,077:main.py#L167:INFO]: ----------------------------------------------------------------------------------------------------
[2026-01-31 06:14:34,458:main.py#L172:INFO]: [Workload 212/272] Successfully completed tuning for: tpch_212.wg with surrogate
[2026-01-31 06:14:34,458:main.py#L163:INFO]: ----------------------------------------------------------------------------------------------------
[2026-01-31 06:14:34,458:main.py#L164:INFO]: [Workload 213/272] Starting tuning for: tpch_213.wg with surrogate
[2026-01-31 06:14:34,458:main.py#L167:INFO]: ----------------------------------------------------------------------------------------------------
[2026-01-31 06:18:27,037:main.py#L172:INFO]: [Workload 213/272] Successfully completed tuning for: tpch_213.wg with surrogate
[2026-01-31 06:18:27,037:main.py#L163:INFO]: ----------------------------------------------------------------------------------------------------
[2026-01-31 06:18:27,037:main.py#L164:INFO]: [Workload 214/272] Starting tuning for: tpch_214.wg with surrogate
[2026-01-31 06:18:27,038:main.py#L167:INFO]: ----------------------------------------------------------------------------------------------------
[2026-01-31 06:22:36,714:main.py#L172:INFO]: [Workload 214/272] Successfully completed tuning for: tpch_214.wg with surrogate
[2026-01-31 06:22:36,715:main.py#L163:INFO]: ----------------------------------------------------------------------------------------------------
[2026-01-31 06:22:36,715:main.py#L164:INFO]: [Workload 215/272] Starting tuning for: tpch_215.wg with surrogate
[2026-01-31 06:22:36,715:main.py#L167:INFO]: ----------------------------------------------------------------------------------------------------
[2026-01-31 06:26:31,187:main.py#L172:INFO]: [Workload 215/272] Successfully completed tuning for: tpch_215.wg with surrogate
[2026-01-31 06:26:31,187:main.py#L163:INFO]: ----------------------------------------------------------------------------------------------------
[2026-01-31 06:26:31,187:main.py#L164:INFO]: [Workload 216/272] Starting tuning for: tpch_216.wg with surrogate
[2026-01-31 06:26:31,187:main.py#L167:INFO]: ----------------------------------------------------------------------------------------------------
[2026-01-31 06:30:37,952:main.py#L172:INFO]: [Workload 216/272] Successfully completed tuning for: tpch_216.wg with surrogate
[2026-01-31 06:30:37,952:main.py#L163:INFO]: ----------------------------------------------------------------------------------------------------
[2026-01-31 06:30:37,952:main.py#L164:INFO]: [Workload 217/272] Starting tuning for: tpch_217.wg with surrogate
[2026-01-31 06:30:37,952:main.py#L167:INFO]: ----------------------------------------------------------------------------------------------------
[2026-01-31 06:34:38,740:main.py#L172:INFO]: [Workload 217/272] Successfully completed tuning for: tpch_217.wg with surrogate
[2026-01-31 06:34:38,740:main.py#L163:INFO]: ----------------------------------------------------------------------------------------------------
[2026-01-31 06:34:38,740:main.py#L164:INFO]: [Workload 218/272] Starting tuning for: tpch_218.wg with surrogate
[2026-01-31 06:34:38,741:main.py#L167:INFO]: ----------------------------------------------------------------------------------------------------
[2026-01-31 06:39:14,958:main.py#L172:INFO]: [Workload 218/272] Successfully completed tuning for: tpch_218.wg with surrogate
[2026-01-31 06:39:14,958:main.py#L163:INFO]: ----------------------------------------------------------------------------------------------------
[2026-01-31 06:39:14,958:main.py#L164:INFO]: [Workload 219/272] Starting tuning for: tpch_219.wg with surrogate
[2026-01-31 06:39:14,958:main.py#L167:INFO]: ----------------------------------------------------------------------------------------------------
[2026-01-31 06:43:12,474:main.py#L172:INFO]: [Workload 219/272] Successfully completed tuning for: tpch_219.wg with surrogate
[2026-01-31 06:43:12,474:main.py#L163:INFO]: ----------------------------------------------------------------------------------------------------
[2026-01-31 06:43:12,474:main.py#L164:INFO]: [Workload 220/272] Starting tuning for: tpch_220.wg with surrogate
[2026-01-31 06:43:12,474:main.py#L167:INFO]: ----------------------------------------------------------------------------------------------------
[2026-01-31 06:47:16,836:main.py#L172:INFO]: [Workload 220/272] Successfully completed tuning for: tpch_220.wg with surrogate
[2026-01-31 06:47:16,837:main.py#L163:INFO]: ----------------------------------------------------------------------------------------------------
[2026-01-31 06:47:16,837:main.py#L164:INFO]: [Workload 221/272] Starting tuning for: tpch_221.wg with surrogate
[2026-01-31 06:47:16,837:main.py#L167:INFO]: ----------------------------------------------------------------------------------------------------
[2026-01-31 06:51:10,250:main.py#L172:INFO]: [Workload 221/272] Successfully completed tuning for: tpch_221.wg with surrogate
[2026-01-31 06:51:10,251:main.py#L163:INFO]: ----------------------------------------------------------------------------------------------------
[2026-01-31 06:51:10,251:main.py#L164:INFO]: [Workload 222/272] Starting tuning for: tpch_222.wg with surrogate
[2026-01-31 06:51:10,251:main.py#L167:INFO]: ----------------------------------------------------------------------------------------------------
[2026-01-31 06:55:13,327:main.py#L172:INFO]: [Workload 222/272] Successfully completed tuning for: tpch_222.wg with surrogate
[2026-01-31 06:55:13,327:main.py#L163:INFO]: ----------------------------------------------------------------------------------------------------
[2026-01-31 06:55:13,327:main.py#L164:INFO]: [Workload 223/272] Starting tuning for: tpch_223.wg with surrogate
[2026-01-31 06:55:13,327:main.py#L167:INFO]: ----------------------------------------------------------------------------------------------------
[2026-01-31 06:59:15,407:main.py#L172:INFO]: [Workload 223/272] Successfully completed tuning for: tpch_223.wg with surrogate
[2026-01-31 06:59:15,407:main.py#L163:INFO]: ----------------------------------------------------------------------------------------------------
[2026-01-31 06:59:15,407:main.py#L164:INFO]: [Workload 224/272] Starting tuning for: tpch_224.wg with surrogate
[2026-01-31 06:59:15,407:main.py#L167:INFO]: ----------------------------------------------------------------------------------------------------
[2026-01-31 07:03:17,448:main.py#L172:INFO]: [Workload 224/272] Successfully completed tuning for: tpch_224.wg with surrogate
[2026-01-31 07:03:17,448:main.py#L163:INFO]: ----------------------------------------------------------------------------------------------------
[2026-01-31 07:03:17,448:main.py#L164:INFO]: [Workload 225/272] Starting tuning for: tpch_225.wg with surrogate
[2026-01-31 07:03:17,448:main.py#L167:INFO]: ----------------------------------------------------------------------------------------------------
[2026-01-31 07:07:15,053:main.py#L172:INFO]: [Workload 225/272] Successfully completed tuning for: tpch_225.wg with surrogate
[2026-01-31 07:07:15,054:main.py#L163:INFO]: ----------------------------------------------------------------------------------------------------
[2026-01-31 07:07:15,054:main.py#L164:INFO]: [Workload 226/272] Starting tuning for: tpch_226.wg with surrogate
[2026-01-31 07:07:15,054:main.py#L167:INFO]: ----------------------------------------------------------------------------------------------------
[2026-01-31 07:11:08,351:main.py#L172:INFO]: [Workload 226/272] Successfully completed tuning for: tpch_226.wg with surrogate
[2026-01-31 07:11:08,351:main.py#L163:INFO]: ----------------------------------------------------------------------------------------------------
[2026-01-31 07:11:08,351:main.py#L164:INFO]: [Workload 227/272] Starting tuning for: tpch_227.wg with surrogate
[2026-01-31 07:11:08,351:main.py#L167:INFO]: ----------------------------------------------------------------------------------------------------
[2026-01-31 07:16:32,850:main.py#L172:INFO]: [Workload 227/272] Successfully completed tuning for: tpch_227.wg with surrogate
[2026-01-31 07:16:32,851:main.py#L163:INFO]: ----------------------------------------------------------------------------------------------------
[2026-01-31 07:16:32,851:main.py#L164:INFO]: [Workload 228/272] Starting tuning for: tpch_228.wg with surrogate
[2026-01-31 07:16:32,851:main.py#L167:INFO]: ----------------------------------------------------------------------------------------------------
[2026-01-31 07:20:29,336:main.py#L172:INFO]: [Workload 228/272] Successfully completed tuning for: tpch_228.wg with surrogate
[2026-01-31 07:20:29,336:main.py#L163:INFO]: ----------------------------------------------------------------------------------------------------
[2026-01-31 07:20:29,336:main.py#L164:INFO]: [Workload 229/272] Starting tuning for: tpch_229.wg with surrogate
[2026-01-31 07:20:29,336:main.py#L167:INFO]: ----------------------------------------------------------------------------------------------------
[2026-01-31 07:24:44,548:main.py#L172:INFO]: [Workload 229/272] Successfully completed tuning for: tpch_229.wg with surrogate
[2026-01-31 07:24:44,549:main.py#L163:INFO]: ----------------------------------------------------------------------------------------------------
[2026-01-31 07:24:44,549:main.py#L164:INFO]: [Workload 230/272] Starting tuning for: tpch_230.wg with surrogate
[2026-01-31 07:24:44,549:main.py#L167:INFO]: ----------------------------------------------------------------------------------------------------
[2026-01-31 07:28:44,225:main.py#L172:INFO]: [Workload 230/272] Successfully completed tuning for: tpch_230.wg with surrogate
[2026-01-31 07:28:44,225:main.py#L163:INFO]: ----------------------------------------------------------------------------------------------------
[2026-01-31 07:28:44,225:main.py#L164:INFO]: [Workload 231/272] Starting tuning for: tpch_231.wg with surrogate
[2026-01-31 07:28:44,226:main.py#L167:INFO]: ----------------------------------------------------------------------------------------------------
[2026-01-31 07:32:49,735:main.py#L172:INFO]: [Workload 231/272] Successfully completed tuning for: tpch_231.wg with surrogate
[2026-01-31 07:32:49,735:main.py#L163:INFO]: ----------------------------------------------------------------------------------------------------
[2026-01-31 07:32:49,735:main.py#L164:INFO]: [Workload 232/272] Starting tuning for: tpch_232.wg with surrogate
[2026-01-31 07:32:49,735:main.py#L167:INFO]: ----------------------------------------------------------------------------------------------------
[2026-01-31 07:36:56,546:main.py#L172:INFO]: [Workload 232/272] Successfully completed tuning for: tpch_232.wg with surrogate
[2026-01-31 07:36:56,546:main.py#L163:INFO]: ----------------------------------------------------------------------------------------------------
[2026-01-31 07:36:56,546:main.py#L164:INFO]: [Workload 233/272] Starting tuning for: tpch_233.wg with surrogate
[2026-01-31 07:36:56,546:main.py#L167:INFO]: ----------------------------------------------------------------------------------------------------
[2026-01-31 07:41:02,362:main.py#L172:INFO]: [Workload 233/272] Successfully completed tuning for: tpch_233.wg with surrogate
[2026-01-31 07:41:02,363:main.py#L163:INFO]: ----------------------------------------------------------------------------------------------------
[2026-01-31 07:41:02,363:main.py#L164:INFO]: [Workload 234/272] Starting tuning for: tpch_234.wg with surrogate
[2026-01-31 07:41:02,363:main.py#L167:INFO]: ----------------------------------------------------------------------------------------------------
[2026-01-31 07:45:20,898:main.py#L172:INFO]: [Workload 234/272] Successfully completed tuning for: tpch_234.wg with surrogate
[2026-01-31 07:45:20,898:main.py#L163:INFO]: ----------------------------------------------------------------------------------------------------
[2026-01-31 07:45:20,898:main.py#L164:INFO]: [Workload 235/272] Starting tuning for: tpch_235.wg with surrogate
[2026-01-31 07:45:20,898:main.py#L167:INFO]: ----------------------------------------------------------------------------------------------------
[2026-01-31 07:49:29,468:main.py#L172:INFO]: [Workload 235/272] Successfully completed tuning for: tpch_235.wg with surrogate
[2026-01-31 07:49:29,468:main.py#L163:INFO]: ----------------------------------------------------------------------------------------------------
[2026-01-31 07:49:29,468:main.py#L164:INFO]: [Workload 236/272] Starting tuning for: tpch_236.wg with surrogate
[2026-01-31 07:49:29,468:main.py#L167:INFO]: ----------------------------------------------------------------------------------------------------
[2026-01-31 07:53:25,086:main.py#L172:INFO]: [Workload 236/272] Successfully completed tuning for: tpch_236.wg with surrogate
[2026-01-31 07:53:25,086:main.py#L163:INFO]: ----------------------------------------------------------------------------------------------------
[2026-01-31 07:53:25,086:main.py#L164:INFO]: [Workload 237/272] Starting tuning for: tpch_237.wg with surrogate
[2026-01-31 07:53:25,086:main.py#L167:INFO]: ----------------------------------------------------------------------------------------------------
[2026-01-31 07:57:27,863:main.py#L172:INFO]: [Workload 237/272] Successfully completed tuning for: tpch_237.wg with surrogate
[2026-01-31 07:57:27,863:main.py#L163:INFO]: ----------------------------------------------------------------------------------------------------
[2026-01-31 07:57:27,863:main.py#L164:INFO]: [Workload 238/272] Starting tuning for: tpch_238.wg with surrogate
[2026-01-31 07:57:27,863:main.py#L167:INFO]: ----------------------------------------------------------------------------------------------------
[2026-01-31 08:01:25,745:main.py#L172:INFO]: [Workload 238/272] Successfully completed tuning for: tpch_238.wg with surrogate
[2026-01-31 08:01:25,745:main.py#L163:INFO]: ----------------------------------------------------------------------------------------------------
[2026-01-31 08:01:25,745:main.py#L164:INFO]: [Workload 239/272] Starting tuning for: tpch_239.wg with surrogate
[2026-01-31 08:01:25,745:main.py#L167:INFO]: ----------------------------------------------------------------------------------------------------
[2026-01-31 08:05:31,782:main.py#L172:INFO]: [Workload 239/272] Successfully completed tuning for: tpch_239.wg with surrogate
[2026-01-31 08:05:31,782:main.py#L163:INFO]: ----------------------------------------------------------------------------------------------------
[2026-01-31 08:05:31,782:main.py#L164:INFO]: [Workload 240/272] Starting tuning for: tpch_240.wg with surrogate
[2026-01-31 08:05:31,782:main.py#L167:INFO]: ----------------------------------------------------------------------------------------------------
[2026-01-31 08:09:35,341:main.py#L172:INFO]: [Workload 240/272] Successfully completed tuning for: tpch_240.wg with surrogate
[2026-01-31 08:09:35,341:main.py#L163:INFO]: ----------------------------------------------------------------------------------------------------
[2026-01-31 08:09:35,341:main.py#L164:INFO]: [Workload 241/272] Starting tuning for: tpch_241.wg with surrogate
[2026-01-31 08:09:35,341:main.py#L167:INFO]: ----------------------------------------------------------------------------------------------------
[2026-01-31 08:13:50,885:main.py#L172:INFO]: [Workload 241/272] Successfully completed tuning for: tpch_241.wg with surrogate
[2026-01-31 08:13:50,886:main.py#L163:INFO]: ----------------------------------------------------------------------------------------------------
[2026-01-31 08:13:50,886:main.py#L164:INFO]: [Workload 242/272] Starting tuning for: tpch_242.wg with surrogate
[2026-01-31 08:13:50,886:main.py#L167:INFO]: ----------------------------------------------------------------------------------------------------
[2026-01-31 08:17:51,438:main.py#L172:INFO]: [Workload 242/272] Successfully completed tuning for: tpch_242.wg with surrogate
[2026-01-31 08:17:51,438:main.py#L163:INFO]: ----------------------------------------------------------------------------------------------------
[2026-01-31 08:17:51,438:main.py#L164:INFO]: [Workload 243/272] Starting tuning for: tpch_243.wg with surrogate
[2026-01-31 08:17:51,438:main.py#L167:INFO]: ----------------------------------------------------------------------------------------------------
[2026-01-31 08:21:50,028:main.py#L172:INFO]: [Workload 243/272] Successfully completed tuning for: tpch_243.wg with surrogate
[2026-01-31 08:21:50,028:main.py#L163:INFO]: ----------------------------------------------------------------------------------------------------
[2026-01-31 08:21:50,028:main.py#L164:INFO]: [Workload 244/272] Starting tuning for: tpch_244.wg with surrogate
[2026-01-31 08:21:50,028:main.py#L167:INFO]: ----------------------------------------------------------------------------------------------------
[2026-01-31 08:25:42,079:main.py#L172:INFO]: [Workload 244/272] Successfully completed tuning for: tpch_244.wg with surrogate
[2026-01-31 08:25:42,079:main.py#L163:INFO]: ----------------------------------------------------------------------------------------------------
[2026-01-31 08:25:42,079:main.py#L164:INFO]: [Workload 245/272] Starting tuning for: tpch_245.wg with surrogate
[2026-01-31 08:25:42,079:main.py#L167:INFO]: ----------------------------------------------------------------------------------------------------
[2026-01-31 08:30:02,929:main.py#L172:INFO]: [Workload 245/272] Successfully completed tuning for: tpch_245.wg with surrogate
[2026-01-31 08:30:02,929:main.py#L163:INFO]: ----------------------------------------------------------------------------------------------------
[2026-01-31 08:30:02,929:main.py#L164:INFO]: [Workload 246/272] Starting tuning for: tpch_246.wg with surrogate
[2026-01-31 08:30:02,929:main.py#L167:INFO]: ----------------------------------------------------------------------------------------------------
[2026-01-31 08:34:01,934:main.py#L172:INFO]: [Workload 246/272] Successfully completed tuning for: tpch_246.wg with surrogate
[2026-01-31 08:34:01,934:main.py#L163:INFO]: ----------------------------------------------------------------------------------------------------
[2026-01-31 08:34:01,934:main.py#L164:INFO]: [Workload 247/272] Starting tuning for: tpch_247.wg with surrogate
[2026-01-31 08:34:01,934:main.py#L167:INFO]: ----------------------------------------------------------------------------------------------------
[2026-01-31 08:37:59,883:main.py#L172:INFO]: [Workload 247/272] Successfully completed tuning for: tpch_247.wg with surrogate
[2026-01-31 08:37:59,883:main.py#L163:INFO]: ----------------------------------------------------------------------------------------------------
[2026-01-31 08:37:59,883:main.py#L164:INFO]: [Workload 248/272] Starting tuning for: tpch_248.wg with surrogate
[2026-01-31 08:37:59,883:main.py#L167:INFO]: ----------------------------------------------------------------------------------------------------
[2026-01-31 08:41:55,935:main.py#L172:INFO]: [Workload 248/272] Successfully completed tuning for: tpch_248.wg with surrogate
[2026-01-31 08:41:55,935:main.py#L163:INFO]: ----------------------------------------------------------------------------------------------------
[2026-01-31 08:41:55,935:main.py#L164:INFO]: [Workload 249/272] Starting tuning for: tpch_249.wg with surrogate
[2026-01-31 08:41:55,935:main.py#L167:INFO]: ----------------------------------------------------------------------------------------------------
[2026-01-31 08:45:52,407:main.py#L172:INFO]: [Workload 249/272] Successfully completed tuning for: tpch_249.wg with surrogate
[2026-01-31 08:45:52,408:main.py#L163:INFO]: ----------------------------------------------------------------------------------------------------
[2026-01-31 08:45:52,408:main.py#L164:INFO]: [Workload 250/272] Starting tuning for: tpch_250.wg with surrogate
[2026-01-31 08:45:52,408:main.py#L167:INFO]: ----------------------------------------------------------------------------------------------------
[2026-01-31 08:49:53,515:main.py#L172:INFO]: [Workload 250/272] Successfully completed tuning for: tpch_250.wg with surrogate
[2026-01-31 08:49:53,516:main.py#L163:INFO]: ----------------------------------------------------------------------------------------------------
[2026-01-31 08:49:53,516:main.py#L164:INFO]: [Workload 251/272] Starting tuning for: tpch_251.wg with surrogate
[2026-01-31 08:49:53,516:main.py#L167:INFO]: ----------------------------------------------------------------------------------------------------
[2026-01-31 08:53:46,171:main.py#L172:INFO]: [Workload 251/272] Successfully completed tuning for: tpch_251.wg with surrogate
[2026-01-31 08:53:46,172:main.py#L163:INFO]: ----------------------------------------------------------------------------------------------------
[2026-01-31 08:53:46,172:main.py#L164:INFO]: [Workload 252/272] Starting tuning for: tpch_252.wg with surrogate
[2026-01-31 08:53:46,172:main.py#L167:INFO]: ----------------------------------------------------------------------------------------------------
[2026-01-31 08:57:57,161:main.py#L172:INFO]: [Workload 252/272] Successfully completed tuning for: tpch_252.wg with surrogate
[2026-01-31 08:57:57,161:main.py#L163:INFO]: ----------------------------------------------------------------------------------------------------
[2026-01-31 08:57:57,161:main.py#L164:INFO]: [Workload 253/272] Starting tuning for: tpch_253.wg with surrogate
[2026-01-31 08:57:57,161:main.py#L167:INFO]: ----------------------------------------------------------------------------------------------------
[2026-01-31 09:01:50,279:main.py#L172:INFO]: [Workload 253/272] Successfully completed tuning for: tpch_253.wg with surrogate
[2026-01-31 09:01:50,279:main.py#L163:INFO]: ----------------------------------------------------------------------------------------------------
[2026-01-31 09:01:50,279:main.py#L164:INFO]: [Workload 254/272] Starting tuning for: tpch_254.wg with surrogate
[2026-01-31 09:01:50,279:main.py#L167:INFO]: ----------------------------------------------------------------------------------------------------
[2026-01-31 09:05:42,792:main.py#L172:INFO]: [Workload 254/272] Successfully completed tuning for: tpch_254.wg with surrogate
[2026-01-31 09:05:42,792:main.py#L163:INFO]: ----------------------------------------------------------------------------------------------------
[2026-01-31 09:05:42,792:main.py#L164:INFO]: [Workload 255/272] Starting tuning for: tpch_255.wg with surrogate
[2026-01-31 09:05:42,792:main.py#L167:INFO]: ----------------------------------------------------------------------------------------------------
[2026-01-31 09:09:51,802:main.py#L172:INFO]: [Workload 255/272] Successfully completed tuning for: tpch_255.wg with surrogate
[2026-01-31 09:09:51,802:main.py#L163:INFO]: ----------------------------------------------------------------------------------------------------
[2026-01-31 09:09:51,802:main.py#L164:INFO]: [Workload 256/272] Starting tuning for: tpch_256.wg with surrogate
[2026-01-31 09:09:51,802:main.py#L167:INFO]: ----------------------------------------------------------------------------------------------------
[2026-01-31 09:13:52,293:main.py#L172:INFO]: [Workload 256/272] Successfully completed tuning for: tpch_256.wg with surrogate
[2026-01-31 09:13:52,294:main.py#L163:INFO]: ----------------------------------------------------------------------------------------------------
[2026-01-31 09:13:52,294:main.py#L164:INFO]: [Workload 257/272] Starting tuning for: tpch_257.wg with surrogate
[2026-01-31 09:13:52,294:main.py#L167:INFO]: ----------------------------------------------------------------------------------------------------
[2026-01-31 09:17:51,311:main.py#L172:INFO]: [Workload 257/272] Successfully completed tuning for: tpch_257.wg with surrogate
[2026-01-31 09:17:51,312:main.py#L163:INFO]: ----------------------------------------------------------------------------------------------------
[2026-01-31 09:17:51,312:main.py#L164:INFO]: [Workload 258/272] Starting tuning for: tpch_258.wg with surrogate
[2026-01-31 09:17:51,312:main.py#L167:INFO]: ----------------------------------------------------------------------------------------------------
[2026-01-31 09:22:21,238:main.py#L172:INFO]: [Workload 258/272] Successfully completed tuning for: tpch_258.wg with surrogate
[2026-01-31 09:22:21,238:main.py#L163:INFO]: ----------------------------------------------------------------------------------------------------
[2026-01-31 09:22:21,238:main.py#L164:INFO]: [Workload 259/272] Starting tuning for: tpch_259.wg with surrogate
[2026-01-31 09:22:21,238:main.py#L167:INFO]: ----------------------------------------------------------------------------------------------------
[2026-01-31 09:26:26,217:main.py#L172:INFO]: [Workload 259/272] Successfully completed tuning for: tpch_259.wg with surrogate
[2026-01-31 09:26:26,217:main.py#L163:INFO]: ----------------------------------------------------------------------------------------------------
[2026-01-31 09:26:26,217:main.py#L164:INFO]: [Workload 260/272] Starting tuning for: tpch_260.wg with surrogate
[2026-01-31 09:26:26,217:main.py#L167:INFO]: ----------------------------------------------------------------------------------------------------
[2026-01-31 09:30:24,310:main.py#L172:INFO]: [Workload 260/272] Successfully completed tuning for: tpch_260.wg with surrogate
[2026-01-31 09:30:24,310:main.py#L163:INFO]: ----------------------------------------------------------------------------------------------------
[2026-01-31 09:30:24,310:main.py#L164:INFO]: [Workload 261/272] Starting tuning for: tpch_261.wg with surrogate
[2026-01-31 09:30:24,310:main.py#L167:INFO]: ----------------------------------------------------------------------------------------------------
[2026-01-31 09:34:21,197:main.py#L172:INFO]: [Workload 261/272] Successfully completed tuning for: tpch_261.wg with surrogate
[2026-01-31 09:34:21,197:main.py#L163:INFO]: ----------------------------------------------------------------------------------------------------
[2026-01-31 09:34:21,197:main.py#L164:INFO]: [Workload 262/272] Starting tuning for: tpch_262.wg with surrogate
[2026-01-31 09:34:21,197:main.py#L167:INFO]: ----------------------------------------------------------------------------------------------------
[2026-01-31 09:38:32,333:main.py#L172:INFO]: [Workload 262/272] Successfully completed tuning for: tpch_262.wg with surrogate
[2026-01-31 09:38:32,333:main.py#L163:INFO]: ----------------------------------------------------------------------------------------------------
[2026-01-31 09:38:32,333:main.py#L164:INFO]: [Workload 263/272] Starting tuning for: tpch_263.wg with surrogate
[2026-01-31 09:38:32,333:main.py#L167:INFO]: ----------------------------------------------------------------------------------------------------
[2026-01-31 09:42:26,931:main.py#L172:INFO]: [Workload 263/272] Successfully completed tuning for: tpch_263.wg with surrogate
[2026-01-31 09:42:26,932:main.py#L163:INFO]: ----------------------------------------------------------------------------------------------------
[2026-01-31 09:42:26,932:main.py#L164:INFO]: [Workload 264/272] Starting tuning for: tpch_264.wg with surrogate
[2026-01-31 09:42:26,932:main.py#L167:INFO]: ----------------------------------------------------------------------------------------------------
[2026-01-31 09:46:26,984:main.py#L172:INFO]: [Workload 264/272] Successfully completed tuning for: tpch_264.wg with surrogate
[2026-01-31 09:46:26,985:main.py#L163:INFO]: ----------------------------------------------------------------------------------------------------
[2026-01-31 09:46:26,985:main.py#L164:INFO]: [Workload 265/272] Starting tuning for: tpch_265.wg with surrogate
[2026-01-31 09:46:26,985:main.py#L167:INFO]: ----------------------------------------------------------------------------------------------------
[2026-01-31 09:50:32,951:main.py#L172:INFO]: [Workload 265/272] Successfully completed tuning for: tpch_265.wg with surrogate
[2026-01-31 09:50:32,951:main.py#L163:INFO]: ----------------------------------------------------------------------------------------------------
[2026-01-31 09:50:32,951:main.py#L164:INFO]: [Workload 266/272] Starting tuning for: tpch_266.wg with surrogate
[2026-01-31 09:50:32,951:main.py#L167:INFO]: ----------------------------------------------------------------------------------------------------
[2026-01-31 09:54:45,855:main.py#L172:INFO]: [Workload 266/272] Successfully completed tuning for: tpch_266.wg with surrogate
[2026-01-31 09:54:45,855:main.py#L163:INFO]: ----------------------------------------------------------------------------------------------------
[2026-01-31 09:54:45,855:main.py#L164:INFO]: [Workload 267/272] Starting tuning for: tpch_267.wg with surrogate
[2026-01-31 09:54:45,855:main.py#L167:INFO]: ----------------------------------------------------------------------------------------------------
[2026-01-31 09:58:38,033:main.py#L172:INFO]: [Workload 267/272] Successfully completed tuning for: tpch_267.wg with surrogate
[2026-01-31 09:58:38,034:main.py#L163:INFO]: ----------------------------------------------------------------------------------------------------
[2026-01-31 09:58:38,034:main.py#L164:INFO]: [Workload 268/272] Starting tuning for: tpch_268.wg with surrogate
[2026-01-31 09:58:38,034:main.py#L167:INFO]: ----------------------------------------------------------------------------------------------------
[2026-01-31 10:03:01,965:main.py#L172:INFO]: [Workload 268/272] Successfully completed tuning for: tpch_268.wg with surrogate
[2026-01-31 10:03:01,965:main.py#L163:INFO]: ----------------------------------------------------------------------------------------------------
[2026-01-31 10:03:01,965:main.py#L164:INFO]: [Workload 269/272] Starting tuning for: tpch_269.wg with surrogate
[2026-01-31 10:03:01,965:main.py#L167:INFO]: ----------------------------------------------------------------------------------------------------
[2026-01-31 10:07:00,884:main.py#L172:INFO]: [Workload 269/272] Successfully completed tuning for: tpch_269.wg with surrogate
[2026-01-31 10:07:00,884:main.py#L163:INFO]: ----------------------------------------------------------------------------------------------------
[2026-01-31 10:07:00,884:main.py#L164:INFO]: [Workload 270/272] Starting tuning for: tpch_270.wg with surrogate
[2026-01-31 10:07:00,884:main.py#L167:INFO]: ----------------------------------------------------------------------------------------------------
[2026-01-31 10:11:08,013:main.py#L172:INFO]: [Workload 270/272] Successfully completed tuning for: tpch_270.wg with surrogate
[2026-01-31 10:11:08,013:main.py#L163:INFO]: ----------------------------------------------------------------------------------------------------
[2026-01-31 10:11:08,013:main.py#L164:INFO]: [Workload 271/272] Starting tuning for: tpch_271.wg with surrogate
[2026-01-31 10:11:08,013:main.py#L167:INFO]: ----------------------------------------------------------------------------------------------------
[2026-01-31 10:15:16,917:main.py#L172:INFO]: [Workload 271/272] Successfully completed tuning for: tpch_271.wg with surrogate
[2026-01-31 10:15:16,917:main.py#L184:INFO]: ====================================================================================================
[2026-01-31 10:15:16,917:main.py#L185:INFO]: TUNING SUMMARY
[2026-01-31 10:15:16,917:main.py#L186:INFO]: ====================================================================================================
[2026-01-31 10:15:16,917:main.py#L187:INFO]: Total workloads processed: 272
[2026-01-31 10:15:16,917:main.py#L188:INFO]: Successfully tuned: 259
[2026-01-31 10:15:16,917:main.py#L189:INFO]: Skipped (already completed): 13
[2026-01-31 10:15:16,917:main.py#L190:INFO]: Failed: 0
[2026-01-31 10:15:16,917:main.py#L191:INFO]: ====================================================================================================
[2026-01-31 10:15:16,917:main.py#L192:INFO]: E2ETune session completed
[2026-01-31 10:15:16,917:main.py#L193:INFO]: ====================================================================================================
