[2026-04-05 12:12:48,078:run_diverse_configs.py#L82:INFO]: ====================================================================================================
[2026-04-05 12:12:48,078:run_diverse_configs.py#L83:INFO]: E2ETune: Running Diverse Configs for ssb
[2026-04-05 12:12:48,078:run_diverse_configs.py#L84:INFO]: ====================================================================================================
[2026-04-05 12:12:48,078:run_diverse_configs.py#L85:INFO]: Config: config/config.yaml
[2026-04-05 12:12:48,078:run_diverse_configs.py#L86:INFO]: Host: localhost  DB: ssb
[2026-04-05 12:12:48,078:run_diverse_configs.py#L87:INFO]: Benchmark: ssb  Type: olap
[2026-04-05 12:12:48,078:run_diverse_configs.py#L88:INFO]: Workload path: ./olap_workloads
[2026-04-05 12:12:48,078:run_diverse_configs.py#L89:INFO]: ====================================================================================================
[2026-04-05 12:12:50,112:run_diverse_configs.py#L129:INFO]: Running 10 configs for ssb_104
[2026-04-05 12:12:50,112:run_diverse_configs.py#L137:INFO]: Running config 1/10 for ssb_104
[2026-04-05 12:12:50,113:MySQL_Database.py#L242:INFO]: Transpiling workload from PostgreSQL to MySQL syntax...
[2026-04-05 12:12:50,195:MySQL_Database.py#L79:INFO]: MySQL knobs persisted to mysqld-auto.cnf. Restarting to apply...
[2026-04-05 12:12:50,195:MySQL_Database.py#L189:INFO]: Restarting MySQL service...
[2026-04-05 12:12:55,179:MySQL_Database.py#L199:INFO]: Waiting for MySQL to become available...
[2026-04-05 12:12:55,240:MySQL_Database.py#L217:INFO]: MySQL is back up! (Took 0.06s)
[2026-04-05 12:12:55,241:MySQL_Database.py#L32:INFO]: Closed old MySQL connection.
[2026-04-05 12:12:55,353:MySQL_Database.py#L267:INFO]: Executing transpiled workload olap_workloads/ssb_104.wg (2 queries)...
[2026-04-05 12:13:04,560:MySQL_Database.py#L294:INFO]: Workload olap_workloads/ssb_104.wg executed successfully.
[2026-04-05 12:13:04,560:run_diverse_configs.py#L206:INFO]: Performance for config 1: 4.6032639750046656
[2026-04-05 12:13:04,560:run_diverse_configs.py#L137:INFO]: Running config 2/10 for ssb_104
[2026-04-05 12:13:04,561:MySQL_Database.py#L242:INFO]: Transpiling workload from PostgreSQL to MySQL syntax...
[2026-04-05 12:13:04,639:MySQL_Database.py#L79:INFO]: MySQL knobs persisted to mysqld-auto.cnf. Restarting to apply...
[2026-04-05 12:13:04,640:MySQL_Database.py#L189:INFO]: Restarting MySQL service...
[2026-04-05 12:13:09,119:MySQL_Database.py#L199:INFO]: Waiting for MySQL to become available...
[2026-04-05 12:13:09,150:MySQL_Database.py#L217:INFO]: MySQL is back up! (Took 0.03s)
[2026-04-05 12:13:09,150:MySQL_Database.py#L32:INFO]: Closed old MySQL connection.
[2026-04-05 12:13:09,206:MySQL_Database.py#L267:INFO]: Executing transpiled workload olap_workloads/ssb_104.wg (2 queries)...
[2026-04-05 12:13:14,501:MySQL_Database.py#L294:INFO]: Workload olap_workloads/ssb_104.wg executed successfully.
[2026-04-05 12:13:14,501:run_diverse_configs.py#L206:INFO]: Performance for config 2: 2.64727732251049
[2026-04-05 12:13:14,501:run_diverse_configs.py#L137:INFO]: Running config 3/10 for ssb_104
[2026-04-05 12:13:14,502:MySQL_Database.py#L242:INFO]: Transpiling workload from PostgreSQL to MySQL syntax...
[2026-04-05 12:13:14,597:MySQL_Database.py#L79:INFO]: MySQL knobs persisted to mysqld-auto.cnf. Restarting to apply...
[2026-04-05 12:13:14,597:MySQL_Database.py#L189:INFO]: Restarting MySQL service...
[2026-04-05 12:13:19,178:MySQL_Database.py#L199:INFO]: Waiting for MySQL to become available...
[2026-04-05 12:13:19,210:MySQL_Database.py#L217:INFO]: MySQL is back up! (Took 0.03s)
[2026-04-05 12:13:19,210:MySQL_Database.py#L32:INFO]: Closed old MySQL connection.
[2026-04-05 12:13:19,266:MySQL_Database.py#L267:INFO]: Executing transpiled workload olap_workloads/ssb_104.wg (2 queries)...
[2026-04-05 12:13:24,512:MySQL_Database.py#L294:INFO]: Workload olap_workloads/ssb_104.wg executed successfully.
[2026-04-05 12:13:24,513:run_diverse_configs.py#L206:INFO]: Performance for config 3: 2.62310998349858
[2026-04-05 12:13:24,513:run_diverse_configs.py#L137:INFO]: Running config 4/10 for ssb_104
[2026-04-05 12:13:24,513:MySQL_Database.py#L242:INFO]: Transpiling workload from PostgreSQL to MySQL syntax...
[2026-04-05 12:13:24,601:MySQL_Database.py#L79:INFO]: MySQL knobs persisted to mysqld-auto.cnf. Restarting to apply...
[2026-04-05 12:13:24,602:MySQL_Database.py#L189:INFO]: Restarting MySQL service...
[2026-04-05 12:13:29,133:MySQL_Database.py#L199:INFO]: Waiting for MySQL to become available...
[2026-04-05 12:13:29,170:MySQL_Database.py#L217:INFO]: MySQL is back up! (Took 0.04s)
[2026-04-05 12:13:29,170:MySQL_Database.py#L32:INFO]: Closed old MySQL connection.
[2026-04-05 12:13:29,227:MySQL_Database.py#L267:INFO]: Executing transpiled workload olap_workloads/ssb_104.wg (2 queries)...
[2026-04-05 12:13:34,494:MySQL_Database.py#L294:INFO]: Workload olap_workloads/ssb_104.wg executed successfully.
[2026-04-05 12:13:34,494:run_diverse_configs.py#L206:INFO]: Performance for config 4: 2.633524724995368
[2026-04-05 12:13:34,495:run_diverse_configs.py#L137:INFO]: Running config 5/10 for ssb_104
[2026-04-05 12:13:34,495:MySQL_Database.py#L242:INFO]: Transpiling workload from PostgreSQL to MySQL syntax...
[2026-04-05 12:13:34,575:MySQL_Database.py#L79:INFO]: MySQL knobs persisted to mysqld-auto.cnf. Restarting to apply...
[2026-04-05 12:13:34,576:MySQL_Database.py#L189:INFO]: Restarting MySQL service...
[2026-04-05 12:13:39,158:MySQL_Database.py#L199:INFO]: Waiting for MySQL to become available...
[2026-04-05 12:13:39,189:MySQL_Database.py#L217:INFO]: MySQL is back up! (Took 0.03s)
[2026-04-05 12:13:39,189:MySQL_Database.py#L32:INFO]: Closed old MySQL connection.
[2026-04-05 12:13:39,292:MySQL_Database.py#L267:INFO]: Executing transpiled workload olap_workloads/ssb_104.wg (2 queries)...
[2026-04-05 12:13:44,583:MySQL_Database.py#L294:INFO]: Workload olap_workloads/ssb_104.wg executed successfully.
[2026-04-05 12:13:44,584:run_diverse_configs.py#L206:INFO]: Performance for config 5: 2.645505857493845
[2026-04-05 12:13:44,584:run_diverse_configs.py#L137:INFO]: Running config 6/10 for ssb_104
[2026-04-05 12:13:44,584:MySQL_Database.py#L242:INFO]: Transpiling workload from PostgreSQL to MySQL syntax...
[2026-04-05 12:13:44,669:MySQL_Database.py#L79:INFO]: MySQL knobs persisted to mysqld-auto.cnf. Restarting to apply...
[2026-04-05 12:13:44,669:MySQL_Database.py#L189:INFO]: Restarting MySQL service...
[2026-04-05 12:13:48,951:MySQL_Database.py#L199:INFO]: Waiting for MySQL to become available...
[2026-04-05 12:13:48,981:MySQL_Database.py#L217:INFO]: MySQL is back up! (Took 0.03s)
[2026-04-05 12:13:48,982:MySQL_Database.py#L32:INFO]: Closed old MySQL connection.
[2026-04-05 12:13:49,038:MySQL_Database.py#L267:INFO]: Executing transpiled workload olap_workloads/ssb_104.wg (2 queries)...
[2026-04-05 12:13:54,493:MySQL_Database.py#L294:INFO]: Workload olap_workloads/ssb_104.wg executed successfully.
[2026-04-05 12:13:54,493:run_diverse_configs.py#L206:INFO]: Performance for config 6: 2.7271447905077366
[2026-04-05 12:13:54,493:run_diverse_configs.py#L137:INFO]: Running config 7/10 for ssb_104
[2026-04-05 12:13:54,493:MySQL_Database.py#L242:INFO]: Transpiling workload from PostgreSQL to MySQL syntax...
[2026-04-05 12:13:54,570:MySQL_Database.py#L79:INFO]: MySQL knobs persisted to mysqld-auto.cnf. Restarting to apply...
[2026-04-05 12:13:54,570:MySQL_Database.py#L189:INFO]: Restarting MySQL service...
[2026-04-05 12:13:59,405:MySQL_Database.py#L199:INFO]: Waiting for MySQL to become available...
[2026-04-05 12:13:59,436:MySQL_Database.py#L217:INFO]: MySQL is back up! (Took 0.03s)
[2026-04-05 12:13:59,437:MySQL_Database.py#L32:INFO]: Closed old MySQL connection.
[2026-04-05 12:13:59,493:MySQL_Database.py#L267:INFO]: Executing transpiled workload olap_workloads/ssb_104.wg (2 queries)...
[2026-04-05 12:14:04,147:MySQL_Database.py#L294:INFO]: Workload olap_workloads/ssb_104.wg executed successfully.
[2026-04-05 12:14:04,147:run_diverse_configs.py#L206:INFO]: Performance for config 7: 2.3266751969931647
[2026-04-05 12:14:04,147:run_diverse_configs.py#L137:INFO]: Running config 8/10 for ssb_104
[2026-04-05 12:14:04,148:MySQL_Database.py#L242:INFO]: Transpiling workload from PostgreSQL to MySQL syntax...
[2026-04-05 12:14:04,231:MySQL_Database.py#L79:INFO]: MySQL knobs persisted to mysqld-auto.cnf. Restarting to apply...
[2026-04-05 12:14:04,231:MySQL_Database.py#L189:INFO]: Restarting MySQL service...
[2026-04-05 12:14:09,566:MySQL_Database.py#L199:INFO]: Waiting for MySQL to become available...
[2026-04-05 12:14:09,598:MySQL_Database.py#L217:INFO]: MySQL is back up! (Took 0.03s)
[2026-04-05 12:14:09,599:MySQL_Database.py#L32:INFO]: Closed old MySQL connection.
[2026-04-05 12:14:09,655:MySQL_Database.py#L267:INFO]: Executing transpiled workload olap_workloads/ssb_104.wg (2 queries)...
[2026-04-05 12:14:15,117:MySQL_Database.py#L294:INFO]: Workload olap_workloads/ssb_104.wg executed successfully.
[2026-04-05 12:14:15,118:run_diverse_configs.py#L206:INFO]: Performance for config 8: 2.731078974000411
[2026-04-05 12:14:15,118:run_diverse_configs.py#L137:INFO]: Running config 9/10 for ssb_104
[2026-04-05 12:14:15,118:MySQL_Database.py#L242:INFO]: Transpiling workload from PostgreSQL to MySQL syntax...
[2026-04-05 12:14:15,208:MySQL_Database.py#L79:INFO]: MySQL knobs persisted to mysqld-auto.cnf. Restarting to apply...
[2026-04-05 12:14:15,208:MySQL_Database.py#L189:INFO]: Restarting MySQL service...
[2026-04-05 12:14:19,339:MySQL_Database.py#L199:INFO]: Waiting for MySQL to become available...
[2026-04-05 12:14:19,370:MySQL_Database.py#L217:INFO]: MySQL is back up! (Took 0.03s)
[2026-04-05 12:14:19,371:MySQL_Database.py#L32:INFO]: Closed old MySQL connection.
[2026-04-05 12:14:19,426:MySQL_Database.py#L267:INFO]: Executing transpiled workload olap_workloads/ssb_104.wg (2 queries)...
[2026-04-05 12:14:26,417:MySQL_Database.py#L294:INFO]: Workload olap_workloads/ssb_104.wg executed successfully.
[2026-04-05 12:14:26,418:run_diverse_configs.py#L206:INFO]: Performance for config 9: 3.495532151500811
[2026-04-05 12:14:26,418:run_diverse_configs.py#L137:INFO]: Running config 10/10 for ssb_104
[2026-04-05 12:14:26,419:MySQL_Database.py#L242:INFO]: Transpiling workload from PostgreSQL to MySQL syntax...
[2026-04-05 12:14:26,503:MySQL_Database.py#L79:INFO]: MySQL knobs persisted to mysqld-auto.cnf. Restarting to apply...
[2026-04-05 12:14:26,503:MySQL_Database.py#L189:INFO]: Restarting MySQL service...
[2026-04-05 12:14:31,187:MySQL_Database.py#L199:INFO]: Waiting for MySQL to become available...
[2026-04-05 12:14:31,222:MySQL_Database.py#L217:INFO]: MySQL is back up! (Took 0.03s)
[2026-04-05 12:14:31,222:MySQL_Database.py#L32:INFO]: Closed old MySQL connection.
[2026-04-05 12:14:31,278:MySQL_Database.py#L267:INFO]: Executing transpiled workload olap_workloads/ssb_104.wg (2 queries)...
[2026-04-05 12:14:36,368:MySQL_Database.py#L294:INFO]: Workload olap_workloads/ssb_104.wg executed successfully.
[2026-04-05 12:14:36,368:run_diverse_configs.py#L206:INFO]: Performance for config 10: 2.5448092275037197
[2026-04-05 12:14:36,369:run_diverse_configs.py#L129:INFO]: Running 10 configs for ssb_21
[2026-04-05 12:14:36,369:run_diverse_configs.py#L137:INFO]: Running config 1/10 for ssb_21
[2026-04-05 12:14:36,369:MySQL_Database.py#L242:INFO]: Transpiling workload from PostgreSQL to MySQL syntax...
[2026-04-05 12:14:36,455:MySQL_Database.py#L79:INFO]: MySQL knobs persisted to mysqld-auto.cnf. Restarting to apply...
[2026-04-05 12:14:36,456:MySQL_Database.py#L189:INFO]: Restarting MySQL service...
[2026-04-05 12:14:41,488:MySQL_Database.py#L199:INFO]: Waiting for MySQL to become available...
[2026-04-05 12:14:41,519:MySQL_Database.py#L217:INFO]: MySQL is back up! (Took 0.03s)
[2026-04-05 12:14:41,520:MySQL_Database.py#L32:INFO]: Closed old MySQL connection.
[2026-04-05 12:14:41,576:MySQL_Database.py#L267:INFO]: Executing transpiled workload olap_workloads/ssb_21.wg (2 queries)...
[2026-04-05 12:14:46,420:MySQL_Database.py#L294:INFO]: Workload olap_workloads/ssb_21.wg executed successfully.
[2026-04-05 12:14:46,420:run_diverse_configs.py#L206:INFO]: Performance for config 1: 2.421979818493128
[2026-04-05 12:14:46,420:run_diverse_configs.py#L137:INFO]: Running config 2/10 for ssb_21
[2026-04-05 12:14:46,421:MySQL_Database.py#L242:INFO]: Transpiling workload from PostgreSQL to MySQL syntax...
[2026-04-05 12:14:46,502:MySQL_Database.py#L79:INFO]: MySQL knobs persisted to mysqld-auto.cnf. Restarting to apply...
[2026-04-05 12:14:46,502:MySQL_Database.py#L189:INFO]: Restarting MySQL service...
[2026-04-05 12:14:51,638:MySQL_Database.py#L199:INFO]: Waiting for MySQL to become available...
[2026-04-05 12:14:51,668:MySQL_Database.py#L217:INFO]: MySQL is back up! (Took 0.03s)
[2026-04-05 12:14:51,669:MySQL_Database.py#L32:INFO]: Closed old MySQL connection.
[2026-04-05 12:14:51,725:MySQL_Database.py#L267:INFO]: Executing transpiled workload olap_workloads/ssb_21.wg (2 queries)...
[2026-04-05 12:14:55,752:MySQL_Database.py#L294:INFO]: Workload olap_workloads/ssb_21.wg executed successfully.
[2026-04-05 12:14:55,752:run_diverse_configs.py#L206:INFO]: Performance for config 2: 2.013480334993801
[2026-04-05 12:14:55,752:run_diverse_configs.py#L137:INFO]: Running config 3/10 for ssb_21
[2026-04-05 12:14:55,753:MySQL_Database.py#L242:INFO]: Transpiling workload from PostgreSQL to MySQL syntax...
[2026-04-05 12:14:55,847:MySQL_Database.py#L79:INFO]: MySQL knobs persisted to mysqld-auto.cnf. Restarting to apply...
[2026-04-05 12:14:55,848:MySQL_Database.py#L189:INFO]: Restarting MySQL service...
[2026-04-05 12:15:00,480:MySQL_Database.py#L199:INFO]: Waiting for MySQL to become available...
[2026-04-05 12:15:00,538:MySQL_Database.py#L217:INFO]: MySQL is back up! (Took 0.06s)
[2026-04-05 12:15:00,539:MySQL_Database.py#L32:INFO]: Closed old MySQL connection.
[2026-04-05 12:15:00,651:MySQL_Database.py#L267:INFO]: Executing transpiled workload olap_workloads/ssb_21.wg (2 queries)...
[2026-04-05 12:15:06,313:MySQL_Database.py#L294:INFO]: Workload olap_workloads/ssb_21.wg executed successfully.
[2026-04-05 12:15:06,313:run_diverse_configs.py#L206:INFO]: Performance for config 3: 2.8308036959933816
[2026-04-05 12:15:06,314:run_diverse_configs.py#L137:INFO]: Running config 4/10 for ssb_21
[2026-04-05 12:15:06,314:MySQL_Database.py#L242:INFO]: Transpiling workload from PostgreSQL to MySQL syntax...
[2026-04-05 12:15:06,412:MySQL_Database.py#L79:INFO]: MySQL knobs persisted to mysqld-auto.cnf. Restarting to apply...
[2026-04-05 12:15:06,412:MySQL_Database.py#L189:INFO]: Restarting MySQL service...
[2026-04-05 12:15:10,993:MySQL_Database.py#L199:INFO]: Waiting for MySQL to become available...
[2026-04-05 12:15:11,050:MySQL_Database.py#L217:INFO]: MySQL is back up! (Took 0.06s)
[2026-04-05 12:15:11,051:MySQL_Database.py#L32:INFO]: Closed old MySQL connection.
[2026-04-05 12:15:11,165:MySQL_Database.py#L267:INFO]: Executing transpiled workload olap_workloads/ssb_21.wg (2 queries)...
[2026-04-05 12:15:20,517:MySQL_Database.py#L294:INFO]: Workload olap_workloads/ssb_21.wg executed successfully.
[2026-04-05 12:15:20,517:run_diverse_configs.py#L206:INFO]: Performance for config 4: 4.676004543493036
[2026-04-05 12:15:20,518:run_diverse_configs.py#L137:INFO]: Running config 5/10 for ssb_21
[2026-04-05 12:15:20,518:MySQL_Database.py#L242:INFO]: Transpiling workload from PostgreSQL to MySQL syntax...
[2026-04-05 12:15:20,601:MySQL_Database.py#L79:INFO]: MySQL knobs persisted to mysqld-auto.cnf. Restarting to apply...
[2026-04-05 12:15:20,601:MySQL_Database.py#L189:INFO]: Restarting MySQL service...
[2026-04-05 12:15:24,983:MySQL_Database.py#L199:INFO]: Waiting for MySQL to become available...
[2026-04-05 12:15:25,013:MySQL_Database.py#L217:INFO]: MySQL is back up! (Took 0.03s)
[2026-04-05 12:15:25,014:MySQL_Database.py#L32:INFO]: Closed old MySQL connection.
[2026-04-05 12:15:25,070:MySQL_Database.py#L267:INFO]: Executing transpiled workload olap_workloads/ssb_21.wg (2 queries)...
[2026-04-05 12:15:29,228:MySQL_Database.py#L294:INFO]: Workload olap_workloads/ssb_21.wg executed successfully.
[2026-04-05 12:15:29,228:run_diverse_configs.py#L206:INFO]: Performance for config 5: 2.0791081185016083
[2026-04-05 12:15:29,228:run_diverse_configs.py#L137:INFO]: Running config 6/10 for ssb_21
[2026-04-05 12:15:29,229:MySQL_Database.py#L242:INFO]: Transpiling workload from PostgreSQL to MySQL syntax...
[2026-04-05 12:15:29,313:MySQL_Database.py#L79:INFO]: MySQL knobs persisted to mysqld-auto.cnf. Restarting to apply...
[2026-04-05 12:15:29,313:MySQL_Database.py#L189:INFO]: Restarting MySQL service...
[2026-04-05 12:15:34,095:MySQL_Database.py#L199:INFO]: Waiting for MySQL to become available...
[2026-04-05 12:15:34,154:MySQL_Database.py#L217:INFO]: MySQL is back up! (Took 0.06s)
[2026-04-05 12:15:34,154:MySQL_Database.py#L32:INFO]: Closed old MySQL connection.
[2026-04-05 12:15:34,237:MySQL_Database.py#L267:INFO]: Executing transpiled workload olap_workloads/ssb_21.wg (2 queries)...
[2026-04-05 12:15:38,319:MySQL_Database.py#L294:INFO]: Workload olap_workloads/ssb_21.wg executed successfully.
[2026-04-05 12:15:38,319:run_diverse_configs.py#L206:INFO]: Performance for config 6: 2.0410072009981377
[2026-04-05 12:15:38,319:run_diverse_configs.py#L137:INFO]: Running config 7/10 for ssb_21
[2026-04-05 12:15:38,320:MySQL_Database.py#L242:INFO]: Transpiling workload from PostgreSQL to MySQL syntax...
[2026-04-05 12:15:38,408:MySQL_Database.py#L79:INFO]: MySQL knobs persisted to mysqld-auto.cnf. Restarting to apply...
[2026-04-05 12:15:38,408:MySQL_Database.py#L189:INFO]: Restarting MySQL service...
[2026-04-05 12:15:43,392:MySQL_Database.py#L199:INFO]: Waiting for MySQL to become available...
[2026-04-05 12:15:43,429:MySQL_Database.py#L217:INFO]: MySQL is back up! (Took 0.04s)
[2026-04-05 12:15:43,430:MySQL_Database.py#L32:INFO]: Closed old MySQL connection.
[2026-04-05 12:15:43,485:MySQL_Database.py#L267:INFO]: Executing transpiled workload olap_workloads/ssb_21.wg (2 queries)...
[2026-04-05 12:15:47,623:MySQL_Database.py#L294:INFO]: Workload olap_workloads/ssb_21.wg executed successfully.
[2026-04-05 12:15:47,623:run_diverse_configs.py#L206:INFO]: Performance for config 7: 2.0685282140038908
[2026-04-05 12:15:47,623:run_diverse_configs.py#L137:INFO]: Running config 8/10 for ssb_21
[2026-04-05 12:15:47,623:MySQL_Database.py#L242:INFO]: Transpiling workload from PostgreSQL to MySQL syntax...
[2026-04-05 12:15:47,710:MySQL_Database.py#L79:INFO]: MySQL knobs persisted to mysqld-auto.cnf. Restarting to apply...
[2026-04-05 12:15:47,710:MySQL_Database.py#L189:INFO]: Restarting MySQL service...
[2026-04-05 12:15:52,592:MySQL_Database.py#L199:INFO]: Waiting for MySQL to become available...
[2026-04-05 12:15:52,622:MySQL_Database.py#L217:INFO]: MySQL is back up! (Took 0.03s)
[2026-04-05 12:15:52,622:MySQL_Database.py#L32:INFO]: Closed old MySQL connection.
[2026-04-05 12:15:52,678:MySQL_Database.py#L267:INFO]: Executing transpiled workload olap_workloads/ssb_21.wg (2 queries)...
[2026-04-05 12:15:56,715:MySQL_Database.py#L294:INFO]: Workload olap_workloads/ssb_21.wg executed successfully.
[2026-04-05 12:15:56,715:run_diverse_configs.py#L206:INFO]: Performance for config 8: 2.0183690389967524
[2026-04-05 12:15:56,715:run_diverse_configs.py#L137:INFO]: Running config 9/10 for ssb_21
[2026-04-05 12:15:56,716:MySQL_Database.py#L242:INFO]: Transpiling workload from PostgreSQL to MySQL syntax...
[2026-04-05 12:15:56,825:MySQL_Database.py#L79:INFO]: MySQL knobs persisted to mysqld-auto.cnf. Restarting to apply...
[2026-04-05 12:15:56,825:MySQL_Database.py#L189:INFO]: Restarting MySQL service...
[2026-04-05 12:16:02,209:MySQL_Database.py#L199:INFO]: Waiting for MySQL to become available...
[2026-04-05 12:16:02,240:MySQL_Database.py#L217:INFO]: MySQL is back up! (Took 0.03s)
[2026-04-05 12:16:02,240:MySQL_Database.py#L32:INFO]: Closed old MySQL connection.
[2026-04-05 12:16:02,296:MySQL_Database.py#L267:INFO]: Executing transpiled workload olap_workloads/ssb_21.wg (2 queries)...
[2026-04-05 12:16:06,239:MySQL_Database.py#L294:INFO]: Workload olap_workloads/ssb_21.wg executed successfully.
[2026-04-05 12:16:06,239:run_diverse_configs.py#L206:INFO]: Performance for config 9: 1.971330874497653
[2026-04-05 12:16:06,240:run_diverse_configs.py#L137:INFO]: Running config 10/10 for ssb_21
[2026-04-05 12:16:06,240:MySQL_Database.py#L242:INFO]: Transpiling workload from PostgreSQL to MySQL syntax...
[2026-04-05 12:16:06,373:MySQL_Database.py#L79:INFO]: MySQL knobs persisted to mysqld-auto.cnf. Restarting to apply...
[2026-04-05 12:16:06,373:MySQL_Database.py#L189:INFO]: Restarting MySQL service...
[2026-04-05 12:16:11,759:MySQL_Database.py#L199:INFO]: Waiting for MySQL to become available...
[2026-04-05 12:16:11,790:MySQL_Database.py#L217:INFO]: MySQL is back up! (Took 0.03s)
[2026-04-05 12:16:11,790:MySQL_Database.py#L32:INFO]: Closed old MySQL connection.
[2026-04-05 12:16:11,847:MySQL_Database.py#L267:INFO]: Executing transpiled workload olap_workloads/ssb_21.wg (2 queries)...
[2026-04-05 12:16:15,939:MySQL_Database.py#L294:INFO]: Workload olap_workloads/ssb_21.wg executed successfully.
[2026-04-05 12:16:15,939:run_diverse_configs.py#L206:INFO]: Performance for config 10: 2.045770122509566
[2026-04-05 12:16:15,940:run_diverse_configs.py#L129:INFO]: Running 10 configs for ssb_59
[2026-04-05 12:16:15,940:run_diverse_configs.py#L137:INFO]: Running config 1/10 for ssb_59
[2026-04-05 12:16:15,940:MySQL_Database.py#L242:INFO]: Transpiling workload from PostgreSQL to MySQL syntax...
[2026-04-05 12:16:16,037:MySQL_Database.py#L79:INFO]: MySQL knobs persisted to mysqld-auto.cnf. Restarting to apply...
[2026-04-05 12:16:16,038:MySQL_Database.py#L189:INFO]: Restarting MySQL service...
[2026-04-05 12:16:20,875:MySQL_Database.py#L199:INFO]: Waiting for MySQL to become available...
[2026-04-05 12:16:20,908:MySQL_Database.py#L217:INFO]: MySQL is back up! (Took 0.03s)
[2026-04-05 12:16:20,908:MySQL_Database.py#L32:INFO]: Closed old MySQL connection.
[2026-04-05 12:16:20,965:MySQL_Database.py#L267:INFO]: Executing transpiled workload olap_workloads/ssb_59.wg (2 queries)...
[2026-04-05 12:16:21,588:MySQL_Database.py#L294:INFO]: Workload olap_workloads/ssb_59.wg executed successfully.
[2026-04-05 12:16:21,588:run_diverse_configs.py#L206:INFO]: Performance for config 1: 0.31125766898912843
[2026-04-05 12:16:21,588:run_diverse_configs.py#L137:INFO]: Running config 2/10 for ssb_59
[2026-04-05 12:16:21,588:MySQL_Database.py#L242:INFO]: Transpiling workload from PostgreSQL to MySQL syntax...
[2026-04-05 12:16:21,655:MySQL_Database.py#L79:INFO]: MySQL knobs persisted to mysqld-auto.cnf. Restarting to apply...
[2026-04-05 12:16:21,655:MySQL_Database.py#L189:INFO]: Restarting MySQL service...
[2026-04-05 12:16:26,037:MySQL_Database.py#L199:INFO]: Waiting for MySQL to become available...
[2026-04-05 12:16:26,067:MySQL_Database.py#L217:INFO]: MySQL is back up! (Took 0.03s)
[2026-04-05 12:16:26,068:MySQL_Database.py#L32:INFO]: Closed old MySQL connection.
[2026-04-05 12:16:26,123:MySQL_Database.py#L267:INFO]: Executing transpiled workload olap_workloads/ssb_59.wg (2 queries)...
[2026-04-05 12:16:26,657:MySQL_Database.py#L294:INFO]: Workload olap_workloads/ssb_59.wg executed successfully.
[2026-04-05 12:16:26,657:run_diverse_configs.py#L206:INFO]: Performance for config 2: 0.2664414544997271
[2026-04-05 12:16:26,657:run_diverse_configs.py#L137:INFO]: Running config 3/10 for ssb_59
[2026-04-05 12:16:26,657:MySQL_Database.py#L242:INFO]: Transpiling workload from PostgreSQL to MySQL syntax...
[2026-04-05 12:16:26,740:MySQL_Database.py#L79:INFO]: MySQL knobs persisted to mysqld-auto.cnf. Restarting to apply...
[2026-04-05 12:16:26,740:MySQL_Database.py#L189:INFO]: Restarting MySQL service...
[2026-04-05 12:16:32,025:MySQL_Database.py#L199:INFO]: Waiting for MySQL to become available...
[2026-04-05 12:16:32,084:MySQL_Database.py#L217:INFO]: MySQL is back up! (Took 0.06s)
[2026-04-05 12:16:32,084:MySQL_Database.py#L32:INFO]: Closed old MySQL connection.
[2026-04-05 12:16:32,165:MySQL_Database.py#L267:INFO]: Executing transpiled workload olap_workloads/ssb_59.wg (2 queries)...
[2026-04-05 12:16:32,708:MySQL_Database.py#L294:INFO]: Workload olap_workloads/ssb_59.wg executed successfully.
[2026-04-05 12:16:32,709:run_diverse_configs.py#L206:INFO]: Performance for config 3: 0.27139057850581594
[2026-04-05 12:16:32,709:run_diverse_configs.py#L137:INFO]: Running config 4/10 for ssb_59
[2026-04-05 12:16:32,709:MySQL_Database.py#L242:INFO]: Transpiling workload from PostgreSQL to MySQL syntax...
[2026-04-05 12:16:32,774:MySQL_Database.py#L79:INFO]: MySQL knobs persisted to mysqld-auto.cnf. Restarting to apply...
[2026-04-05 12:16:32,774:MySQL_Database.py#L189:INFO]: Restarting MySQL service...
[2026-04-05 12:16:37,054:MySQL_Database.py#L199:INFO]: Waiting for MySQL to become available...
[2026-04-05 12:16:37,089:MySQL_Database.py#L217:INFO]: MySQL is back up! (Took 0.03s)
[2026-04-05 12:16:37,089:MySQL_Database.py#L32:INFO]: Closed old MySQL connection.
[2026-04-05 12:16:37,146:MySQL_Database.py#L267:INFO]: Executing transpiled workload olap_workloads/ssb_59.wg (2 queries)...
[2026-04-05 12:16:37,684:MySQL_Database.py#L294:INFO]: Workload olap_workloads/ssb_59.wg executed successfully.
[2026-04-05 12:16:37,684:run_diverse_configs.py#L206:INFO]: Performance for config 4: 0.26865820499369875
[2026-04-05 12:16:37,684:run_diverse_configs.py#L137:INFO]: Running config 5/10 for ssb_59
[2026-04-05 12:16:37,684:MySQL_Database.py#L242:INFO]: Transpiling workload from PostgreSQL to MySQL syntax...
[2026-04-05 12:16:37,749:MySQL_Database.py#L79:INFO]: MySQL knobs persisted to mysqld-auto.cnf. Restarting to apply...
[2026-04-05 12:16:37,749:MySQL_Database.py#L189:INFO]: Restarting MySQL service...
[2026-04-05 12:16:43,184:MySQL_Database.py#L199:INFO]: Waiting for MySQL to become available...
[2026-04-05 12:16:43,215:MySQL_Database.py#L217:INFO]: MySQL is back up! (Took 0.03s)
[2026-04-05 12:16:43,215:MySQL_Database.py#L32:INFO]: Closed old MySQL connection.
[2026-04-05 12:16:43,271:MySQL_Database.py#L267:INFO]: Executing transpiled workload olap_workloads/ssb_59.wg (2 queries)...
[2026-04-05 12:16:43,821:MySQL_Database.py#L294:INFO]: Workload olap_workloads/ssb_59.wg executed successfully.
[2026-04-05 12:16:43,821:run_diverse_configs.py#L206:INFO]: Performance for config 5: 0.27512586150260177
[2026-04-05 12:16:43,822:run_diverse_configs.py#L137:INFO]: Running config 6/10 for ssb_59
[2026-04-05 12:16:43,822:MySQL_Database.py#L242:INFO]: Transpiling workload from PostgreSQL to MySQL syntax...
[2026-04-05 12:16:43,891:MySQL_Database.py#L79:INFO]: MySQL knobs persisted to mysqld-auto.cnf. Restarting to apply...
[2026-04-05 12:16:43,891:MySQL_Database.py#L189:INFO]: Restarting MySQL service...
[2026-04-05 12:16:48,371:MySQL_Database.py#L199:INFO]: Waiting for MySQL to become available...
[2026-04-05 12:16:48,402:MySQL_Database.py#L217:INFO]: MySQL is back up! (Took 0.03s)
[2026-04-05 12:16:48,402:MySQL_Database.py#L32:INFO]: Closed old MySQL connection.
[2026-04-05 12:16:48,513:MySQL_Database.py#L267:INFO]: Executing transpiled workload olap_workloads/ssb_59.wg (2 queries)...
[2026-04-05 12:16:49,052:MySQL_Database.py#L294:INFO]: Workload olap_workloads/ssb_59.wg executed successfully.
[2026-04-05 12:16:49,053:run_diverse_configs.py#L206:INFO]: Performance for config 6: 0.26966552500380203
[2026-04-05 12:16:49,053:run_diverse_configs.py#L137:INFO]: Running config 7/10 for ssb_59
[2026-04-05 12:16:49,054:MySQL_Database.py#L242:INFO]: Transpiling workload from PostgreSQL to MySQL syntax...
[2026-04-05 12:16:49,130:MySQL_Database.py#L79:INFO]: MySQL knobs persisted to mysqld-auto.cnf. Restarting to apply...
[2026-04-05 12:16:49,130:MySQL_Database.py#L189:INFO]: Restarting MySQL service...
[2026-04-05 12:16:54,163:MySQL_Database.py#L199:INFO]: Waiting for MySQL to become available...
[2026-04-05 12:16:54,194:MySQL_Database.py#L217:INFO]: MySQL is back up! (Took 0.03s)
[2026-04-05 12:16:54,194:MySQL_Database.py#L32:INFO]: Closed old MySQL connection.
[2026-04-05 12:16:54,250:MySQL_Database.py#L267:INFO]: Executing transpiled workload olap_workloads/ssb_59.wg (2 queries)...
[2026-04-05 12:16:54,786:MySQL_Database.py#L294:INFO]: Workload olap_workloads/ssb_59.wg executed successfully.
[2026-04-05 12:16:54,786:run_diverse_configs.py#L206:INFO]: Performance for config 7: 0.26774032300454564
[2026-04-05 12:16:54,786:run_diverse_configs.py#L137:INFO]: Running config 8/10 for ssb_59
[2026-04-05 12:16:54,787:MySQL_Database.py#L242:INFO]: Transpiling workload from PostgreSQL to MySQL syntax...
[2026-04-05 12:16:54,859:MySQL_Database.py#L79:INFO]: MySQL knobs persisted to mysqld-auto.cnf. Restarting to apply...
[2026-04-05 12:16:54,860:MySQL_Database.py#L189:INFO]: Restarting MySQL service...
[2026-04-05 12:16:59,038:MySQL_Database.py#L199:INFO]: Waiting for MySQL to become available...
[2026-04-05 12:16:59,073:MySQL_Database.py#L217:INFO]: MySQL is back up! (Took 0.03s)
[2026-04-05 12:16:59,073:MySQL_Database.py#L32:INFO]: Closed old MySQL connection.
[2026-04-05 12:16:59,131:MySQL_Database.py#L267:INFO]: Executing transpiled workload olap_workloads/ssb_59.wg (2 queries)...
[2026-04-05 12:16:59,717:MySQL_Database.py#L294:INFO]: Workload olap_workloads/ssb_59.wg executed successfully.
[2026-04-05 12:16:59,718:run_diverse_configs.py#L206:INFO]: Performance for config 8: 0.29329873649112415
[2026-04-05 12:16:59,718:run_diverse_configs.py#L137:INFO]: Running config 9/10 for ssb_59
[2026-04-05 12:16:59,719:MySQL_Database.py#L242:INFO]: Transpiling workload from PostgreSQL to MySQL syntax...
[2026-04-05 12:16:59,789:MySQL_Database.py#L79:INFO]: MySQL knobs persisted to mysqld-auto.cnf. Restarting to apply...
[2026-04-05 12:16:59,789:MySQL_Database.py#L189:INFO]: Restarting MySQL service...
[2026-04-05 12:17:05,175:MySQL_Database.py#L199:INFO]: Waiting for MySQL to become available...
[2026-04-05 12:17:05,206:MySQL_Database.py#L217:INFO]: MySQL is back up! (Took 0.03s)
[2026-04-05 12:17:05,207:MySQL_Database.py#L32:INFO]: Closed old MySQL connection.
[2026-04-05 12:17:05,262:MySQL_Database.py#L267:INFO]: Executing transpiled workload olap_workloads/ssb_59.wg (2 queries)...
[2026-04-05 12:17:05,769:MySQL_Database.py#L294:INFO]: Workload olap_workloads/ssb_59.wg executed successfully.
[2026-04-05 12:17:05,769:run_diverse_configs.py#L206:INFO]: Performance for config 9: 0.2532159215043066
[2026-04-05 12:17:05,769:run_diverse_configs.py#L137:INFO]: Running config 10/10 for ssb_59
[2026-04-05 12:17:05,770:MySQL_Database.py#L242:INFO]: Transpiling workload from PostgreSQL to MySQL syntax...
[2026-04-05 12:17:05,845:MySQL_Database.py#L79:INFO]: MySQL knobs persisted to mysqld-auto.cnf. Restarting to apply...
[2026-04-05 12:17:05,846:MySQL_Database.py#L189:INFO]: Restarting MySQL service...
[2026-04-05 12:17:10,075:MySQL_Database.py#L199:INFO]: Waiting for MySQL to become available...
[2026-04-05 12:17:10,106:MySQL_Database.py#L217:INFO]: MySQL is back up! (Took 0.03s)
[2026-04-05 12:17:10,107:MySQL_Database.py#L32:INFO]: Closed old MySQL connection.
[2026-04-05 12:17:10,163:MySQL_Database.py#L267:INFO]: Executing transpiled workload olap_workloads/ssb_59.wg (2 queries)...
[2026-04-05 12:17:10,672:MySQL_Database.py#L294:INFO]: Workload olap_workloads/ssb_59.wg executed successfully.
[2026-04-05 12:17:10,672:run_diverse_configs.py#L206:INFO]: Performance for config 10: 0.2540201785013778
[2026-04-05 12:17:10,672:run_diverse_configs.py#L129:INFO]: Running 10 configs for ssb_198
[2026-04-05 12:17:10,672:run_diverse_configs.py#L137:INFO]: Running config 1/10 for ssb_198
[2026-04-05 12:17:10,673:MySQL_Database.py#L242:INFO]: Transpiling workload from PostgreSQL to MySQL syntax...
[2026-04-05 12:17:10,745:MySQL_Database.py#L79:INFO]: MySQL knobs persisted to mysqld-auto.cnf. Restarting to apply...
[2026-04-05 12:17:10,746:MySQL_Database.py#L189:INFO]: Restarting MySQL service...
[2026-04-05 12:17:15,027:MySQL_Database.py#L199:INFO]: Waiting for MySQL to become available...
[2026-04-05 12:17:15,057:MySQL_Database.py#L217:INFO]: MySQL is back up! (Took 0.03s)
[2026-04-05 12:17:15,058:MySQL_Database.py#L32:INFO]: Closed old MySQL connection.
[2026-04-05 12:17:15,114:MySQL_Database.py#L267:INFO]: Executing transpiled workload olap_workloads/ssb_198.wg (3 queries)...
[2026-04-05 12:17:22,872:MySQL_Database.py#L294:INFO]: Workload olap_workloads/ssb_198.wg executed successfully.
[2026-04-05 12:17:22,872:run_diverse_configs.py#L206:INFO]: Performance for config 1: 2.5859646349951313
[2026-04-05 12:17:22,873:run_diverse_configs.py#L137:INFO]: Running config 2/10 for ssb_198
[2026-04-05 12:17:22,873:MySQL_Database.py#L242:INFO]: Transpiling workload from PostgreSQL to MySQL syntax...
[2026-04-05 12:17:22,955:MySQL_Database.py#L79:INFO]: MySQL knobs persisted to mysqld-auto.cnf. Restarting to apply...
[2026-04-05 12:17:22,956:MySQL_Database.py#L189:INFO]: Restarting MySQL service...
[2026-04-05 12:17:28,341:MySQL_Database.py#L199:INFO]: Waiting for MySQL to become available...
[2026-04-05 12:17:28,371:MySQL_Database.py#L217:INFO]: MySQL is back up! (Took 0.03s)
[2026-04-05 12:17:28,371:MySQL_Database.py#L32:INFO]: Closed old MySQL connection.
[2026-04-05 12:17:28,427:MySQL_Database.py#L267:INFO]: Executing transpiled workload olap_workloads/ssb_198.wg (3 queries)...
[2026-04-05 12:17:35,592:MySQL_Database.py#L294:INFO]: Workload olap_workloads/ssb_198.wg executed successfully.
[2026-04-05 12:17:35,592:run_diverse_configs.py#L206:INFO]: Performance for config 2: 2.388277381328711
[2026-04-05 12:17:35,592:run_diverse_configs.py#L137:INFO]: Running config 3/10 for ssb_198
[2026-04-05 12:17:35,593:MySQL_Database.py#L242:INFO]: Transpiling workload from PostgreSQL to MySQL syntax...
[2026-04-05 12:17:35,682:MySQL_Database.py#L79:INFO]: MySQL knobs persisted to mysqld-auto.cnf. Restarting to apply...
[2026-04-05 12:17:35,682:MySQL_Database.py#L189:INFO]: Restarting MySQL service...
[2026-04-05 12:17:40,514:MySQL_Database.py#L199:INFO]: Waiting for MySQL to become available...
[2026-04-05 12:17:40,564:MySQL_Database.py#L217:INFO]: MySQL is back up! (Took 0.05s)
[2026-04-05 12:17:40,564:MySQL_Database.py#L32:INFO]: Closed old MySQL connection.
[2026-04-05 12:17:40,668:MySQL_Database.py#L267:INFO]: Executing transpiled workload olap_workloads/ssb_198.wg (3 queries)...
[2026-04-05 12:17:47,716:MySQL_Database.py#L294:INFO]: Workload olap_workloads/ssb_198.wg executed successfully.
[2026-04-05 12:17:47,716:run_diverse_configs.py#L206:INFO]: Performance for config 3: 2.3492680189956445
[2026-04-05 12:17:47,716:run_diverse_configs.py#L137:INFO]: Running config 4/10 for ssb_198
[2026-04-05 12:17:47,717:MySQL_Database.py#L242:INFO]: Transpiling workload from PostgreSQL to MySQL syntax...
[2026-04-05 12:17:47,793:MySQL_Database.py#L79:INFO]: MySQL knobs persisted to mysqld-auto.cnf. Restarting to apply...
[2026-04-05 12:17:47,793:MySQL_Database.py#L189:INFO]: Restarting MySQL service...
[2026-04-05 12:17:52,826:MySQL_Database.py#L199:INFO]: Waiting for MySQL to become available...
[2026-04-05 12:17:52,856:MySQL_Database.py#L217:INFO]: MySQL is back up! (Took 0.03s)
[2026-04-05 12:17:52,856:MySQL_Database.py#L32:INFO]: Closed old MySQL connection.
[2026-04-05 12:17:52,912:MySQL_Database.py#L267:INFO]: Executing transpiled workload olap_workloads/ssb_198.wg (3 queries)...
[2026-04-05 12:17:59,704:MySQL_Database.py#L294:INFO]: Workload olap_workloads/ssb_198.wg executed successfully.
[2026-04-05 12:17:59,704:run_diverse_configs.py#L206:INFO]: Performance for config 4: 2.2638963740027975
[2026-04-05 12:17:59,705:run_diverse_configs.py#L137:INFO]: Running config 5/10 for ssb_198
[2026-04-05 12:17:59,705:MySQL_Database.py#L242:INFO]: Transpiling workload from PostgreSQL to MySQL syntax...
[2026-04-05 12:17:59,797:MySQL_Database.py#L79:INFO]: MySQL knobs persisted to mysqld-auto.cnf. Restarting to apply...
[2026-04-05 12:17:59,797:MySQL_Database.py#L189:INFO]: Restarting MySQL service...
[2026-04-05 12:18:05,080:MySQL_Database.py#L199:INFO]: Waiting for MySQL to become available...
[2026-04-05 12:18:05,111:MySQL_Database.py#L217:INFO]: MySQL is back up! (Took 0.03s)
[2026-04-05 12:18:05,111:MySQL_Database.py#L32:INFO]: Closed old MySQL connection.
[2026-04-05 12:18:05,224:MySQL_Database.py#L267:INFO]: Executing transpiled workload olap_workloads/ssb_198.wg (3 queries)...
[2026-04-05 12:18:12,394:MySQL_Database.py#L294:INFO]: Workload olap_workloads/ssb_198.wg executed successfully.
[2026-04-05 12:18:12,394:run_diverse_configs.py#L206:INFO]: Performance for config 5: 2.3896709213246745
[2026-04-05 12:18:12,394:run_diverse_configs.py#L137:INFO]: Running config 6/10 for ssb_198
[2026-04-05 12:18:12,395:MySQL_Database.py#L242:INFO]: Transpiling workload from PostgreSQL to MySQL syntax...
[2026-04-05 12:18:12,482:MySQL_Database.py#L79:INFO]: MySQL knobs persisted to mysqld-auto.cnf. Restarting to apply...
[2026-04-05 12:18:12,482:MySQL_Database.py#L189:INFO]: Restarting MySQL service...
[2026-04-05 12:18:17,366:MySQL_Database.py#L199:INFO]: Waiting for MySQL to become available...
[2026-04-05 12:18:17,396:MySQL_Database.py#L217:INFO]: MySQL is back up! (Took 0.03s)
[2026-04-05 12:18:17,396:MySQL_Database.py#L32:INFO]: Closed old MySQL connection.
[2026-04-05 12:18:17,451:MySQL_Database.py#L267:INFO]: Executing transpiled workload olap_workloads/ssb_198.wg (3 queries)...
[2026-04-05 12:18:23,816:MySQL_Database.py#L294:INFO]: Workload olap_workloads/ssb_198.wg executed successfully.
[2026-04-05 12:18:23,816:run_diverse_configs.py#L206:INFO]: Performance for config 6: 2.121455197998633
[2026-04-05 12:18:23,816:run_diverse_configs.py#L137:INFO]: Running config 7/10 for ssb_198
[2026-04-05 12:18:23,817:MySQL_Database.py#L242:INFO]: Transpiling workload from PostgreSQL to MySQL syntax...
[2026-04-05 12:18:23,900:MySQL_Database.py#L79:INFO]: MySQL knobs persisted to mysqld-auto.cnf. Restarting to apply...
[2026-04-05 12:18:23,900:MySQL_Database.py#L189:INFO]: Restarting MySQL service...
[2026-04-05 12:18:28,482:MySQL_Database.py#L199:INFO]: Waiting for MySQL to become available...
[2026-04-05 12:18:28,526:MySQL_Database.py#L217:INFO]: MySQL is back up! (Took 0.04s)
[2026-04-05 12:18:28,526:MySQL_Database.py#L32:INFO]: Closed old MySQL connection.
[2026-04-05 12:18:28,638:MySQL_Database.py#L267:INFO]: Executing transpiled workload olap_workloads/ssb_198.wg (3 queries)...
[2026-04-05 12:18:35,088:MySQL_Database.py#L294:INFO]: Workload olap_workloads/ssb_198.wg executed successfully.
[2026-04-05 12:18:35,088:run_diverse_configs.py#L206:INFO]: Performance for config 7: 2.149985660003343
[2026-04-05 12:18:35,088:run_diverse_configs.py#L137:INFO]: Running config 8/10 for ssb_198
[2026-04-05 12:18:35,089:MySQL_Database.py#L242:INFO]: Transpiling workload from PostgreSQL to MySQL syntax...
[2026-04-05 12:18:35,179:MySQL_Database.py#L79:INFO]: MySQL knobs persisted to mysqld-auto.cnf. Restarting to apply...
[2026-04-05 12:18:35,180:MySQL_Database.py#L189:INFO]: Restarting MySQL service...
[2026-04-05 12:18:39,360:MySQL_Database.py#L199:INFO]: Waiting for MySQL to become available...
[2026-04-05 12:18:39,391:MySQL_Database.py#L217:INFO]: MySQL is back up! (Took 0.03s)
[2026-04-05 12:18:39,391:MySQL_Database.py#L32:INFO]: Closed old MySQL connection.
[2026-04-05 12:18:39,448:MySQL_Database.py#L267:INFO]: Executing transpiled workload olap_workloads/ssb_198.wg (3 queries)...
[2026-04-05 12:18:46,709:MySQL_Database.py#L294:INFO]: Workload olap_workloads/ssb_198.wg executed successfully.
[2026-04-05 12:18:46,709:run_diverse_configs.py#L206:INFO]: Performance for config 8: 2.420393236000867
[2026-04-05 12:18:46,710:run_diverse_configs.py#L137:INFO]: Running config 9/10 for ssb_198
[2026-04-05 12:18:46,710:MySQL_Database.py#L242:INFO]: Transpiling workload from PostgreSQL to MySQL syntax...
[2026-04-05 12:18:46,787:MySQL_Database.py#L79:INFO]: MySQL knobs persisted to mysqld-auto.cnf. Restarting to apply...
[2026-04-05 12:18:46,787:MySQL_Database.py#L189:INFO]: Restarting MySQL service...
[2026-04-05 12:18:51,216:MySQL_Database.py#L199:INFO]: Waiting for MySQL to become available...
[2026-04-05 12:18:51,260:MySQL_Database.py#L217:INFO]: MySQL is back up! (Took 0.04s)
[2026-04-05 12:18:51,260:MySQL_Database.py#L32:INFO]: Closed old MySQL connection.
[2026-04-05 12:18:51,366:MySQL_Database.py#L267:INFO]: Executing transpiled workload olap_workloads/ssb_198.wg (3 queries)...
[2026-04-05 12:18:58,891:MySQL_Database.py#L294:INFO]: Workload olap_workloads/ssb_198.wg executed successfully.
[2026-04-05 12:18:58,891:run_diverse_configs.py#L206:INFO]: Performance for config 9: 2.5081998309954847
[2026-04-05 12:18:58,892:run_diverse_configs.py#L137:INFO]: Running config 10/10 for ssb_198
[2026-04-05 12:18:58,892:MySQL_Database.py#L242:INFO]: Transpiling workload from PostgreSQL to MySQL syntax...
[2026-04-05 12:18:58,969:MySQL_Database.py#L79:INFO]: MySQL knobs persisted to mysqld-auto.cnf. Restarting to apply...
[2026-04-05 12:18:58,969:MySQL_Database.py#L189:INFO]: Restarting MySQL service...
[2026-04-05 12:19:04,051:MySQL_Database.py#L199:INFO]: Waiting for MySQL to become available...
[2026-04-05 12:19:04,081:MySQL_Database.py#L217:INFO]: MySQL is back up! (Took 0.03s)
[2026-04-05 12:19:04,082:MySQL_Database.py#L32:INFO]: Closed old MySQL connection.
[2026-04-05 12:19:04,138:MySQL_Database.py#L267:INFO]: Executing transpiled workload olap_workloads/ssb_198.wg (3 queries)...
[2026-04-05 12:19:11,257:MySQL_Database.py#L294:INFO]: Workload olap_workloads/ssb_198.wg executed successfully.
[2026-04-05 12:19:11,257:run_diverse_configs.py#L206:INFO]: Performance for config 10: 2.3727417579987864
[2026-04-05 12:19:11,257:run_diverse_configs.py#L129:INFO]: Running 10 configs for ssb_100
[2026-04-05 12:19:11,257:run_diverse_configs.py#L137:INFO]: Running config 1/10 for ssb_100
[2026-04-05 12:19:11,258:MySQL_Database.py#L242:INFO]: Transpiling workload from PostgreSQL to MySQL syntax...
[2026-04-05 12:19:11,345:MySQL_Database.py#L79:INFO]: MySQL knobs persisted to mysqld-auto.cnf. Restarting to apply...
[2026-04-05 12:19:11,346:MySQL_Database.py#L189:INFO]: Restarting MySQL service...
[2026-04-05 12:19:15,930:MySQL_Database.py#L199:INFO]: Waiting for MySQL to become available...
[2026-04-05 12:19:15,961:MySQL_Database.py#L217:INFO]: MySQL is back up! (Took 0.03s)
[2026-04-05 12:19:15,961:MySQL_Database.py#L32:INFO]: Closed old MySQL connection.
[2026-04-05 12:19:16,017:MySQL_Database.py#L267:INFO]: Executing transpiled workload olap_workloads/ssb_100.wg (2 queries)...
[2026-04-05 12:19:22,487:MySQL_Database.py#L294:INFO]: Workload olap_workloads/ssb_100.wg executed successfully.
[2026-04-05 12:19:22,487:run_diverse_configs.py#L206:INFO]: Performance for config 1: 3.2348260290018516
[2026-04-05 12:19:22,487:run_diverse_configs.py#L137:INFO]: Running config 2/10 for ssb_100
[2026-04-05 12:19:22,488:MySQL_Database.py#L242:INFO]: Transpiling workload from PostgreSQL to MySQL syntax...
[2026-04-05 12:19:22,571:MySQL_Database.py#L79:INFO]: MySQL knobs persisted to mysqld-auto.cnf. Restarting to apply...
[2026-04-05 12:19:22,571:MySQL_Database.py#L189:INFO]: Restarting MySQL service...
[2026-04-05 12:19:26,904:MySQL_Database.py#L199:INFO]: Waiting for MySQL to become available...
[2026-04-05 12:19:26,935:MySQL_Database.py#L217:INFO]: MySQL is back up! (Took 0.03s)
[2026-04-05 12:19:26,935:MySQL_Database.py#L32:INFO]: Closed old MySQL connection.
[2026-04-05 12:19:26,990:MySQL_Database.py#L267:INFO]: Executing transpiled workload olap_workloads/ssb_100.wg (2 queries)...
[2026-04-05 12:19:32,206:MySQL_Database.py#L294:INFO]: Workload olap_workloads/ssb_100.wg executed successfully.
[2026-04-05 12:19:32,207:run_diverse_configs.py#L206:INFO]: Performance for config 2: 2.6078482659941074
[2026-04-05 12:19:32,207:run_diverse_configs.py#L137:INFO]: Running config 3/10 for ssb_100
[2026-04-05 12:19:32,207:MySQL_Database.py#L242:INFO]: Transpiling workload from PostgreSQL to MySQL syntax...
[2026-04-05 12:19:32,321:MySQL_Database.py#L79:INFO]: MySQL knobs persisted to mysqld-auto.cnf. Restarting to apply...
[2026-04-05 12:19:32,321:MySQL_Database.py#L189:INFO]: Restarting MySQL service...
[2026-04-05 12:19:36,754:MySQL_Database.py#L199:INFO]: Waiting for MySQL to become available...
[2026-04-05 12:19:36,785:MySQL_Database.py#L217:INFO]: MySQL is back up! (Took 0.03s)
[2026-04-05 12:19:36,785:MySQL_Database.py#L32:INFO]: Closed old MySQL connection.
[2026-04-05 12:19:36,841:MySQL_Database.py#L267:INFO]: Executing transpiled workload olap_workloads/ssb_100.wg (2 queries)...
[2026-04-05 12:19:42,043:MySQL_Database.py#L294:INFO]: Workload olap_workloads/ssb_100.wg executed successfully.
[2026-04-05 12:19:42,043:run_diverse_configs.py#L206:INFO]: Performance for config 3: 2.6004703959915787
[2026-04-05 12:19:42,043:run_diverse_configs.py#L137:INFO]: Running config 4/10 for ssb_100
[2026-04-05 12:19:42,044:MySQL_Database.py#L242:INFO]: Transpiling workload from PostgreSQL to MySQL syntax...
[2026-04-05 12:19:42,155:MySQL_Database.py#L79:INFO]: MySQL knobs persisted to mysqld-auto.cnf. Restarting to apply...
[2026-04-05 12:19:42,155:MySQL_Database.py#L189:INFO]: Restarting MySQL service...
[2026-04-05 12:19:46,989:MySQL_Database.py#L199:INFO]: Waiting for MySQL to become available...
[2026-04-05 12:19:47,023:MySQL_Database.py#L217:INFO]: MySQL is back up! (Took 0.03s)
[2026-04-05 12:19:47,023:MySQL_Database.py#L32:INFO]: Closed old MySQL connection.
[2026-04-05 12:19:47,080:MySQL_Database.py#L267:INFO]: Executing transpiled workload olap_workloads/ssb_100.wg (2 queries)...
[2026-04-05 12:19:51,654:MySQL_Database.py#L294:INFO]: Workload olap_workloads/ssb_100.wg executed successfully.
[2026-04-05 12:19:51,654:run_diverse_configs.py#L206:INFO]: Performance for config 4: 2.2869882189988857
[2026-04-05 12:19:51,654:run_diverse_configs.py#L137:INFO]: Running config 5/10 for ssb_100
[2026-04-05 12:19:51,655:MySQL_Database.py#L242:INFO]: Transpiling workload from PostgreSQL to MySQL syntax...
[2026-04-05 12:19:51,765:MySQL_Database.py#L79:INFO]: MySQL knobs persisted to mysqld-auto.cnf. Restarting to apply...
[2026-04-05 12:19:51,765:MySQL_Database.py#L189:INFO]: Restarting MySQL service...
[2026-04-05 12:19:56,951:MySQL_Database.py#L199:INFO]: Waiting for MySQL to become available...
[2026-04-05 12:19:56,981:MySQL_Database.py#L217:INFO]: MySQL is back up! (Took 0.03s)
[2026-04-05 12:19:56,981:MySQL_Database.py#L32:INFO]: Closed old MySQL connection.
[2026-04-05 12:19:57,037:MySQL_Database.py#L267:INFO]: Executing transpiled workload olap_workloads/ssb_100.wg (2 queries)...
[2026-04-05 12:20:01,644:MySQL_Database.py#L294:INFO]: Workload olap_workloads/ssb_100.wg executed successfully.
[2026-04-05 12:20:01,644:run_diverse_configs.py#L206:INFO]: Performance for config 5: 2.303367366999737
[2026-04-05 12:20:01,644:run_diverse_configs.py#L137:INFO]: Running config 6/10 for ssb_100
[2026-04-05 12:20:01,645:MySQL_Database.py#L242:INFO]: Transpiling workload from PostgreSQL to MySQL syntax...
[2026-04-05 12:20:01,728:MySQL_Database.py#L79:INFO]: MySQL knobs persisted to mysqld-auto.cnf. Restarting to apply...
[2026-04-05 12:20:01,728:MySQL_Database.py#L189:INFO]: Restarting MySQL service...
[2026-04-05 12:20:06,914:MySQL_Database.py#L199:INFO]: Waiting for MySQL to become available...
[2026-04-05 12:20:06,945:MySQL_Database.py#L217:INFO]: MySQL is back up! (Took 0.03s)
[2026-04-05 12:20:06,945:MySQL_Database.py#L32:INFO]: Closed old MySQL connection.
[2026-04-05 12:20:07,002:MySQL_Database.py#L267:INFO]: Executing transpiled workload olap_workloads/ssb_100.wg (2 queries)...
[2026-04-05 12:20:11,677:MySQL_Database.py#L294:INFO]: Workload olap_workloads/ssb_100.wg executed successfully.
[2026-04-05 12:20:11,677:run_diverse_configs.py#L206:INFO]: Performance for config 6: 2.3373333854979137
[2026-04-05 12:20:11,677:run_diverse_configs.py#L137:INFO]: Running config 7/10 for ssb_100
[2026-04-05 12:20:11,678:MySQL_Database.py#L242:INFO]: Transpiling workload from PostgreSQL to MySQL syntax...
[2026-04-05 12:20:11,762:MySQL_Database.py#L79:INFO]: MySQL knobs persisted to mysqld-auto.cnf. Restarting to apply...
[2026-04-05 12:20:11,762:MySQL_Database.py#L189:INFO]: Restarting MySQL service...
[2026-04-05 12:20:16,794:MySQL_Database.py#L199:INFO]: Waiting for MySQL to become available...
[2026-04-05 12:20:16,824:MySQL_Database.py#L217:INFO]: MySQL is back up! (Took 0.03s)
[2026-04-05 12:20:16,825:MySQL_Database.py#L32:INFO]: Closed old MySQL connection.
[2026-04-05 12:20:16,880:MySQL_Database.py#L267:INFO]: Executing transpiled workload olap_workloads/ssb_100.wg (2 queries)...
[2026-04-05 12:20:21,881:MySQL_Database.py#L294:INFO]: Workload olap_workloads/ssb_100.wg executed successfully.
[2026-04-05 12:20:21,881:run_diverse_configs.py#L206:INFO]: Performance for config 7: 2.500256029990851
[2026-04-05 12:20:21,881:run_diverse_configs.py#L137:INFO]: Running config 8/10 for ssb_100
[2026-04-05 12:20:21,882:MySQL_Database.py#L242:INFO]: Transpiling workload from PostgreSQL to MySQL syntax...
[2026-04-05 12:20:21,967:MySQL_Database.py#L79:INFO]: MySQL knobs persisted to mysqld-auto.cnf. Restarting to apply...
[2026-04-05 12:20:21,967:MySQL_Database.py#L189:INFO]: Restarting MySQL service...
[2026-04-05 12:20:26,799:MySQL_Database.py#L199:INFO]: Waiting for MySQL to become available...
[2026-04-05 12:20:26,830:MySQL_Database.py#L217:INFO]: MySQL is back up! (Took 0.03s)
[2026-04-05 12:20:26,831:MySQL_Database.py#L32:INFO]: Closed old MySQL connection.
[2026-04-05 12:20:26,888:MySQL_Database.py#L267:INFO]: Executing transpiled workload olap_workloads/ssb_100.wg (2 queries)...
[2026-04-05 12:20:31,298:MySQL_Database.py#L294:INFO]: Workload olap_workloads/ssb_100.wg executed successfully.
[2026-04-05 12:20:31,298:run_diverse_configs.py#L206:INFO]: Performance for config 8: 2.2048761890036985
[2026-04-05 12:20:31,298:run_diverse_configs.py#L137:INFO]: Running config 9/10 for ssb_100
[2026-04-05 12:20:31,299:MySQL_Database.py#L242:INFO]: Transpiling workload from PostgreSQL to MySQL syntax...
[2026-04-05 12:20:31,386:MySQL_Database.py#L79:INFO]: MySQL knobs persisted to mysqld-auto.cnf. Restarting to apply...
[2026-04-05 12:20:31,387:MySQL_Database.py#L189:INFO]: Restarting MySQL service...
[2026-04-05 12:20:35,818:MySQL_Database.py#L199:INFO]: Waiting for MySQL to become available...
[2026-04-05 12:20:35,852:MySQL_Database.py#L217:INFO]: MySQL is back up! (Took 0.03s)
[2026-04-05 12:20:35,853:MySQL_Database.py#L32:INFO]: Closed old MySQL connection.
[2026-04-05 12:20:35,966:MySQL_Database.py#L267:INFO]: Executing transpiled workload olap_workloads/ssb_100.wg (2 queries)...
[2026-04-05 12:20:40,955:MySQL_Database.py#L294:INFO]: Workload olap_workloads/ssb_100.wg executed successfully.
[2026-04-05 12:20:40,955:run_diverse_configs.py#L206:INFO]: Performance for config 9: 2.4940820095071103
[2026-04-05 12:20:40,955:run_diverse_configs.py#L137:INFO]: Running config 10/10 for ssb_100
[2026-04-05 12:20:40,956:MySQL_Database.py#L242:INFO]: Transpiling workload from PostgreSQL to MySQL syntax...
[2026-04-05 12:20:41,059:MySQL_Database.py#L79:INFO]: MySQL knobs persisted to mysqld-auto.cnf. Restarting to apply...
[2026-04-05 12:20:41,059:MySQL_Database.py#L189:INFO]: Restarting MySQL service...
[2026-04-05 12:20:45,842:MySQL_Database.py#L199:INFO]: Waiting for MySQL to become available...
[2026-04-05 12:20:45,901:MySQL_Database.py#L217:INFO]: MySQL is back up! (Took 0.06s)
[2026-04-05 12:20:45,901:MySQL_Database.py#L32:INFO]: Closed old MySQL connection.
[2026-04-05 12:20:45,985:MySQL_Database.py#L267:INFO]: Executing transpiled workload olap_workloads/ssb_100.wg (2 queries)...
[2026-04-05 12:20:50,577:MySQL_Database.py#L294:INFO]: Workload olap_workloads/ssb_100.wg executed successfully.
[2026-04-05 12:20:50,577:run_diverse_configs.py#L206:INFO]: Performance for config 10: 2.295354158995906
[2026-04-05 12:20:50,577:run_diverse_configs.py#L129:INFO]: Running 10 configs for ssb_114
[2026-04-05 12:20:50,577:run_diverse_configs.py#L137:INFO]: Running config 1/10 for ssb_114
[2026-04-05 12:20:50,577:MySQL_Database.py#L242:INFO]: Transpiling workload from PostgreSQL to MySQL syntax...
[2026-04-05 12:20:50,661:MySQL_Database.py#L79:INFO]: MySQL knobs persisted to mysqld-auto.cnf. Restarting to apply...
[2026-04-05 12:20:50,661:MySQL_Database.py#L189:INFO]: Restarting MySQL service...
[2026-04-05 12:20:55,343:MySQL_Database.py#L199:INFO]: Waiting for MySQL to become available...
[2026-04-05 12:20:55,377:MySQL_Database.py#L217:INFO]: MySQL is back up! (Took 0.03s)
[2026-04-05 12:20:55,377:MySQL_Database.py#L32:INFO]: Closed old MySQL connection.
[2026-04-05 12:20:55,433:MySQL_Database.py#L267:INFO]: Executing transpiled workload olap_workloads/ssb_114.wg (2 queries)...
[2026-04-05 12:21:02,011:MySQL_Database.py#L294:INFO]: Workload olap_workloads/ssb_114.wg executed successfully.
[2026-04-05 12:21:02,011:run_diverse_configs.py#L206:INFO]: Performance for config 1: 3.288541111498489
[2026-04-05 12:21:02,011:run_diverse_configs.py#L137:INFO]: Running config 2/10 for ssb_114
[2026-04-05 12:21:02,012:MySQL_Database.py#L242:INFO]: Transpiling workload from PostgreSQL to MySQL syntax...
[2026-04-05 12:21:02,088:MySQL_Database.py#L79:INFO]: MySQL knobs persisted to mysqld-auto.cnf. Restarting to apply...
[2026-04-05 12:21:02,089:MySQL_Database.py#L189:INFO]: Restarting MySQL service...
[2026-04-05 12:21:05,817:MySQL_Database.py#L199:INFO]: Waiting for MySQL to become available...
[2026-04-05 12:21:05,846:MySQL_Database.py#L217:INFO]: MySQL is back up! (Took 0.03s)
[2026-04-05 12:21:05,847:MySQL_Database.py#L32:INFO]: Closed old MySQL connection.
[2026-04-05 12:21:05,904:MySQL_Database.py#L267:INFO]: Executing transpiled workload olap_workloads/ssb_114.wg (2 queries)...
[2026-04-05 12:21:09,272:MySQL_Database.py#L294:INFO]: Workload olap_workloads/ssb_114.wg executed successfully.
[2026-04-05 12:21:09,272:run_diverse_configs.py#L206:INFO]: Performance for config 2: 1.684120139994775
[2026-04-05 12:21:09,272:run_diverse_configs.py#L137:INFO]: Running config 3/10 for ssb_114
[2026-04-05 12:21:09,273:MySQL_Database.py#L242:INFO]: Transpiling workload from PostgreSQL to MySQL syntax...
[2026-04-05 12:21:09,352:MySQL_Database.py#L79:INFO]: MySQL knobs persisted to mysqld-auto.cnf. Restarting to apply...
[2026-04-05 12:21:09,352:MySQL_Database.py#L189:INFO]: Restarting MySQL service...
[2026-04-05 12:21:13,331:MySQL_Database.py#L199:INFO]: Waiting for MySQL to become available...
[2026-04-05 12:21:13,398:MySQL_Database.py#L217:INFO]: MySQL is back up! (Took 0.07s)
[2026-04-05 12:21:13,399:MySQL_Database.py#L32:INFO]: Closed old MySQL connection.
[2026-04-05 12:21:13,454:MySQL_Database.py#L267:INFO]: Executing transpiled workload olap_workloads/ssb_114.wg (2 queries)...
[2026-04-05 12:21:19,359:MySQL_Database.py#L294:INFO]: Workload olap_workloads/ssb_114.wg executed successfully.
[2026-04-05 12:21:19,359:run_diverse_configs.py#L206:INFO]: Performance for config 3: 2.952367157500703
[2026-04-05 12:21:19,359:run_diverse_configs.py#L137:INFO]: Running config 4/10 for ssb_114
[2026-04-05 12:21:19,360:MySQL_Database.py#L242:INFO]: Transpiling workload from PostgreSQL to MySQL syntax...
[2026-04-05 12:21:19,438:MySQL_Database.py#L79:INFO]: MySQL knobs persisted to mysqld-auto.cnf. Restarting to apply...
[2026-04-05 12:21:19,439:MySQL_Database.py#L189:INFO]: Restarting MySQL service...
[2026-04-05 12:21:23,870:MySQL_Database.py#L199:INFO]: Waiting for MySQL to become available...
[2026-04-05 12:21:23,905:MySQL_Database.py#L217:INFO]: MySQL is back up! (Took 0.04s)
[2026-04-05 12:21:23,905:MySQL_Database.py#L32:INFO]: Closed old MySQL connection.
[2026-04-05 12:21:23,962:MySQL_Database.py#L267:INFO]: Executing transpiled workload olap_workloads/ssb_114.wg (2 queries)...
[2026-04-05 12:21:29,888:MySQL_Database.py#L294:INFO]: Workload olap_workloads/ssb_114.wg executed successfully.
[2026-04-05 12:21:29,889:run_diverse_configs.py#L206:INFO]: Performance for config 4: 2.9631244290067116
[2026-04-05 12:21:29,889:run_diverse_configs.py#L137:INFO]: Running config 5/10 for ssb_114
[2026-04-05 12:21:29,889:MySQL_Database.py#L242:INFO]: Transpiling workload from PostgreSQL to MySQL syntax...
[2026-04-05 12:21:29,968:MySQL_Database.py#L79:INFO]: MySQL knobs persisted to mysqld-auto.cnf. Restarting to apply...
[2026-04-05 12:21:29,968:MySQL_Database.py#L189:INFO]: Restarting MySQL service...
[2026-04-05 12:21:34,902:MySQL_Database.py#L199:INFO]: Waiting for MySQL to become available...
[2026-04-05 12:21:34,961:MySQL_Database.py#L217:INFO]: MySQL is back up! (Took 0.06s)
[2026-04-05 12:21:34,961:MySQL_Database.py#L32:INFO]: Closed old MySQL connection.
[2026-04-05 12:21:35,075:MySQL_Database.py#L267:INFO]: Executing transpiled workload olap_workloads/ssb_114.wg (2 queries)...
[2026-04-05 12:21:40,875:MySQL_Database.py#L294:INFO]: Workload olap_workloads/ssb_114.wg executed successfully.
[2026-04-05 12:21:40,876:run_diverse_configs.py#L206:INFO]: Performance for config 5: 2.9003132125071716
[2026-04-05 12:21:40,876:run_diverse_configs.py#L137:INFO]: Running config 6/10 for ssb_114
[2026-04-05 12:21:40,876:MySQL_Database.py#L242:INFO]: Transpiling workload from PostgreSQL to MySQL syntax...
[2026-04-05 12:21:40,963:MySQL_Database.py#L79:INFO]: MySQL knobs persisted to mysqld-auto.cnf. Restarting to apply...
[2026-04-05 12:21:40,963:MySQL_Database.py#L189:INFO]: Restarting MySQL service...
[2026-04-05 12:21:46,046:MySQL_Database.py#L199:INFO]: Waiting for MySQL to become available...
[2026-04-05 12:21:46,084:MySQL_Database.py#L217:INFO]: MySQL is back up! (Took 0.04s)
[2026-04-05 12:21:46,084:MySQL_Database.py#L32:INFO]: Closed old MySQL connection.
[2026-04-05 12:21:46,141:MySQL_Database.py#L267:INFO]: Executing transpiled workload olap_workloads/ssb_114.wg (2 queries)...
[2026-04-05 12:21:51,987:MySQL_Database.py#L294:INFO]: Workload olap_workloads/ssb_114.wg executed successfully.
[2026-04-05 12:21:51,987:run_diverse_configs.py#L206:INFO]: Performance for config 6: 2.92271936799807
[2026-04-05 12:21:51,987:run_diverse_configs.py#L137:INFO]: Running config 7/10 for ssb_114
[2026-04-05 12:21:51,988:MySQL_Database.py#L242:INFO]: Transpiling workload from PostgreSQL to MySQL syntax...
[2026-04-05 12:21:52,067:MySQL_Database.py#L79:INFO]: MySQL knobs persisted to mysqld-auto.cnf. Restarting to apply...
[2026-04-05 12:21:52,067:MySQL_Database.py#L189:INFO]: Restarting MySQL service...
[2026-04-05 12:21:56,749:MySQL_Database.py#L199:INFO]: Waiting for MySQL to become available...
[2026-04-05 12:21:56,785:MySQL_Database.py#L217:INFO]: MySQL is back up! (Took 0.04s)
[2026-04-05 12:21:56,786:MySQL_Database.py#L32:INFO]: Closed old MySQL connection.
[2026-04-05 12:21:56,843:MySQL_Database.py#L267:INFO]: Executing transpiled workload olap_workloads/ssb_114.wg (2 queries)...
[2026-04-05 12:22:02,767:MySQL_Database.py#L294:INFO]: Workload olap_workloads/ssb_114.wg executed successfully.
[2026-04-05 12:22:02,767:run_diverse_configs.py#L206:INFO]: Performance for config 7: 2.9619616960117128
[2026-04-05 12:22:02,767:run_diverse_configs.py#L137:INFO]: Running config 8/10 for ssb_114
[2026-04-05 12:22:02,768:MySQL_Database.py#L242:INFO]: Transpiling workload from PostgreSQL to MySQL syntax...
[2026-04-05 12:22:02,855:MySQL_Database.py#L79:INFO]: MySQL knobs persisted to mysqld-auto.cnf. Restarting to apply...
[2026-04-05 12:22:02,855:MySQL_Database.py#L189:INFO]: Restarting MySQL service...
[2026-04-05 12:22:07,740:MySQL_Database.py#L199:INFO]: Waiting for MySQL to become available...
[2026-04-05 12:22:07,799:MySQL_Database.py#L217:INFO]: MySQL is back up! (Took 0.06s)
[2026-04-05 12:22:07,800:MySQL_Database.py#L32:INFO]: Closed old MySQL connection.
[2026-04-05 12:22:07,882:MySQL_Database.py#L267:INFO]: Executing transpiled workload olap_workloads/ssb_114.wg (2 queries)...
[2026-04-05 12:22:13,691:MySQL_Database.py#L294:INFO]: Workload olap_workloads/ssb_114.wg executed successfully.
[2026-04-05 12:22:13,692:run_diverse_configs.py#L206:INFO]: Performance for config 8: 2.9045691844949033
[2026-04-05 12:22:13,692:run_diverse_configs.py#L137:INFO]: Running config 9/10 for ssb_114
[2026-04-05 12:22:13,692:MySQL_Database.py#L242:INFO]: Transpiling workload from PostgreSQL to MySQL syntax...
[2026-04-05 12:22:13,780:MySQL_Database.py#L79:INFO]: MySQL knobs persisted to mysqld-auto.cnf. Restarting to apply...
[2026-04-05 12:22:13,780:MySQL_Database.py#L189:INFO]: Restarting MySQL service...
[2026-04-05 12:22:19,215:MySQL_Database.py#L199:INFO]: Waiting for MySQL to become available...
[2026-04-05 12:22:19,245:MySQL_Database.py#L217:INFO]: MySQL is back up! (Took 0.03s)
[2026-04-05 12:22:19,246:MySQL_Database.py#L32:INFO]: Closed old MySQL connection.
[2026-04-05 12:22:19,301:MySQL_Database.py#L267:INFO]: Executing transpiled workload olap_workloads/ssb_114.wg (2 queries)...
[2026-04-05 12:22:25,089:MySQL_Database.py#L294:INFO]: Workload olap_workloads/ssb_114.wg executed successfully.
[2026-04-05 12:22:25,090:run_diverse_configs.py#L206:INFO]: Performance for config 9: 2.894083557490376
[2026-04-05 12:22:25,090:run_diverse_configs.py#L137:INFO]: Running config 10/10 for ssb_114
[2026-04-05 12:22:25,090:MySQL_Database.py#L242:INFO]: Transpiling workload from PostgreSQL to MySQL syntax...
[2026-04-05 12:22:25,172:MySQL_Database.py#L79:INFO]: MySQL knobs persisted to mysqld-auto.cnf. Restarting to apply...
[2026-04-05 12:22:25,172:MySQL_Database.py#L189:INFO]: Restarting MySQL service...
[2026-04-05 12:22:30,004:MySQL_Database.py#L199:INFO]: Waiting for MySQL to become available...
[2026-04-05 12:22:30,034:MySQL_Database.py#L217:INFO]: MySQL is back up! (Took 0.03s)
[2026-04-05 12:22:30,034:MySQL_Database.py#L32:INFO]: Closed old MySQL connection.
[2026-04-05 12:22:30,090:MySQL_Database.py#L267:INFO]: Executing transpiled workload olap_workloads/ssb_114.wg (2 queries)...
[2026-04-05 12:22:36,178:MySQL_Database.py#L294:INFO]: Workload olap_workloads/ssb_114.wg executed successfully.
[2026-04-05 12:22:36,178:run_diverse_configs.py#L206:INFO]: Performance for config 10: 3.0441334289935185
[2026-04-05 12:22:36,179:run_diverse_configs.py#L129:INFO]: Running 10 configs for ssb_188
[2026-04-05 12:22:36,179:run_diverse_configs.py#L137:INFO]: Running config 1/10 for ssb_188
[2026-04-05 12:22:36,179:MySQL_Database.py#L242:INFO]: Transpiling workload from PostgreSQL to MySQL syntax...
[2026-04-05 12:22:36,258:MySQL_Database.py#L79:INFO]: MySQL knobs persisted to mysqld-auto.cnf. Restarting to apply...
[2026-04-05 12:22:36,258:MySQL_Database.py#L189:INFO]: Restarting MySQL service...
[2026-04-05 12:22:41,190:MySQL_Database.py#L199:INFO]: Waiting for MySQL to become available...
[2026-04-05 12:22:41,222:MySQL_Database.py#L217:INFO]: MySQL is back up! (Took 0.03s)
[2026-04-05 12:22:41,223:MySQL_Database.py#L32:INFO]: Closed old MySQL connection.
[2026-04-05 12:22:41,278:MySQL_Database.py#L267:INFO]: Executing transpiled workload olap_workloads/ssb_188.wg (2 queries)...
[2026-04-05 12:22:48,621:MySQL_Database.py#L294:INFO]: Workload olap_workloads/ssb_188.wg executed successfully.
[2026-04-05 12:22:48,621:run_diverse_configs.py#L206:INFO]: Performance for config 1: 3.670967339508934
[2026-04-05 12:22:48,621:run_diverse_configs.py#L137:INFO]: Running config 2/10 for ssb_188
[2026-04-05 12:22:48,622:MySQL_Database.py#L242:INFO]: Transpiling workload from PostgreSQL to MySQL syntax...
[2026-04-05 12:22:48,707:MySQL_Database.py#L79:INFO]: MySQL knobs persisted to mysqld-auto.cnf. Restarting to apply...
[2026-04-05 12:22:48,707:MySQL_Database.py#L189:INFO]: Restarting MySQL service...
[2026-04-05 12:22:53,741:MySQL_Database.py#L199:INFO]: Waiting for MySQL to become available...
[2026-04-05 12:22:53,784:MySQL_Database.py#L217:INFO]: MySQL is back up! (Took 0.04s)
[2026-04-05 12:22:53,785:MySQL_Database.py#L32:INFO]: Closed old MySQL connection.
[2026-04-05 12:22:53,841:MySQL_Database.py#L267:INFO]: Executing transpiled workload olap_workloads/ssb_188.wg (2 queries)...
[2026-04-05 12:23:00,291:MySQL_Database.py#L294:INFO]: Workload olap_workloads/ssb_188.wg executed successfully.
[2026-04-05 12:23:00,291:run_diverse_configs.py#L206:INFO]: Performance for config 2: 3.2245243985089473
[2026-04-05 12:23:00,291:run_diverse_configs.py#L137:INFO]: Running config 3/10 for ssb_188
[2026-04-05 12:23:00,291:MySQL_Database.py#L242:INFO]: Transpiling workload from PostgreSQL to MySQL syntax...
[2026-04-05 12:23:00,383:MySQL_Database.py#L79:INFO]: MySQL knobs persisted to mysqld-auto.cnf. Restarting to apply...
[2026-04-05 12:23:00,383:MySQL_Database.py#L189:INFO]: Restarting MySQL service...
[2026-04-05 12:23:05,366:MySQL_Database.py#L199:INFO]: Waiting for MySQL to become available...
[2026-04-05 12:23:05,398:MySQL_Database.py#L217:INFO]: MySQL is back up! (Took 0.03s)
[2026-04-05 12:23:05,398:MySQL_Database.py#L32:INFO]: Closed old MySQL connection.
[2026-04-05 12:23:05,454:MySQL_Database.py#L267:INFO]: Executing transpiled workload olap_workloads/ssb_188.wg (2 queries)...
[2026-04-05 12:23:12,311:MySQL_Database.py#L294:INFO]: Workload olap_workloads/ssb_188.wg executed successfully.
[2026-04-05 12:23:12,311:run_diverse_configs.py#L206:INFO]: Performance for config 3: 3.4284006524976576
[2026-04-05 12:23:12,312:run_diverse_configs.py#L137:INFO]: Running config 4/10 for ssb_188
[2026-04-05 12:23:12,312:MySQL_Database.py#L242:INFO]: Transpiling workload from PostgreSQL to MySQL syntax...
[2026-04-05 12:23:12,391:MySQL_Database.py#L79:INFO]: MySQL knobs persisted to mysqld-auto.cnf. Restarting to apply...
[2026-04-05 12:23:12,391:MySQL_Database.py#L189:INFO]: Restarting MySQL service...
[2026-04-05 12:23:17,522:MySQL_Database.py#L199:INFO]: Waiting for MySQL to become available...
[2026-04-05 12:23:17,552:MySQL_Database.py#L217:INFO]: MySQL is back up! (Took 0.03s)
[2026-04-05 12:23:17,553:MySQL_Database.py#L32:INFO]: Closed old MySQL connection.
[2026-04-05 12:23:17,609:MySQL_Database.py#L267:INFO]: Executing transpiled workload olap_workloads/ssb_188.wg (2 queries)...
[2026-04-05 12:23:24,489:MySQL_Database.py#L294:INFO]: Workload olap_workloads/ssb_188.wg executed successfully.
[2026-04-05 12:23:24,490:run_diverse_configs.py#L206:INFO]: Performance for config 4: 3.4400411840033485
[2026-04-05 12:23:24,490:run_diverse_configs.py#L137:INFO]: Running config 5/10 for ssb_188
[2026-04-05 12:23:24,490:MySQL_Database.py#L242:INFO]: Transpiling workload from PostgreSQL to MySQL syntax...
[2026-04-05 12:23:24,568:MySQL_Database.py#L79:INFO]: MySQL knobs persisted to mysqld-auto.cnf. Restarting to apply...
[2026-04-05 12:23:24,568:MySQL_Database.py#L189:INFO]: Restarting MySQL service...
[2026-04-05 12:23:29,300:MySQL_Database.py#L199:INFO]: Waiting for MySQL to become available...
[2026-04-05 12:23:29,331:MySQL_Database.py#L217:INFO]: MySQL is back up! (Took 0.03s)
[2026-04-05 12:23:29,331:MySQL_Database.py#L32:INFO]: Closed old MySQL connection.
[2026-04-05 12:23:29,386:MySQL_Database.py#L267:INFO]: Executing transpiled workload olap_workloads/ssb_188.wg (2 queries)...
[2026-04-05 12:23:38,386:MySQL_Database.py#L294:INFO]: Workload olap_workloads/ssb_188.wg executed successfully.
[2026-04-05 12:23:38,386:run_diverse_configs.py#L206:INFO]: Performance for config 5: 4.499635685002431
[2026-04-05 12:23:38,386:run_diverse_configs.py#L137:INFO]: Running config 6/10 for ssb_188
[2026-04-05 12:23:38,387:MySQL_Database.py#L242:INFO]: Transpiling workload from PostgreSQL to MySQL syntax...
[2026-04-05 12:23:38,565:MySQL_Database.py#L79:INFO]: MySQL knobs persisted to mysqld-auto.cnf. Restarting to apply...
[2026-04-05 12:23:38,565:MySQL_Database.py#L189:INFO]: Restarting MySQL service...
[2026-04-05 12:23:43,499:MySQL_Database.py#L199:INFO]: Waiting for MySQL to become available...
[2026-04-05 12:23:43,531:MySQL_Database.py#L217:INFO]: MySQL is back up! (Took 0.03s)
[2026-04-05 12:23:43,532:MySQL_Database.py#L32:INFO]: Closed old MySQL connection.
[2026-04-05 12:23:43,588:MySQL_Database.py#L267:INFO]: Executing transpiled workload olap_workloads/ssb_188.wg (2 queries)...
[2026-04-05 12:23:51,515:MySQL_Database.py#L294:INFO]: Workload olap_workloads/ssb_188.wg executed successfully.
[2026-04-05 12:23:51,515:run_diverse_configs.py#L206:INFO]: Performance for config 6: 3.9631959085090784
[2026-04-05 12:23:51,515:run_diverse_configs.py#L137:INFO]: Running config 7/10 for ssb_188
[2026-04-05 12:23:51,516:MySQL_Database.py#L242:INFO]: Transpiling workload from PostgreSQL to MySQL syntax...
[2026-04-05 12:23:51,699:MySQL_Database.py#L79:INFO]: MySQL knobs persisted to mysqld-auto.cnf. Restarting to apply...
[2026-04-05 12:23:51,699:MySQL_Database.py#L189:INFO]: Restarting MySQL service...
[2026-04-05 12:23:56,581:MySQL_Database.py#L199:INFO]: Waiting for MySQL to become available...
[2026-04-05 12:23:56,613:MySQL_Database.py#L217:INFO]: MySQL is back up! (Took 0.03s)
[2026-04-05 12:23:56,613:MySQL_Database.py#L32:INFO]: Closed old MySQL connection.
[2026-04-05 12:23:56,669:MySQL_Database.py#L267:INFO]: Executing transpiled workload olap_workloads/ssb_188.wg (2 queries)...
[2026-04-05 12:24:04,670:MySQL_Database.py#L294:INFO]: Workload olap_workloads/ssb_188.wg executed successfully.
[2026-04-05 12:24:04,671:run_diverse_configs.py#L206:INFO]: Performance for config 7: 4.000649731999147
[2026-04-05 12:24:04,671:run_diverse_configs.py#L137:INFO]: Running config 8/10 for ssb_188
[2026-04-05 12:24:04,671:MySQL_Database.py#L242:INFO]: Transpiling workload from PostgreSQL to MySQL syntax...
[2026-04-05 12:24:04,760:MySQL_Database.py#L79:INFO]: MySQL knobs persisted to mysqld-auto.cnf. Restarting to apply...
[2026-04-05 12:24:04,760:MySQL_Database.py#L189:INFO]: Restarting MySQL service...
[2026-04-05 12:24:09,393:MySQL_Database.py#L199:INFO]: Waiting for MySQL to become available...
[2026-04-05 12:24:09,424:MySQL_Database.py#L217:INFO]: MySQL is back up! (Took 0.03s)
[2026-04-05 12:24:09,425:MySQL_Database.py#L32:INFO]: Closed old MySQL connection.
[2026-04-05 12:24:09,481:MySQL_Database.py#L267:INFO]: Executing transpiled workload olap_workloads/ssb_188.wg (2 queries)...
[2026-04-05 12:24:17,079:MySQL_Database.py#L294:INFO]: Workload olap_workloads/ssb_188.wg executed successfully.
[2026-04-05 12:24:17,079:run_diverse_configs.py#L206:INFO]: Performance for config 8: 3.7989514644868905
[2026-04-05 12:24:17,079:run_diverse_configs.py#L137:INFO]: Running config 9/10 for ssb_188
[2026-04-05 12:24:17,080:MySQL_Database.py#L242:INFO]: Transpiling workload from PostgreSQL to MySQL syntax...
[2026-04-05 12:24:17,158:MySQL_Database.py#L79:INFO]: MySQL knobs persisted to mysqld-auto.cnf. Restarting to apply...
[2026-04-05 12:24:17,158:MySQL_Database.py#L189:INFO]: Restarting MySQL service...
[2026-04-05 12:24:22,544:MySQL_Database.py#L199:INFO]: Waiting for MySQL to become available...
[2026-04-05 12:24:22,575:MySQL_Database.py#L217:INFO]: MySQL is back up! (Took 0.03s)
[2026-04-05 12:24:22,575:MySQL_Database.py#L32:INFO]: Closed old MySQL connection.
[2026-04-05 12:24:22,631:MySQL_Database.py#L267:INFO]: Executing transpiled workload olap_workloads/ssb_188.wg (2 queries)...
[2026-04-05 12:24:30,060:MySQL_Database.py#L294:INFO]: Workload olap_workloads/ssb_188.wg executed successfully.
[2026-04-05 12:24:30,060:run_diverse_configs.py#L206:INFO]: Performance for config 9: 3.714388976499322
[2026-04-05 12:24:30,060:run_diverse_configs.py#L137:INFO]: Running config 10/10 for ssb_188
[2026-04-05 12:24:30,061:MySQL_Database.py#L242:INFO]: Transpiling workload from PostgreSQL to MySQL syntax...
[2026-04-05 12:24:30,137:MySQL_Database.py#L79:INFO]: MySQL knobs persisted to mysqld-auto.cnf. Restarting to apply...
[2026-04-05 12:24:30,137:MySQL_Database.py#L189:INFO]: Restarting MySQL service...
[2026-04-05 12:24:34,416:MySQL_Database.py#L199:INFO]: Waiting for MySQL to become available...
[2026-04-05 12:24:34,475:MySQL_Database.py#L217:INFO]: MySQL is back up! (Took 0.06s)
[2026-04-05 12:24:34,475:MySQL_Database.py#L32:INFO]: Closed old MySQL connection.
[2026-04-05 12:24:34,542:MySQL_Database.py#L267:INFO]: Executing transpiled workload olap_workloads/ssb_188.wg (2 queries)...
[2026-04-05 12:24:48,183:MySQL_Database.py#L294:INFO]: Workload olap_workloads/ssb_188.wg executed successfully.
[2026-04-05 12:24:48,183:run_diverse_configs.py#L206:INFO]: Performance for config 10: 6.820452612009831
[2026-04-05 12:24:48,183:run_diverse_configs.py#L129:INFO]: Running 10 configs for ssb_223
[2026-04-05 12:24:48,184:run_diverse_configs.py#L137:INFO]: Running config 1/10 for ssb_223
[2026-04-05 12:24:48,184:MySQL_Database.py#L242:INFO]: Transpiling workload from PostgreSQL to MySQL syntax...
[2026-04-05 12:24:48,274:MySQL_Database.py#L79:INFO]: MySQL knobs persisted to mysqld-auto.cnf. Restarting to apply...
[2026-04-05 12:24:48,274:MySQL_Database.py#L189:INFO]: Restarting MySQL service...
[2026-04-05 12:24:52,856:MySQL_Database.py#L199:INFO]: Waiting for MySQL to become available...
[2026-04-05 12:24:52,904:MySQL_Database.py#L217:INFO]: MySQL is back up! (Took 0.05s)
[2026-04-05 12:24:52,904:MySQL_Database.py#L32:INFO]: Closed old MySQL connection.
[2026-04-05 12:24:52,960:MySQL_Database.py#L267:INFO]: Executing transpiled workload olap_workloads/ssb_223.wg (2 queries)...
[2026-04-05 12:24:53,370:MySQL_Database.py#L294:INFO]: Workload olap_workloads/ssb_223.wg executed successfully.
[2026-04-05 12:24:53,371:run_diverse_configs.py#L206:INFO]: Performance for config 1: 0.20517206500517204
[2026-04-05 12:24:53,371:run_diverse_configs.py#L137:INFO]: Running config 2/10 for ssb_223
[2026-04-05 12:24:53,371:MySQL_Database.py#L242:INFO]: Transpiling workload from PostgreSQL to MySQL syntax...
[2026-04-05 12:24:53,443:MySQL_Database.py#L79:INFO]: MySQL knobs persisted to mysqld-auto.cnf. Restarting to apply...
[2026-04-05 12:24:53,443:MySQL_Database.py#L189:INFO]: Restarting MySQL service...
[2026-04-05 12:24:57,772:MySQL_Database.py#L199:INFO]: Waiting for MySQL to become available...
[2026-04-05 12:24:57,844:MySQL_Database.py#L217:INFO]: MySQL is back up! (Took 0.07s)
[2026-04-05 12:24:57,844:MySQL_Database.py#L32:INFO]: Closed old MySQL connection.
[2026-04-05 12:24:57,947:MySQL_Database.py#L267:INFO]: Executing transpiled workload olap_workloads/ssb_223.wg (2 queries)...
[2026-04-05 12:24:58,400:MySQL_Database.py#L294:INFO]: Workload olap_workloads/ssb_223.wg executed successfully.
[2026-04-05 12:24:58,400:run_diverse_configs.py#L206:INFO]: Performance for config 2: 0.22634439950343221
[2026-04-05 12:24:58,400:run_diverse_configs.py#L137:INFO]: Running config 3/10 for ssb_223
[2026-04-05 12:24:58,400:MySQL_Database.py#L242:INFO]: Transpiling workload from PostgreSQL to MySQL syntax...
[2026-04-05 12:24:58,646:MySQL_Database.py#L79:INFO]: MySQL knobs persisted to mysqld-auto.cnf. Restarting to apply...
[2026-04-05 12:24:58,646:MySQL_Database.py#L189:INFO]: Restarting MySQL service...
[2026-04-05 12:25:04,135:MySQL_Database.py#L199:INFO]: Waiting for MySQL to become available...
[2026-04-05 12:25:04,165:MySQL_Database.py#L217:INFO]: MySQL is back up! (Took 0.03s)
[2026-04-05 12:25:04,166:MySQL_Database.py#L32:INFO]: Closed old MySQL connection.
[2026-04-05 12:25:04,222:MySQL_Database.py#L267:INFO]: Executing transpiled workload olap_workloads/ssb_223.wg (2 queries)...
[2026-04-05 12:25:04,620:MySQL_Database.py#L294:INFO]: Workload olap_workloads/ssb_223.wg executed successfully.
[2026-04-05 12:25:04,620:run_diverse_configs.py#L206:INFO]: Performance for config 3: 0.19893630599835888
[2026-04-05 12:25:04,621:run_diverse_configs.py#L137:INFO]: Running config 4/10 for ssb_223
[2026-04-05 12:25:04,621:MySQL_Database.py#L242:INFO]: Transpiling workload from PostgreSQL to MySQL syntax...
[2026-04-05 12:25:04,936:MySQL_Database.py#L79:INFO]: MySQL knobs persisted to mysqld-auto.cnf. Restarting to apply...
[2026-04-05 12:25:04,936:MySQL_Database.py#L189:INFO]: Restarting MySQL service...
[2026-04-05 12:25:10,674:MySQL_Database.py#L199:INFO]: Waiting for MySQL to become available...
[2026-04-05 12:25:10,708:MySQL_Database.py#L217:INFO]: MySQL is back up! (Took 0.03s)
[2026-04-05 12:25:10,709:MySQL_Database.py#L32:INFO]: Closed old MySQL connection.
[2026-04-05 12:25:10,765:MySQL_Database.py#L267:INFO]: Executing transpiled workload olap_workloads/ssb_223.wg (2 queries)...
[2026-04-05 12:25:11,155:MySQL_Database.py#L294:INFO]: Workload olap_workloads/ssb_223.wg executed successfully.
[2026-04-05 12:25:11,155:run_diverse_configs.py#L206:INFO]: Performance for config 4: 0.19489455650909804
[2026-04-05 12:25:11,155:run_diverse_configs.py#L137:INFO]: Running config 5/10 for ssb_223
[2026-04-05 12:25:11,156:MySQL_Database.py#L242:INFO]: Transpiling workload from PostgreSQL to MySQL syntax...
[2026-04-05 12:25:11,448:MySQL_Database.py#L79:INFO]: MySQL knobs persisted to mysqld-auto.cnf. Restarting to apply...
[2026-04-05 12:25:11,448:MySQL_Database.py#L189:INFO]: Restarting MySQL service...
[2026-04-05 12:25:16,935:MySQL_Database.py#L199:INFO]: Waiting for MySQL to become available...
[2026-04-05 12:25:16,966:MySQL_Database.py#L217:INFO]: MySQL is back up! (Took 0.03s)
[2026-04-05 12:25:16,967:MySQL_Database.py#L32:INFO]: Closed old MySQL connection.
[2026-04-05 12:25:17,046:MySQL_Database.py#L267:INFO]: Executing transpiled workload olap_workloads/ssb_223.wg (2 queries)...
[2026-04-05 12:25:17,441:MySQL_Database.py#L294:INFO]: Workload olap_workloads/ssb_223.wg executed successfully.
[2026-04-05 12:25:17,441:run_diverse_configs.py#L206:INFO]: Performance for config 5: 0.19735380249039736
[2026-04-05 12:25:17,441:run_diverse_configs.py#L137:INFO]: Running config 6/10 for ssb_223
[2026-04-05 12:25:17,442:MySQL_Database.py#L242:INFO]: Transpiling workload from PostgreSQL to MySQL syntax...
[2026-04-05 12:25:17,742:MySQL_Database.py#L79:INFO]: MySQL knobs persisted to mysqld-auto.cnf. Restarting to apply...
[2026-04-05 12:25:17,742:MySQL_Database.py#L189:INFO]: Restarting MySQL service...
[2026-04-05 12:25:24,231:MySQL_Database.py#L199:INFO]: Waiting for MySQL to become available...
[2026-04-05 12:25:24,264:MySQL_Database.py#L217:INFO]: MySQL is back up! (Took 0.03s)
[2026-04-05 12:25:24,265:MySQL_Database.py#L32:INFO]: Closed old MySQL connection.
[2026-04-05 12:25:24,321:MySQL_Database.py#L267:INFO]: Executing transpiled workload olap_workloads/ssb_223.wg (2 queries)...
[2026-04-05 12:25:24,753:MySQL_Database.py#L294:INFO]: Workload olap_workloads/ssb_223.wg executed successfully.
[2026-04-05 12:25:24,753:run_diverse_configs.py#L206:INFO]: Performance for config 6: 0.2158471254952019
[2026-04-05 12:25:24,753:run_diverse_configs.py#L137:INFO]: Running config 7/10 for ssb_223
[2026-04-05 12:25:24,753:MySQL_Database.py#L242:INFO]: Transpiling workload from PostgreSQL to MySQL syntax...
[2026-04-05 12:25:25,102:MySQL_Database.py#L79:INFO]: MySQL knobs persisted to mysqld-auto.cnf. Restarting to apply...
[2026-04-05 12:25:25,103:MySQL_Database.py#L189:INFO]: Restarting MySQL service...
[2026-04-05 12:25:31,140:MySQL_Database.py#L199:INFO]: Waiting for MySQL to become available...
[2026-04-05 12:25:31,171:MySQL_Database.py#L217:INFO]: MySQL is back up! (Took 0.03s)
[2026-04-05 12:25:31,171:MySQL_Database.py#L32:INFO]: Closed old MySQL connection.
[2026-04-05 12:25:31,227:MySQL_Database.py#L267:INFO]: Executing transpiled workload olap_workloads/ssb_223.wg (2 queries)...
[2026-04-05 12:25:31,618:MySQL_Database.py#L294:INFO]: Workload olap_workloads/ssb_223.wg executed successfully.
[2026-04-05 12:25:31,618:run_diverse_configs.py#L206:INFO]: Performance for config 7: 0.19547271849296521
[2026-04-05 12:25:31,619:run_diverse_configs.py#L137:INFO]: Running config 8/10 for ssb_223
[2026-04-05 12:25:31,619:MySQL_Database.py#L242:INFO]: Transpiling workload from PostgreSQL to MySQL syntax...
[2026-04-05 12:25:31,970:MySQL_Database.py#L79:INFO]: MySQL knobs persisted to mysqld-auto.cnf. Restarting to apply...
[2026-04-05 12:25:31,971:MySQL_Database.py#L189:INFO]: Restarting MySQL service...
[2026-04-05 12:25:37,759:MySQL_Database.py#L199:INFO]: Waiting for MySQL to become available...
[2026-04-05 12:25:37,789:MySQL_Database.py#L217:INFO]: MySQL is back up! (Took 0.03s)
[2026-04-05 12:25:37,790:MySQL_Database.py#L32:INFO]: Closed old MySQL connection.
[2026-04-05 12:25:37,846:MySQL_Database.py#L267:INFO]: Executing transpiled workload olap_workloads/ssb_223.wg (2 queries)...
[2026-04-05 12:25:38,237:MySQL_Database.py#L294:INFO]: Workload olap_workloads/ssb_223.wg executed successfully.
[2026-04-05 12:25:38,237:run_diverse_configs.py#L206:INFO]: Performance for config 8: 0.19552918849512935
[2026-04-05 12:25:38,237:run_diverse_configs.py#L137:INFO]: Running config 9/10 for ssb_223
[2026-04-05 12:25:38,238:MySQL_Database.py#L242:INFO]: Transpiling workload from PostgreSQL to MySQL syntax...
[2026-04-05 12:25:38,541:MySQL_Database.py#L79:INFO]: MySQL knobs persisted to mysqld-auto.cnf. Restarting to apply...
[2026-04-05 12:25:38,542:MySQL_Database.py#L189:INFO]: Restarting MySQL service...
[2026-04-05 12:25:44,329:MySQL_Database.py#L199:INFO]: Waiting for MySQL to become available...
[2026-04-05 12:25:44,359:MySQL_Database.py#L217:INFO]: MySQL is back up! (Took 0.03s)
[2026-04-05 12:25:44,360:MySQL_Database.py#L32:INFO]: Closed old MySQL connection.
[2026-04-05 12:25:44,415:MySQL_Database.py#L267:INFO]: Executing transpiled workload olap_workloads/ssb_223.wg (2 queries)...
[2026-04-05 12:25:44,857:MySQL_Database.py#L294:INFO]: Workload olap_workloads/ssb_223.wg executed successfully.
[2026-04-05 12:25:44,857:run_diverse_configs.py#L206:INFO]: Performance for config 9: 0.22084869649552274
[2026-04-05 12:25:44,857:run_diverse_configs.py#L137:INFO]: Running config 10/10 for ssb_223
[2026-04-05 12:25:44,858:MySQL_Database.py#L242:INFO]: Transpiling workload from PostgreSQL to MySQL syntax...
[2026-04-05 12:25:45,176:MySQL_Database.py#L79:INFO]: MySQL knobs persisted to mysqld-auto.cnf. Restarting to apply...
[2026-04-05 12:25:45,176:MySQL_Database.py#L189:INFO]: Restarting MySQL service...
[2026-04-05 12:25:55,081:MySQL_Database.py#L199:INFO]: Waiting for MySQL to become available...
[2026-04-05 12:25:55,113:MySQL_Database.py#L217:INFO]: MySQL is back up! (Took 0.03s)
[2026-04-05 12:25:55,113:MySQL_Database.py#L32:INFO]: Closed old MySQL connection.
[2026-04-05 12:25:55,170:MySQL_Database.py#L267:INFO]: Executing transpiled workload olap_workloads/ssb_223.wg (2 queries)...
[2026-04-05 12:25:55,557:MySQL_Database.py#L294:INFO]: Workload olap_workloads/ssb_223.wg executed successfully.
[2026-04-05 12:25:55,557:run_diverse_configs.py#L206:INFO]: Performance for config 10: 0.19347760250093415
[2026-04-05 12:25:55,558:run_diverse_configs.py#L129:INFO]: Running 10 configs for ssb_65
[2026-04-05 12:25:55,558:run_diverse_configs.py#L137:INFO]: Running config 1/10 for ssb_65
[2026-04-05 12:25:55,558:MySQL_Database.py#L242:INFO]: Transpiling workload from PostgreSQL to MySQL syntax...
[2026-04-05 12:25:55,827:MySQL_Database.py#L79:INFO]: MySQL knobs persisted to mysqld-auto.cnf. Restarting to apply...
[2026-04-05 12:25:55,827:MySQL_Database.py#L189:INFO]: Restarting MySQL service...
[2026-04-05 12:26:02,569:MySQL_Database.py#L199:INFO]: Waiting for MySQL to become available...
[2026-04-05 12:26:02,627:MySQL_Database.py#L217:INFO]: MySQL is back up! (Took 0.06s)
[2026-04-05 12:26:02,628:MySQL_Database.py#L32:INFO]: Closed old MySQL connection.
[2026-04-05 12:26:02,741:MySQL_Database.py#L267:INFO]: Executing transpiled workload olap_workloads/ssb_65.wg (2 queries)...
[2026-04-05 12:26:22,050:MySQL_Database.py#L294:INFO]: Workload olap_workloads/ssb_65.wg executed successfully.
[2026-04-05 12:26:22,050:run_diverse_configs.py#L206:INFO]: Performance for config 1: 9.654550997496699
[2026-04-05 12:26:22,051:run_diverse_configs.py#L137:INFO]: Running config 2/10 for ssb_65
[2026-04-05 12:26:22,051:MySQL_Database.py#L242:INFO]: Transpiling workload from PostgreSQL to MySQL syntax...
[2026-04-05 12:26:22,329:MySQL_Database.py#L79:INFO]: MySQL knobs persisted to mysqld-auto.cnf. Restarting to apply...
[2026-04-05 12:26:22,329:MySQL_Database.py#L189:INFO]: Restarting MySQL service...
[2026-04-05 12:26:28,717:MySQL_Database.py#L199:INFO]: Waiting for MySQL to become available...
[2026-04-05 12:26:28,747:MySQL_Database.py#L217:INFO]: MySQL is back up! (Took 0.03s)
[2026-04-05 12:26:28,748:MySQL_Database.py#L32:INFO]: Closed old MySQL connection.
[2026-04-05 12:26:28,804:MySQL_Database.py#L267:INFO]: Executing transpiled workload olap_workloads/ssb_65.wg (2 queries)...
[2026-04-05 12:26:45,398:MySQL_Database.py#L294:INFO]: Workload olap_workloads/ssb_65.wg executed successfully.
[2026-04-05 12:26:45,398:run_diverse_configs.py#L206:INFO]: Performance for config 2: 8.297123548501986
[2026-04-05 12:26:45,398:run_diverse_configs.py#L137:INFO]: Running config 3/10 for ssb_65
[2026-04-05 12:26:45,399:MySQL_Database.py#L242:INFO]: Transpiling workload from PostgreSQL to MySQL syntax...
[2026-04-05 12:26:45,689:MySQL_Database.py#L79:INFO]: MySQL knobs persisted to mysqld-auto.cnf. Restarting to apply...
[2026-04-05 12:26:45,689:MySQL_Database.py#L189:INFO]: Restarting MySQL service...
[2026-04-05 12:26:51,575:MySQL_Database.py#L199:INFO]: Waiting for MySQL to become available...
[2026-04-05 12:26:51,605:MySQL_Database.py#L217:INFO]: MySQL is back up! (Took 0.03s)
[2026-04-05 12:26:51,605:MySQL_Database.py#L32:INFO]: Closed old MySQL connection.
[2026-04-05 12:26:51,661:MySQL_Database.py#L267:INFO]: Executing transpiled workload olap_workloads/ssb_65.wg (2 queries)...
[2026-04-05 12:27:08,636:MySQL_Database.py#L294:INFO]: Workload olap_workloads/ssb_65.wg executed successfully.
[2026-04-05 12:27:08,636:run_diverse_configs.py#L206:INFO]: Performance for config 3: 8.487464965495747
[2026-04-05 12:27:08,637:run_diverse_configs.py#L137:INFO]: Running config 4/10 for ssb_65
[2026-04-05 12:27:08,637:MySQL_Database.py#L242:INFO]: Transpiling workload from PostgreSQL to MySQL syntax...
[2026-04-05 12:27:08,875:MySQL_Database.py#L79:INFO]: MySQL knobs persisted to mysqld-auto.cnf. Restarting to apply...
[2026-04-05 12:27:08,875:MySQL_Database.py#L189:INFO]: Restarting MySQL service...
[2026-04-05 12:27:14,561:MySQL_Database.py#L199:INFO]: Waiting for MySQL to become available...
[2026-04-05 12:27:14,591:MySQL_Database.py#L217:INFO]: MySQL is back up! (Took 0.03s)
[2026-04-05 12:27:14,591:MySQL_Database.py#L32:INFO]: Closed old MySQL connection.
[2026-04-05 12:27:14,648:MySQL_Database.py#L267:INFO]: Executing transpiled workload olap_workloads/ssb_65.wg (2 queries)...
[2026-04-05 12:27:31,523:MySQL_Database.py#L294:INFO]: Workload olap_workloads/ssb_65.wg executed successfully.
[2026-04-05 12:27:31,523:run_diverse_configs.py#L206:INFO]: Performance for config 4: 8.437634332498419
[2026-04-05 12:27:31,524:run_diverse_configs.py#L137:INFO]: Running config 5/10 for ssb_65
[2026-04-05 12:27:31,524:MySQL_Database.py#L242:INFO]: Transpiling workload from PostgreSQL to MySQL syntax...
[2026-04-05 12:27:31,816:MySQL_Database.py#L79:INFO]: MySQL knobs persisted to mysqld-auto.cnf. Restarting to apply...
[2026-04-05 12:27:31,816:MySQL_Database.py#L189:INFO]: Restarting MySQL service...
[2026-04-05 12:27:37,553:MySQL_Database.py#L199:INFO]: Waiting for MySQL to become available...
[2026-04-05 12:27:37,603:MySQL_Database.py#L217:INFO]: MySQL is back up! (Took 0.05s)
[2026-04-05 12:27:37,604:MySQL_Database.py#L32:INFO]: Closed old MySQL connection.
[2026-04-05 12:27:37,709:MySQL_Database.py#L267:INFO]: Executing transpiled workload olap_workloads/ssb_65.wg (2 queries)...
[2026-04-05 12:27:54,631:MySQL_Database.py#L294:INFO]: Workload olap_workloads/ssb_65.wg executed successfully.
[2026-04-05 12:27:54,631:run_diverse_configs.py#L206:INFO]: Performance for config 5: 8.460365131002618
[2026-04-05 12:27:54,631:run_diverse_configs.py#L137:INFO]: Running config 6/10 for ssb_65
[2026-04-05 12:27:54,631:MySQL_Database.py#L242:INFO]: Transpiling workload from PostgreSQL to MySQL syntax...
[2026-04-05 12:27:54,915:MySQL_Database.py#L79:INFO]: MySQL knobs persisted to mysqld-auto.cnf. Restarting to apply...
[2026-04-05 12:27:54,916:MySQL_Database.py#L189:INFO]: Restarting MySQL service...
[2026-04-05 12:28:00,802:MySQL_Database.py#L199:INFO]: Waiting for MySQL to become available...
[2026-04-05 12:28:00,861:MySQL_Database.py#L217:INFO]: MySQL is back up! (Took 0.06s)
[2026-04-05 12:28:00,862:MySQL_Database.py#L32:INFO]: Closed old MySQL connection.
[2026-04-05 12:28:00,973:MySQL_Database.py#L267:INFO]: Executing transpiled workload olap_workloads/ssb_65.wg (2 queries)...
[2026-04-05 12:28:17,406:MySQL_Database.py#L294:INFO]: Workload olap_workloads/ssb_65.wg executed successfully.
[2026-04-05 12:28:17,406:run_diverse_configs.py#L206:INFO]: Performance for config 6: 8.216039674007334
[2026-04-05 12:28:17,406:run_diverse_configs.py#L137:INFO]: Running config 7/10 for ssb_65
[2026-04-05 12:28:17,407:MySQL_Database.py#L242:INFO]: Transpiling workload from PostgreSQL to MySQL syntax...
[2026-04-05 12:28:17,692:MySQL_Database.py#L79:INFO]: MySQL knobs persisted to mysqld-auto.cnf. Restarting to apply...
[2026-04-05 12:28:17,693:MySQL_Database.py#L189:INFO]: Restarting MySQL service...
[2026-04-05 12:28:24,130:MySQL_Database.py#L199:INFO]: Waiting for MySQL to become available...
[2026-04-05 12:28:24,160:MySQL_Database.py#L217:INFO]: MySQL is back up! (Took 0.03s)
[2026-04-05 12:28:24,160:MySQL_Database.py#L32:INFO]: Closed old MySQL connection.
[2026-04-05 12:28:24,216:MySQL_Database.py#L267:INFO]: Executing transpiled workload olap_workloads/ssb_65.wg (2 queries)...
[2026-04-05 12:28:41,024:MySQL_Database.py#L294:INFO]: Workload olap_workloads/ssb_65.wg executed successfully.
[2026-04-05 12:28:41,024:run_diverse_configs.py#L206:INFO]: Performance for config 7: 8.403624908998609
[2026-04-05 12:28:41,024:run_diverse_configs.py#L137:INFO]: Running config 8/10 for ssb_65
[2026-04-05 12:28:41,024:MySQL_Database.py#L242:INFO]: Transpiling workload from PostgreSQL to MySQL syntax...
[2026-04-05 12:28:41,337:MySQL_Database.py#L79:INFO]: MySQL knobs persisted to mysqld-auto.cnf. Restarting to apply...
[2026-04-05 12:28:41,337:MySQL_Database.py#L189:INFO]: Restarting MySQL service...
[2026-04-05 12:28:47,073:MySQL_Database.py#L199:INFO]: Waiting for MySQL to become available...
[2026-04-05 12:28:47,108:MySQL_Database.py#L217:INFO]: MySQL is back up! (Took 0.03s)
[2026-04-05 12:28:47,108:MySQL_Database.py#L32:INFO]: Closed old MySQL connection.
[2026-04-05 12:28:47,168:MySQL_Database.py#L267:INFO]: Executing transpiled workload olap_workloads/ssb_65.wg (2 queries)...
[2026-04-05 12:29:03,853:MySQL_Database.py#L294:INFO]: Workload olap_workloads/ssb_65.wg executed successfully.
[2026-04-05 12:29:03,853:run_diverse_configs.py#L206:INFO]: Performance for config 8: 8.342094607491163
[2026-04-05 12:29:03,853:run_diverse_configs.py#L137:INFO]: Running config 9/10 for ssb_65
[2026-04-05 12:29:03,853:MySQL_Database.py#L242:INFO]: Transpiling workload from PostgreSQL to MySQL syntax...
[2026-04-05 12:29:03,944:MySQL_Database.py#L79:INFO]: MySQL knobs persisted to mysqld-auto.cnf. Restarting to apply...
[2026-04-05 12:29:03,945:MySQL_Database.py#L189:INFO]: Restarting MySQL service...
[2026-04-05 12:29:08,978:MySQL_Database.py#L199:INFO]: Waiting for MySQL to become available...
[2026-04-05 12:29:09,009:MySQL_Database.py#L217:INFO]: MySQL is back up! (Took 0.03s)
[2026-04-05 12:29:09,009:MySQL_Database.py#L32:INFO]: Closed old MySQL connection.
[2026-04-05 12:29:09,065:MySQL_Database.py#L267:INFO]: Executing transpiled workload olap_workloads/ssb_65.wg (2 queries)...
[2026-04-05 12:29:27,437:MySQL_Database.py#L294:INFO]: Workload olap_workloads/ssb_65.wg executed successfully.
[2026-04-05 12:29:27,437:run_diverse_configs.py#L206:INFO]: Performance for config 9: 9.185949196500587
[2026-04-05 12:29:27,438:run_diverse_configs.py#L137:INFO]: Running config 10/10 for ssb_65
[2026-04-05 12:29:27,438:MySQL_Database.py#L242:INFO]: Transpiling workload from PostgreSQL to MySQL syntax...
[2026-04-05 12:29:27,522:MySQL_Database.py#L79:INFO]: MySQL knobs persisted to mysqld-auto.cnf. Restarting to apply...
[2026-04-05 12:29:27,522:MySQL_Database.py#L189:INFO]: Restarting MySQL service...
[2026-04-05 12:29:31,551:MySQL_Database.py#L199:INFO]: Waiting for MySQL to become available...
[2026-04-05 12:29:31,594:MySQL_Database.py#L217:INFO]: MySQL is back up! (Took 0.04s)
[2026-04-05 12:29:31,594:MySQL_Database.py#L32:INFO]: Closed old MySQL connection.
[2026-04-05 12:29:31,650:MySQL_Database.py#L267:INFO]: Executing transpiled workload olap_workloads/ssb_65.wg (2 queries)...
[2026-04-05 12:31:07,320:MySQL_Database.py#L294:INFO]: Workload olap_workloads/ssb_65.wg executed successfully.
[2026-04-05 12:31:07,320:run_diverse_configs.py#L206:INFO]: Performance for config 10: 47.83501106250333
[2026-04-05 12:31:07,321:run_diverse_configs.py#L129:INFO]: Running 10 configs for ssb_190
[2026-04-05 12:31:07,321:run_diverse_configs.py#L137:INFO]: Running config 1/10 for ssb_190
[2026-04-05 12:31:07,321:MySQL_Database.py#L242:INFO]: Transpiling workload from PostgreSQL to MySQL syntax...
[2026-04-05 12:31:07,403:MySQL_Database.py#L79:INFO]: MySQL knobs persisted to mysqld-auto.cnf. Restarting to apply...
[2026-04-05 12:31:07,403:MySQL_Database.py#L189:INFO]: Restarting MySQL service...
[2026-04-05 12:31:12,538:MySQL_Database.py#L199:INFO]: Waiting for MySQL to become available...
[2026-04-05 12:31:12,569:MySQL_Database.py#L217:INFO]: MySQL is back up! (Took 0.03s)
[2026-04-05 12:31:12,569:MySQL_Database.py#L32:INFO]: Closed old MySQL connection.
[2026-04-05 12:31:12,624:MySQL_Database.py#L267:INFO]: Executing transpiled workload olap_workloads/ssb_190.wg (2 queries)...
[2026-04-05 12:31:24,274:MySQL_Database.py#L294:INFO]: Workload olap_workloads/ssb_190.wg executed successfully.
[2026-04-05 12:31:24,274:run_diverse_configs.py#L206:INFO]: Performance for config 1: 5.824593301003915
[2026-04-05 12:31:24,274:run_diverse_configs.py#L137:INFO]: Running config 2/10 for ssb_190
[2026-04-05 12:31:24,274:MySQL_Database.py#L242:INFO]: Transpiling workload from PostgreSQL to MySQL syntax...
[2026-04-05 12:31:24,350:MySQL_Database.py#L79:INFO]: MySQL knobs persisted to mysqld-auto.cnf. Restarting to apply...
[2026-04-05 12:31:24,350:MySQL_Database.py#L189:INFO]: Restarting MySQL service...
[2026-04-05 12:31:29,985:MySQL_Database.py#L199:INFO]: Waiting for MySQL to become available...
[2026-04-05 12:31:30,016:MySQL_Database.py#L217:INFO]: MySQL is back up! (Took 0.03s)
[2026-04-05 12:31:30,016:MySQL_Database.py#L32:INFO]: Closed old MySQL connection.
[2026-04-05 12:31:30,073:MySQL_Database.py#L267:INFO]: Executing transpiled workload olap_workloads/ssb_190.wg (2 queries)...
[2026-04-05 12:31:41,373:MySQL_Database.py#L294:INFO]: Workload olap_workloads/ssb_190.wg executed successfully.
[2026-04-05 12:31:41,373:run_diverse_configs.py#L206:INFO]: Performance for config 2: 5.649926912999945
[2026-04-05 12:31:41,373:run_diverse_configs.py#L137:INFO]: Running config 3/10 for ssb_190
[2026-04-05 12:31:41,374:MySQL_Database.py#L242:INFO]: Transpiling workload from PostgreSQL to MySQL syntax...
[2026-04-05 12:31:41,456:MySQL_Database.py#L79:INFO]: MySQL knobs persisted to mysqld-auto.cnf. Restarting to apply...
[2026-04-05 12:31:41,456:MySQL_Database.py#L189:INFO]: Restarting MySQL service...
[2026-04-05 12:31:46,389:MySQL_Database.py#L199:INFO]: Waiting for MySQL to become available...
[2026-04-05 12:31:46,419:MySQL_Database.py#L217:INFO]: MySQL is back up! (Took 0.03s)
[2026-04-05 12:31:46,420:MySQL_Database.py#L32:INFO]: Closed old MySQL connection.
[2026-04-05 12:31:46,475:MySQL_Database.py#L267:INFO]: Executing transpiled workload olap_workloads/ssb_190.wg (2 queries)...
[2026-04-05 12:31:58,005:MySQL_Database.py#L294:INFO]: Workload olap_workloads/ssb_190.wg executed successfully.
[2026-04-05 12:31:58,005:run_diverse_configs.py#L206:INFO]: Performance for config 3: 5.76496926699474
[2026-04-05 12:31:58,005:run_diverse_configs.py#L137:INFO]: Running config 4/10 for ssb_190
[2026-04-05 12:31:58,006:MySQL_Database.py#L242:INFO]: Transpiling workload from PostgreSQL to MySQL syntax...
[2026-04-05 12:31:58,090:MySQL_Database.py#L79:INFO]: MySQL knobs persisted to mysqld-auto.cnf. Restarting to apply...
[2026-04-05 12:31:58,090:MySQL_Database.py#L189:INFO]: Restarting MySQL service...
[2026-04-05 12:32:02,322:MySQL_Database.py#L199:INFO]: Waiting for MySQL to become available...
[2026-04-05 12:32:02,352:MySQL_Database.py#L217:INFO]: MySQL is back up! (Took 0.03s)
[2026-04-05 12:32:02,352:MySQL_Database.py#L32:INFO]: Closed old MySQL connection.
[2026-04-05 12:32:02,408:MySQL_Database.py#L267:INFO]: Executing transpiled workload olap_workloads/ssb_190.wg (2 queries)...
[2026-04-05 12:32:15,213:MySQL_Database.py#L294:INFO]: Workload olap_workloads/ssb_190.wg executed successfully.
[2026-04-05 12:32:15,213:run_diverse_configs.py#L206:INFO]: Performance for config 4: 6.40224060449691
[2026-04-05 12:32:15,213:run_diverse_configs.py#L137:INFO]: Running config 5/10 for ssb_190
[2026-04-05 12:32:15,214:MySQL_Database.py#L242:INFO]: Transpiling workload from PostgreSQL to MySQL syntax...
[2026-04-05 12:32:15,297:MySQL_Database.py#L79:INFO]: MySQL knobs persisted to mysqld-auto.cnf. Restarting to apply...
[2026-04-05 12:32:15,297:MySQL_Database.py#L189:INFO]: Restarting MySQL service...
[2026-04-05 12:32:20,680:MySQL_Database.py#L199:INFO]: Waiting for MySQL to become available...
[2026-04-05 12:32:20,712:MySQL_Database.py#L217:INFO]: MySQL is back up! (Took 0.03s)
[2026-04-05 12:32:20,712:MySQL_Database.py#L32:INFO]: Closed old MySQL connection.
[2026-04-05 12:32:20,798:MySQL_Database.py#L267:INFO]: Executing transpiled workload olap_workloads/ssb_190.wg (2 queries)...
[2026-04-05 12:32:32,084:MySQL_Database.py#L294:INFO]: Workload olap_workloads/ssb_190.wg executed successfully.
[2026-04-05 12:32:32,084:run_diverse_configs.py#L206:INFO]: Performance for config 5: 5.642895773504279
[2026-04-05 12:32:32,084:run_diverse_configs.py#L137:INFO]: Running config 6/10 for ssb_190
[2026-04-05 12:32:32,085:MySQL_Database.py#L242:INFO]: Transpiling workload from PostgreSQL to MySQL syntax...
[2026-04-05 12:32:32,165:MySQL_Database.py#L79:INFO]: MySQL knobs persisted to mysqld-auto.cnf. Restarting to apply...
[2026-04-05 12:32:32,165:MySQL_Database.py#L189:INFO]: Restarting MySQL service...
[2026-04-05 12:32:36,998:MySQL_Database.py#L199:INFO]: Waiting for MySQL to become available...
[2026-04-05 12:32:37,029:MySQL_Database.py#L217:INFO]: MySQL is back up! (Took 0.03s)
[2026-04-05 12:32:37,029:MySQL_Database.py#L32:INFO]: Closed old MySQL connection.
[2026-04-05 12:32:37,085:MySQL_Database.py#L267:INFO]: Executing transpiled workload olap_workloads/ssb_190.wg (2 queries)...
[2026-04-05 12:32:49,049:MySQL_Database.py#L294:INFO]: Workload olap_workloads/ssb_190.wg executed successfully.
[2026-04-05 12:32:49,049:run_diverse_configs.py#L206:INFO]: Performance for config 6: 5.98165536999295
[2026-04-05 12:32:49,049:run_diverse_configs.py#L137:INFO]: Running config 7/10 for ssb_190
[2026-04-05 12:32:49,049:MySQL_Database.py#L242:INFO]: Transpiling workload from PostgreSQL to MySQL syntax...
[2026-04-05 12:32:49,129:MySQL_Database.py#L79:INFO]: MySQL knobs persisted to mysqld-auto.cnf. Restarting to apply...
[2026-04-05 12:32:49,129:MySQL_Database.py#L189:INFO]: Restarting MySQL service...
[2026-04-05 12:32:54,015:MySQL_Database.py#L199:INFO]: Waiting for MySQL to become available...
[2026-04-05 12:32:54,045:MySQL_Database.py#L217:INFO]: MySQL is back up! (Took 0.03s)
[2026-04-05 12:32:54,046:MySQL_Database.py#L32:INFO]: Closed old MySQL connection.
[2026-04-05 12:32:54,102:MySQL_Database.py#L267:INFO]: Executing transpiled workload olap_workloads/ssb_190.wg (2 queries)...
[2026-04-05 12:33:06,013:MySQL_Database.py#L294:INFO]: Workload olap_workloads/ssb_190.wg executed successfully.
[2026-04-05 12:33:06,013:run_diverse_configs.py#L206:INFO]: Performance for config 7: 5.955607544994564
[2026-04-05 12:33:06,014:run_diverse_configs.py#L137:INFO]: Running config 8/10 for ssb_190
[2026-04-05 12:33:06,014:MySQL_Database.py#L242:INFO]: Transpiling workload from PostgreSQL to MySQL syntax...
[2026-04-05 12:33:06,098:MySQL_Database.py#L79:INFO]: MySQL knobs persisted to mysqld-auto.cnf. Restarting to apply...
[2026-04-05 12:33:06,099:MySQL_Database.py#L189:INFO]: Restarting MySQL service...
[2026-04-05 12:33:11,232:MySQL_Database.py#L199:INFO]: Waiting for MySQL to become available...
[2026-04-05 12:33:11,265:MySQL_Database.py#L217:INFO]: MySQL is back up! (Took 0.03s)
[2026-04-05 12:33:11,265:MySQL_Database.py#L32:INFO]: Closed old MySQL connection.
[2026-04-05 12:33:11,323:MySQL_Database.py#L267:INFO]: Executing transpiled workload olap_workloads/ssb_190.wg (2 queries)...
[2026-04-05 12:33:22,819:MySQL_Database.py#L294:INFO]: Workload olap_workloads/ssb_190.wg executed successfully.
[2026-04-05 12:33:22,819:run_diverse_configs.py#L206:INFO]: Performance for config 8: 5.748145026504062
[2026-04-05 12:33:22,820:run_diverse_configs.py#L137:INFO]: Running config 9/10 for ssb_190
[2026-04-05 12:33:22,820:MySQL_Database.py#L242:INFO]: Transpiling workload from PostgreSQL to MySQL syntax...
[2026-04-05 12:33:22,919:MySQL_Database.py#L79:INFO]: MySQL knobs persisted to mysqld-auto.cnf. Restarting to apply...
[2026-04-05 12:33:22,919:MySQL_Database.py#L189:INFO]: Restarting MySQL service...
[2026-04-05 12:33:27,400:MySQL_Database.py#L199:INFO]: Waiting for MySQL to become available...
[2026-04-05 12:33:27,431:MySQL_Database.py#L217:INFO]: MySQL is back up! (Took 0.03s)
[2026-04-05 12:33:27,432:MySQL_Database.py#L32:INFO]: Closed old MySQL connection.
[2026-04-05 12:33:27,487:MySQL_Database.py#L267:INFO]: Executing transpiled workload olap_workloads/ssb_190.wg (2 queries)...
[2026-04-05 12:33:37,977:MySQL_Database.py#L294:INFO]: Workload olap_workloads/ssb_190.wg executed successfully.
[2026-04-05 12:33:37,977:run_diverse_configs.py#L206:INFO]: Performance for config 9: 5.244712505998905
[2026-04-05 12:33:37,977:run_diverse_configs.py#L137:INFO]: Running config 10/10 for ssb_190
[2026-04-05 12:33:37,977:MySQL_Database.py#L242:INFO]: Transpiling workload from PostgreSQL to MySQL syntax...
[2026-04-05 12:33:38,066:MySQL_Database.py#L79:INFO]: MySQL knobs persisted to mysqld-auto.cnf. Restarting to apply...
[2026-04-05 12:33:38,066:MySQL_Database.py#L189:INFO]: Restarting MySQL service...
[2026-04-05 12:33:42,045:MySQL_Database.py#L199:INFO]: Waiting for MySQL to become available...
[2026-04-05 12:33:42,076:MySQL_Database.py#L217:INFO]: MySQL is back up! (Took 0.03s)
[2026-04-05 12:33:42,077:MySQL_Database.py#L32:INFO]: Closed old MySQL connection.
[2026-04-05 12:33:42,133:MySQL_Database.py#L267:INFO]: Executing transpiled workload olap_workloads/ssb_190.wg (2 queries)...
[2026-04-05 12:34:44,586:MySQL_Database.py#L294:INFO]: Workload olap_workloads/ssb_190.wg executed successfully.
[2026-04-05 12:34:44,587:run_diverse_configs.py#L206:INFO]: Performance for config 10: 31.226777704505366
[2026-04-05 12:34:44,587:run_diverse_configs.py#L129:INFO]: Running 10 configs for ssb_155
[2026-04-05 12:34:44,587:run_diverse_configs.py#L137:INFO]: Running config 1/10 for ssb_155
[2026-04-05 12:34:44,587:MySQL_Database.py#L242:INFO]: Transpiling workload from PostgreSQL to MySQL syntax...
[2026-04-05 12:34:44,676:MySQL_Database.py#L79:INFO]: MySQL knobs persisted to mysqld-auto.cnf. Restarting to apply...
[2026-04-05 12:34:44,676:MySQL_Database.py#L189:INFO]: Restarting MySQL service...
[2026-04-05 12:34:48,708:MySQL_Database.py#L199:INFO]: Waiting for MySQL to become available...
[2026-04-05 12:34:48,738:MySQL_Database.py#L217:INFO]: MySQL is back up! (Took 0.03s)
[2026-04-05 12:34:48,739:MySQL_Database.py#L32:INFO]: Closed old MySQL connection.
[2026-04-05 12:34:48,794:MySQL_Database.py#L267:INFO]: Executing transpiled workload olap_workloads/ssb_155.wg (2 queries)...
[2026-04-05 12:35:06,298:MySQL_Database.py#L294:INFO]: Workload olap_workloads/ssb_155.wg executed successfully.
[2026-04-05 12:35:06,299:run_diverse_configs.py#L206:INFO]: Performance for config 1: 8.752312279510079
[2026-04-05 12:35:06,302:run_diverse_configs.py#L137:INFO]: Running config 2/10 for ssb_155
[2026-04-05 12:35:06,303:MySQL_Database.py#L242:INFO]: Transpiling workload from PostgreSQL to MySQL syntax...
[2026-04-05 12:35:06,387:MySQL_Database.py#L79:INFO]: MySQL knobs persisted to mysqld-auto.cnf. Restarting to apply...
[2026-04-05 12:35:06,388:MySQL_Database.py#L189:INFO]: Restarting MySQL service...
[2026-04-05 12:35:10,669:MySQL_Database.py#L199:INFO]: Waiting for MySQL to become available...
[2026-04-05 12:35:10,699:MySQL_Database.py#L217:INFO]: MySQL is back up! (Took 0.03s)
[2026-04-05 12:35:10,700:MySQL_Database.py#L32:INFO]: Closed old MySQL connection.
[2026-04-05 12:35:10,755:MySQL_Database.py#L267:INFO]: Executing transpiled workload olap_workloads/ssb_155.wg (2 queries)...
[2026-04-05 12:35:22,456:MySQL_Database.py#L294:INFO]: Workload olap_workloads/ssb_155.wg executed successfully.
[2026-04-05 12:35:22,456:run_diverse_configs.py#L206:INFO]: Performance for config 2: 5.850357796502067
[2026-04-05 12:35:22,456:run_diverse_configs.py#L137:INFO]: Running config 3/10 for ssb_155
[2026-04-05 12:35:22,457:MySQL_Database.py#L242:INFO]: Transpiling workload from PostgreSQL to MySQL syntax...
[2026-04-05 12:35:22,537:MySQL_Database.py#L79:INFO]: MySQL knobs persisted to mysqld-auto.cnf. Restarting to apply...
[2026-04-05 12:35:22,537:MySQL_Database.py#L189:INFO]: Restarting MySQL service...
[2026-04-05 12:35:27,519:MySQL_Database.py#L199:INFO]: Waiting for MySQL to become available...
[2026-04-05 12:35:27,551:MySQL_Database.py#L217:INFO]: MySQL is back up! (Took 0.03s)
[2026-04-05 12:35:27,551:MySQL_Database.py#L32:INFO]: Closed old MySQL connection.
[2026-04-05 12:35:27,607:MySQL_Database.py#L267:INFO]: Executing transpiled workload olap_workloads/ssb_155.wg (2 queries)...
[2026-04-05 12:35:40,668:MySQL_Database.py#L294:INFO]: Workload olap_workloads/ssb_155.wg executed successfully.
[2026-04-05 12:35:40,669:run_diverse_configs.py#L206:INFO]: Performance for config 3: 6.530730156504433
[2026-04-05 12:35:40,674:run_diverse_configs.py#L137:INFO]: Running config 4/10 for ssb_155
[2026-04-05 12:35:40,674:MySQL_Database.py#L242:INFO]: Transpiling workload from PostgreSQL to MySQL syntax...
[2026-04-05 12:35:40,763:MySQL_Database.py#L79:INFO]: MySQL knobs persisted to mysqld-auto.cnf. Restarting to apply...
[2026-04-05 12:35:40,763:MySQL_Database.py#L189:INFO]: Restarting MySQL service...
[2026-04-05 12:35:45,197:MySQL_Database.py#L199:INFO]: Waiting for MySQL to become available...
[2026-04-05 12:35:45,227:MySQL_Database.py#L217:INFO]: MySQL is back up! (Took 0.03s)
[2026-04-05 12:35:45,227:MySQL_Database.py#L32:INFO]: Closed old MySQL connection.
[2026-04-05 12:35:45,283:MySQL_Database.py#L267:INFO]: Executing transpiled workload olap_workloads/ssb_155.wg (2 queries)...
[2026-04-05 12:35:58,013:MySQL_Database.py#L294:INFO]: Workload olap_workloads/ssb_155.wg executed successfully.
[2026-04-05 12:35:58,014:run_diverse_configs.py#L206:INFO]: Performance for config 4: 6.36534948249755
[2026-04-05 12:35:58,014:run_diverse_configs.py#L137:INFO]: Running config 5/10 for ssb_155
[2026-04-05 12:35:58,014:MySQL_Database.py#L242:INFO]: Transpiling workload from PostgreSQL to MySQL syntax...
[2026-04-05 12:35:58,097:MySQL_Database.py#L79:INFO]: MySQL knobs persisted to mysqld-auto.cnf. Restarting to apply...
[2026-04-05 12:35:58,097:MySQL_Database.py#L189:INFO]: Restarting MySQL service...
[2026-04-05 12:36:03,483:MySQL_Database.py#L199:INFO]: Waiting for MySQL to become available...
[2026-04-05 12:36:03,513:MySQL_Database.py#L217:INFO]: MySQL is back up! (Took 0.03s)
[2026-04-05 12:36:03,514:MySQL_Database.py#L32:INFO]: Closed old MySQL connection.
[2026-04-05 12:36:03,570:MySQL_Database.py#L267:INFO]: Executing transpiled workload olap_workloads/ssb_155.wg (2 queries)...
[2026-04-05 12:36:14,875:MySQL_Database.py#L294:INFO]: Workload olap_workloads/ssb_155.wg executed successfully.
[2026-04-05 12:36:14,875:run_diverse_configs.py#L206:INFO]: Performance for config 5: 5.652417885503382
[2026-04-05 12:36:14,875:run_diverse_configs.py#L137:INFO]: Running config 6/10 for ssb_155
[2026-04-05 12:36:14,876:MySQL_Database.py#L242:INFO]: Transpiling workload from PostgreSQL to MySQL syntax...
[2026-04-05 12:36:14,963:MySQL_Database.py#L79:INFO]: MySQL knobs persisted to mysqld-auto.cnf. Restarting to apply...
[2026-04-05 12:36:14,964:MySQL_Database.py#L189:INFO]: Restarting MySQL service...
[2026-04-05 12:36:19,444:MySQL_Database.py#L199:INFO]: Waiting for MySQL to become available...
[2026-04-05 12:36:19,475:MySQL_Database.py#L217:INFO]: MySQL is back up! (Took 0.03s)
[2026-04-05 12:36:19,475:MySQL_Database.py#L32:INFO]: Closed old MySQL connection.
[2026-04-05 12:36:19,531:MySQL_Database.py#L267:INFO]: Executing transpiled workload olap_workloads/ssb_155.wg (2 queries)...
[2026-04-05 12:36:36,931:MySQL_Database.py#L294:INFO]: Workload olap_workloads/ssb_155.wg executed successfully.
[2026-04-05 12:36:36,931:run_diverse_configs.py#L206:INFO]: Performance for config 6: 8.700126617506612
[2026-04-05 12:36:36,932:run_diverse_configs.py#L137:INFO]: Running config 7/10 for ssb_155
[2026-04-05 12:36:36,932:MySQL_Database.py#L242:INFO]: Transpiling workload from PostgreSQL to MySQL syntax...
[2026-04-05 12:36:37,012:MySQL_Database.py#L79:INFO]: MySQL knobs persisted to mysqld-auto.cnf. Restarting to apply...
[2026-04-05 12:36:37,012:MySQL_Database.py#L189:INFO]: Restarting MySQL service...
[2026-04-05 12:36:41,043:MySQL_Database.py#L199:INFO]: Waiting for MySQL to become available...
[2026-04-05 12:36:41,074:MySQL_Database.py#L217:INFO]: MySQL is back up! (Took 0.03s)
[2026-04-05 12:36:41,075:MySQL_Database.py#L32:INFO]: Closed old MySQL connection.
[2026-04-05 12:36:41,131:MySQL_Database.py#L267:INFO]: Executing transpiled workload olap_workloads/ssb_155.wg (2 queries)...
[2026-04-05 12:36:54,308:MySQL_Database.py#L294:INFO]: Workload olap_workloads/ssb_155.wg executed successfully.
[2026-04-05 12:36:54,308:run_diverse_configs.py#L206:INFO]: Performance for config 7: 6.588584840501426
[2026-04-05 12:36:54,309:run_diverse_configs.py#L137:INFO]: Running config 8/10 for ssb_155
[2026-04-05 12:36:54,309:MySQL_Database.py#L242:INFO]: Transpiling workload from PostgreSQL to MySQL syntax...
[2026-04-05 12:36:54,394:MySQL_Database.py#L79:INFO]: MySQL knobs persisted to mysqld-auto.cnf. Restarting to apply...
[2026-04-05 12:36:54,394:MySQL_Database.py#L189:INFO]: Restarting MySQL service...
[2026-04-05 12:36:58,927:MySQL_Database.py#L199:INFO]: Waiting for MySQL to become available...
[2026-04-05 12:36:58,957:MySQL_Database.py#L217:INFO]: MySQL is back up! (Took 0.03s)
[2026-04-05 12:36:58,957:MySQL_Database.py#L32:INFO]: Closed old MySQL connection.
[2026-04-05 12:36:59,013:MySQL_Database.py#L267:INFO]: Executing transpiled workload olap_workloads/ssb_155.wg (2 queries)...
[2026-04-05 12:37:10,918:MySQL_Database.py#L294:INFO]: Workload olap_workloads/ssb_155.wg executed successfully.
[2026-04-05 12:37:10,918:run_diverse_configs.py#L206:INFO]: Performance for config 8: 5.952544480009237
[2026-04-05 12:37:10,918:run_diverse_configs.py#L137:INFO]: Running config 9/10 for ssb_155
[2026-04-05 12:37:10,918:MySQL_Database.py#L242:INFO]: Transpiling workload from PostgreSQL to MySQL syntax...
[2026-04-05 12:37:10,998:MySQL_Database.py#L79:INFO]: MySQL knobs persisted to mysqld-auto.cnf. Restarting to apply...
[2026-04-05 12:37:10,998:MySQL_Database.py#L189:INFO]: Restarting MySQL service...
[2026-04-05 12:37:15,529:MySQL_Database.py#L199:INFO]: Waiting for MySQL to become available...
[2026-04-05 12:37:15,579:MySQL_Database.py#L217:INFO]: MySQL is back up! (Took 0.05s)
[2026-04-05 12:37:15,579:MySQL_Database.py#L32:INFO]: Closed old MySQL connection.
[2026-04-05 12:37:15,636:MySQL_Database.py#L267:INFO]: Executing transpiled workload olap_workloads/ssb_155.wg (2 queries)...
[2026-04-05 12:37:44,729:MySQL_Database.py#L294:INFO]: Workload olap_workloads/ssb_155.wg executed successfully.
[2026-04-05 12:37:44,730:run_diverse_configs.py#L206:INFO]: Performance for config 9: 14.546844189506373
[2026-04-05 12:37:44,730:run_diverse_configs.py#L137:INFO]: Running config 10/10 for ssb_155
[2026-04-05 12:37:44,730:MySQL_Database.py#L242:INFO]: Transpiling workload from PostgreSQL to MySQL syntax...
[2026-04-05 12:37:44,811:MySQL_Database.py#L79:INFO]: MySQL knobs persisted to mysqld-auto.cnf. Restarting to apply...
[2026-04-05 12:37:44,811:MySQL_Database.py#L189:INFO]: Restarting MySQL service...
[2026-04-05 12:37:49,793:MySQL_Database.py#L199:INFO]: Waiting for MySQL to become available...
[2026-04-05 12:37:49,825:MySQL_Database.py#L217:INFO]: MySQL is back up! (Took 0.03s)
[2026-04-05 12:37:49,825:MySQL_Database.py#L32:INFO]: Closed old MySQL connection.
[2026-04-05 12:37:49,881:MySQL_Database.py#L267:INFO]: Executing transpiled workload olap_workloads/ssb_155.wg (2 queries)...
[2026-04-05 12:38:08,411:MySQL_Database.py#L294:INFO]: Workload olap_workloads/ssb_155.wg executed successfully.
[2026-04-05 12:38:08,411:run_diverse_configs.py#L206:INFO]: Performance for config 10: 9.265028491005069
[2026-04-05 12:38:08,411:run_diverse_configs.py#L129:INFO]: Running 10 configs for ssb_11
[2026-04-05 12:38:08,411:run_diverse_configs.py#L137:INFO]: Running config 1/10 for ssb_11
[2026-04-05 12:38:08,412:MySQL_Database.py#L242:INFO]: Transpiling workload from PostgreSQL to MySQL syntax...
[2026-04-05 12:38:08,493:MySQL_Database.py#L79:INFO]: MySQL knobs persisted to mysqld-auto.cnf. Restarting to apply...
[2026-04-05 12:38:08,493:MySQL_Database.py#L189:INFO]: Restarting MySQL service...
[2026-04-05 12:38:12,727:MySQL_Database.py#L199:INFO]: Waiting for MySQL to become available...
[2026-04-05 12:38:12,756:MySQL_Database.py#L217:INFO]: MySQL is back up! (Took 0.03s)
[2026-04-05 12:38:12,757:MySQL_Database.py#L32:INFO]: Closed old MySQL connection.
[2026-04-05 12:38:12,812:MySQL_Database.py#L267:INFO]: Executing transpiled workload olap_workloads/ssb_11.wg (2 queries)...
[2026-04-05 12:38:17,178:MySQL_Database.py#L294:INFO]: Workload olap_workloads/ssb_11.wg executed successfully.
[2026-04-05 12:38:17,179:run_diverse_configs.py#L206:INFO]: Performance for config 1: 2.182857926993165
[2026-04-05 12:38:17,179:run_diverse_configs.py#L137:INFO]: Running config 2/10 for ssb_11
[2026-04-05 12:38:17,179:MySQL_Database.py#L242:INFO]: Transpiling workload from PostgreSQL to MySQL syntax...
[2026-04-05 12:38:17,264:MySQL_Database.py#L79:INFO]: MySQL knobs persisted to mysqld-auto.cnf. Restarting to apply...
[2026-04-05 12:38:17,264:MySQL_Database.py#L189:INFO]: Restarting MySQL service...
[2026-04-05 12:38:21,546:MySQL_Database.py#L199:INFO]: Waiting for MySQL to become available...
[2026-04-05 12:38:21,584:MySQL_Database.py#L217:INFO]: MySQL is back up! (Took 0.04s)
[2026-04-05 12:38:21,585:MySQL_Database.py#L32:INFO]: Closed old MySQL connection.
[2026-04-05 12:38:21,640:MySQL_Database.py#L267:INFO]: Executing transpiled workload olap_workloads/ssb_11.wg (2 queries)...
[2026-04-05 12:38:25,983:MySQL_Database.py#L294:INFO]: Workload olap_workloads/ssb_11.wg executed successfully.
[2026-04-05 12:38:25,983:run_diverse_configs.py#L206:INFO]: Performance for config 2: 2.1709803489939077
[2026-04-05 12:38:25,983:run_diverse_configs.py#L137:INFO]: Running config 3/10 for ssb_11
[2026-04-05 12:38:25,983:MySQL_Database.py#L242:INFO]: Transpiling workload from PostgreSQL to MySQL syntax...
[2026-04-05 12:38:26,068:MySQL_Database.py#L79:INFO]: MySQL knobs persisted to mysqld-auto.cnf. Restarting to apply...
[2026-04-05 12:38:26,068:MySQL_Database.py#L189:INFO]: Restarting MySQL service...
[2026-04-05 12:38:30,247:MySQL_Database.py#L199:INFO]: Waiting for MySQL to become available...
[2026-04-05 12:38:30,280:MySQL_Database.py#L217:INFO]: MySQL is back up! (Took 0.03s)
[2026-04-05 12:38:30,280:MySQL_Database.py#L32:INFO]: Closed old MySQL connection.
[2026-04-05 12:38:30,336:MySQL_Database.py#L267:INFO]: Executing transpiled workload olap_workloads/ssb_11.wg (2 queries)...
[2026-04-05 12:38:34,666:MySQL_Database.py#L294:INFO]: Workload olap_workloads/ssb_11.wg executed successfully.
[2026-04-05 12:38:34,666:run_diverse_configs.py#L206:INFO]: Performance for config 3: 2.1650629854993895
[2026-04-05 12:38:34,666:run_diverse_configs.py#L137:INFO]: Running config 4/10 for ssb_11
[2026-04-05 12:38:34,667:MySQL_Database.py#L242:INFO]: Transpiling workload from PostgreSQL to MySQL syntax...
[2026-04-05 12:38:34,743:MySQL_Database.py#L79:INFO]: MySQL knobs persisted to mysqld-auto.cnf. Restarting to apply...
[2026-04-05 12:38:34,743:MySQL_Database.py#L189:INFO]: Restarting MySQL service...
[2026-04-05 12:38:38,972:MySQL_Database.py#L199:INFO]: Waiting for MySQL to become available...
[2026-04-05 12:38:39,003:MySQL_Database.py#L217:INFO]: MySQL is back up! (Took 0.03s)
[2026-04-05 12:38:39,004:MySQL_Database.py#L32:INFO]: Closed old MySQL connection.
[2026-04-05 12:38:39,059:MySQL_Database.py#L267:INFO]: Executing transpiled workload olap_workloads/ssb_11.wg (2 queries)...
[2026-04-05 12:38:43,433:MySQL_Database.py#L294:INFO]: Workload olap_workloads/ssb_11.wg executed successfully.
[2026-04-05 12:38:43,433:run_diverse_configs.py#L206:INFO]: Performance for config 4: 2.1867603014979977
[2026-04-05 12:38:43,433:run_diverse_configs.py#L137:INFO]: Running config 5/10 for ssb_11
[2026-04-05 12:38:43,433:MySQL_Database.py#L242:INFO]: Transpiling workload from PostgreSQL to MySQL syntax...
[2026-04-05 12:38:43,515:MySQL_Database.py#L79:INFO]: MySQL knobs persisted to mysqld-auto.cnf. Restarting to apply...
[2026-04-05 12:38:43,515:MySQL_Database.py#L189:INFO]: Restarting MySQL service...
[2026-04-05 12:38:47,745:MySQL_Database.py#L199:INFO]: Waiting for MySQL to become available...
[2026-04-05 12:38:47,784:MySQL_Database.py#L217:INFO]: MySQL is back up! (Took 0.04s)
[2026-04-05 12:38:47,785:MySQL_Database.py#L32:INFO]: Closed old MySQL connection.
[2026-04-05 12:38:47,841:MySQL_Database.py#L267:INFO]: Executing transpiled workload olap_workloads/ssb_11.wg (2 queries)...
[2026-04-05 12:38:52,158:MySQL_Database.py#L294:INFO]: Workload olap_workloads/ssb_11.wg executed successfully.
[2026-04-05 12:38:52,158:run_diverse_configs.py#L206:INFO]: Performance for config 5: 2.158592045001569
[2026-04-05 12:38:52,158:run_diverse_configs.py#L137:INFO]: Running config 6/10 for ssb_11
[2026-04-05 12:38:52,159:MySQL_Database.py#L242:INFO]: Transpiling workload from PostgreSQL to MySQL syntax...
[2026-04-05 12:38:52,235:MySQL_Database.py#L79:INFO]: MySQL knobs persisted to mysqld-auto.cnf. Restarting to apply...
[2026-04-05 12:38:52,235:MySQL_Database.py#L189:INFO]: Restarting MySQL service...
[2026-04-05 12:38:56,565:MySQL_Database.py#L199:INFO]: Waiting for MySQL to become available...
[2026-04-05 12:38:56,623:MySQL_Database.py#L217:INFO]: MySQL is back up! (Took 0.06s)
[2026-04-05 12:38:56,624:MySQL_Database.py#L32:INFO]: Closed old MySQL connection.
[2026-04-05 12:38:56,679:MySQL_Database.py#L267:INFO]: Executing transpiled workload olap_workloads/ssb_11.wg (2 queries)...
[2026-04-05 12:39:00,697:MySQL_Database.py#L294:INFO]: Workload olap_workloads/ssb_11.wg executed successfully.
[2026-04-05 12:39:00,697:run_diverse_configs.py#L206:INFO]: Performance for config 6: 2.0089677610085346
[2026-04-05 12:39:00,698:run_diverse_configs.py#L137:INFO]: Running config 7/10 for ssb_11
[2026-04-05 12:39:00,698:MySQL_Database.py#L242:INFO]: Transpiling workload from PostgreSQL to MySQL syntax...
[2026-04-05 12:39:00,773:MySQL_Database.py#L79:INFO]: MySQL knobs persisted to mysqld-auto.cnf. Restarting to apply...
[2026-04-05 12:39:00,773:MySQL_Database.py#L189:INFO]: Restarting MySQL service...
[2026-04-05 12:39:05,756:MySQL_Database.py#L199:INFO]: Waiting for MySQL to become available...
[2026-04-05 12:39:05,814:MySQL_Database.py#L217:INFO]: MySQL is back up! (Took 0.06s)
[2026-04-05 12:39:05,814:MySQL_Database.py#L32:INFO]: Closed old MySQL connection.
[2026-04-05 12:39:05,884:MySQL_Database.py#L267:INFO]: Executing transpiled workload olap_workloads/ssb_11.wg (2 queries)...
[2026-04-05 12:39:09,405:MySQL_Database.py#L294:INFO]: Workload olap_workloads/ssb_11.wg executed successfully.
[2026-04-05 12:39:09,405:run_diverse_configs.py#L206:INFO]: Performance for config 7: 1.760399345002952
[2026-04-05 12:39:09,405:run_diverse_configs.py#L137:INFO]: Running config 8/10 for ssb_11
[2026-04-05 12:39:09,405:MySQL_Database.py#L242:INFO]: Transpiling workload from PostgreSQL to MySQL syntax...
[2026-04-05 12:39:09,502:MySQL_Database.py#L79:INFO]: MySQL knobs persisted to mysqld-auto.cnf. Restarting to apply...
[2026-04-05 12:39:09,503:MySQL_Database.py#L189:INFO]: Restarting MySQL service...
[2026-04-05 12:39:14,938:MySQL_Database.py#L199:INFO]: Waiting for MySQL to become available...
[2026-04-05 12:39:14,968:MySQL_Database.py#L217:INFO]: MySQL is back up! (Took 0.03s)
[2026-04-05 12:39:14,969:MySQL_Database.py#L32:INFO]: Closed old MySQL connection.
[2026-04-05 12:39:15,025:MySQL_Database.py#L267:INFO]: Executing transpiled workload olap_workloads/ssb_11.wg (2 queries)...
[2026-04-05 12:39:18,767:MySQL_Database.py#L294:INFO]: Workload olap_workloads/ssb_11.wg executed successfully.
[2026-04-05 12:39:18,767:run_diverse_configs.py#L206:INFO]: Performance for config 8: 1.8709787739935564
[2026-04-05 12:39:18,767:run_diverse_configs.py#L137:INFO]: Running config 9/10 for ssb_11
[2026-04-05 12:39:18,768:MySQL_Database.py#L242:INFO]: Transpiling workload from PostgreSQL to MySQL syntax...
[2026-04-05 12:39:18,843:MySQL_Database.py#L79:INFO]: MySQL knobs persisted to mysqld-auto.cnf. Restarting to apply...
[2026-04-05 12:39:18,843:MySQL_Database.py#L189:INFO]: Restarting MySQL service...
[2026-04-05 12:39:23,578:MySQL_Database.py#L199:INFO]: Waiting for MySQL to become available...
[2026-04-05 12:39:23,609:MySQL_Database.py#L217:INFO]: MySQL is back up! (Took 0.03s)
[2026-04-05 12:39:23,609:MySQL_Database.py#L32:INFO]: Closed old MySQL connection.
[2026-04-05 12:39:23,665:MySQL_Database.py#L267:INFO]: Executing transpiled workload olap_workloads/ssb_11.wg (2 queries)...
[2026-04-05 12:39:28,881:MySQL_Database.py#L294:INFO]: Workload olap_workloads/ssb_11.wg executed successfully.
[2026-04-05 12:39:28,881:run_diverse_configs.py#L206:INFO]: Performance for config 9: 2.6081256975012366
[2026-04-05 12:39:28,882:run_diverse_configs.py#L137:INFO]: Running config 10/10 for ssb_11
[2026-04-05 12:39:28,882:MySQL_Database.py#L242:INFO]: Transpiling workload from PostgreSQL to MySQL syntax...
[2026-04-05 12:39:28,965:MySQL_Database.py#L79:INFO]: MySQL knobs persisted to mysqld-auto.cnf. Restarting to apply...
[2026-04-05 12:39:28,965:MySQL_Database.py#L189:INFO]: Restarting MySQL service...
[2026-04-05 12:39:33,596:MySQL_Database.py#L199:INFO]: Waiting for MySQL to become available...
[2026-04-05 12:39:33,632:MySQL_Database.py#L217:INFO]: MySQL is back up! (Took 0.04s)
[2026-04-05 12:39:33,633:MySQL_Database.py#L32:INFO]: Closed old MySQL connection.
[2026-04-05 12:39:33,689:MySQL_Database.py#L267:INFO]: Executing transpiled workload olap_workloads/ssb_11.wg (2 queries)...
[2026-04-05 12:39:37,265:MySQL_Database.py#L294:INFO]: Workload olap_workloads/ssb_11.wg executed successfully.
[2026-04-05 12:39:37,265:run_diverse_configs.py#L206:INFO]: Performance for config 10: 1.7876365550037008
