[2026-04-18 11:31:07,739:run_diverse_configs.py#L82:INFO]: ====================================================================================================
[2026-04-18 11:31:07,739:run_diverse_configs.py#L83:INFO]: E2ETune: Running Diverse Configs for ssb
[2026-04-18 11:31:07,739:run_diverse_configs.py#L84:INFO]: ====================================================================================================
[2026-04-18 11:31:07,739:run_diverse_configs.py#L85:INFO]: Config: config/config.yaml
[2026-04-18 11:31:07,739:run_diverse_configs.py#L86:INFO]: Host: localhost  DB: ssb
[2026-04-18 11:31:07,739:run_diverse_configs.py#L87:INFO]: Benchmark: ssb  Type: olap
[2026-04-18 11:31:07,739:run_diverse_configs.py#L88:INFO]: Workload path: ./olap_workloads
[2026-04-18 11:31:07,739:run_diverse_configs.py#L89:INFO]: ====================================================================================================
[2026-04-18 11:31:10,250:run_diverse_configs.py#L129:INFO]: Running 10 configs for ssb_104
[2026-04-18 11:31:10,251:run_diverse_configs.py#L137:INFO]: Running config 1/10 for ssb_104
[2026-04-18 11:31:10,257:MySQL_Database.py#L253:INFO]: Transpiling workload from PostgreSQL to MySQL syntax...
[2026-04-18 11:31:10,279:MySQL_Database.py#L81:INFO]: MySQL knobs persisted to mysqld-auto.cnf. Restarting to apply...
[2026-04-18 11:31:10,280:MySQL_Database.py#L200:INFO]: Restarting MySQL service...
[2026-04-18 11:31:20,528:MySQL_Database.py#L210:INFO]: Waiting for MySQL to become available...
[2026-04-18 11:31:20,592:MySQL_Database.py#L228:INFO]: MySQL is back up! (Took 0.06s)
[2026-04-18 11:31:20,593:MySQL_Database.py#L32:INFO]: Closed old MySQL connection.
[2026-04-18 11:31:20,652:MySQL_Database.py#L278:INFO]: Executing transpiled workload olap_workloads/ssb_104.wg (2 queries)...
[2026-04-18 11:31:25,836:MySQL_Database.py#L305:INFO]: Workload olap_workloads/ssb_104.wg executed successfully.
[2026-04-18 11:31:25,836:run_diverse_configs.py#L206:INFO]: Performance for config 1: 2.5914205363951623
[2026-04-18 11:31:25,836:run_diverse_configs.py#L137:INFO]: Running config 2/10 for ssb_104
[2026-04-18 11:31:25,837:MySQL_Database.py#L253:INFO]: Transpiling workload from PostgreSQL to MySQL syntax...
[2026-04-18 11:31:25,847:MySQL_Database.py#L81:INFO]: MySQL knobs persisted to mysqld-auto.cnf. Restarting to apply...
[2026-04-18 11:31:25,847:MySQL_Database.py#L200:INFO]: Restarting MySQL service...
[2026-04-18 11:31:33,942:MySQL_Database.py#L210:INFO]: Waiting for MySQL to become available...
[2026-04-18 11:31:34,011:MySQL_Database.py#L228:INFO]: MySQL is back up! (Took 0.07s)
[2026-04-18 11:31:34,011:MySQL_Database.py#L32:INFO]: Closed old MySQL connection.
[2026-04-18 11:31:34,073:MySQL_Database.py#L278:INFO]: Executing transpiled workload olap_workloads/ssb_104.wg (2 queries)...
[2026-04-18 11:31:39,160:MySQL_Database.py#L305:INFO]: Workload olap_workloads/ssb_104.wg executed successfully.
[2026-04-18 11:31:39,160:run_diverse_configs.py#L206:INFO]: Performance for config 2: 2.5431523739825934
[2026-04-18 11:31:39,160:run_diverse_configs.py#L137:INFO]: Running config 3/10 for ssb_104
[2026-04-18 11:31:39,161:MySQL_Database.py#L253:INFO]: Transpiling workload from PostgreSQL to MySQL syntax...
[2026-04-18 11:31:39,181:MySQL_Database.py#L81:INFO]: MySQL knobs persisted to mysqld-auto.cnf. Restarting to apply...
[2026-04-18 11:31:39,182:MySQL_Database.py#L200:INFO]: Restarting MySQL service...
[2026-04-18 11:31:47,373:MySQL_Database.py#L210:INFO]: Waiting for MySQL to become available...
[2026-04-18 11:31:47,436:MySQL_Database.py#L228:INFO]: MySQL is back up! (Took 0.06s)
[2026-04-18 11:31:47,436:MySQL_Database.py#L32:INFO]: Closed old MySQL connection.
[2026-04-18 11:31:47,496:MySQL_Database.py#L278:INFO]: Executing transpiled workload olap_workloads/ssb_104.wg (2 queries)...
[2026-04-18 11:31:52,472:MySQL_Database.py#L305:INFO]: Workload olap_workloads/ssb_104.wg executed successfully.
[2026-04-18 11:31:52,473:run_diverse_configs.py#L206:INFO]: Performance for config 3: 2.4877627801615745
[2026-04-18 11:31:52,473:run_diverse_configs.py#L137:INFO]: Running config 4/10 for ssb_104
[2026-04-18 11:31:52,473:MySQL_Database.py#L253:INFO]: Transpiling workload from PostgreSQL to MySQL syntax...
[2026-04-18 11:31:52,488:MySQL_Database.py#L81:INFO]: MySQL knobs persisted to mysqld-auto.cnf. Restarting to apply...
[2026-04-18 11:31:52,489:MySQL_Database.py#L200:INFO]: Restarting MySQL service...
[2026-04-18 11:32:00,479:MySQL_Database.py#L210:INFO]: Waiting for MySQL to become available...
[2026-04-18 11:32:00,545:MySQL_Database.py#L228:INFO]: MySQL is back up! (Took 0.07s)
[2026-04-18 11:32:00,545:MySQL_Database.py#L32:INFO]: Closed old MySQL connection.
[2026-04-18 11:32:00,612:MySQL_Database.py#L278:INFO]: Executing transpiled workload olap_workloads/ssb_104.wg (2 queries)...
[2026-04-18 11:32:05,615:MySQL_Database.py#L305:INFO]: Workload olap_workloads/ssb_104.wg executed successfully.
[2026-04-18 11:32:05,615:run_diverse_configs.py#L206:INFO]: Performance for config 4: 2.5010322651360184
[2026-04-18 11:32:05,615:run_diverse_configs.py#L137:INFO]: Running config 5/10 for ssb_104
[2026-04-18 11:32:05,615:MySQL_Database.py#L253:INFO]: Transpiling workload from PostgreSQL to MySQL syntax...
[2026-04-18 11:32:05,636:MySQL_Database.py#L81:INFO]: MySQL knobs persisted to mysqld-auto.cnf. Restarting to apply...
[2026-04-18 11:32:05,636:MySQL_Database.py#L200:INFO]: Restarting MySQL service...
[2026-04-18 11:32:13,826:MySQL_Database.py#L210:INFO]: Waiting for MySQL to become available...
[2026-04-18 11:32:13,889:MySQL_Database.py#L228:INFO]: MySQL is back up! (Took 0.06s)
[2026-04-18 11:32:13,890:MySQL_Database.py#L32:INFO]: Closed old MySQL connection.
[2026-04-18 11:32:13,950:MySQL_Database.py#L278:INFO]: Executing transpiled workload olap_workloads/ssb_104.wg (2 queries)...
[2026-04-18 11:32:18,998:MySQL_Database.py#L305:INFO]: Workload olap_workloads/ssb_104.wg executed successfully.
[2026-04-18 11:32:18,998:run_diverse_configs.py#L206:INFO]: Performance for config 5: 2.523971513379365
[2026-04-18 11:32:18,999:run_diverse_configs.py#L137:INFO]: Running config 6/10 for ssb_104
[2026-04-18 11:32:18,999:MySQL_Database.py#L253:INFO]: Transpiling workload from PostgreSQL to MySQL syntax...
[2026-04-18 11:32:19,022:MySQL_Database.py#L81:INFO]: MySQL knobs persisted to mysqld-auto.cnf. Restarting to apply...
[2026-04-18 11:32:19,022:MySQL_Database.py#L200:INFO]: Restarting MySQL service...
[2026-04-18 11:32:27,014:MySQL_Database.py#L210:INFO]: Waiting for MySQL to become available...
[2026-04-18 11:32:27,089:MySQL_Database.py#L228:INFO]: MySQL is back up! (Took 0.07s)
[2026-04-18 11:32:27,089:MySQL_Database.py#L32:INFO]: Closed old MySQL connection.
[2026-04-18 11:32:27,149:MySQL_Database.py#L278:INFO]: Executing transpiled workload olap_workloads/ssb_104.wg (2 queries)...
[2026-04-18 11:32:32,135:MySQL_Database.py#L305:INFO]: Workload olap_workloads/ssb_104.wg executed successfully.
[2026-04-18 11:32:32,135:run_diverse_configs.py#L206:INFO]: Performance for config 6: 2.4925885235425085
[2026-04-18 11:32:32,135:run_diverse_configs.py#L137:INFO]: Running config 7/10 for ssb_104
[2026-04-18 11:32:32,136:MySQL_Database.py#L253:INFO]: Transpiling workload from PostgreSQL to MySQL syntax...
[2026-04-18 11:32:32,150:MySQL_Database.py#L81:INFO]: MySQL knobs persisted to mysqld-auto.cnf. Restarting to apply...
[2026-04-18 11:32:32,150:MySQL_Database.py#L200:INFO]: Restarting MySQL service...
[2026-04-18 11:32:40,296:MySQL_Database.py#L210:INFO]: Waiting for MySQL to become available...
[2026-04-18 11:32:40,361:MySQL_Database.py#L228:INFO]: MySQL is back up! (Took 0.06s)
[2026-04-18 11:32:40,361:MySQL_Database.py#L32:INFO]: Closed old MySQL connection.
[2026-04-18 11:32:40,482:MySQL_Database.py#L278:INFO]: Executing transpiled workload olap_workloads/ssb_104.wg (2 queries)...
[2026-04-18 11:32:45,626:MySQL_Database.py#L305:INFO]: Workload olap_workloads/ssb_104.wg executed successfully.
[2026-04-18 11:32:45,626:run_diverse_configs.py#L206:INFO]: Performance for config 7: 2.5718759971205145
[2026-04-18 11:32:45,626:run_diverse_configs.py#L137:INFO]: Running config 8/10 for ssb_104
[2026-04-18 11:32:45,627:MySQL_Database.py#L253:INFO]: Transpiling workload from PostgreSQL to MySQL syntax...
[2026-04-18 11:32:45,645:MySQL_Database.py#L81:INFO]: MySQL knobs persisted to mysqld-auto.cnf. Restarting to apply...
[2026-04-18 11:32:45,645:MySQL_Database.py#L200:INFO]: Restarting MySQL service...
[2026-04-18 11:32:53,692:MySQL_Database.py#L210:INFO]: Waiting for MySQL to become available...
[2026-04-18 11:32:53,755:MySQL_Database.py#L228:INFO]: MySQL is back up! (Took 0.06s)
[2026-04-18 11:32:53,755:MySQL_Database.py#L32:INFO]: Closed old MySQL connection.
[2026-04-18 11:32:53,816:MySQL_Database.py#L278:INFO]: Executing transpiled workload olap_workloads/ssb_104.wg (2 queries)...
[2026-04-18 11:32:58,755:MySQL_Database.py#L305:INFO]: Workload olap_workloads/ssb_104.wg executed successfully.
[2026-04-18 11:32:58,755:run_diverse_configs.py#L206:INFO]: Performance for config 8: 2.4695564596913755
[2026-04-18 11:32:58,756:run_diverse_configs.py#L137:INFO]: Running config 9/10 for ssb_104
[2026-04-18 11:32:58,756:MySQL_Database.py#L253:INFO]: Transpiling workload from PostgreSQL to MySQL syntax...
[2026-04-18 11:32:58,770:MySQL_Database.py#L81:INFO]: MySQL knobs persisted to mysqld-auto.cnf. Restarting to apply...
[2026-04-18 11:32:58,770:MySQL_Database.py#L200:INFO]: Restarting MySQL service...
[2026-04-18 11:33:06,969:MySQL_Database.py#L210:INFO]: Waiting for MySQL to become available...
[2026-04-18 11:33:07,034:MySQL_Database.py#L228:INFO]: MySQL is back up! (Took 0.06s)
[2026-04-18 11:33:07,034:MySQL_Database.py#L32:INFO]: Closed old MySQL connection.
[2026-04-18 11:33:07,094:MySQL_Database.py#L278:INFO]: Executing transpiled workload olap_workloads/ssb_104.wg (2 queries)...
[2026-04-18 11:33:12,160:MySQL_Database.py#L305:INFO]: Workload olap_workloads/ssb_104.wg executed successfully.
[2026-04-18 11:33:12,160:run_diverse_configs.py#L206:INFO]: Performance for config 9: 2.532537077087909
[2026-04-18 11:33:12,161:run_diverse_configs.py#L137:INFO]: Running config 10/10 for ssb_104
[2026-04-18 11:33:12,161:MySQL_Database.py#L253:INFO]: Transpiling workload from PostgreSQL to MySQL syntax...
[2026-04-18 11:33:12,176:MySQL_Database.py#L81:INFO]: MySQL knobs persisted to mysqld-auto.cnf. Restarting to apply...
[2026-04-18 11:33:12,176:MySQL_Database.py#L200:INFO]: Restarting MySQL service...
[2026-04-18 11:33:20,217:MySQL_Database.py#L210:INFO]: Waiting for MySQL to become available...
[2026-04-18 11:33:20,282:MySQL_Database.py#L228:INFO]: MySQL is back up! (Took 0.06s)
[2026-04-18 11:33:20,282:MySQL_Database.py#L32:INFO]: Closed old MySQL connection.
[2026-04-18 11:33:20,342:MySQL_Database.py#L278:INFO]: Executing transpiled workload olap_workloads/ssb_104.wg (2 queries)...
[2026-04-18 11:33:25,324:MySQL_Database.py#L305:INFO]: Workload olap_workloads/ssb_104.wg executed successfully.
[2026-04-18 11:33:25,324:run_diverse_configs.py#L206:INFO]: Performance for config 10: 2.49040188617073
[2026-04-18 11:33:25,324:run_diverse_configs.py#L129:INFO]: Running 10 configs for ssb_21
[2026-04-18 11:33:25,324:run_diverse_configs.py#L137:INFO]: Running config 1/10 for ssb_21
[2026-04-18 11:33:25,327:MySQL_Database.py#L253:INFO]: Transpiling workload from PostgreSQL to MySQL syntax...
[2026-04-18 11:33:25,349:MySQL_Database.py#L81:INFO]: MySQL knobs persisted to mysqld-auto.cnf. Restarting to apply...
[2026-04-18 11:33:25,349:MySQL_Database.py#L200:INFO]: Restarting MySQL service...
[2026-04-18 11:33:33,389:MySQL_Database.py#L210:INFO]: Waiting for MySQL to become available...
[2026-04-18 11:33:33,456:MySQL_Database.py#L228:INFO]: MySQL is back up! (Took 0.07s)
[2026-04-18 11:33:33,456:MySQL_Database.py#L32:INFO]: Closed old MySQL connection.
[2026-04-18 11:33:33,517:MySQL_Database.py#L278:INFO]: Executing transpiled workload olap_workloads/ssb_21.wg (2 queries)...
[2026-04-18 11:33:37,458:MySQL_Database.py#L305:INFO]: Workload olap_workloads/ssb_21.wg executed successfully.
[2026-04-18 11:33:37,458:run_diverse_configs.py#L206:INFO]: Performance for config 1: 1.970117061631754
[2026-04-18 11:33:37,458:run_diverse_configs.py#L137:INFO]: Running config 2/10 for ssb_21
[2026-04-18 11:33:37,459:MySQL_Database.py#L253:INFO]: Transpiling workload from PostgreSQL to MySQL syntax...
[2026-04-18 11:33:37,483:MySQL_Database.py#L81:INFO]: MySQL knobs persisted to mysqld-auto.cnf. Restarting to apply...
[2026-04-18 11:33:37,483:MySQL_Database.py#L200:INFO]: Restarting MySQL service...
[2026-04-18 11:33:45,730:MySQL_Database.py#L210:INFO]: Waiting for MySQL to become available...
[2026-04-18 11:33:45,801:MySQL_Database.py#L228:INFO]: MySQL is back up! (Took 0.07s)
[2026-04-18 11:33:45,802:MySQL_Database.py#L32:INFO]: Closed old MySQL connection.
[2026-04-18 11:33:45,864:MySQL_Database.py#L278:INFO]: Executing transpiled workload olap_workloads/ssb_21.wg (2 queries)...
[2026-04-18 11:33:49,930:MySQL_Database.py#L305:INFO]: Workload olap_workloads/ssb_21.wg executed successfully.
[2026-04-18 11:33:49,930:run_diverse_configs.py#L206:INFO]: Performance for config 2: 2.032648666994646
[2026-04-18 11:33:49,930:run_diverse_configs.py#L137:INFO]: Running config 3/10 for ssb_21
[2026-04-18 11:33:49,931:MySQL_Database.py#L253:INFO]: Transpiling workload from PostgreSQL to MySQL syntax...
[2026-04-18 11:33:49,959:MySQL_Database.py#L81:INFO]: MySQL knobs persisted to mysqld-auto.cnf. Restarting to apply...
[2026-04-18 11:33:49,959:MySQL_Database.py#L200:INFO]: Restarting MySQL service...
[2026-04-18 11:33:57,999:MySQL_Database.py#L210:INFO]: Waiting for MySQL to become available...
[2026-04-18 11:33:58,064:MySQL_Database.py#L228:INFO]: MySQL is back up! (Took 0.07s)
[2026-04-18 11:33:58,064:MySQL_Database.py#L32:INFO]: Closed old MySQL connection.
[2026-04-18 11:33:58,185:MySQL_Database.py#L278:INFO]: Executing transpiled workload olap_workloads/ssb_21.wg (2 queries)...
[2026-04-18 11:34:02,240:MySQL_Database.py#L305:INFO]: Workload olap_workloads/ssb_21.wg executed successfully.
[2026-04-18 11:34:02,240:run_diverse_configs.py#L206:INFO]: Performance for config 3: 2.026919135823846
[2026-04-18 11:34:02,240:run_diverse_configs.py#L137:INFO]: Running config 4/10 for ssb_21
[2026-04-18 11:34:02,241:MySQL_Database.py#L253:INFO]: Transpiling workload from PostgreSQL to MySQL syntax...
[2026-04-18 11:34:02,270:MySQL_Database.py#L81:INFO]: MySQL knobs persisted to mysqld-auto.cnf. Restarting to apply...
[2026-04-18 11:34:02,270:MySQL_Database.py#L200:INFO]: Restarting MySQL service...
[2026-04-18 11:34:10,159:MySQL_Database.py#L210:INFO]: Waiting for MySQL to become available...
[2026-04-18 11:34:10,233:MySQL_Database.py#L228:INFO]: MySQL is back up! (Took 0.07s)
[2026-04-18 11:34:10,233:MySQL_Database.py#L32:INFO]: Closed old MySQL connection.
[2026-04-18 11:34:10,295:MySQL_Database.py#L278:INFO]: Executing transpiled workload olap_workloads/ssb_21.wg (2 queries)...
[2026-04-18 11:34:14,436:MySQL_Database.py#L305:INFO]: Workload olap_workloads/ssb_21.wg executed successfully.
[2026-04-18 11:34:14,436:run_diverse_configs.py#L206:INFO]: Performance for config 4: 2.0703641823492944
[2026-04-18 11:34:14,436:run_diverse_configs.py#L137:INFO]: Running config 5/10 for ssb_21
[2026-04-18 11:34:14,437:MySQL_Database.py#L253:INFO]: Transpiling workload from PostgreSQL to MySQL syntax...
[2026-04-18 11:34:14,475:MySQL_Database.py#L81:INFO]: MySQL knobs persisted to mysqld-auto.cnf. Restarting to apply...
[2026-04-18 11:34:14,475:MySQL_Database.py#L200:INFO]: Restarting MySQL service...
[2026-04-18 11:34:22,371:MySQL_Database.py#L210:INFO]: Waiting for MySQL to become available...
[2026-04-18 11:34:22,492:MySQL_Database.py#L228:INFO]: MySQL is back up! (Took 0.12s)
[2026-04-18 11:34:22,493:MySQL_Database.py#L32:INFO]: Closed old MySQL connection.
[2026-04-18 11:34:22,557:MySQL_Database.py#L278:INFO]: Executing transpiled workload olap_workloads/ssb_21.wg (2 queries)...
[2026-04-18 11:34:26,508:MySQL_Database.py#L305:INFO]: Workload olap_workloads/ssb_21.wg executed successfully.
[2026-04-18 11:34:26,508:run_diverse_configs.py#L206:INFO]: Performance for config 5: 1.9754410269670188
[2026-04-18 11:34:26,509:run_diverse_configs.py#L137:INFO]: Running config 6/10 for ssb_21
[2026-04-18 11:34:26,509:MySQL_Database.py#L253:INFO]: Transpiling workload from PostgreSQL to MySQL syntax...
[2026-04-18 11:34:26,535:MySQL_Database.py#L81:INFO]: MySQL knobs persisted to mysqld-auto.cnf. Restarting to apply...
[2026-04-18 11:34:26,535:MySQL_Database.py#L200:INFO]: Restarting MySQL service...
[2026-04-18 11:34:34,578:MySQL_Database.py#L210:INFO]: Waiting for MySQL to become available...
[2026-04-18 11:34:34,704:MySQL_Database.py#L228:INFO]: MySQL is back up! (Took 0.13s)
[2026-04-18 11:34:34,704:MySQL_Database.py#L32:INFO]: Closed old MySQL connection.
[2026-04-18 11:34:34,817:MySQL_Database.py#L278:INFO]: Executing transpiled workload olap_workloads/ssb_21.wg (2 queries)...
[2026-04-18 11:34:38,809:MySQL_Database.py#L305:INFO]: Workload olap_workloads/ssb_21.wg executed successfully.
[2026-04-18 11:34:38,809:run_diverse_configs.py#L206:INFO]: Performance for config 6: 1.995170938083902
[2026-04-18 11:34:38,809:run_diverse_configs.py#L137:INFO]: Running config 7/10 for ssb_21
[2026-04-18 11:34:38,809:MySQL_Database.py#L253:INFO]: Transpiling workload from PostgreSQL to MySQL syntax...
[2026-04-18 11:34:38,843:MySQL_Database.py#L81:INFO]: MySQL knobs persisted to mysqld-auto.cnf. Restarting to apply...
[2026-04-18 11:34:38,843:MySQL_Database.py#L200:INFO]: Restarting MySQL service...
[2026-04-18 11:34:46,783:MySQL_Database.py#L210:INFO]: Waiting for MySQL to become available...
[2026-04-18 11:34:46,908:MySQL_Database.py#L228:INFO]: MySQL is back up! (Took 0.12s)
[2026-04-18 11:34:46,908:MySQL_Database.py#L32:INFO]: Closed old MySQL connection.
[2026-04-18 11:34:47,013:MySQL_Database.py#L278:INFO]: Executing transpiled workload olap_workloads/ssb_21.wg (2 queries)...
[2026-04-18 11:34:50,953:MySQL_Database.py#L305:INFO]: Workload olap_workloads/ssb_21.wg executed successfully.
[2026-04-18 11:34:50,954:run_diverse_configs.py#L206:INFO]: Performance for config 7: 1.97007273347117
[2026-04-18 11:34:50,954:run_diverse_configs.py#L137:INFO]: Running config 8/10 for ssb_21
[2026-04-18 11:34:50,954:MySQL_Database.py#L253:INFO]: Transpiling workload from PostgreSQL to MySQL syntax...
[2026-04-18 11:34:50,984:MySQL_Database.py#L81:INFO]: MySQL knobs persisted to mysqld-auto.cnf. Restarting to apply...
[2026-04-18 11:34:50,984:MySQL_Database.py#L200:INFO]: Restarting MySQL service...
[2026-04-18 11:34:59,133:MySQL_Database.py#L210:INFO]: Waiting for MySQL to become available...
[2026-04-18 11:34:59,202:MySQL_Database.py#L228:INFO]: MySQL is back up! (Took 0.07s)
[2026-04-18 11:34:59,202:MySQL_Database.py#L32:INFO]: Closed old MySQL connection.
[2026-04-18 11:34:59,262:MySQL_Database.py#L278:INFO]: Executing transpiled workload olap_workloads/ssb_21.wg (2 queries)...
[2026-04-18 11:35:03,320:MySQL_Database.py#L305:INFO]: Workload olap_workloads/ssb_21.wg executed successfully.
[2026-04-18 11:35:03,320:run_diverse_configs.py#L206:INFO]: Performance for config 8: 2.02841511182487
[2026-04-18 11:35:03,320:run_diverse_configs.py#L137:INFO]: Running config 9/10 for ssb_21
[2026-04-18 11:35:03,321:MySQL_Database.py#L253:INFO]: Transpiling workload from PostgreSQL to MySQL syntax...
[2026-04-18 11:35:03,351:MySQL_Database.py#L81:INFO]: MySQL knobs persisted to mysqld-auto.cnf. Restarting to apply...
[2026-04-18 11:35:03,351:MySQL_Database.py#L200:INFO]: Restarting MySQL service...
[2026-04-18 11:35:11,396:MySQL_Database.py#L210:INFO]: Waiting for MySQL to become available...
[2026-04-18 11:35:11,470:MySQL_Database.py#L228:INFO]: MySQL is back up! (Took 0.07s)
[2026-04-18 11:35:11,471:MySQL_Database.py#L32:INFO]: Closed old MySQL connection.
[2026-04-18 11:35:11,531:MySQL_Database.py#L278:INFO]: Executing transpiled workload olap_workloads/ssb_21.wg (2 queries)...
[2026-04-18 11:35:15,752:MySQL_Database.py#L305:INFO]: Workload olap_workloads/ssb_21.wg executed successfully.
[2026-04-18 11:35:15,752:run_diverse_configs.py#L206:INFO]: Performance for config 9: 2.1099278684705496
[2026-04-18 11:35:15,752:run_diverse_configs.py#L137:INFO]: Running config 10/10 for ssb_21
[2026-04-18 11:35:15,752:MySQL_Database.py#L253:INFO]: Transpiling workload from PostgreSQL to MySQL syntax...
[2026-04-18 11:35:15,780:MySQL_Database.py#L81:INFO]: MySQL knobs persisted to mysqld-auto.cnf. Restarting to apply...
[2026-04-18 11:35:15,780:MySQL_Database.py#L200:INFO]: Restarting MySQL service...
[2026-04-18 11:35:23,623:MySQL_Database.py#L210:INFO]: Waiting for MySQL to become available...
[2026-04-18 11:35:23,738:MySQL_Database.py#L228:INFO]: MySQL is back up! (Took 0.11s)
[2026-04-18 11:35:23,738:MySQL_Database.py#L32:INFO]: Closed old MySQL connection.
[2026-04-18 11:35:23,825:MySQL_Database.py#L278:INFO]: Executing transpiled workload olap_workloads/ssb_21.wg (2 queries)...
[2026-04-18 11:35:27,903:MySQL_Database.py#L305:INFO]: Workload olap_workloads/ssb_21.wg executed successfully.
[2026-04-18 11:35:27,904:run_diverse_configs.py#L206:INFO]: Performance for config 10: 2.038615154568106
[2026-04-18 11:35:27,904:run_diverse_configs.py#L129:INFO]: Running 10 configs for ssb_59
[2026-04-18 11:35:27,904:run_diverse_configs.py#L137:INFO]: Running config 1/10 for ssb_59
[2026-04-18 11:35:27,910:MySQL_Database.py#L253:INFO]: Transpiling workload from PostgreSQL to MySQL syntax...
[2026-04-18 11:35:27,943:MySQL_Database.py#L81:INFO]: MySQL knobs persisted to mysqld-auto.cnf. Restarting to apply...
[2026-04-18 11:35:27,943:MySQL_Database.py#L200:INFO]: Restarting MySQL service...
[2026-04-18 11:35:35,987:MySQL_Database.py#L210:INFO]: Waiting for MySQL to become available...
[2026-04-18 11:35:36,053:MySQL_Database.py#L228:INFO]: MySQL is back up! (Took 0.07s)
[2026-04-18 11:35:36,053:MySQL_Database.py#L32:INFO]: Closed old MySQL connection.
[2026-04-18 11:35:36,115:MySQL_Database.py#L278:INFO]: Executing transpiled workload olap_workloads/ssb_59.wg (2 queries)...
[2026-04-18 11:35:36,899:MySQL_Database.py#L305:INFO]: Workload olap_workloads/ssb_59.wg executed successfully.
[2026-04-18 11:35:36,899:run_diverse_configs.py#L206:INFO]: Performance for config 1: 0.39153597434051335
[2026-04-18 11:35:36,899:run_diverse_configs.py#L137:INFO]: Running config 2/10 for ssb_59
[2026-04-18 11:35:36,900:MySQL_Database.py#L253:INFO]: Transpiling workload from PostgreSQL to MySQL syntax...
[2026-04-18 11:35:36,913:MySQL_Database.py#L81:INFO]: MySQL knobs persisted to mysqld-auto.cnf. Restarting to apply...
[2026-04-18 11:35:36,913:MySQL_Database.py#L200:INFO]: Restarting MySQL service...
[2026-04-18 11:35:45,412:MySQL_Database.py#L210:INFO]: Waiting for MySQL to become available...
[2026-04-18 11:35:45,476:MySQL_Database.py#L228:INFO]: MySQL is back up! (Took 0.06s)
[2026-04-18 11:35:45,476:MySQL_Database.py#L32:INFO]: Closed old MySQL connection.
[2026-04-18 11:35:45,538:MySQL_Database.py#L278:INFO]: Executing transpiled workload olap_workloads/ssb_59.wg (2 queries)...
[2026-04-18 11:35:46,256:MySQL_Database.py#L305:INFO]: Workload olap_workloads/ssb_59.wg executed successfully.
[2026-04-18 11:35:46,256:run_diverse_configs.py#L206:INFO]: Performance for config 2: 0.358668842818588
[2026-04-18 11:35:46,256:run_diverse_configs.py#L137:INFO]: Running config 3/10 for ssb_59
[2026-04-18 11:35:46,257:MySQL_Database.py#L253:INFO]: Transpiling workload from PostgreSQL to MySQL syntax...
[2026-04-18 11:35:46,266:MySQL_Database.py#L81:INFO]: MySQL knobs persisted to mysqld-auto.cnf. Restarting to apply...
[2026-04-18 11:35:46,266:MySQL_Database.py#L200:INFO]: Restarting MySQL service...
[2026-04-18 11:35:54,658:MySQL_Database.py#L210:INFO]: Waiting for MySQL to become available...
[2026-04-18 11:35:54,728:MySQL_Database.py#L228:INFO]: MySQL is back up! (Took 0.07s)
[2026-04-18 11:35:54,728:MySQL_Database.py#L32:INFO]: Closed old MySQL connection.
[2026-04-18 11:35:54,788:MySQL_Database.py#L278:INFO]: Executing transpiled workload olap_workloads/ssb_59.wg (2 queries)...
[2026-04-18 11:35:55,402:MySQL_Database.py#L305:INFO]: Workload olap_workloads/ssb_59.wg executed successfully.
[2026-04-18 11:35:55,402:run_diverse_configs.py#L206:INFO]: Performance for config 3: 0.30646647047251463
[2026-04-18 11:35:55,402:run_diverse_configs.py#L137:INFO]: Running config 4/10 for ssb_59
[2026-04-18 11:35:55,403:MySQL_Database.py#L253:INFO]: Transpiling workload from PostgreSQL to MySQL syntax...
[2026-04-18 11:35:55,419:MySQL_Database.py#L81:INFO]: MySQL knobs persisted to mysqld-auto.cnf. Restarting to apply...
[2026-04-18 11:35:55,419:MySQL_Database.py#L200:INFO]: Restarting MySQL service...
[2026-04-18 11:36:03,866:MySQL_Database.py#L210:INFO]: Waiting for MySQL to become available...
[2026-04-18 11:36:03,933:MySQL_Database.py#L228:INFO]: MySQL is back up! (Took 0.07s)
[2026-04-18 11:36:03,933:MySQL_Database.py#L32:INFO]: Closed old MySQL connection.
[2026-04-18 11:36:03,994:MySQL_Database.py#L278:INFO]: Executing transpiled workload olap_workloads/ssb_59.wg (2 queries)...
[2026-04-18 11:36:04,633:MySQL_Database.py#L305:INFO]: Workload olap_workloads/ssb_59.wg executed successfully.
[2026-04-18 11:36:04,633:run_diverse_configs.py#L206:INFO]: Performance for config 4: 0.319190047448501
[2026-04-18 11:36:04,633:run_diverse_configs.py#L137:INFO]: Running config 5/10 for ssb_59
[2026-04-18 11:36:04,634:MySQL_Database.py#L253:INFO]: Transpiling workload from PostgreSQL to MySQL syntax...
[2026-04-18 11:36:04,648:MySQL_Database.py#L81:INFO]: MySQL knobs persisted to mysqld-auto.cnf. Restarting to apply...
[2026-04-18 11:36:04,649:MySQL_Database.py#L200:INFO]: Restarting MySQL service...
[2026-04-18 11:36:13,045:MySQL_Database.py#L210:INFO]: Waiting for MySQL to become available...
[2026-04-18 11:36:13,119:MySQL_Database.py#L228:INFO]: MySQL is back up! (Took 0.07s)
[2026-04-18 11:36:13,119:MySQL_Database.py#L32:INFO]: Closed old MySQL connection.
[2026-04-18 11:36:13,183:MySQL_Database.py#L278:INFO]: Executing transpiled workload olap_workloads/ssb_59.wg (2 queries)...
[2026-04-18 11:36:13,793:MySQL_Database.py#L305:INFO]: Workload olap_workloads/ssb_59.wg executed successfully.
[2026-04-18 11:36:13,793:run_diverse_configs.py#L206:INFO]: Performance for config 5: 0.30470997164957225
[2026-04-18 11:36:13,793:run_diverse_configs.py#L137:INFO]: Running config 6/10 for ssb_59
[2026-04-18 11:36:13,794:MySQL_Database.py#L253:INFO]: Transpiling workload from PostgreSQL to MySQL syntax...
[2026-04-18 11:36:13,803:MySQL_Database.py#L81:INFO]: MySQL knobs persisted to mysqld-auto.cnf. Restarting to apply...
[2026-04-18 11:36:13,804:MySQL_Database.py#L200:INFO]: Restarting MySQL service...
[2026-04-18 11:36:22,300:MySQL_Database.py#L210:INFO]: Waiting for MySQL to become available...
[2026-04-18 11:36:22,368:MySQL_Database.py#L228:INFO]: MySQL is back up! (Took 0.07s)
[2026-04-18 11:36:22,368:MySQL_Database.py#L32:INFO]: Closed old MySQL connection.
[2026-04-18 11:36:22,429:MySQL_Database.py#L278:INFO]: Executing transpiled workload olap_workloads/ssb_59.wg (2 queries)...
[2026-04-18 11:36:23,104:MySQL_Database.py#L305:INFO]: Workload olap_workloads/ssb_59.wg executed successfully.
[2026-04-18 11:36:23,104:run_diverse_configs.py#L206:INFO]: Performance for config 6: 0.3371143229305744
[2026-04-18 11:36:23,105:run_diverse_configs.py#L137:INFO]: Running config 7/10 for ssb_59
[2026-04-18 11:36:23,105:MySQL_Database.py#L253:INFO]: Transpiling workload from PostgreSQL to MySQL syntax...
[2026-04-18 11:36:23,126:MySQL_Database.py#L81:INFO]: MySQL knobs persisted to mysqld-auto.cnf. Restarting to apply...
[2026-04-18 11:36:23,126:MySQL_Database.py#L200:INFO]: Restarting MySQL service...
[2026-04-18 11:36:31,618:MySQL_Database.py#L210:INFO]: Waiting for MySQL to become available...
[2026-04-18 11:36:31,738:MySQL_Database.py#L228:INFO]: MySQL is back up! (Took 0.12s)
[2026-04-18 11:36:31,738:MySQL_Database.py#L32:INFO]: Closed old MySQL connection.
[2026-04-18 11:36:31,816:MySQL_Database.py#L278:INFO]: Executing transpiled workload olap_workloads/ssb_59.wg (2 queries)...
[2026-04-18 11:36:32,423:MySQL_Database.py#L305:INFO]: Workload olap_workloads/ssb_59.wg executed successfully.
[2026-04-18 11:36:32,423:run_diverse_configs.py#L206:INFO]: Performance for config 7: 0.30306391790509224
[2026-04-18 11:36:32,423:run_diverse_configs.py#L137:INFO]: Running config 8/10 for ssb_59
[2026-04-18 11:36:32,424:MySQL_Database.py#L253:INFO]: Transpiling workload from PostgreSQL to MySQL syntax...
[2026-04-18 11:36:32,440:MySQL_Database.py#L81:INFO]: MySQL knobs persisted to mysqld-auto.cnf. Restarting to apply...
[2026-04-18 11:36:32,440:MySQL_Database.py#L200:INFO]: Restarting MySQL service...
[2026-04-18 11:36:40,636:MySQL_Database.py#L210:INFO]: Waiting for MySQL to become available...
[2026-04-18 11:36:40,703:MySQL_Database.py#L228:INFO]: MySQL is back up! (Took 0.07s)
[2026-04-18 11:36:40,703:MySQL_Database.py#L32:INFO]: Closed old MySQL connection.
[2026-04-18 11:36:40,764:MySQL_Database.py#L278:INFO]: Executing transpiled workload olap_workloads/ssb_59.wg (2 queries)...
[2026-04-18 11:36:41,372:MySQL_Database.py#L305:INFO]: Workload olap_workloads/ssb_59.wg executed successfully.
[2026-04-18 11:36:41,372:run_diverse_configs.py#L206:INFO]: Performance for config 8: 0.3038371985312551
[2026-04-18 11:36:41,372:run_diverse_configs.py#L137:INFO]: Running config 9/10 for ssb_59
[2026-04-18 11:36:41,373:MySQL_Database.py#L253:INFO]: Transpiling workload from PostgreSQL to MySQL syntax...
[2026-04-18 11:36:41,388:MySQL_Database.py#L81:INFO]: MySQL knobs persisted to mysqld-auto.cnf. Restarting to apply...
[2026-04-18 11:36:41,388:MySQL_Database.py#L200:INFO]: Restarting MySQL service...
[2026-04-18 11:36:49,931:MySQL_Database.py#L210:INFO]: Waiting for MySQL to become available...
[2026-04-18 11:36:50,011:MySQL_Database.py#L228:INFO]: MySQL is back up! (Took 0.08s)
[2026-04-18 11:36:50,011:MySQL_Database.py#L32:INFO]: Closed old MySQL connection.
[2026-04-18 11:36:50,073:MySQL_Database.py#L278:INFO]: Executing transpiled workload olap_workloads/ssb_59.wg (2 queries)...
[2026-04-18 11:36:50,721:MySQL_Database.py#L305:INFO]: Workload olap_workloads/ssb_59.wg executed successfully.
[2026-04-18 11:36:50,721:run_diverse_configs.py#L206:INFO]: Performance for config 9: 0.3234045209828764
[2026-04-18 11:36:50,721:run_diverse_configs.py#L137:INFO]: Running config 10/10 for ssb_59
[2026-04-18 11:36:50,722:MySQL_Database.py#L253:INFO]: Transpiling workload from PostgreSQL to MySQL syntax...
[2026-04-18 11:36:50,739:MySQL_Database.py#L81:INFO]: MySQL knobs persisted to mysqld-auto.cnf. Restarting to apply...
[2026-04-18 11:36:50,739:MySQL_Database.py#L200:INFO]: Restarting MySQL service...
[2026-04-18 11:36:59,081:MySQL_Database.py#L210:INFO]: Waiting for MySQL to become available...
[2026-04-18 11:36:59,149:MySQL_Database.py#L228:INFO]: MySQL is back up! (Took 0.07s)
[2026-04-18 11:36:59,150:MySQL_Database.py#L32:INFO]: Closed old MySQL connection.
[2026-04-18 11:36:59,211:MySQL_Database.py#L278:INFO]: Executing transpiled workload olap_workloads/ssb_59.wg (2 queries)...
[2026-04-18 11:36:59,861:MySQL_Database.py#L305:INFO]: Workload olap_workloads/ssb_59.wg executed successfully.
[2026-04-18 11:36:59,861:run_diverse_configs.py#L206:INFO]: Performance for config 10: 0.324482653522864
[2026-04-18 11:36:59,861:run_diverse_configs.py#L129:INFO]: Running 10 configs for ssb_198
[2026-04-18 11:36:59,862:run_diverse_configs.py#L137:INFO]: Running config 1/10 for ssb_198
[2026-04-18 11:36:59,862:MySQL_Database.py#L253:INFO]: Transpiling workload from PostgreSQL to MySQL syntax...
[2026-04-18 11:36:59,882:MySQL_Database.py#L81:INFO]: MySQL knobs persisted to mysqld-auto.cnf. Restarting to apply...
[2026-04-18 11:36:59,882:MySQL_Database.py#L200:INFO]: Restarting MySQL service...
[2026-04-18 11:37:08,477:MySQL_Database.py#L210:INFO]: Waiting for MySQL to become available...
[2026-04-18 11:37:08,540:MySQL_Database.py#L228:INFO]: MySQL is back up! (Took 0.06s)
[2026-04-18 11:37:08,541:MySQL_Database.py#L32:INFO]: Closed old MySQL connection.
[2026-04-18 11:37:08,601:MySQL_Database.py#L278:INFO]: Executing transpiled workload olap_workloads/ssb_198.wg (3 queries)...
[2026-04-18 11:37:16,346:MySQL_Database.py#L305:INFO]: Workload olap_workloads/ssb_198.wg executed successfully.
[2026-04-18 11:37:16,346:run_diverse_configs.py#L206:INFO]: Performance for config 1: 2.5813597571104765
[2026-04-18 11:37:16,346:run_diverse_configs.py#L137:INFO]: Running config 2/10 for ssb_198
[2026-04-18 11:37:16,347:MySQL_Database.py#L253:INFO]: Transpiling workload from PostgreSQL to MySQL syntax...
[2026-04-18 11:37:16,374:MySQL_Database.py#L81:INFO]: MySQL knobs persisted to mysqld-auto.cnf. Restarting to apply...
[2026-04-18 11:37:16,374:MySQL_Database.py#L200:INFO]: Restarting MySQL service...
[2026-04-18 11:37:24,866:MySQL_Database.py#L210:INFO]: Waiting for MySQL to become available...
[2026-04-18 11:37:24,931:MySQL_Database.py#L228:INFO]: MySQL is back up! (Took 0.06s)
[2026-04-18 11:37:24,931:MySQL_Database.py#L32:INFO]: Closed old MySQL connection.
[2026-04-18 11:37:25,018:MySQL_Database.py#L278:INFO]: Executing transpiled workload olap_workloads/ssb_198.wg (3 queries)...
[2026-04-18 11:37:32,625:MySQL_Database.py#L305:INFO]: Workload olap_workloads/ssb_198.wg executed successfully.
[2026-04-18 11:37:32,626:run_diverse_configs.py#L206:INFO]: Performance for config 2: 2.5356921390630305
[2026-04-18 11:37:32,626:run_diverse_configs.py#L137:INFO]: Running config 3/10 for ssb_198
[2026-04-18 11:37:32,626:MySQL_Database.py#L253:INFO]: Transpiling workload from PostgreSQL to MySQL syntax...
[2026-04-18 11:37:32,640:MySQL_Database.py#L81:INFO]: MySQL knobs persisted to mysqld-auto.cnf. Restarting to apply...
[2026-04-18 11:37:32,640:MySQL_Database.py#L200:INFO]: Restarting MySQL service...
[2026-04-18 11:37:41,034:MySQL_Database.py#L210:INFO]: Waiting for MySQL to become available...
[2026-04-18 11:37:41,156:MySQL_Database.py#L228:INFO]: MySQL is back up! (Took 0.12s)
[2026-04-18 11:37:41,157:MySQL_Database.py#L32:INFO]: Closed old MySQL connection.
[2026-04-18 11:37:41,264:MySQL_Database.py#L278:INFO]: Executing transpiled workload olap_workloads/ssb_198.wg (3 queries)...
[2026-04-18 11:37:48,715:MySQL_Database.py#L305:INFO]: Workload olap_workloads/ssb_198.wg executed successfully.
[2026-04-18 11:37:48,716:run_diverse_configs.py#L206:INFO]: Performance for config 3: 2.4837497216649354
[2026-04-18 11:37:48,716:run_diverse_configs.py#L137:INFO]: Running config 4/10 for ssb_198
[2026-04-18 11:37:48,716:MySQL_Database.py#L253:INFO]: Transpiling workload from PostgreSQL to MySQL syntax...
[2026-04-18 11:37:48,749:MySQL_Database.py#L81:INFO]: MySQL knobs persisted to mysqld-auto.cnf. Restarting to apply...
[2026-04-18 11:37:48,749:MySQL_Database.py#L200:INFO]: Restarting MySQL service...
[2026-04-18 11:37:57,345:MySQL_Database.py#L210:INFO]: Waiting for MySQL to become available...
[2026-04-18 11:37:57,410:MySQL_Database.py#L228:INFO]: MySQL is back up! (Took 0.06s)
[2026-04-18 11:37:57,410:MySQL_Database.py#L32:INFO]: Closed old MySQL connection.
[2026-04-18 11:37:57,471:MySQL_Database.py#L278:INFO]: Executing transpiled workload olap_workloads/ssb_198.wg (3 queries)...
[2026-04-18 11:38:05,068:MySQL_Database.py#L305:INFO]: Workload olap_workloads/ssb_198.wg executed successfully.
[2026-04-18 11:38:05,068:run_diverse_configs.py#L206:INFO]: Performance for config 4: 2.5320533310684064
[2026-04-18 11:38:05,068:run_diverse_configs.py#L137:INFO]: Running config 5/10 for ssb_198
[2026-04-18 11:38:05,069:MySQL_Database.py#L253:INFO]: Transpiling workload from PostgreSQL to MySQL syntax...
[2026-04-18 11:38:05,096:MySQL_Database.py#L81:INFO]: MySQL knobs persisted to mysqld-auto.cnf. Restarting to apply...
[2026-04-18 11:38:05,097:MySQL_Database.py#L200:INFO]: Restarting MySQL service...
[2026-04-18 11:38:13,688:MySQL_Database.py#L210:INFO]: Waiting for MySQL to become available...
[2026-04-18 11:38:13,752:MySQL_Database.py#L228:INFO]: MySQL is back up! (Took 0.06s)
[2026-04-18 11:38:13,752:MySQL_Database.py#L32:INFO]: Closed old MySQL connection.
[2026-04-18 11:38:13,813:MySQL_Database.py#L278:INFO]: Executing transpiled workload olap_workloads/ssb_198.wg (3 queries)...
[2026-04-18 11:38:21,621:MySQL_Database.py#L305:INFO]: Workload olap_workloads/ssb_198.wg executed successfully.
[2026-04-18 11:38:21,621:run_diverse_configs.py#L206:INFO]: Performance for config 5: 2.6026051972682276
[2026-04-18 11:38:21,622:run_diverse_configs.py#L137:INFO]: Running config 6/10 for ssb_198
[2026-04-18 11:38:21,622:MySQL_Database.py#L253:INFO]: Transpiling workload from PostgreSQL to MySQL syntax...
[2026-04-18 11:38:21,641:MySQL_Database.py#L81:INFO]: MySQL knobs persisted to mysqld-auto.cnf. Restarting to apply...
[2026-04-18 11:38:21,641:MySQL_Database.py#L200:INFO]: Restarting MySQL service...
[2026-04-18 11:38:29,983:MySQL_Database.py#L210:INFO]: Waiting for MySQL to become available...
[2026-04-18 11:38:30,059:MySQL_Database.py#L228:INFO]: MySQL is back up! (Took 0.08s)
[2026-04-18 11:38:30,059:MySQL_Database.py#L32:INFO]: Closed old MySQL connection.
[2026-04-18 11:38:30,119:MySQL_Database.py#L278:INFO]: Executing transpiled workload olap_workloads/ssb_198.wg (3 queries)...
[2026-04-18 11:38:37,518:MySQL_Database.py#L305:INFO]: Workload olap_workloads/ssb_198.wg executed successfully.
[2026-04-18 11:38:37,518:run_diverse_configs.py#L206:INFO]: Performance for config 6: 2.4659964932749667
[2026-04-18 11:38:37,518:run_diverse_configs.py#L137:INFO]: Running config 7/10 for ssb_198
[2026-04-18 11:38:37,519:MySQL_Database.py#L253:INFO]: Transpiling workload from PostgreSQL to MySQL syntax...
[2026-04-18 11:38:37,546:MySQL_Database.py#L81:INFO]: MySQL knobs persisted to mysqld-auto.cnf. Restarting to apply...
[2026-04-18 11:38:37,546:MySQL_Database.py#L200:INFO]: Restarting MySQL service...
[2026-04-18 11:38:45,239:MySQL_Database.py#L210:INFO]: Waiting for MySQL to become available...
[2026-04-18 11:38:45,313:MySQL_Database.py#L228:INFO]: MySQL is back up! (Took 0.07s)
[2026-04-18 11:38:45,313:MySQL_Database.py#L32:INFO]: Closed old MySQL connection.
[2026-04-18 11:38:45,375:MySQL_Database.py#L278:INFO]: Executing transpiled workload olap_workloads/ssb_198.wg (3 queries)...
[2026-04-18 11:38:52,907:MySQL_Database.py#L305:INFO]: Workload olap_workloads/ssb_198.wg executed successfully.
[2026-04-18 11:38:52,907:run_diverse_configs.py#L206:INFO]: Performance for config 7: 2.510548469455292
[2026-04-18 11:38:52,907:run_diverse_configs.py#L137:INFO]: Running config 8/10 for ssb_198
[2026-04-18 11:38:52,908:MySQL_Database.py#L253:INFO]: Transpiling workload from PostgreSQL to MySQL syntax...
[2026-04-18 11:38:52,944:MySQL_Database.py#L81:INFO]: MySQL knobs persisted to mysqld-auto.cnf. Restarting to apply...
[2026-04-18 11:38:52,944:MySQL_Database.py#L200:INFO]: Restarting MySQL service...
[2026-04-18 11:39:01,385:MySQL_Database.py#L210:INFO]: Waiting for MySQL to become available...
[2026-04-18 11:39:01,509:MySQL_Database.py#L228:INFO]: MySQL is back up! (Took 0.12s)
[2026-04-18 11:39:01,509:MySQL_Database.py#L32:INFO]: Closed old MySQL connection.
[2026-04-18 11:39:01,576:MySQL_Database.py#L278:INFO]: Executing transpiled workload olap_workloads/ssb_198.wg (3 queries)...
[2026-04-18 11:39:09,342:MySQL_Database.py#L305:INFO]: Workload olap_workloads/ssb_198.wg executed successfully.
[2026-04-18 11:39:09,342:run_diverse_configs.py#L206:INFO]: Performance for config 8: 2.588383591889093
[2026-04-18 11:39:09,342:run_diverse_configs.py#L137:INFO]: Running config 9/10 for ssb_198
[2026-04-18 11:39:09,343:MySQL_Database.py#L253:INFO]: Transpiling workload from PostgreSQL to MySQL syntax...
[2026-04-18 11:39:09,357:MySQL_Database.py#L81:INFO]: MySQL knobs persisted to mysqld-auto.cnf. Restarting to apply...
[2026-04-18 11:39:09,357:MySQL_Database.py#L200:INFO]: Restarting MySQL service...
[2026-04-18 11:39:17,698:MySQL_Database.py#L210:INFO]: Waiting for MySQL to become available...
[2026-04-18 11:39:17,774:MySQL_Database.py#L228:INFO]: MySQL is back up! (Took 0.08s)
[2026-04-18 11:39:17,774:MySQL_Database.py#L32:INFO]: Closed old MySQL connection.
[2026-04-18 11:39:17,835:MySQL_Database.py#L278:INFO]: Executing transpiled workload olap_workloads/ssb_198.wg (3 queries)...
[2026-04-18 11:39:25,499:MySQL_Database.py#L305:INFO]: Workload olap_workloads/ssb_198.wg executed successfully.
[2026-04-18 11:39:25,499:run_diverse_configs.py#L206:INFO]: Performance for config 9: 2.554570951809486
[2026-04-18 11:39:25,499:run_diverse_configs.py#L137:INFO]: Running config 10/10 for ssb_198
[2026-04-18 11:39:25,500:MySQL_Database.py#L253:INFO]: Transpiling workload from PostgreSQL to MySQL syntax...
[2026-04-18 11:39:25,523:MySQL_Database.py#L81:INFO]: MySQL knobs persisted to mysqld-auto.cnf. Restarting to apply...
[2026-04-18 11:39:25,523:MySQL_Database.py#L200:INFO]: Restarting MySQL service...
[2026-04-18 11:39:33,966:MySQL_Database.py#L210:INFO]: Waiting for MySQL to become available...
[2026-04-18 11:39:34,030:MySQL_Database.py#L228:INFO]: MySQL is back up! (Took 0.06s)
[2026-04-18 11:39:34,031:MySQL_Database.py#L32:INFO]: Closed old MySQL connection.
[2026-04-18 11:39:34,092:MySQL_Database.py#L278:INFO]: Executing transpiled workload olap_workloads/ssb_198.wg (3 queries)...
[2026-04-18 11:39:41,743:MySQL_Database.py#L305:INFO]: Workload olap_workloads/ssb_198.wg executed successfully.
[2026-04-18 11:39:41,744:run_diverse_configs.py#L206:INFO]: Performance for config 10: 2.5503095244057477
[2026-04-18 11:39:41,744:run_diverse_configs.py#L129:INFO]: Running 10 configs for ssb_100
[2026-04-18 11:39:41,744:run_diverse_configs.py#L137:INFO]: Running config 1/10 for ssb_100
[2026-04-18 11:39:41,750:MySQL_Database.py#L253:INFO]: Transpiling workload from PostgreSQL to MySQL syntax...
[2026-04-18 11:39:41,781:MySQL_Database.py#L81:INFO]: MySQL knobs persisted to mysqld-auto.cnf. Restarting to apply...
[2026-04-18 11:39:41,781:MySQL_Database.py#L200:INFO]: Restarting MySQL service...
[2026-04-18 11:39:50,273:MySQL_Database.py#L210:INFO]: Waiting for MySQL to become available...
[2026-04-18 11:39:50,355:MySQL_Database.py#L228:INFO]: MySQL is back up! (Took 0.08s)
[2026-04-18 11:39:50,355:MySQL_Database.py#L32:INFO]: Closed old MySQL connection.
[2026-04-18 11:39:50,477:MySQL_Database.py#L278:INFO]: Executing transpiled workload olap_workloads/ssb_100.wg (2 queries)...
[2026-04-18 11:39:54,943:MySQL_Database.py#L305:INFO]: Workload olap_workloads/ssb_100.wg executed successfully.
[2026-04-18 11:39:54,943:run_diverse_configs.py#L206:INFO]: Performance for config 1: 2.2329237228259444
[2026-04-18 11:39:54,944:run_diverse_configs.py#L137:INFO]: Running config 2/10 for ssb_100
[2026-04-18 11:39:54,944:MySQL_Database.py#L253:INFO]: Transpiling workload from PostgreSQL to MySQL syntax...
[2026-04-18 11:39:54,963:MySQL_Database.py#L81:INFO]: MySQL knobs persisted to mysqld-auto.cnf. Restarting to apply...
[2026-04-18 11:39:54,963:MySQL_Database.py#L200:INFO]: Restarting MySQL service...
[2026-04-18 11:40:03,508:MySQL_Database.py#L210:INFO]: Waiting for MySQL to become available...
[2026-04-18 11:40:03,572:MySQL_Database.py#L228:INFO]: MySQL is back up! (Took 0.06s)
[2026-04-18 11:40:03,572:MySQL_Database.py#L32:INFO]: Closed old MySQL connection.
[2026-04-18 11:40:03,633:MySQL_Database.py#L278:INFO]: Executing transpiled workload olap_workloads/ssb_100.wg (2 queries)...
[2026-04-18 11:40:08,104:MySQL_Database.py#L305:INFO]: Workload olap_workloads/ssb_100.wg executed successfully.
[2026-04-18 11:40:08,104:run_diverse_configs.py#L206:INFO]: Performance for config 2: 2.235227578319609
[2026-04-18 11:40:08,105:run_diverse_configs.py#L137:INFO]: Running config 3/10 for ssb_100
[2026-04-18 11:40:08,105:MySQL_Database.py#L253:INFO]: Transpiling workload from PostgreSQL to MySQL syntax...
[2026-04-18 11:40:08,126:MySQL_Database.py#L81:INFO]: MySQL knobs persisted to mysqld-auto.cnf. Restarting to apply...
[2026-04-18 11:40:08,126:MySQL_Database.py#L200:INFO]: Restarting MySQL service...
[2026-04-18 11:40:16,770:MySQL_Database.py#L210:INFO]: Waiting for MySQL to become available...
[2026-04-18 11:40:16,836:MySQL_Database.py#L228:INFO]: MySQL is back up! (Took 0.07s)
[2026-04-18 11:40:16,836:MySQL_Database.py#L32:INFO]: Closed old MySQL connection.
[2026-04-18 11:40:16,897:MySQL_Database.py#L278:INFO]: Executing transpiled workload olap_workloads/ssb_100.wg (2 queries)...
[2026-04-18 11:40:21,368:MySQL_Database.py#L305:INFO]: Workload olap_workloads/ssb_100.wg executed successfully.
[2026-04-18 11:40:21,368:run_diverse_configs.py#L206:INFO]: Performance for config 3: 2.235326580470428
[2026-04-18 11:40:21,369:run_diverse_configs.py#L137:INFO]: Running config 4/10 for ssb_100
[2026-04-18 11:40:21,369:MySQL_Database.py#L253:INFO]: Transpiling workload from PostgreSQL to MySQL syntax...
[2026-04-18 11:40:21,387:MySQL_Database.py#L81:INFO]: MySQL knobs persisted to mysqld-auto.cnf. Restarting to apply...
[2026-04-18 11:40:21,388:MySQL_Database.py#L200:INFO]: Restarting MySQL service...
[2026-04-18 11:40:30,081:MySQL_Database.py#L210:INFO]: Waiting for MySQL to become available...
[2026-04-18 11:40:30,168:MySQL_Database.py#L228:INFO]: MySQL is back up! (Took 0.09s)
[2026-04-18 11:40:30,168:MySQL_Database.py#L32:INFO]: Closed old MySQL connection.
[2026-04-18 11:40:30,229:MySQL_Database.py#L278:INFO]: Executing transpiled workload olap_workloads/ssb_100.wg (2 queries)...
[2026-04-18 11:40:34,706:MySQL_Database.py#L305:INFO]: Workload olap_workloads/ssb_100.wg executed successfully.
[2026-04-18 11:40:34,706:run_diverse_configs.py#L206:INFO]: Performance for config 4: 2.238373928470537
[2026-04-18 11:40:34,707:run_diverse_configs.py#L137:INFO]: Running config 5/10 for ssb_100
[2026-04-18 11:40:34,707:MySQL_Database.py#L253:INFO]: Transpiling workload from PostgreSQL to MySQL syntax...
[2026-04-18 11:40:34,726:MySQL_Database.py#L81:INFO]: MySQL knobs persisted to mysqld-auto.cnf. Restarting to apply...
[2026-04-18 11:40:34,726:MySQL_Database.py#L200:INFO]: Restarting MySQL service...
[2026-04-18 11:40:43,271:MySQL_Database.py#L210:INFO]: Waiting for MySQL to become available...
[2026-04-18 11:40:43,337:MySQL_Database.py#L228:INFO]: MySQL is back up! (Took 0.07s)
[2026-04-18 11:40:43,337:MySQL_Database.py#L32:INFO]: Closed old MySQL connection.
[2026-04-18 11:40:43,406:MySQL_Database.py#L278:INFO]: Executing transpiled workload olap_workloads/ssb_100.wg (2 queries)...
[2026-04-18 11:40:47,909:MySQL_Database.py#L305:INFO]: Workload olap_workloads/ssb_100.wg executed successfully.
[2026-04-18 11:40:47,909:run_diverse_configs.py#L206:INFO]: Performance for config 5: 2.251002891222015
[2026-04-18 11:40:47,909:run_diverse_configs.py#L137:INFO]: Running config 6/10 for ssb_100
[2026-04-18 11:40:47,909:MySQL_Database.py#L253:INFO]: Transpiling workload from PostgreSQL to MySQL syntax...
[2026-04-18 11:40:47,937:MySQL_Database.py#L81:INFO]: MySQL knobs persisted to mysqld-auto.cnf. Restarting to apply...
[2026-04-18 11:40:47,937:MySQL_Database.py#L200:INFO]: Restarting MySQL service...
[2026-04-18 11:40:56,533:MySQL_Database.py#L210:INFO]: Waiting for MySQL to become available...
[2026-04-18 11:40:56,611:MySQL_Database.py#L228:INFO]: MySQL is back up! (Took 0.08s)
[2026-04-18 11:40:56,611:MySQL_Database.py#L32:INFO]: Closed old MySQL connection.
[2026-04-18 11:40:56,706:MySQL_Database.py#L278:INFO]: Executing transpiled workload olap_workloads/ssb_100.wg (2 queries)...
[2026-04-18 11:41:01,223:MySQL_Database.py#L305:INFO]: Workload olap_workloads/ssb_100.wg executed successfully.
[2026-04-18 11:41:01,223:run_diverse_configs.py#L206:INFO]: Performance for config 6: 2.2580143760424107
[2026-04-18 11:41:01,224:run_diverse_configs.py#L137:INFO]: Running config 7/10 for ssb_100
[2026-04-18 11:41:01,224:MySQL_Database.py#L253:INFO]: Transpiling workload from PostgreSQL to MySQL syntax...
[2026-04-18 11:41:01,240:MySQL_Database.py#L81:INFO]: MySQL knobs persisted to mysqld-auto.cnf. Restarting to apply...
[2026-04-18 11:41:01,240:MySQL_Database.py#L200:INFO]: Restarting MySQL service...
[2026-04-18 11:41:09,735:MySQL_Database.py#L210:INFO]: Waiting for MySQL to become available...
[2026-04-18 11:41:09,800:MySQL_Database.py#L228:INFO]: MySQL is back up! (Took 0.06s)
[2026-04-18 11:41:09,800:MySQL_Database.py#L32:INFO]: Closed old MySQL connection.
[2026-04-18 11:41:09,862:MySQL_Database.py#L278:INFO]: Executing transpiled workload olap_workloads/ssb_100.wg (2 queries)...
[2026-04-18 11:41:14,394:MySQL_Database.py#L305:INFO]: Workload olap_workloads/ssb_100.wg executed successfully.
[2026-04-18 11:41:14,395:run_diverse_configs.py#L206:INFO]: Performance for config 7: 2.2661843847017735
[2026-04-18 11:41:14,395:run_diverse_configs.py#L137:INFO]: Running config 8/10 for ssb_100
[2026-04-18 11:41:14,395:MySQL_Database.py#L253:INFO]: Transpiling workload from PostgreSQL to MySQL syntax...
[2026-04-18 11:41:14,426:MySQL_Database.py#L81:INFO]: MySQL knobs persisted to mysqld-auto.cnf. Restarting to apply...
[2026-04-18 11:41:14,426:MySQL_Database.py#L200:INFO]: Restarting MySQL service...
[2026-04-18 11:41:22,920:MySQL_Database.py#L210:INFO]: Waiting for MySQL to become available...
[2026-04-18 11:41:22,999:MySQL_Database.py#L228:INFO]: MySQL is back up! (Took 0.08s)
[2026-04-18 11:41:23,000:MySQL_Database.py#L32:INFO]: Closed old MySQL connection.
[2026-04-18 11:41:23,121:MySQL_Database.py#L278:INFO]: Executing transpiled workload olap_workloads/ssb_100.wg (2 queries)...
[2026-04-18 11:41:27,617:MySQL_Database.py#L305:INFO]: Workload olap_workloads/ssb_100.wg executed successfully.
[2026-04-18 11:41:27,617:run_diverse_configs.py#L206:INFO]: Performance for config 8: 2.2474690864328295
[2026-04-18 11:41:27,617:run_diverse_configs.py#L137:INFO]: Running config 9/10 for ssb_100
[2026-04-18 11:41:27,618:MySQL_Database.py#L253:INFO]: Transpiling workload from PostgreSQL to MySQL syntax...
[2026-04-18 11:41:27,632:MySQL_Database.py#L81:INFO]: MySQL knobs persisted to mysqld-auto.cnf. Restarting to apply...
[2026-04-18 11:41:27,632:MySQL_Database.py#L200:INFO]: Restarting MySQL service...
[2026-04-18 11:41:36,179:MySQL_Database.py#L210:INFO]: Waiting for MySQL to become available...
[2026-04-18 11:41:36,250:MySQL_Database.py#L228:INFO]: MySQL is back up! (Took 0.07s)
[2026-04-18 11:41:36,250:MySQL_Database.py#L32:INFO]: Closed old MySQL connection.
[2026-04-18 11:41:36,311:MySQL_Database.py#L278:INFO]: Executing transpiled workload olap_workloads/ssb_100.wg (2 queries)...
[2026-04-18 11:41:40,766:MySQL_Database.py#L305:INFO]: Workload olap_workloads/ssb_100.wg executed successfully.
[2026-04-18 11:41:40,767:run_diverse_configs.py#L206:INFO]: Performance for config 9: 2.22734964848496
[2026-04-18 11:41:40,767:run_diverse_configs.py#L137:INFO]: Running config 10/10 for ssb_100
[2026-04-18 11:41:40,767:MySQL_Database.py#L253:INFO]: Transpiling workload from PostgreSQL to MySQL syntax...
[2026-04-18 11:41:40,786:MySQL_Database.py#L81:INFO]: MySQL knobs persisted to mysqld-auto.cnf. Restarting to apply...
[2026-04-18 11:41:40,786:MySQL_Database.py#L200:INFO]: Restarting MySQL service...
[2026-04-18 11:41:48,427:MySQL_Database.py#L210:INFO]: Waiting for MySQL to become available...
[2026-04-18 11:41:48,491:MySQL_Database.py#L228:INFO]: MySQL is back up! (Took 0.06s)
[2026-04-18 11:41:48,492:MySQL_Database.py#L32:INFO]: Closed old MySQL connection.
[2026-04-18 11:41:48,591:MySQL_Database.py#L278:INFO]: Executing transpiled workload olap_workloads/ssb_100.wg (2 queries)...
[2026-04-18 11:41:53,210:MySQL_Database.py#L305:INFO]: Workload olap_workloads/ssb_100.wg executed successfully.
[2026-04-18 11:41:53,210:run_diverse_configs.py#L206:INFO]: Performance for config 10: 2.309249031590298
[2026-04-18 11:41:53,211:run_diverse_configs.py#L129:INFO]: Running 10 configs for ssb_114
[2026-04-18 11:41:53,211:run_diverse_configs.py#L137:INFO]: Running config 1/10 for ssb_114
[2026-04-18 11:41:53,217:MySQL_Database.py#L253:INFO]: Transpiling workload from PostgreSQL to MySQL syntax...
[2026-04-18 11:41:53,240:MySQL_Database.py#L81:INFO]: MySQL knobs persisted to mysqld-auto.cnf. Restarting to apply...
[2026-04-18 11:41:53,240:MySQL_Database.py#L200:INFO]: Restarting MySQL service...
[2026-04-18 11:42:01,734:MySQL_Database.py#L210:INFO]: Waiting for MySQL to become available...
[2026-04-18 11:42:01,799:MySQL_Database.py#L228:INFO]: MySQL is back up! (Took 0.07s)
[2026-04-18 11:42:01,800:MySQL_Database.py#L32:INFO]: Closed old MySQL connection.
[2026-04-18 11:42:01,860:MySQL_Database.py#L278:INFO]: Executing transpiled workload olap_workloads/ssb_114.wg (2 queries)...
[2026-04-18 11:42:08,205:MySQL_Database.py#L305:INFO]: Workload olap_workloads/ssb_114.wg executed successfully.
[2026-04-18 11:42:08,205:run_diverse_configs.py#L206:INFO]: Performance for config 1: 3.17206949647516
[2026-04-18 11:42:08,205:run_diverse_configs.py#L137:INFO]: Running config 2/10 for ssb_114
[2026-04-18 11:42:08,205:MySQL_Database.py#L253:INFO]: Transpiling workload from PostgreSQL to MySQL syntax...
[2026-04-18 11:42:08,228:MySQL_Database.py#L81:INFO]: MySQL knobs persisted to mysqld-auto.cnf. Restarting to apply...
[2026-04-18 11:42:08,228:MySQL_Database.py#L200:INFO]: Restarting MySQL service...
[2026-04-18 11:42:15,966:MySQL_Database.py#L210:INFO]: Waiting for MySQL to become available...
[2026-04-18 11:42:16,090:MySQL_Database.py#L228:INFO]: MySQL is back up! (Took 0.12s)
[2026-04-18 11:42:16,090:MySQL_Database.py#L32:INFO]: Closed old MySQL connection.
[2026-04-18 11:42:16,203:MySQL_Database.py#L278:INFO]: Executing transpiled workload olap_workloads/ssb_114.wg (2 queries)...
[2026-04-18 11:42:22,497:MySQL_Database.py#L305:INFO]: Workload olap_workloads/ssb_114.wg executed successfully.
[2026-04-18 11:42:22,498:run_diverse_configs.py#L206:INFO]: Performance for config 2: 3.1469990184996277
[2026-04-18 11:42:22,498:run_diverse_configs.py#L137:INFO]: Running config 3/10 for ssb_114
[2026-04-18 11:42:22,498:MySQL_Database.py#L253:INFO]: Transpiling workload from PostgreSQL to MySQL syntax...
[2026-04-18 11:42:22,512:MySQL_Database.py#L81:INFO]: MySQL knobs persisted to mysqld-auto.cnf. Restarting to apply...
[2026-04-18 11:42:22,512:MySQL_Database.py#L200:INFO]: Restarting MySQL service...
[2026-04-18 11:42:30,305:MySQL_Database.py#L210:INFO]: Waiting for MySQL to become available...
[2026-04-18 11:42:30,370:MySQL_Database.py#L228:INFO]: MySQL is back up! (Took 0.06s)
[2026-04-18 11:42:30,370:MySQL_Database.py#L32:INFO]: Closed old MySQL connection.
[2026-04-18 11:42:30,457:MySQL_Database.py#L278:INFO]: Executing transpiled workload olap_workloads/ssb_114.wg (2 queries)...
[2026-04-18 11:42:36,784:MySQL_Database.py#L305:INFO]: Workload olap_workloads/ssb_114.wg executed successfully.
[2026-04-18 11:42:36,784:run_diverse_configs.py#L206:INFO]: Performance for config 3: 3.1631565869320184
[2026-04-18 11:42:36,785:run_diverse_configs.py#L137:INFO]: Running config 4/10 for ssb_114
[2026-04-18 11:42:36,785:MySQL_Database.py#L253:INFO]: Transpiling workload from PostgreSQL to MySQL syntax...
[2026-04-18 11:42:36,807:MySQL_Database.py#L81:INFO]: MySQL knobs persisted to mysqld-auto.cnf. Restarting to apply...
[2026-04-18 11:42:36,808:MySQL_Database.py#L200:INFO]: Restarting MySQL service...
[2026-04-18 11:42:44,546:MySQL_Database.py#L210:INFO]: Waiting for MySQL to become available...
[2026-04-18 11:42:44,617:MySQL_Database.py#L228:INFO]: MySQL is back up! (Took 0.07s)
[2026-04-18 11:42:44,617:MySQL_Database.py#L32:INFO]: Closed old MySQL connection.
[2026-04-18 11:42:44,677:MySQL_Database.py#L278:INFO]: Executing transpiled workload olap_workloads/ssb_114.wg (2 queries)...
[2026-04-18 11:42:51,030:MySQL_Database.py#L305:INFO]: Workload olap_workloads/ssb_114.wg executed successfully.
[2026-04-18 11:42:51,030:run_diverse_configs.py#L206:INFO]: Performance for config 4: 3.1762440835591406
[2026-04-18 11:42:51,031:run_diverse_configs.py#L137:INFO]: Running config 5/10 for ssb_114
[2026-04-18 11:42:51,031:MySQL_Database.py#L253:INFO]: Transpiling workload from PostgreSQL to MySQL syntax...
[2026-04-18 11:42:51,054:MySQL_Database.py#L81:INFO]: MySQL knobs persisted to mysqld-auto.cnf. Restarting to apply...
[2026-04-18 11:42:51,054:MySQL_Database.py#L200:INFO]: Restarting MySQL service...
[2026-04-18 11:42:58,744:MySQL_Database.py#L210:INFO]: Waiting for MySQL to become available...
[2026-04-18 11:42:58,809:MySQL_Database.py#L228:INFO]: MySQL is back up! (Took 0.06s)
[2026-04-18 11:42:58,809:MySQL_Database.py#L32:INFO]: Closed old MySQL connection.
[2026-04-18 11:42:58,870:MySQL_Database.py#L278:INFO]: Executing transpiled workload olap_workloads/ssb_114.wg (2 queries)...
[2026-04-18 11:43:05,349:MySQL_Database.py#L305:INFO]: Workload olap_workloads/ssb_114.wg executed successfully.
[2026-04-18 11:43:05,350:run_diverse_configs.py#L206:INFO]: Performance for config 5: 3.239203255623579
[2026-04-18 11:43:05,350:run_diverse_configs.py#L137:INFO]: Running config 6/10 for ssb_114
[2026-04-18 11:43:05,350:MySQL_Database.py#L253:INFO]: Transpiling workload from PostgreSQL to MySQL syntax...
[2026-04-18 11:43:05,373:MySQL_Database.py#L81:INFO]: MySQL knobs persisted to mysqld-auto.cnf. Restarting to apply...
[2026-04-18 11:43:05,374:MySQL_Database.py#L200:INFO]: Restarting MySQL service...
[2026-04-18 11:43:13,069:MySQL_Database.py#L210:INFO]: Waiting for MySQL to become available...
[2026-04-18 11:43:13,134:MySQL_Database.py#L228:INFO]: MySQL is back up! (Took 0.06s)
[2026-04-18 11:43:13,134:MySQL_Database.py#L32:INFO]: Closed old MySQL connection.
[2026-04-18 11:43:13,195:MySQL_Database.py#L278:INFO]: Executing transpiled workload olap_workloads/ssb_114.wg (2 queries)...
[2026-04-18 11:43:19,579:MySQL_Database.py#L305:INFO]: Workload olap_workloads/ssb_114.wg executed successfully.
[2026-04-18 11:43:19,580:run_diverse_configs.py#L206:INFO]: Performance for config 6: 3.1918314769864082
[2026-04-18 11:43:19,580:run_diverse_configs.py#L137:INFO]: Running config 7/10 for ssb_114
[2026-04-18 11:43:19,580:MySQL_Database.py#L253:INFO]: Transpiling workload from PostgreSQL to MySQL syntax...
[2026-04-18 11:43:19,604:MySQL_Database.py#L81:INFO]: MySQL knobs persisted to mysqld-auto.cnf. Restarting to apply...
[2026-04-18 11:43:19,604:MySQL_Database.py#L200:INFO]: Restarting MySQL service...
[2026-04-18 11:43:27,295:MySQL_Database.py#L210:INFO]: Waiting for MySQL to become available...
[2026-04-18 11:43:27,365:MySQL_Database.py#L228:INFO]: MySQL is back up! (Took 0.07s)
[2026-04-18 11:43:27,365:MySQL_Database.py#L32:INFO]: Closed old MySQL connection.
[2026-04-18 11:43:27,427:MySQL_Database.py#L278:INFO]: Executing transpiled workload olap_workloads/ssb_114.wg (2 queries)...
[2026-04-18 11:43:33,706:MySQL_Database.py#L305:INFO]: Workload olap_workloads/ssb_114.wg executed successfully.
[2026-04-18 11:43:33,706:run_diverse_configs.py#L206:INFO]: Performance for config 7: 3.139013069914654
[2026-04-18 11:43:33,706:run_diverse_configs.py#L137:INFO]: Running config 8/10 for ssb_114
[2026-04-18 11:43:33,707:MySQL_Database.py#L253:INFO]: Transpiling workload from PostgreSQL to MySQL syntax...
[2026-04-18 11:43:33,737:MySQL_Database.py#L81:INFO]: MySQL knobs persisted to mysqld-auto.cnf. Restarting to apply...
[2026-04-18 11:43:33,737:MySQL_Database.py#L200:INFO]: Restarting MySQL service...
[2026-04-18 11:43:41,476:MySQL_Database.py#L210:INFO]: Waiting for MySQL to become available...
[2026-04-18 11:43:41,539:MySQL_Database.py#L228:INFO]: MySQL is back up! (Took 0.06s)
[2026-04-18 11:43:41,540:MySQL_Database.py#L32:INFO]: Closed old MySQL connection.
[2026-04-18 11:43:41,601:MySQL_Database.py#L278:INFO]: Executing transpiled workload olap_workloads/ssb_114.wg (2 queries)...
[2026-04-18 11:43:47,861:MySQL_Database.py#L305:INFO]: Workload olap_workloads/ssb_114.wg executed successfully.
[2026-04-18 11:43:47,861:run_diverse_configs.py#L206:INFO]: Performance for config 8: 3.1294182590208948
[2026-04-18 11:43:47,861:run_diverse_configs.py#L137:INFO]: Running config 9/10 for ssb_114
[2026-04-18 11:43:47,861:MySQL_Database.py#L253:INFO]: Transpiling workload from PostgreSQL to MySQL syntax...
[2026-04-18 11:43:47,884:MySQL_Database.py#L81:INFO]: MySQL knobs persisted to mysqld-auto.cnf. Restarting to apply...
[2026-04-18 11:43:47,884:MySQL_Database.py#L200:INFO]: Restarting MySQL service...
[2026-04-18 11:43:55,827:MySQL_Database.py#L210:INFO]: Waiting for MySQL to become available...
[2026-04-18 11:43:55,893:MySQL_Database.py#L228:INFO]: MySQL is back up! (Took 0.07s)
[2026-04-18 11:43:55,894:MySQL_Database.py#L32:INFO]: Closed old MySQL connection.
[2026-04-18 11:43:55,954:MySQL_Database.py#L278:INFO]: Executing transpiled workload olap_workloads/ssb_114.wg (2 queries)...
[2026-04-18 11:44:02,493:MySQL_Database.py#L305:INFO]: Workload olap_workloads/ssb_114.wg executed successfully.
[2026-04-18 11:44:02,493:run_diverse_configs.py#L206:INFO]: Performance for config 9: 3.2692171949893236
[2026-04-18 11:44:02,494:run_diverse_configs.py#L137:INFO]: Running config 10/10 for ssb_114
[2026-04-18 11:44:02,494:MySQL_Database.py#L253:INFO]: Transpiling workload from PostgreSQL to MySQL syntax...
[2026-04-18 11:44:02,514:MySQL_Database.py#L81:INFO]: MySQL knobs persisted to mysqld-auto.cnf. Restarting to apply...
[2026-04-18 11:44:02,515:MySQL_Database.py#L200:INFO]: Restarting MySQL service...
[2026-04-18 11:44:11,063:MySQL_Database.py#L210:INFO]: Waiting for MySQL to become available...
[2026-04-18 11:44:11,128:MySQL_Database.py#L228:INFO]: MySQL is back up! (Took 0.06s)
[2026-04-18 11:44:11,128:MySQL_Database.py#L32:INFO]: Closed old MySQL connection.
[2026-04-18 11:44:11,189:MySQL_Database.py#L278:INFO]: Executing transpiled workload olap_workloads/ssb_114.wg (2 queries)...
[2026-04-18 11:44:17,647:MySQL_Database.py#L305:INFO]: Workload olap_workloads/ssb_114.wg executed successfully.
[2026-04-18 11:44:17,648:run_diverse_configs.py#L206:INFO]: Performance for config 10: 3.2288443425204605
[2026-04-18 11:44:17,648:run_diverse_configs.py#L129:INFO]: Running 10 configs for ssb_188
[2026-04-18 11:44:17,648:run_diverse_configs.py#L137:INFO]: Running config 1/10 for ssb_188
[2026-04-18 11:44:17,654:MySQL_Database.py#L253:INFO]: Transpiling workload from PostgreSQL to MySQL syntax...
[2026-04-18 11:44:17,677:MySQL_Database.py#L81:INFO]: MySQL knobs persisted to mysqld-auto.cnf. Restarting to apply...
[2026-04-18 11:44:17,678:MySQL_Database.py#L200:INFO]: Restarting MySQL service...
[2026-04-18 11:44:26,323:MySQL_Database.py#L210:INFO]: Waiting for MySQL to become available...
[2026-04-18 11:44:26,446:MySQL_Database.py#L228:INFO]: MySQL is back up! (Took 0.12s)
[2026-04-18 11:44:26,446:MySQL_Database.py#L32:INFO]: Closed old MySQL connection.
[2026-04-18 11:44:26,567:MySQL_Database.py#L278:INFO]: Executing transpiled workload olap_workloads/ssb_188.wg (2 queries)...
[2026-04-18 11:44:34,743:MySQL_Database.py#L305:INFO]: Workload olap_workloads/ssb_188.wg executed successfully.
[2026-04-18 11:44:34,743:run_diverse_configs.py#L206:INFO]: Performance for config 1: 4.087486139498651
[2026-04-18 11:44:34,743:run_diverse_configs.py#L137:INFO]: Running config 2/10 for ssb_188
[2026-04-18 11:44:34,744:MySQL_Database.py#L253:INFO]: Transpiling workload from PostgreSQL to MySQL syntax...
[2026-04-18 11:44:34,767:MySQL_Database.py#L81:INFO]: MySQL knobs persisted to mysqld-auto.cnf. Restarting to apply...
[2026-04-18 11:44:34,767:MySQL_Database.py#L200:INFO]: Restarting MySQL service...
[2026-04-18 11:44:42,560:MySQL_Database.py#L210:INFO]: Waiting for MySQL to become available...
[2026-04-18 11:44:42,623:MySQL_Database.py#L228:INFO]: MySQL is back up! (Took 0.06s)
[2026-04-18 11:44:42,624:MySQL_Database.py#L32:INFO]: Closed old MySQL connection.
[2026-04-18 11:44:42,684:MySQL_Database.py#L278:INFO]: Executing transpiled workload olap_workloads/ssb_188.wg (2 queries)...
[2026-04-18 11:44:50,980:MySQL_Database.py#L305:INFO]: Workload olap_workloads/ssb_188.wg executed successfully.
[2026-04-18 11:44:50,980:run_diverse_configs.py#L206:INFO]: Performance for config 2: 4.147827595472336
[2026-04-18 11:44:50,980:run_diverse_configs.py#L137:INFO]: Running config 3/10 for ssb_188
[2026-04-18 11:44:50,981:MySQL_Database.py#L253:INFO]: Transpiling workload from PostgreSQL to MySQL syntax...
[2026-04-18 11:44:51,001:MySQL_Database.py#L81:INFO]: MySQL knobs persisted to mysqld-auto.cnf. Restarting to apply...
[2026-04-18 11:44:51,001:MySQL_Database.py#L200:INFO]: Restarting MySQL service...
[2026-04-18 11:44:58,789:MySQL_Database.py#L210:INFO]: Waiting for MySQL to become available...
[2026-04-18 11:44:58,853:MySQL_Database.py#L228:INFO]: MySQL is back up! (Took 0.06s)
[2026-04-18 11:44:58,854:MySQL_Database.py#L32:INFO]: Closed old MySQL connection.
[2026-04-18 11:44:58,915:MySQL_Database.py#L278:INFO]: Executing transpiled workload olap_workloads/ssb_188.wg (2 queries)...
[2026-04-18 11:45:06,925:MySQL_Database.py#L305:INFO]: Workload olap_workloads/ssb_188.wg executed successfully.
[2026-04-18 11:45:06,925:run_diverse_configs.py#L206:INFO]: Performance for config 3: 4.004565027076751
[2026-04-18 11:45:06,925:run_diverse_configs.py#L137:INFO]: Running config 4/10 for ssb_188
[2026-04-18 11:45:06,926:MySQL_Database.py#L253:INFO]: Transpiling workload from PostgreSQL to MySQL syntax...
[2026-04-18 11:45:06,944:MySQL_Database.py#L81:INFO]: MySQL knobs persisted to mysqld-auto.cnf. Restarting to apply...
[2026-04-18 11:45:06,944:MySQL_Database.py#L200:INFO]: Restarting MySQL service...
[2026-04-18 11:45:15,138:MySQL_Database.py#L210:INFO]: Waiting for MySQL to become available...
[2026-04-18 11:45:15,204:MySQL_Database.py#L228:INFO]: MySQL is back up! (Took 0.07s)
[2026-04-18 11:45:15,204:MySQL_Database.py#L32:INFO]: Closed old MySQL connection.
[2026-04-18 11:45:15,265:MySQL_Database.py#L278:INFO]: Executing transpiled workload olap_workloads/ssb_188.wg (2 queries)...
[2026-04-18 11:45:23,137:MySQL_Database.py#L305:INFO]: Workload olap_workloads/ssb_188.wg executed successfully.
[2026-04-18 11:45:23,138:run_diverse_configs.py#L206:INFO]: Performance for config 4: 3.9361250954680145
[2026-04-18 11:45:23,138:run_diverse_configs.py#L137:INFO]: Running config 5/10 for ssb_188
[2026-04-18 11:45:23,138:MySQL_Database.py#L253:INFO]: Transpiling workload from PostgreSQL to MySQL syntax...
[2026-04-18 11:45:23,159:MySQL_Database.py#L81:INFO]: MySQL knobs persisted to mysqld-auto.cnf. Restarting to apply...
[2026-04-18 11:45:23,159:MySQL_Database.py#L200:INFO]: Restarting MySQL service...
[2026-04-18 11:45:31,248:MySQL_Database.py#L210:INFO]: Waiting for MySQL to become available...
[2026-04-18 11:45:31,317:MySQL_Database.py#L228:INFO]: MySQL is back up! (Took 0.07s)
[2026-04-18 11:45:31,317:MySQL_Database.py#L32:INFO]: Closed old MySQL connection.
[2026-04-18 11:45:31,380:MySQL_Database.py#L278:INFO]: Executing transpiled workload olap_workloads/ssb_188.wg (2 queries)...
[2026-04-18 11:45:39,122:MySQL_Database.py#L305:INFO]: Workload olap_workloads/ssb_188.wg executed successfully.
[2026-04-18 11:45:39,122:run_diverse_configs.py#L206:INFO]: Performance for config 5: 3.870852813590318
[2026-04-18 11:45:39,122:run_diverse_configs.py#L137:INFO]: Running config 6/10 for ssb_188
[2026-04-18 11:45:39,123:MySQL_Database.py#L253:INFO]: Transpiling workload from PostgreSQL to MySQL syntax...
[2026-04-18 11:45:39,146:MySQL_Database.py#L81:INFO]: MySQL knobs persisted to mysqld-auto.cnf. Restarting to apply...
[2026-04-18 11:45:39,146:MySQL_Database.py#L200:INFO]: Restarting MySQL service...
[2026-04-18 11:45:47,544:MySQL_Database.py#L210:INFO]: Waiting for MySQL to become available...
[2026-04-18 11:45:47,668:MySQL_Database.py#L228:INFO]: MySQL is back up! (Took 0.12s)
[2026-04-18 11:45:47,668:MySQL_Database.py#L32:INFO]: Closed old MySQL connection.
[2026-04-18 11:45:47,744:MySQL_Database.py#L278:INFO]: Executing transpiled workload olap_workloads/ssb_188.wg (2 queries)...
[2026-04-18 11:45:55,690:MySQL_Database.py#L305:INFO]: Workload olap_workloads/ssb_188.wg executed successfully.
[2026-04-18 11:45:55,690:run_diverse_configs.py#L206:INFO]: Performance for config 6: 3.9730195556767285
[2026-04-18 11:45:55,691:run_diverse_configs.py#L137:INFO]: Running config 7/10 for ssb_188
[2026-04-18 11:45:55,691:MySQL_Database.py#L253:INFO]: Transpiling workload from PostgreSQL to MySQL syntax...
[2026-04-18 11:45:55,713:MySQL_Database.py#L81:INFO]: MySQL knobs persisted to mysqld-auto.cnf. Restarting to apply...
[2026-04-18 11:45:55,713:MySQL_Database.py#L200:INFO]: Restarting MySQL service...
[2026-04-18 11:46:03,754:MySQL_Database.py#L210:INFO]: Waiting for MySQL to become available...
[2026-04-18 11:46:03,818:MySQL_Database.py#L228:INFO]: MySQL is back up! (Took 0.06s)
[2026-04-18 11:46:03,818:MySQL_Database.py#L32:INFO]: Closed old MySQL connection.
[2026-04-18 11:46:03,879:MySQL_Database.py#L278:INFO]: Executing transpiled workload olap_workloads/ssb_188.wg (2 queries)...
[2026-04-18 11:46:11,729:MySQL_Database.py#L305:INFO]: Workload olap_workloads/ssb_188.wg executed successfully.
[2026-04-18 11:46:11,729:run_diverse_configs.py#L206:INFO]: Performance for config 7: 3.9246048820205033
[2026-04-18 11:46:11,729:run_diverse_configs.py#L137:INFO]: Running config 8/10 for ssb_188
[2026-04-18 11:46:11,730:MySQL_Database.py#L253:INFO]: Transpiling workload from PostgreSQL to MySQL syntax...
[2026-04-18 11:46:11,750:MySQL_Database.py#L81:INFO]: MySQL knobs persisted to mysqld-auto.cnf. Restarting to apply...
[2026-04-18 11:46:11,751:MySQL_Database.py#L200:INFO]: Restarting MySQL service...
[2026-04-18 11:46:19,895:MySQL_Database.py#L210:INFO]: Waiting for MySQL to become available...
[2026-04-18 11:46:19,960:MySQL_Database.py#L228:INFO]: MySQL is back up! (Took 0.06s)
[2026-04-18 11:46:19,961:MySQL_Database.py#L32:INFO]: Closed old MySQL connection.
[2026-04-18 11:46:20,021:MySQL_Database.py#L278:INFO]: Executing transpiled workload olap_workloads/ssb_188.wg (2 queries)...
[2026-04-18 11:46:27,954:MySQL_Database.py#L305:INFO]: Workload olap_workloads/ssb_188.wg executed successfully.
[2026-04-18 11:46:27,954:run_diverse_configs.py#L206:INFO]: Performance for config 8: 3.966175922425464
[2026-04-18 11:46:27,954:run_diverse_configs.py#L137:INFO]: Running config 9/10 for ssb_188
[2026-04-18 11:46:27,955:MySQL_Database.py#L253:INFO]: Transpiling workload from PostgreSQL to MySQL syntax...
[2026-04-18 11:46:27,978:MySQL_Database.py#L81:INFO]: MySQL knobs persisted to mysqld-auto.cnf. Restarting to apply...
[2026-04-18 11:46:27,978:MySQL_Database.py#L200:INFO]: Restarting MySQL service...
[2026-04-18 11:46:36,172:MySQL_Database.py#L210:INFO]: Waiting for MySQL to become available...
[2026-04-18 11:46:36,246:MySQL_Database.py#L228:INFO]: MySQL is back up! (Took 0.07s)
[2026-04-18 11:46:36,246:MySQL_Database.py#L32:INFO]: Closed old MySQL connection.
[2026-04-18 11:46:36,308:MySQL_Database.py#L278:INFO]: Executing transpiled workload olap_workloads/ssb_188.wg (2 queries)...
[2026-04-18 11:46:44,352:MySQL_Database.py#L305:INFO]: Workload olap_workloads/ssb_188.wg executed successfully.
[2026-04-18 11:46:44,352:run_diverse_configs.py#L206:INFO]: Performance for config 9: 4.022066383389756
[2026-04-18 11:46:44,353:run_diverse_configs.py#L137:INFO]: Running config 10/10 for ssb_188
[2026-04-18 11:46:44,353:MySQL_Database.py#L253:INFO]: Transpiling workload from PostgreSQL to MySQL syntax...
[2026-04-18 11:46:44,379:MySQL_Database.py#L81:INFO]: MySQL knobs persisted to mysqld-auto.cnf. Restarting to apply...
[2026-04-18 11:46:44,379:MySQL_Database.py#L200:INFO]: Restarting MySQL service...
[2026-04-18 11:46:52,368:MySQL_Database.py#L210:INFO]: Waiting for MySQL to become available...
[2026-04-18 11:46:52,446:MySQL_Database.py#L228:INFO]: MySQL is back up! (Took 0.08s)
[2026-04-18 11:46:52,447:MySQL_Database.py#L32:INFO]: Closed old MySQL connection.
[2026-04-18 11:46:52,508:MySQL_Database.py#L278:INFO]: Executing transpiled workload olap_workloads/ssb_188.wg (2 queries)...
[2026-04-18 11:47:00,543:MySQL_Database.py#L305:INFO]: Workload olap_workloads/ssb_188.wg executed successfully.
[2026-04-18 11:47:00,543:run_diverse_configs.py#L206:INFO]: Performance for config 10: 4.017552584409714
[2026-04-18 11:47:00,544:run_diverse_configs.py#L129:INFO]: Running 10 configs for ssb_223
[2026-04-18 11:47:00,544:run_diverse_configs.py#L137:INFO]: Running config 1/10 for ssb_223
[2026-04-18 11:47:00,550:MySQL_Database.py#L253:INFO]: Transpiling workload from PostgreSQL to MySQL syntax...
[2026-04-18 11:47:00,573:MySQL_Database.py#L81:INFO]: MySQL knobs persisted to mysqld-auto.cnf. Restarting to apply...
[2026-04-18 11:47:00,573:MySQL_Database.py#L200:INFO]: Restarting MySQL service...
[2026-04-18 11:47:08,612:MySQL_Database.py#L210:INFO]: Waiting for MySQL to become available...
[2026-04-18 11:47:08,678:MySQL_Database.py#L228:INFO]: MySQL is back up! (Took 0.07s)
[2026-04-18 11:47:08,678:MySQL_Database.py#L32:INFO]: Closed old MySQL connection.
[2026-04-18 11:47:08,739:MySQL_Database.py#L278:INFO]: Executing transpiled workload olap_workloads/ssb_223.wg (2 queries)...
[2026-04-18 11:47:09,197:MySQL_Database.py#L305:INFO]: Workload olap_workloads/ssb_223.wg executed successfully.
[2026-04-18 11:47:09,197:run_diverse_configs.py#L206:INFO]: Performance for config 1: 0.2284781055059284
[2026-04-18 11:47:09,197:run_diverse_configs.py#L137:INFO]: Running config 2/10 for ssb_223
[2026-04-18 11:47:09,198:MySQL_Database.py#L253:INFO]: Transpiling workload from PostgreSQL to MySQL syntax...
[2026-04-18 11:47:09,214:MySQL_Database.py#L81:INFO]: MySQL knobs persisted to mysqld-auto.cnf. Restarting to apply...
[2026-04-18 11:47:09,214:MySQL_Database.py#L200:INFO]: Restarting MySQL service...
[2026-04-18 11:47:16,753:MySQL_Database.py#L210:INFO]: Waiting for MySQL to become available...
[2026-04-18 11:47:16,818:MySQL_Database.py#L228:INFO]: MySQL is back up! (Took 0.07s)
[2026-04-18 11:47:16,818:MySQL_Database.py#L32:INFO]: Closed old MySQL connection.
[2026-04-18 11:47:16,879:MySQL_Database.py#L278:INFO]: Executing transpiled workload olap_workloads/ssb_223.wg (2 queries)...
[2026-04-18 11:47:17,286:MySQL_Database.py#L305:INFO]: Workload olap_workloads/ssb_223.wg executed successfully.
[2026-04-18 11:47:17,286:run_diverse_configs.py#L206:INFO]: Performance for config 2: 0.20302852848544717
[2026-04-18 11:47:17,286:run_diverse_configs.py#L137:INFO]: Running config 3/10 for ssb_223
[2026-04-18 11:47:17,286:MySQL_Database.py#L253:INFO]: Transpiling workload from PostgreSQL to MySQL syntax...
[2026-04-18 11:47:17,304:MySQL_Database.py#L81:INFO]: MySQL knobs persisted to mysqld-auto.cnf. Restarting to apply...
[2026-04-18 11:47:17,304:MySQL_Database.py#L200:INFO]: Restarting MySQL service...
[2026-04-18 11:47:24,893:MySQL_Database.py#L210:INFO]: Waiting for MySQL to become available...
[2026-04-18 11:47:24,958:MySQL_Database.py#L228:INFO]: MySQL is back up! (Took 0.07s)
[2026-04-18 11:47:24,959:MySQL_Database.py#L32:INFO]: Closed old MySQL connection.
[2026-04-18 11:47:25,020:MySQL_Database.py#L278:INFO]: Executing transpiled workload olap_workloads/ssb_223.wg (2 queries)...
[2026-04-18 11:47:25,466:MySQL_Database.py#L305:INFO]: Workload olap_workloads/ssb_223.wg executed successfully.
[2026-04-18 11:47:25,466:run_diverse_configs.py#L206:INFO]: Performance for config 3: 0.22273918543942273
[2026-04-18 11:47:25,466:run_diverse_configs.py#L137:INFO]: Running config 4/10 for ssb_223
[2026-04-18 11:47:25,467:MySQL_Database.py#L253:INFO]: Transpiling workload from PostgreSQL to MySQL syntax...
[2026-04-18 11:47:25,487:MySQL_Database.py#L81:INFO]: MySQL knobs persisted to mysqld-auto.cnf. Restarting to apply...
[2026-04-18 11:47:25,487:MySQL_Database.py#L200:INFO]: Restarting MySQL service...
[2026-04-18 11:47:33,076:MySQL_Database.py#L210:INFO]: Waiting for MySQL to become available...
[2026-04-18 11:47:33,141:MySQL_Database.py#L228:INFO]: MySQL is back up! (Took 0.07s)
[2026-04-18 11:47:33,141:MySQL_Database.py#L32:INFO]: Closed old MySQL connection.
[2026-04-18 11:47:33,210:MySQL_Database.py#L278:INFO]: Executing transpiled workload olap_workloads/ssb_223.wg (2 queries)...
[2026-04-18 11:47:33,778:MySQL_Database.py#L305:INFO]: Workload olap_workloads/ssb_223.wg executed successfully.
[2026-04-18 11:47:33,778:run_diverse_configs.py#L206:INFO]: Performance for config 4: 0.28366196248680353
[2026-04-18 11:47:33,779:run_diverse_configs.py#L137:INFO]: Running config 5/10 for ssb_223
[2026-04-18 11:47:33,779:MySQL_Database.py#L253:INFO]: Transpiling workload from PostgreSQL to MySQL syntax...
[2026-04-18 11:47:33,799:MySQL_Database.py#L81:INFO]: MySQL knobs persisted to mysqld-auto.cnf. Restarting to apply...
[2026-04-18 11:47:33,799:MySQL_Database.py#L200:INFO]: Restarting MySQL service...
[2026-04-18 11:47:42,242:MySQL_Database.py#L210:INFO]: Waiting for MySQL to become available...
[2026-04-18 11:47:42,307:MySQL_Database.py#L228:INFO]: MySQL is back up! (Took 0.07s)
[2026-04-18 11:47:42,307:MySQL_Database.py#L32:INFO]: Closed old MySQL connection.
[2026-04-18 11:47:42,369:MySQL_Database.py#L278:INFO]: Executing transpiled workload olap_workloads/ssb_223.wg (2 queries)...
[2026-04-18 11:47:42,810:MySQL_Database.py#L305:INFO]: Workload olap_workloads/ssb_223.wg executed successfully.
[2026-04-18 11:47:42,810:run_diverse_configs.py#L206:INFO]: Performance for config 5: 0.2201298763975501
[2026-04-18 11:47:42,810:run_diverse_configs.py#L137:INFO]: Running config 6/10 for ssb_223
[2026-04-18 11:47:42,811:MySQL_Database.py#L253:INFO]: Transpiling workload from PostgreSQL to MySQL syntax...
[2026-04-18 11:47:42,827:MySQL_Database.py#L81:INFO]: MySQL knobs persisted to mysqld-auto.cnf. Restarting to apply...
[2026-04-18 11:47:42,827:MySQL_Database.py#L200:INFO]: Restarting MySQL service...
[2026-04-18 11:47:50,470:MySQL_Database.py#L210:INFO]: Waiting for MySQL to become available...
[2026-04-18 11:47:50,540:MySQL_Database.py#L228:INFO]: MySQL is back up! (Took 0.07s)
[2026-04-18 11:47:50,540:MySQL_Database.py#L32:INFO]: Closed old MySQL connection.
[2026-04-18 11:47:50,601:MySQL_Database.py#L278:INFO]: Executing transpiled workload olap_workloads/ssb_223.wg (2 queries)...
[2026-04-18 11:47:51,055:MySQL_Database.py#L305:INFO]: Workload olap_workloads/ssb_223.wg executed successfully.
[2026-04-18 11:47:51,055:run_diverse_configs.py#L206:INFO]: Performance for config 6: 0.22662248346023262
[2026-04-18 11:47:51,055:run_diverse_configs.py#L137:INFO]: Running config 7/10 for ssb_223
[2026-04-18 11:47:51,056:MySQL_Database.py#L253:INFO]: Transpiling workload from PostgreSQL to MySQL syntax...
[2026-04-18 11:47:51,073:MySQL_Database.py#L81:INFO]: MySQL knobs persisted to mysqld-auto.cnf. Restarting to apply...
[2026-04-18 11:47:51,073:MySQL_Database.py#L200:INFO]: Restarting MySQL service...
[2026-04-18 11:47:58,661:MySQL_Database.py#L210:INFO]: Waiting for MySQL to become available...
[2026-04-18 11:47:58,740:MySQL_Database.py#L228:INFO]: MySQL is back up! (Took 0.08s)
[2026-04-18 11:47:58,740:MySQL_Database.py#L32:INFO]: Closed old MySQL connection.
[2026-04-18 11:47:58,812:MySQL_Database.py#L278:INFO]: Executing transpiled workload olap_workloads/ssb_223.wg (2 queries)...
[2026-04-18 11:47:59,231:MySQL_Database.py#L305:INFO]: Workload olap_workloads/ssb_223.wg executed successfully.
[2026-04-18 11:47:59,231:run_diverse_configs.py#L206:INFO]: Performance for config 7: 0.20900944783352315
[2026-04-18 11:47:59,231:run_diverse_configs.py#L137:INFO]: Running config 8/10 for ssb_223
[2026-04-18 11:47:59,232:MySQL_Database.py#L253:INFO]: Transpiling workload from PostgreSQL to MySQL syntax...
[2026-04-18 11:47:59,254:MySQL_Database.py#L81:INFO]: MySQL knobs persisted to mysqld-auto.cnf. Restarting to apply...
[2026-04-18 11:47:59,254:MySQL_Database.py#L200:INFO]: Restarting MySQL service...
[2026-04-18 11:48:06,795:MySQL_Database.py#L210:INFO]: Waiting for MySQL to become available...
[2026-04-18 11:48:06,870:MySQL_Database.py#L228:INFO]: MySQL is back up! (Took 0.07s)
[2026-04-18 11:48:06,870:MySQL_Database.py#L32:INFO]: Closed old MySQL connection.
[2026-04-18 11:48:06,931:MySQL_Database.py#L278:INFO]: Executing transpiled workload olap_workloads/ssb_223.wg (2 queries)...
[2026-04-18 11:48:07,374:MySQL_Database.py#L305:INFO]: Workload olap_workloads/ssb_223.wg executed successfully.
[2026-04-18 11:48:07,374:run_diverse_configs.py#L206:INFO]: Performance for config 8: 0.22120069665834308
[2026-04-18 11:48:07,374:run_diverse_configs.py#L137:INFO]: Running config 9/10 for ssb_223
[2026-04-18 11:48:07,374:MySQL_Database.py#L253:INFO]: Transpiling workload from PostgreSQL to MySQL syntax...
[2026-04-18 11:48:07,394:MySQL_Database.py#L81:INFO]: MySQL knobs persisted to mysqld-auto.cnf. Restarting to apply...
[2026-04-18 11:48:07,394:MySQL_Database.py#L200:INFO]: Restarting MySQL service...
[2026-04-18 11:48:15,081:MySQL_Database.py#L210:INFO]: Waiting for MySQL to become available...
[2026-04-18 11:48:15,192:MySQL_Database.py#L228:INFO]: MySQL is back up! (Took 0.11s)
[2026-04-18 11:48:15,192:MySQL_Database.py#L32:INFO]: Closed old MySQL connection.
[2026-04-18 11:48:15,313:MySQL_Database.py#L278:INFO]: Executing transpiled workload olap_workloads/ssb_223.wg (2 queries)...
[2026-04-18 11:48:15,750:MySQL_Database.py#L305:INFO]: Workload olap_workloads/ssb_223.wg executed successfully.
[2026-04-18 11:48:15,750:run_diverse_configs.py#L206:INFO]: Performance for config 9: 0.21806286345236003
[2026-04-18 11:48:15,750:run_diverse_configs.py#L137:INFO]: Running config 10/10 for ssb_223
[2026-04-18 11:48:15,751:MySQL_Database.py#L253:INFO]: Transpiling workload from PostgreSQL to MySQL syntax...
[2026-04-18 11:48:15,764:MySQL_Database.py#L81:INFO]: MySQL knobs persisted to mysqld-auto.cnf. Restarting to apply...
[2026-04-18 11:48:15,764:MySQL_Database.py#L200:INFO]: Restarting MySQL service...
[2026-04-18 11:48:24,257:MySQL_Database.py#L210:INFO]: Waiting for MySQL to become available...
[2026-04-18 11:48:24,327:MySQL_Database.py#L228:INFO]: MySQL is back up! (Took 0.07s)
[2026-04-18 11:48:24,327:MySQL_Database.py#L32:INFO]: Closed old MySQL connection.
[2026-04-18 11:48:24,388:MySQL_Database.py#L278:INFO]: Executing transpiled workload olap_workloads/ssb_223.wg (2 queries)...
[2026-04-18 11:48:24,831:MySQL_Database.py#L305:INFO]: Workload olap_workloads/ssb_223.wg executed successfully.
[2026-04-18 11:48:24,831:run_diverse_configs.py#L206:INFO]: Performance for config 10: 0.2211234790738672
[2026-04-18 11:48:24,831:run_diverse_configs.py#L129:INFO]: Running 10 configs for ssb_65
[2026-04-18 11:48:24,831:run_diverse_configs.py#L137:INFO]: Running config 1/10 for ssb_65
[2026-04-18 11:48:24,832:MySQL_Database.py#L253:INFO]: Transpiling workload from PostgreSQL to MySQL syntax...
[2026-04-18 11:48:24,853:MySQL_Database.py#L81:INFO]: MySQL knobs persisted to mysqld-auto.cnf. Restarting to apply...
[2026-04-18 11:48:24,853:MySQL_Database.py#L200:INFO]: Restarting MySQL service...
[2026-04-18 11:48:32,341:MySQL_Database.py#L210:INFO]: Waiting for MySQL to become available...
[2026-04-18 11:48:32,423:MySQL_Database.py#L228:INFO]: MySQL is back up! (Took 0.08s)
[2026-04-18 11:48:32,424:MySQL_Database.py#L32:INFO]: Closed old MySQL connection.
[2026-04-18 11:48:32,485:MySQL_Database.py#L278:INFO]: Executing transpiled workload olap_workloads/ssb_65.wg (2 queries)...
[2026-04-18 11:48:49,424:MySQL_Database.py#L305:INFO]: Workload olap_workloads/ssb_65.wg executed successfully.
[2026-04-18 11:48:49,424:run_diverse_configs.py#L206:INFO]: Performance for config 1: 8.469234704971313
[2026-04-18 11:48:49,425:run_diverse_configs.py#L137:INFO]: Running config 2/10 for ssb_65
[2026-04-18 11:48:49,425:MySQL_Database.py#L253:INFO]: Transpiling workload from PostgreSQL to MySQL syntax...
[2026-04-18 11:48:49,450:MySQL_Database.py#L81:INFO]: MySQL knobs persisted to mysqld-auto.cnf. Restarting to apply...
[2026-04-18 11:48:49,450:MySQL_Database.py#L200:INFO]: Restarting MySQL service...
[2026-04-18 11:48:57,593:MySQL_Database.py#L210:INFO]: Waiting for MySQL to become available...
[2026-04-18 11:48:57,664:MySQL_Database.py#L228:INFO]: MySQL is back up! (Took 0.07s)
[2026-04-18 11:48:57,664:MySQL_Database.py#L32:INFO]: Closed old MySQL connection.
[2026-04-18 11:48:57,725:MySQL_Database.py#L278:INFO]: Executing transpiled workload olap_workloads/ssb_65.wg (2 queries)...
[2026-04-18 11:49:14,647:MySQL_Database.py#L305:INFO]: Workload olap_workloads/ssb_65.wg executed successfully.
[2026-04-18 11:49:14,647:run_diverse_configs.py#L206:INFO]: Performance for config 2: 8.460523314541206
[2026-04-18 11:49:14,647:run_diverse_configs.py#L137:INFO]: Running config 3/10 for ssb_65
[2026-04-18 11:49:14,647:MySQL_Database.py#L253:INFO]: Transpiling workload from PostgreSQL to MySQL syntax...
[2026-04-18 11:49:14,671:MySQL_Database.py#L81:INFO]: MySQL knobs persisted to mysqld-auto.cnf. Restarting to apply...
[2026-04-18 11:49:14,671:MySQL_Database.py#L200:INFO]: Restarting MySQL service...
[2026-04-18 11:49:22,915:MySQL_Database.py#L210:INFO]: Waiting for MySQL to become available...
[2026-04-18 11:49:22,980:MySQL_Database.py#L228:INFO]: MySQL is back up! (Took 0.07s)
[2026-04-18 11:49:22,980:MySQL_Database.py#L32:INFO]: Closed old MySQL connection.
[2026-04-18 11:49:23,041:MySQL_Database.py#L278:INFO]: Executing transpiled workload olap_workloads/ssb_65.wg (2 queries)...
[2026-04-18 11:49:39,973:MySQL_Database.py#L305:INFO]: Workload olap_workloads/ssb_65.wg executed successfully.
[2026-04-18 11:49:39,973:run_diverse_configs.py#L206:INFO]: Performance for config 3: 8.465510681038722
[2026-04-18 11:49:39,973:run_diverse_configs.py#L137:INFO]: Running config 4/10 for ssb_65
[2026-04-18 11:49:39,974:MySQL_Database.py#L253:INFO]: Transpiling workload from PostgreSQL to MySQL syntax...
[2026-04-18 11:49:39,999:MySQL_Database.py#L81:INFO]: MySQL knobs persisted to mysqld-auto.cnf. Restarting to apply...
[2026-04-18 11:49:39,999:MySQL_Database.py#L200:INFO]: Restarting MySQL service...
[2026-04-18 11:49:48,140:MySQL_Database.py#L210:INFO]: Waiting for MySQL to become available...
[2026-04-18 11:49:48,205:MySQL_Database.py#L228:INFO]: MySQL is back up! (Took 0.06s)
[2026-04-18 11:49:48,205:MySQL_Database.py#L32:INFO]: Closed old MySQL connection.
[2026-04-18 11:49:48,266:MySQL_Database.py#L278:INFO]: Executing transpiled workload olap_workloads/ssb_65.wg (2 queries)...
[2026-04-18 11:50:05,393:MySQL_Database.py#L305:INFO]: Workload olap_workloads/ssb_65.wg executed successfully.
[2026-04-18 11:50:05,393:run_diverse_configs.py#L206:INFO]: Performance for config 4: 8.56322878994979
[2026-04-18 11:50:05,394:run_diverse_configs.py#L137:INFO]: Running config 5/10 for ssb_65
[2026-04-18 11:50:05,394:MySQL_Database.py#L253:INFO]: Transpiling workload from PostgreSQL to MySQL syntax...
[2026-04-18 11:50:05,417:MySQL_Database.py#L81:INFO]: MySQL knobs persisted to mysqld-auto.cnf. Restarting to apply...
[2026-04-18 11:50:05,417:MySQL_Database.py#L200:INFO]: Restarting MySQL service...
[2026-04-18 11:50:13,409:MySQL_Database.py#L210:INFO]: Waiting for MySQL to become available...
[2026-04-18 11:50:13,484:MySQL_Database.py#L228:INFO]: MySQL is back up! (Took 0.07s)
[2026-04-18 11:50:13,484:MySQL_Database.py#L32:INFO]: Closed old MySQL connection.
[2026-04-18 11:50:13,544:MySQL_Database.py#L278:INFO]: Executing transpiled workload olap_workloads/ssb_65.wg (2 queries)...
[2026-04-18 11:50:30,471:MySQL_Database.py#L305:INFO]: Workload olap_workloads/ssb_65.wg executed successfully.
[2026-04-18 11:50:30,471:run_diverse_configs.py#L206:INFO]: Performance for config 5: 8.463099536951631
[2026-04-18 11:50:30,472:run_diverse_configs.py#L137:INFO]: Running config 6/10 for ssb_65
[2026-04-18 11:50:30,472:MySQL_Database.py#L253:INFO]: Transpiling workload from PostgreSQL to MySQL syntax...
[2026-04-18 11:50:30,504:MySQL_Database.py#L81:INFO]: MySQL knobs persisted to mysqld-auto.cnf. Restarting to apply...
[2026-04-18 11:50:30,504:MySQL_Database.py#L200:INFO]: Restarting MySQL service...
[2026-04-18 11:50:38,798:MySQL_Database.py#L210:INFO]: Waiting for MySQL to become available...
[2026-04-18 11:50:38,862:MySQL_Database.py#L228:INFO]: MySQL is back up! (Took 0.06s)
[2026-04-18 11:50:38,862:MySQL_Database.py#L32:INFO]: Closed old MySQL connection.
[2026-04-18 11:50:38,922:MySQL_Database.py#L278:INFO]: Executing transpiled workload olap_workloads/ssb_65.wg (2 queries)...
[2026-04-18 11:50:56,045:MySQL_Database.py#L305:INFO]: Workload olap_workloads/ssb_65.wg executed successfully.
[2026-04-18 11:50:56,046:run_diverse_configs.py#L206:INFO]: Performance for config 6: 8.56109933112748
[2026-04-18 11:50:56,046:run_diverse_configs.py#L137:INFO]: Running config 7/10 for ssb_65
[2026-04-18 11:50:56,046:MySQL_Database.py#L253:INFO]: Transpiling workload from PostgreSQL to MySQL syntax...
[2026-04-18 11:50:56,069:MySQL_Database.py#L81:INFO]: MySQL knobs persisted to mysqld-auto.cnf. Restarting to apply...
[2026-04-18 11:50:56,069:MySQL_Database.py#L200:INFO]: Restarting MySQL service...
[2026-04-18 11:51:04,010:MySQL_Database.py#L210:INFO]: Waiting for MySQL to become available...
[2026-04-18 11:51:04,075:MySQL_Database.py#L228:INFO]: MySQL is back up! (Took 0.06s)
[2026-04-18 11:51:04,075:MySQL_Database.py#L32:INFO]: Closed old MySQL connection.
[2026-04-18 11:51:04,136:MySQL_Database.py#L278:INFO]: Executing transpiled workload olap_workloads/ssb_65.wg (2 queries)...
[2026-04-18 11:51:21,196:MySQL_Database.py#L305:INFO]: Workload olap_workloads/ssb_65.wg executed successfully.
[2026-04-18 11:51:21,196:run_diverse_configs.py#L206:INFO]: Performance for config 7: 8.529509461019188
[2026-04-18 11:51:21,197:run_diverse_configs.py#L137:INFO]: Running config 8/10 for ssb_65
[2026-04-18 11:51:21,197:MySQL_Database.py#L253:INFO]: Transpiling workload from PostgreSQL to MySQL syntax...
[2026-04-18 11:51:21,228:MySQL_Database.py#L81:INFO]: MySQL knobs persisted to mysqld-auto.cnf. Restarting to apply...
[2026-04-18 11:51:21,228:MySQL_Database.py#L200:INFO]: Restarting MySQL service...
[2026-04-18 11:51:29,373:MySQL_Database.py#L210:INFO]: Waiting for MySQL to become available...
[2026-04-18 11:51:29,444:MySQL_Database.py#L228:INFO]: MySQL is back up! (Took 0.07s)
[2026-04-18 11:51:29,445:MySQL_Database.py#L32:INFO]: Closed old MySQL connection.
[2026-04-18 11:51:29,505:MySQL_Database.py#L278:INFO]: Executing transpiled workload olap_workloads/ssb_65.wg (2 queries)...
[2026-04-18 11:51:46,525:MySQL_Database.py#L305:INFO]: Workload olap_workloads/ssb_65.wg executed successfully.
[2026-04-18 11:51:46,525:run_diverse_configs.py#L206:INFO]: Performance for config 8: 8.50954829598777
[2026-04-18 11:51:46,525:run_diverse_configs.py#L137:INFO]: Running config 9/10 for ssb_65
[2026-04-18 11:51:46,525:MySQL_Database.py#L253:INFO]: Transpiling workload from PostgreSQL to MySQL syntax...
[2026-04-18 11:51:46,549:MySQL_Database.py#L81:INFO]: MySQL knobs persisted to mysqld-auto.cnf. Restarting to apply...
[2026-04-18 11:51:46,549:MySQL_Database.py#L200:INFO]: Restarting MySQL service...
[2026-04-18 11:51:54,541:MySQL_Database.py#L210:INFO]: Waiting for MySQL to become available...
[2026-04-18 11:51:54,606:MySQL_Database.py#L228:INFO]: MySQL is back up! (Took 0.06s)
[2026-04-18 11:51:54,606:MySQL_Database.py#L32:INFO]: Closed old MySQL connection.
[2026-04-18 11:51:54,667:MySQL_Database.py#L278:INFO]: Executing transpiled workload olap_workloads/ssb_65.wg (2 queries)...
[2026-04-18 11:52:11,736:MySQL_Database.py#L305:INFO]: Workload olap_workloads/ssb_65.wg executed successfully.
[2026-04-18 11:52:11,736:run_diverse_configs.py#L206:INFO]: Performance for config 9: 8.534155500354245
[2026-04-18 11:52:11,736:run_diverse_configs.py#L137:INFO]: Running config 10/10 for ssb_65
[2026-04-18 11:52:11,737:MySQL_Database.py#L253:INFO]: Transpiling workload from PostgreSQL to MySQL syntax...
[2026-04-18 11:52:11,762:MySQL_Database.py#L81:INFO]: MySQL knobs persisted to mysqld-auto.cnf. Restarting to apply...
[2026-04-18 11:52:11,762:MySQL_Database.py#L200:INFO]: Restarting MySQL service...
[2026-04-18 11:52:19,802:MySQL_Database.py#L210:INFO]: Waiting for MySQL to become available...
[2026-04-18 11:52:19,867:MySQL_Database.py#L228:INFO]: MySQL is back up! (Took 0.06s)
[2026-04-18 11:52:19,867:MySQL_Database.py#L32:INFO]: Closed old MySQL connection.
[2026-04-18 11:52:19,929:MySQL_Database.py#L278:INFO]: Executing transpiled workload olap_workloads/ssb_65.wg (2 queries)...
[2026-04-18 11:52:36,704:MySQL_Database.py#L305:INFO]: Workload olap_workloads/ssb_65.wg executed successfully.
[2026-04-18 11:52:36,705:run_diverse_configs.py#L206:INFO]: Performance for config 10: 8.38760785991326
[2026-04-18 11:52:36,705:run_diverse_configs.py#L129:INFO]: Running 10 configs for ssb_190
[2026-04-18 11:52:36,705:run_diverse_configs.py#L137:INFO]: Running config 1/10 for ssb_190
[2026-04-18 11:52:36,711:MySQL_Database.py#L253:INFO]: Transpiling workload from PostgreSQL to MySQL syntax...
[2026-04-18 11:52:36,735:MySQL_Database.py#L81:INFO]: MySQL knobs persisted to mysqld-auto.cnf. Restarting to apply...
[2026-04-18 11:52:36,735:MySQL_Database.py#L200:INFO]: Restarting MySQL service...
[2026-04-18 11:52:44,983:MySQL_Database.py#L210:INFO]: Waiting for MySQL to become available...
[2026-04-18 11:52:45,050:MySQL_Database.py#L228:INFO]: MySQL is back up! (Took 0.07s)
[2026-04-18 11:52:45,050:MySQL_Database.py#L32:INFO]: Closed old MySQL connection.
[2026-04-18 11:52:45,110:MySQL_Database.py#L278:INFO]: Executing transpiled workload olap_workloads/ssb_190.wg (2 queries)...
[2026-04-18 11:52:56,933:MySQL_Database.py#L305:INFO]: Workload olap_workloads/ssb_190.wg executed successfully.
[2026-04-18 11:52:56,933:run_diverse_configs.py#L206:INFO]: Performance for config 1: 5.911105903564021
[2026-04-18 11:52:56,934:run_diverse_configs.py#L137:INFO]: Running config 2/10 for ssb_190
[2026-04-18 11:52:56,934:MySQL_Database.py#L253:INFO]: Transpiling workload from PostgreSQL to MySQL syntax...
[2026-04-18 11:52:56,967:MySQL_Database.py#L81:INFO]: MySQL knobs persisted to mysqld-auto.cnf. Restarting to apply...
[2026-04-18 11:52:56,967:MySQL_Database.py#L200:INFO]: Restarting MySQL service...
[2026-04-18 11:53:05,310:MySQL_Database.py#L210:INFO]: Waiting for MySQL to become available...
[2026-04-18 11:53:05,374:MySQL_Database.py#L228:INFO]: MySQL is back up! (Took 0.06s)
[2026-04-18 11:53:05,375:MySQL_Database.py#L32:INFO]: Closed old MySQL connection.
[2026-04-18 11:53:05,435:MySQL_Database.py#L278:INFO]: Executing transpiled workload olap_workloads/ssb_190.wg (2 queries)...
[2026-04-18 11:53:17,190:MySQL_Database.py#L305:INFO]: Workload olap_workloads/ssb_190.wg executed successfully.
[2026-04-18 11:53:17,190:run_diverse_configs.py#L206:INFO]: Performance for config 2: 5.877080695005134
[2026-04-18 11:53:17,190:run_diverse_configs.py#L137:INFO]: Running config 3/10 for ssb_190
[2026-04-18 11:53:17,191:MySQL_Database.py#L253:INFO]: Transpiling workload from PostgreSQL to MySQL syntax...
[2026-04-18 11:53:17,215:MySQL_Database.py#L81:INFO]: MySQL knobs persisted to mysqld-auto.cnf. Restarting to apply...
[2026-04-18 11:53:17,215:MySQL_Database.py#L200:INFO]: Restarting MySQL service...
[2026-04-18 11:53:25,659:MySQL_Database.py#L210:INFO]: Waiting for MySQL to become available...
[2026-04-18 11:53:25,724:MySQL_Database.py#L228:INFO]: MySQL is back up! (Took 0.06s)
[2026-04-18 11:53:25,724:MySQL_Database.py#L32:INFO]: Closed old MySQL connection.
[2026-04-18 11:53:25,784:MySQL_Database.py#L278:INFO]: Executing transpiled workload olap_workloads/ssb_190.wg (2 queries)...
[2026-04-18 11:53:37,577:MySQL_Database.py#L305:INFO]: Workload olap_workloads/ssb_190.wg executed successfully.
[2026-04-18 11:53:37,577:run_diverse_configs.py#L206:INFO]: Performance for config 3: 5.8959449380636215
[2026-04-18 11:53:37,577:run_diverse_configs.py#L137:INFO]: Running config 4/10 for ssb_190
[2026-04-18 11:53:37,577:MySQL_Database.py#L253:INFO]: Transpiling workload from PostgreSQL to MySQL syntax...
[2026-04-18 11:53:37,600:MySQL_Database.py#L81:INFO]: MySQL knobs persisted to mysqld-auto.cnf. Restarting to apply...
[2026-04-18 11:53:37,601:MySQL_Database.py#L200:INFO]: Restarting MySQL service...
[2026-04-18 11:53:45,845:MySQL_Database.py#L210:INFO]: Waiting for MySQL to become available...
[2026-04-18 11:53:45,914:MySQL_Database.py#L228:INFO]: MySQL is back up! (Took 0.07s)
[2026-04-18 11:53:45,914:MySQL_Database.py#L32:INFO]: Closed old MySQL connection.
[2026-04-18 11:53:45,975:MySQL_Database.py#L278:INFO]: Executing transpiled workload olap_workloads/ssb_190.wg (2 queries)...
[2026-04-18 11:53:57,795:MySQL_Database.py#L305:INFO]: Workload olap_workloads/ssb_190.wg executed successfully.
[2026-04-18 11:53:57,795:run_diverse_configs.py#L206:INFO]: Performance for config 4: 5.909612802555785
[2026-04-18 11:53:57,795:run_diverse_configs.py#L137:INFO]: Running config 5/10 for ssb_190
[2026-04-18 11:53:57,796:MySQL_Database.py#L253:INFO]: Transpiling workload from PostgreSQL to MySQL syntax...
[2026-04-18 11:53:57,822:MySQL_Database.py#L81:INFO]: MySQL knobs persisted to mysqld-auto.cnf. Restarting to apply...
[2026-04-18 11:53:57,822:MySQL_Database.py#L200:INFO]: Restarting MySQL service...
[2026-04-18 11:54:06,118:MySQL_Database.py#L210:INFO]: Waiting for MySQL to become available...
[2026-04-18 11:54:06,184:MySQL_Database.py#L228:INFO]: MySQL is back up! (Took 0.07s)
[2026-04-18 11:54:06,184:MySQL_Database.py#L32:INFO]: Closed old MySQL connection.
[2026-04-18 11:54:06,246:MySQL_Database.py#L278:INFO]: Executing transpiled workload olap_workloads/ssb_190.wg (2 queries)...
[2026-04-18 11:54:18,030:MySQL_Database.py#L305:INFO]: Workload olap_workloads/ssb_190.wg executed successfully.
[2026-04-18 11:54:18,030:run_diverse_configs.py#L206:INFO]: Performance for config 5: 5.891836456488818
[2026-04-18 11:54:18,030:run_diverse_configs.py#L137:INFO]: Running config 6/10 for ssb_190
[2026-04-18 11:54:18,031:MySQL_Database.py#L253:INFO]: Transpiling workload from PostgreSQL to MySQL syntax...
[2026-04-18 11:54:18,059:MySQL_Database.py#L81:INFO]: MySQL knobs persisted to mysqld-auto.cnf. Restarting to apply...
[2026-04-18 11:54:18,059:MySQL_Database.py#L200:INFO]: Restarting MySQL service...
[2026-04-18 11:54:26,250:MySQL_Database.py#L210:INFO]: Waiting for MySQL to become available...
[2026-04-18 11:54:26,315:MySQL_Database.py#L228:INFO]: MySQL is back up! (Took 0.06s)
[2026-04-18 11:54:26,315:MySQL_Database.py#L32:INFO]: Closed old MySQL connection.
[2026-04-18 11:54:26,376:MySQL_Database.py#L278:INFO]: Executing transpiled workload olap_workloads/ssb_190.wg (2 queries)...
[2026-04-18 11:54:38,280:MySQL_Database.py#L305:INFO]: Workload olap_workloads/ssb_190.wg executed successfully.
[2026-04-18 11:54:38,280:run_diverse_configs.py#L206:INFO]: Performance for config 6: 5.951802314026281
[2026-04-18 11:54:38,280:run_diverse_configs.py#L137:INFO]: Running config 7/10 for ssb_190
[2026-04-18 11:54:38,281:MySQL_Database.py#L253:INFO]: Transpiling workload from PostgreSQL to MySQL syntax...
[2026-04-18 11:54:38,303:MySQL_Database.py#L81:INFO]: MySQL knobs persisted to mysqld-auto.cnf. Restarting to apply...
[2026-04-18 11:54:38,303:MySQL_Database.py#L200:INFO]: Restarting MySQL service...
[2026-04-18 11:54:46,499:MySQL_Database.py#L210:INFO]: Waiting for MySQL to become available...
[2026-04-18 11:54:46,568:MySQL_Database.py#L228:INFO]: MySQL is back up! (Took 0.07s)
[2026-04-18 11:54:46,568:MySQL_Database.py#L32:INFO]: Closed old MySQL connection.
[2026-04-18 11:54:46,628:MySQL_Database.py#L278:INFO]: Executing transpiled workload olap_workloads/ssb_190.wg (2 queries)...
[2026-04-18 11:54:58,639:MySQL_Database.py#L305:INFO]: Workload olap_workloads/ssb_190.wg executed successfully.
[2026-04-18 11:54:58,639:run_diverse_configs.py#L206:INFO]: Performance for config 7: 6.005009964574128
[2026-04-18 11:54:58,639:run_diverse_configs.py#L137:INFO]: Running config 8/10 for ssb_190
[2026-04-18 11:54:58,640:MySQL_Database.py#L253:INFO]: Transpiling workload from PostgreSQL to MySQL syntax...
[2026-04-18 11:54:58,666:MySQL_Database.py#L81:INFO]: MySQL knobs persisted to mysqld-auto.cnf. Restarting to apply...
[2026-04-18 11:54:58,667:MySQL_Database.py#L200:INFO]: Restarting MySQL service...
[2026-04-18 11:55:06,863:MySQL_Database.py#L210:INFO]: Waiting for MySQL to become available...
[2026-04-18 11:55:06,932:MySQL_Database.py#L228:INFO]: MySQL is back up! (Took 0.07s)
[2026-04-18 11:55:06,932:MySQL_Database.py#L32:INFO]: Closed old MySQL connection.
[2026-04-18 11:55:06,993:MySQL_Database.py#L278:INFO]: Executing transpiled workload olap_workloads/ssb_190.wg (2 queries)...
[2026-04-18 11:55:18,889:MySQL_Database.py#L305:INFO]: Workload olap_workloads/ssb_190.wg executed successfully.
[2026-04-18 11:55:18,889:run_diverse_configs.py#L206:INFO]: Performance for config 8: 5.947648073546588
[2026-04-18 11:55:18,889:run_diverse_configs.py#L137:INFO]: Running config 9/10 for ssb_190
[2026-04-18 11:55:18,890:MySQL_Database.py#L253:INFO]: Transpiling workload from PostgreSQL to MySQL syntax...
[2026-04-18 11:55:18,914:MySQL_Database.py#L81:INFO]: MySQL knobs persisted to mysqld-auto.cnf. Restarting to apply...
[2026-04-18 11:55:18,914:MySQL_Database.py#L200:INFO]: Restarting MySQL service...
[2026-04-18 11:55:27,158:MySQL_Database.py#L210:INFO]: Waiting for MySQL to become available...
[2026-04-18 11:55:27,223:MySQL_Database.py#L228:INFO]: MySQL is back up! (Took 0.06s)
[2026-04-18 11:55:27,223:MySQL_Database.py#L32:INFO]: Closed old MySQL connection.
[2026-04-18 11:55:27,284:MySQL_Database.py#L278:INFO]: Executing transpiled workload olap_workloads/ssb_190.wg (2 queries)...
[2026-04-18 11:55:39,201:MySQL_Database.py#L305:INFO]: Workload olap_workloads/ssb_190.wg executed successfully.
[2026-04-18 11:55:39,201:run_diverse_configs.py#L206:INFO]: Performance for config 9: 5.958132651634514
[2026-04-18 11:55:39,202:run_diverse_configs.py#L137:INFO]: Running config 10/10 for ssb_190
[2026-04-18 11:55:39,202:MySQL_Database.py#L253:INFO]: Transpiling workload from PostgreSQL to MySQL syntax...
[2026-04-18 11:55:39,229:MySQL_Database.py#L81:INFO]: MySQL knobs persisted to mysqld-auto.cnf. Restarting to apply...
[2026-04-18 11:55:39,229:MySQL_Database.py#L200:INFO]: Restarting MySQL service...
[2026-04-18 11:55:47,420:MySQL_Database.py#L210:INFO]: Waiting for MySQL to become available...
[2026-04-18 11:55:47,485:MySQL_Database.py#L228:INFO]: MySQL is back up! (Took 0.07s)
[2026-04-18 11:55:47,486:MySQL_Database.py#L32:INFO]: Closed old MySQL connection.
[2026-04-18 11:55:47,547:MySQL_Database.py#L278:INFO]: Executing transpiled workload olap_workloads/ssb_190.wg (2 queries)...
[2026-04-18 11:55:59,427:MySQL_Database.py#L305:INFO]: Workload olap_workloads/ssb_190.wg executed successfully.
[2026-04-18 11:55:59,428:run_diverse_configs.py#L206:INFO]: Performance for config 10: 5.940124367363751
[2026-04-18 11:55:59,428:run_diverse_configs.py#L129:INFO]: Running 10 configs for ssb_155
[2026-04-18 11:55:59,428:run_diverse_configs.py#L137:INFO]: Running config 1/10 for ssb_155
[2026-04-18 11:55:59,434:MySQL_Database.py#L253:INFO]: Transpiling workload from PostgreSQL to MySQL syntax...
[2026-04-18 11:55:59,457:MySQL_Database.py#L81:INFO]: MySQL knobs persisted to mysqld-auto.cnf. Restarting to apply...
[2026-04-18 11:55:59,458:MySQL_Database.py#L200:INFO]: Restarting MySQL service...
[2026-04-18 11:56:07,803:MySQL_Database.py#L210:INFO]: Waiting for MySQL to become available...
[2026-04-18 11:56:07,931:MySQL_Database.py#L228:INFO]: MySQL is back up! (Took 0.13s)
[2026-04-18 11:56:07,931:MySQL_Database.py#L32:INFO]: Closed old MySQL connection.
[2026-04-18 11:56:08,052:MySQL_Database.py#L278:INFO]: Executing transpiled workload olap_workloads/ssb_155.wg (2 queries)...
[2026-04-18 11:56:24,340:MySQL_Database.py#L305:INFO]: Workload olap_workloads/ssb_155.wg executed successfully.
[2026-04-18 11:56:24,340:run_diverse_configs.py#L206:INFO]: Performance for config 1: 8.143329585669562
[2026-04-18 11:56:24,340:run_diverse_configs.py#L137:INFO]: Running config 2/10 for ssb_155
[2026-04-18 11:56:24,341:MySQL_Database.py#L253:INFO]: Transpiling workload from PostgreSQL to MySQL syntax...
[2026-04-18 11:56:24,358:MySQL_Database.py#L81:INFO]: MySQL knobs persisted to mysqld-auto.cnf. Restarting to apply...
[2026-04-18 11:56:24,358:MySQL_Database.py#L200:INFO]: Restarting MySQL service...
[2026-04-18 11:56:33,107:MySQL_Database.py#L210:INFO]: Waiting for MySQL to become available...
[2026-04-18 11:56:33,182:MySQL_Database.py#L228:INFO]: MySQL is back up! (Took 0.08s)
[2026-04-18 11:56:33,182:MySQL_Database.py#L32:INFO]: Closed old MySQL connection.
[2026-04-18 11:56:33,259:MySQL_Database.py#L278:INFO]: Executing transpiled workload olap_workloads/ssb_155.wg (2 queries)...
[2026-04-18 11:56:49,477:MySQL_Database.py#L305:INFO]: Workload olap_workloads/ssb_155.wg executed successfully.
[2026-04-18 11:56:49,478:run_diverse_configs.py#L206:INFO]: Performance for config 2: 8.109099775319919
[2026-04-18 11:56:49,478:run_diverse_configs.py#L137:INFO]: Running config 3/10 for ssb_155
[2026-04-18 11:56:49,478:MySQL_Database.py#L253:INFO]: Transpiling workload from PostgreSQL to MySQL syntax...
[2026-04-18 11:56:49,503:MySQL_Database.py#L81:INFO]: MySQL knobs persisted to mysqld-auto.cnf. Restarting to apply...
[2026-04-18 11:56:49,503:MySQL_Database.py#L200:INFO]: Restarting MySQL service...
[2026-04-18 11:56:57,244:MySQL_Database.py#L210:INFO]: Waiting for MySQL to become available...
[2026-04-18 11:56:57,320:MySQL_Database.py#L228:INFO]: MySQL is back up! (Took 0.08s)
[2026-04-18 11:56:57,320:MySQL_Database.py#L32:INFO]: Closed old MySQL connection.
[2026-04-18 11:56:57,381:MySQL_Database.py#L278:INFO]: Executing transpiled workload olap_workloads/ssb_155.wg (2 queries)...
[2026-04-18 11:57:13,995:MySQL_Database.py#L305:INFO]: Workload olap_workloads/ssb_155.wg executed successfully.
[2026-04-18 11:57:13,995:run_diverse_configs.py#L206:INFO]: Performance for config 3: 8.306825751904398
[2026-04-18 11:57:13,996:run_diverse_configs.py#L137:INFO]: Running config 4/10 for ssb_155
[2026-04-18 11:57:13,996:MySQL_Database.py#L253:INFO]: Transpiling workload from PostgreSQL to MySQL syntax...
[2026-04-18 11:57:14,018:MySQL_Database.py#L81:INFO]: MySQL knobs persisted to mysqld-auto.cnf. Restarting to apply...
[2026-04-18 11:57:14,019:MySQL_Database.py#L200:INFO]: Restarting MySQL service...
[2026-04-18 11:57:22,462:MySQL_Database.py#L210:INFO]: Waiting for MySQL to become available...
[2026-04-18 11:57:22,593:MySQL_Database.py#L228:INFO]: MySQL is back up! (Took 0.13s)
[2026-04-18 11:57:22,593:MySQL_Database.py#L32:INFO]: Closed old MySQL connection.
[2026-04-18 11:57:22,654:MySQL_Database.py#L278:INFO]: Executing transpiled workload olap_workloads/ssb_155.wg (2 queries)...
[2026-04-18 11:57:38,988:MySQL_Database.py#L305:INFO]: Workload olap_workloads/ssb_155.wg executed successfully.
[2026-04-18 11:57:38,989:run_diverse_configs.py#L206:INFO]: Performance for config 4: 8.167083291104063
[2026-04-18 11:57:38,989:run_diverse_configs.py#L137:INFO]: Running config 5/10 for ssb_155
[2026-04-18 11:57:38,989:MySQL_Database.py#L253:INFO]: Transpiling workload from PostgreSQL to MySQL syntax...
[2026-04-18 11:57:39,019:MySQL_Database.py#L81:INFO]: MySQL knobs persisted to mysqld-auto.cnf. Restarting to apply...
[2026-04-18 11:57:39,019:MySQL_Database.py#L200:INFO]: Restarting MySQL service...
[2026-04-18 11:57:46,710:MySQL_Database.py#L210:INFO]: Waiting for MySQL to become available...
[2026-04-18 11:57:46,780:MySQL_Database.py#L228:INFO]: MySQL is back up! (Took 0.07s)
[2026-04-18 11:57:46,780:MySQL_Database.py#L32:INFO]: Closed old MySQL connection.
[2026-04-18 11:57:46,841:MySQL_Database.py#L278:INFO]: Executing transpiled workload olap_workloads/ssb_155.wg (2 queries)...
[2026-04-18 11:58:03,173:MySQL_Database.py#L305:INFO]: Workload olap_workloads/ssb_155.wg executed successfully.
[2026-04-18 11:58:03,173:run_diverse_configs.py#L206:INFO]: Performance for config 5: 8.165852072415873
[2026-04-18 11:58:03,173:run_diverse_configs.py#L137:INFO]: Running config 6/10 for ssb_155
[2026-04-18 11:58:03,174:MySQL_Database.py#L253:INFO]: Transpiling workload from PostgreSQL to MySQL syntax...
[2026-04-18 11:58:03,196:MySQL_Database.py#L81:INFO]: MySQL knobs persisted to mysqld-auto.cnf. Restarting to apply...
[2026-04-18 11:58:03,196:MySQL_Database.py#L200:INFO]: Restarting MySQL service...
[2026-04-18 11:58:10,990:MySQL_Database.py#L210:INFO]: Waiting for MySQL to become available...
[2026-04-18 11:58:11,063:MySQL_Database.py#L228:INFO]: MySQL is back up! (Took 0.07s)
[2026-04-18 11:58:11,063:MySQL_Database.py#L32:INFO]: Closed old MySQL connection.
[2026-04-18 11:58:11,140:MySQL_Database.py#L278:INFO]: Executing transpiled workload olap_workloads/ssb_155.wg (2 queries)...
[2026-04-18 11:58:27,889:MySQL_Database.py#L305:INFO]: Workload olap_workloads/ssb_155.wg executed successfully.
[2026-04-18 11:58:27,890:run_diverse_configs.py#L206:INFO]: Performance for config 6: 8.374418148305267
[2026-04-18 11:58:27,890:run_diverse_configs.py#L137:INFO]: Running config 7/10 for ssb_155
[2026-04-18 11:58:27,890:MySQL_Database.py#L253:INFO]: Transpiling workload from PostgreSQL to MySQL syntax...
[2026-04-18 11:58:27,916:MySQL_Database.py#L81:INFO]: MySQL knobs persisted to mysqld-auto.cnf. Restarting to apply...
[2026-04-18 11:58:27,916:MySQL_Database.py#L200:INFO]: Restarting MySQL service...
[2026-04-18 11:58:36,260:MySQL_Database.py#L210:INFO]: Waiting for MySQL to become available...
[2026-04-18 11:58:36,334:MySQL_Database.py#L228:INFO]: MySQL is back up! (Took 0.07s)
[2026-04-18 11:58:36,335:MySQL_Database.py#L32:INFO]: Closed old MySQL connection.
[2026-04-18 11:58:36,396:MySQL_Database.py#L278:INFO]: Executing transpiled workload olap_workloads/ssb_155.wg (2 queries)...
[2026-04-18 11:58:53,081:MySQL_Database.py#L305:INFO]: Workload olap_workloads/ssb_155.wg executed successfully.
[2026-04-18 11:58:53,081:run_diverse_configs.py#L206:INFO]: Performance for config 7: 8.341938527999446
[2026-04-18 11:58:53,081:run_diverse_configs.py#L137:INFO]: Running config 8/10 for ssb_155
[2026-04-18 11:58:53,081:MySQL_Database.py#L253:INFO]: Transpiling workload from PostgreSQL to MySQL syntax...
[2026-04-18 11:58:53,109:MySQL_Database.py#L81:INFO]: MySQL knobs persisted to mysqld-auto.cnf. Restarting to apply...
[2026-04-18 11:58:53,109:MySQL_Database.py#L200:INFO]: Restarting MySQL service...
[2026-04-18 11:59:01,454:MySQL_Database.py#L210:INFO]: Waiting for MySQL to become available...
[2026-04-18 11:59:01,533:MySQL_Database.py#L228:INFO]: MySQL is back up! (Took 0.08s)
[2026-04-18 11:59:01,534:MySQL_Database.py#L32:INFO]: Closed old MySQL connection.
[2026-04-18 11:59:01,594:MySQL_Database.py#L278:INFO]: Executing transpiled workload olap_workloads/ssb_155.wg (2 queries)...
[2026-04-18 11:59:18,075:MySQL_Database.py#L305:INFO]: Workload olap_workloads/ssb_155.wg executed successfully.
[2026-04-18 11:59:18,075:run_diverse_configs.py#L206:INFO]: Performance for config 8: 8.240261326078326
[2026-04-18 11:59:18,076:run_diverse_configs.py#L137:INFO]: Running config 9/10 for ssb_155
[2026-04-18 11:59:18,076:MySQL_Database.py#L253:INFO]: Transpiling workload from PostgreSQL to MySQL syntax...
[2026-04-18 11:59:18,099:MySQL_Database.py#L81:INFO]: MySQL knobs persisted to mysqld-auto.cnf. Restarting to apply...
[2026-04-18 11:59:18,099:MySQL_Database.py#L200:INFO]: Restarting MySQL service...
[2026-04-18 11:59:25,789:MySQL_Database.py#L210:INFO]: Waiting for MySQL to become available...
[2026-04-18 11:59:25,854:MySQL_Database.py#L228:INFO]: MySQL is back up! (Took 0.07s)
[2026-04-18 11:59:25,855:MySQL_Database.py#L32:INFO]: Closed old MySQL connection.
[2026-04-18 11:59:25,915:MySQL_Database.py#L278:INFO]: Executing transpiled workload olap_workloads/ssb_155.wg (2 queries)...
[2026-04-18 11:59:42,452:MySQL_Database.py#L305:INFO]: Workload olap_workloads/ssb_155.wg executed successfully.
[2026-04-18 11:59:42,452:run_diverse_configs.py#L206:INFO]: Performance for config 9: 8.268131139455363
[2026-04-18 11:59:42,453:run_diverse_configs.py#L137:INFO]: Running config 10/10 for ssb_155
[2026-04-18 11:59:42,453:MySQL_Database.py#L253:INFO]: Transpiling workload from PostgreSQL to MySQL syntax...
[2026-04-18 11:59:42,477:MySQL_Database.py#L81:INFO]: MySQL knobs persisted to mysqld-auto.cnf. Restarting to apply...
[2026-04-18 11:59:42,477:MySQL_Database.py#L200:INFO]: Restarting MySQL service...
[2026-04-18 11:59:51,076:MySQL_Database.py#L210:INFO]: Waiting for MySQL to become available...
[2026-04-18 11:59:51,140:MySQL_Database.py#L228:INFO]: MySQL is back up! (Took 0.06s)
[2026-04-18 11:59:51,140:MySQL_Database.py#L32:INFO]: Closed old MySQL connection.
[2026-04-18 11:59:51,201:MySQL_Database.py#L278:INFO]: Executing transpiled workload olap_workloads/ssb_155.wg (2 queries)...
[2026-04-18 12:00:07,500:MySQL_Database.py#L305:INFO]: Workload olap_workloads/ssb_155.wg executed successfully.
[2026-04-18 12:00:07,500:run_diverse_configs.py#L206:INFO]: Performance for config 10: 8.14907006197609
[2026-04-18 12:00:07,500:run_diverse_configs.py#L129:INFO]: Running 10 configs for ssb_11
[2026-04-18 12:00:07,500:run_diverse_configs.py#L137:INFO]: Running config 1/10 for ssb_11
[2026-04-18 12:00:07,507:MySQL_Database.py#L253:INFO]: Transpiling workload from PostgreSQL to MySQL syntax...
[2026-04-18 12:00:07,539:MySQL_Database.py#L81:INFO]: MySQL knobs persisted to mysqld-auto.cnf. Restarting to apply...
[2026-04-18 12:00:07,539:MySQL_Database.py#L200:INFO]: Restarting MySQL service...
[2026-04-18 12:00:15,281:MySQL_Database.py#L210:INFO]: Waiting for MySQL to become available...
[2026-04-18 12:00:15,359:MySQL_Database.py#L228:INFO]: MySQL is back up! (Took 0.08s)
[2026-04-18 12:00:15,360:MySQL_Database.py#L32:INFO]: Closed old MySQL connection.
[2026-04-18 12:00:15,421:MySQL_Database.py#L278:INFO]: Executing transpiled workload olap_workloads/ssb_11.wg (2 queries)...
[2026-04-18 12:00:18,908:MySQL_Database.py#L305:INFO]: Workload olap_workloads/ssb_11.wg executed successfully.
[2026-04-18 12:00:18,908:run_diverse_configs.py#L206:INFO]: Performance for config 1: 1.7431631640065461
[2026-04-18 12:00:18,908:run_diverse_configs.py#L137:INFO]: Running config 2/10 for ssb_11
[2026-04-18 12:00:18,909:MySQL_Database.py#L253:INFO]: Transpiling workload from PostgreSQL to MySQL syntax...
[2026-04-18 12:00:18,921:MySQL_Database.py#L81:INFO]: MySQL knobs persisted to mysqld-auto.cnf. Restarting to apply...
[2026-04-18 12:00:18,921:MySQL_Database.py#L200:INFO]: Restarting MySQL service...
[2026-04-18 12:00:26,661:MySQL_Database.py#L210:INFO]: Waiting for MySQL to become available...
[2026-04-18 12:00:26,729:MySQL_Database.py#L228:INFO]: MySQL is back up! (Took 0.07s)
[2026-04-18 12:00:26,729:MySQL_Database.py#L32:INFO]: Closed old MySQL connection.
[2026-04-18 12:00:26,789:MySQL_Database.py#L278:INFO]: Executing transpiled workload olap_workloads/ssb_11.wg (2 queries)...
[2026-04-18 12:00:30,321:MySQL_Database.py#L305:INFO]: Workload olap_workloads/ssb_11.wg executed successfully.
[2026-04-18 12:00:30,321:run_diverse_configs.py#L206:INFO]: Performance for config 2: 1.7656501380261034
[2026-04-18 12:00:30,322:run_diverse_configs.py#L137:INFO]: Running config 3/10 for ssb_11
[2026-04-18 12:00:30,322:MySQL_Database.py#L253:INFO]: Transpiling workload from PostgreSQL to MySQL syntax...
[2026-04-18 12:00:30,333:MySQL_Database.py#L81:INFO]: MySQL knobs persisted to mysqld-auto.cnf. Restarting to apply...
[2026-04-18 12:00:30,333:MySQL_Database.py#L200:INFO]: Restarting MySQL service...
[2026-04-18 12:00:38,878:MySQL_Database.py#L210:INFO]: Waiting for MySQL to become available...
[2026-04-18 12:00:38,942:MySQL_Database.py#L228:INFO]: MySQL is back up! (Took 0.06s)
[2026-04-18 12:00:38,942:MySQL_Database.py#L32:INFO]: Closed old MySQL connection.
[2026-04-18 12:00:39,004:MySQL_Database.py#L278:INFO]: Executing transpiled workload olap_workloads/ssb_11.wg (2 queries)...
[2026-04-18 12:00:42,444:MySQL_Database.py#L305:INFO]: Workload olap_workloads/ssb_11.wg executed successfully.
[2026-04-18 12:00:42,444:run_diverse_configs.py#L206:INFO]: Performance for config 3: 1.7198025763500482
[2026-04-18 12:00:42,445:run_diverse_configs.py#L137:INFO]: Running config 4/10 for ssb_11
[2026-04-18 12:00:42,445:MySQL_Database.py#L253:INFO]: Transpiling workload from PostgreSQL to MySQL syntax...
[2026-04-18 12:00:42,462:MySQL_Database.py#L81:INFO]: MySQL knobs persisted to mysqld-auto.cnf. Restarting to apply...
[2026-04-18 12:00:42,462:MySQL_Database.py#L200:INFO]: Restarting MySQL service...
[2026-04-18 12:00:50,101:MySQL_Database.py#L210:INFO]: Waiting for MySQL to become available...
[2026-04-18 12:00:50,179:MySQL_Database.py#L228:INFO]: MySQL is back up! (Took 0.08s)
[2026-04-18 12:00:50,179:MySQL_Database.py#L32:INFO]: Closed old MySQL connection.
[2026-04-18 12:00:50,239:MySQL_Database.py#L278:INFO]: Executing transpiled workload olap_workloads/ssb_11.wg (2 queries)...
[2026-04-18 12:00:53,750:MySQL_Database.py#L305:INFO]: Workload olap_workloads/ssb_11.wg executed successfully.
[2026-04-18 12:00:53,750:run_diverse_configs.py#L206:INFO]: Performance for config 4: 1.7549268179573119
[2026-04-18 12:00:53,750:run_diverse_configs.py#L137:INFO]: Running config 5/10 for ssb_11
[2026-04-18 12:00:53,750:MySQL_Database.py#L253:INFO]: Transpiling workload from PostgreSQL to MySQL syntax...
[2026-04-18 12:00:53,763:MySQL_Database.py#L81:INFO]: MySQL knobs persisted to mysqld-auto.cnf. Restarting to apply...
[2026-04-18 12:00:53,763:MySQL_Database.py#L200:INFO]: Restarting MySQL service...
[2026-04-18 12:01:02,361:MySQL_Database.py#L210:INFO]: Waiting for MySQL to become available...
[2026-04-18 12:01:02,430:MySQL_Database.py#L228:INFO]: MySQL is back up! (Took 0.07s)
[2026-04-18 12:01:02,430:MySQL_Database.py#L32:INFO]: Closed old MySQL connection.
[2026-04-18 12:01:02,496:MySQL_Database.py#L278:INFO]: Executing transpiled workload olap_workloads/ssb_11.wg (2 queries)...
[2026-04-18 12:01:05,970:MySQL_Database.py#L305:INFO]: Workload olap_workloads/ssb_11.wg executed successfully.
[2026-04-18 12:01:05,970:run_diverse_configs.py#L206:INFO]: Performance for config 5: 1.7364985605236143
[2026-04-18 12:01:05,970:run_diverse_configs.py#L137:INFO]: Running config 6/10 for ssb_11
[2026-04-18 12:01:05,971:MySQL_Database.py#L253:INFO]: Transpiling workload from PostgreSQL to MySQL syntax...
[2026-04-18 12:01:05,982:MySQL_Database.py#L81:INFO]: MySQL knobs persisted to mysqld-auto.cnf. Restarting to apply...
[2026-04-18 12:01:05,982:MySQL_Database.py#L200:INFO]: Restarting MySQL service...
[2026-04-18 12:01:13,671:MySQL_Database.py#L210:INFO]: Waiting for MySQL to become available...
[2026-04-18 12:01:13,735:MySQL_Database.py#L228:INFO]: MySQL is back up! (Took 0.06s)
[2026-04-18 12:01:13,735:MySQL_Database.py#L32:INFO]: Closed old MySQL connection.
[2026-04-18 12:01:13,847:MySQL_Database.py#L278:INFO]: Executing transpiled workload olap_workloads/ssb_11.wg (2 queries)...
[2026-04-18 12:01:17,279:MySQL_Database.py#L305:INFO]: Workload olap_workloads/ssb_11.wg executed successfully.
[2026-04-18 12:01:17,279:run_diverse_configs.py#L206:INFO]: Performance for config 6: 1.715529473964125
[2026-04-18 12:01:17,279:run_diverse_configs.py#L137:INFO]: Running config 7/10 for ssb_11
[2026-04-18 12:01:17,280:MySQL_Database.py#L253:INFO]: Transpiling workload from PostgreSQL to MySQL syntax...
[2026-04-18 12:01:17,293:MySQL_Database.py#L81:INFO]: MySQL knobs persisted to mysqld-auto.cnf. Restarting to apply...
[2026-04-18 12:01:17,293:MySQL_Database.py#L200:INFO]: Restarting MySQL service...
[2026-04-18 12:01:24,930:MySQL_Database.py#L210:INFO]: Waiting for MySQL to become available...
[2026-04-18 12:01:24,999:MySQL_Database.py#L228:INFO]: MySQL is back up! (Took 0.07s)
[2026-04-18 12:01:24,999:MySQL_Database.py#L32:INFO]: Closed old MySQL connection.
[2026-04-18 12:01:25,060:MySQL_Database.py#L278:INFO]: Executing transpiled workload olap_workloads/ssb_11.wg (2 queries)...
[2026-04-18 12:01:28,530:MySQL_Database.py#L305:INFO]: Workload olap_workloads/ssb_11.wg executed successfully.
[2026-04-18 12:01:28,531:run_diverse_configs.py#L206:INFO]: Performance for config 7: 1.7348027077969164
[2026-04-18 12:01:28,531:run_diverse_configs.py#L137:INFO]: Running config 8/10 for ssb_11
[2026-04-18 12:01:28,531:MySQL_Database.py#L253:INFO]: Transpiling workload from PostgreSQL to MySQL syntax...
[2026-04-18 12:01:28,542:MySQL_Database.py#L81:INFO]: MySQL knobs persisted to mysqld-auto.cnf. Restarting to apply...
[2026-04-18 12:01:28,542:MySQL_Database.py#L200:INFO]: Restarting MySQL service...
[2026-04-18 12:01:37,188:MySQL_Database.py#L210:INFO]: Waiting for MySQL to become available...
[2026-04-18 12:01:37,252:MySQL_Database.py#L228:INFO]: MySQL is back up! (Took 0.06s)
[2026-04-18 12:01:37,252:MySQL_Database.py#L32:INFO]: Closed old MySQL connection.
[2026-04-18 12:01:37,313:MySQL_Database.py#L278:INFO]: Executing transpiled workload olap_workloads/ssb_11.wg (2 queries)...
[2026-04-18 12:01:40,736:MySQL_Database.py#L305:INFO]: Workload olap_workloads/ssb_11.wg executed successfully.
[2026-04-18 12:01:40,736:run_diverse_configs.py#L206:INFO]: Performance for config 8: 1.7112122485414147
[2026-04-18 12:01:40,736:run_diverse_configs.py#L137:INFO]: Running config 9/10 for ssb_11
[2026-04-18 12:01:40,737:MySQL_Database.py#L253:INFO]: Transpiling workload from PostgreSQL to MySQL syntax...
[2026-04-18 12:01:40,746:MySQL_Database.py#L81:INFO]: MySQL knobs persisted to mysqld-auto.cnf. Restarting to apply...
[2026-04-18 12:01:40,746:MySQL_Database.py#L200:INFO]: Restarting MySQL service...
[2026-04-18 12:01:48,235:MySQL_Database.py#L210:INFO]: Waiting for MySQL to become available...
[2026-04-18 12:01:48,300:MySQL_Database.py#L228:INFO]: MySQL is back up! (Took 0.07s)
[2026-04-18 12:01:48,301:MySQL_Database.py#L32:INFO]: Closed old MySQL connection.
[2026-04-18 12:01:48,361:MySQL_Database.py#L278:INFO]: Executing transpiled workload olap_workloads/ssb_11.wg (2 queries)...
[2026-04-18 12:01:51,803:MySQL_Database.py#L305:INFO]: Workload olap_workloads/ssb_11.wg executed successfully.
[2026-04-18 12:01:51,803:run_diverse_configs.py#L206:INFO]: Performance for config 9: 1.7204995404463261
[2026-04-18 12:01:51,803:run_diverse_configs.py#L137:INFO]: Running config 10/10 for ssb_11
[2026-04-18 12:01:51,804:MySQL_Database.py#L253:INFO]: Transpiling workload from PostgreSQL to MySQL syntax...
[2026-04-18 12:01:51,822:MySQL_Database.py#L81:INFO]: MySQL knobs persisted to mysqld-auto.cnf. Restarting to apply...
[2026-04-18 12:01:51,822:MySQL_Database.py#L200:INFO]: Restarting MySQL service...
[2026-04-18 12:01:59,463:MySQL_Database.py#L210:INFO]: Waiting for MySQL to become available...
[2026-04-18 12:01:59,537:MySQL_Database.py#L228:INFO]: MySQL is back up! (Took 0.07s)
[2026-04-18 12:01:59,537:MySQL_Database.py#L32:INFO]: Closed old MySQL connection.
[2026-04-18 12:01:59,598:MySQL_Database.py#L278:INFO]: Executing transpiled workload olap_workloads/ssb_11.wg (2 queries)...
[2026-04-18 12:02:03,047:MySQL_Database.py#L305:INFO]: Workload olap_workloads/ssb_11.wg executed successfully.
[2026-04-18 12:02:03,048:run_diverse_configs.py#L206:INFO]: Performance for config 10: 1.7241543703712523
