epoch,lambda_coral,lambda_dann,train_loss,task_loss,coral_loss,dann_loss,train_domain_acc,src_mse,tgt_mse,macro_val_mse,macro_val_spearman,src_mape,tgt_mape,domain_acc,h_div,fold
1,0.0,0.0,0.8113157493727547,0.8113157493727547,0.0,0.0,0.0,1.1661230325698853,0.645698070526123,0.775804340839386,0.5415338027359533,81.55453491210938,93.22964731852214,0.3640032410621643,0.0,1
2,0.0,0.0,0.5946907156280109,0.5946907156280109,0.0,0.0,0.0,0.8107116222381592,0.291374996304512,0.421209167689085,0.7936989035697828,88.97312927246094,66.91220092773438,0.37933817505836487,0.0,1
3,0.0,0.0,0.32244117983749937,0.32244117983749937,0.0,0.0,0.0,0.6006598472595215,0.1333314540485541,0.25016353745013475,0.8711591360182217,56.81142807006836,40.72207514444987,0.37288135290145874,0.0,1
4,0.0,0.0,0.23094832365001952,0.23094832365001952,0.0,0.0,0.0,0.3937872052192688,0.1347623417774836,0.1995185650885105,0.8956840250953225,65.01002502441406,47.40674654642741,0.4689265489578247,0.0,1
5,0.0,0.0,0.21073010563850403,0.21073010563850403,0.0,0.0,0.0,0.24626366794109344,0.1112324446439743,0.1449902579188347,0.9256861260234106,43.75856399536133,43.686631520589195,0.4455205798149109,0.0,1
6,0.0,0.0,0.13946385655019963,0.13946385655019963,0.0,0.0,0.0,0.1700485199689865,0.10716601585348447,0.12288663443177938,0.9389694002941734,40.04435348510742,39.70261446634928,0.3979015350341797,0.0,1
7,0.0,0.0,0.12272250945014614,0.12272250945014614,0.0,0.0,0.0,0.3207513391971588,0.17456471174955368,0.21111136861145496,0.9474979620148215,49.727867126464844,42.76575215657552,0.3494753837585449,0.0,1
8,0.0,0.0,0.11725891275065285,0.11725891275065285,0.0,0.0,0.0,0.12404608726501465,0.14347823212544122,0.1386201959103346,0.9465452028124162,26.53077507019043,47.0864060719808,0.4576271176338196,0.0,1
9,0.0,0.0,0.09754352777131967,0.09754352777131967,0.0,0.0,0.0,0.15334473550319672,0.08878596623738606,0.10492565110325813,0.9608728290013149,39.95637130737305,41.37110900878906,0.47941887378692627,0.0,1
10,0.0,0.0,0.08380612464887756,0.08380612464887756,0.0,0.0,0.0,0.07303549349308014,0.12103560691078503,0.10903558041900396,0.9547366482963697,23.637821197509766,32.509159088134766,0.32768362760543823,0.0,1
11,0.0,0.0,0.0838693587907723,0.0838693587907723,0.0,0.0,0.0,0.06976696848869324,0.06940319761633873,0.06949414033442736,0.9591976980082251,23.279253005981445,29.383307139078777,0.3930589258670807,0.0,1
12,0.0,0.0,0.061275531138692586,0.061275531138692586,0.0,0.0,0.0,0.046824973076581955,0.06546832683185737,0.06080748839303851,0.968196616991821,18.77629852294922,27.441704432169598,0.45117029547691345,0.0,1
13,0.0,0.0,0.05996316219014781,0.05996316219014781,0.0,0.0,0.0,0.04515543580055237,0.06484676680217187,0.05992393405176699,0.9634156152160812,18.502565383911133,28.20572280883789,0.3930589258670807,0.0,1
14,0.0,0.0,0.05345894822052547,0.05345894822052547,0.0,0.0,0.0,0.10479617118835449,0.08708183964093526,0.09151042252779007,0.9653916538504118,33.992584228515625,38.33795738220215,0.3478611707687378,0.0,1
15,0.0,0.0,0.054895036587757726,0.054895036587757726,0.0,0.0,0.0,0.0650237649679184,0.05112111630539099,0.054596778471022844,0.9711957557863418,24.41837501525879,27.93239148457845,0.4810330867767334,0.0,1
16,0.0,0.0,0.039296827744692564,0.039296827744692564,0.0,0.0,0.0,0.03490779921412468,0.05180127018441757,0.047577902441844344,0.9724202077341343,15.363177299499512,26.13488547007243,0.39144471287727356,0.0,1
17,0.0,0.0,0.05228427950558918,0.05228427950558918,0.0,0.0,0.0,0.03197474032640457,0.053898773776988186,0.048417765414342284,0.9764151865738497,16.22480583190918,25.82781982421875,0.4196932911872864,0.0,1
18,0.0,0.0,0.036105319658028226,0.036105319658028226,0.0,0.0,0.0,0.03865111246705055,0.04893178710093101,0.046361618442460895,0.9718753177840425,17.682239532470703,25.943359692891438,0.39144471287727356,0.0,1
19,0.0,0.0,0.03864319383033684,0.03864319383033684,0.0,0.0,0.0,0.04707330837845802,0.050546335677305855,0.049678077921271324,0.976713133658496,19.81356430053711,29.15378252665202,0.42050039768218994,0.0,1
20,0.0,0.0,0.033277986970330985,0.033277986970330985,0.0,0.0,0.0,0.023016344755887985,0.046113002113997936,0.04033883777447045,0.9782697172409895,14.999613761901855,26.022363026936848,0.4003228545188904,0.0,1
21,0.0,0.0,0.03300840733572841,0.03300840733572841,0.0,0.0,0.0,0.024511419236660004,0.04542772533992926,0.04019864881411195,0.9780245346247282,14.605657577514648,25.152207374572754,0.4261501133441925,0.0,1
22,0.0016666666666666635,0.018725624024253706,0.10349097635064806,0.03346162675214665,0.0026559216203168035,0.7002492121287754,0.7776193870277975,0.06015578284859657,0.05283716352035602,0.05466681928373873,0.9761885959608796,24.777389526367188,29.157755851745605,0.8192090392112732,1.2768361568450928,1
23,0.0033333333333333322,0.03730590053147884,0.08416333302323308,0.036368626302906444,0.003134956683165261,0.477842564029353,0.8342124019957234,0.0730474442243576,0.06092973270763954,0.0639591624494642,0.9756152641899086,19.66010093688965,27.112027486165363,0.852300226688385,1.40920090675354,1
24,0.005000000000000001,0.055599959972441805,0.0767662547794836,0.03446448940251555,0.0027279865046563956,0.42288124561309814,0.8660014255167499,0.0327535979449749,0.05535986057172219,0.04970829491503537,0.9748230114636918,15.397904396057129,25.33110745747884,0.8781275153160095,1.512510061264038,1
25,0.0066666666666666645,0.07347559872111269,0.0662723963281938,0.02965345679383193,0.0029610176778598024,0.3659919819661549,0.8949394155381326,0.027624743059277534,0.046548403489092983,0.04181748884730041,0.9790984213027245,16.498905181884766,25.063557624816895,0.8926553726196289,1.5706214904785156,1
26,0.008333333333333331,0.0908129187996325,0.06293093998517309,0.028419738901512965,0.0028009261170934352,0.3448785958545549,0.9060584461867427,0.023292431607842445,0.04768847767263651,0.04158946615643799,0.9781301292027559,12.905920028686523,23.6119597752889,0.887005627155304,1.5480225086212158,1
27,0.010000000000000002,0.10750721950523578,0.0665373235408749,0.024616620869242718,0.0026269302720070948,0.41894432263714926,0.8719885958660014,0.021945593878626823,0.06696541824688514,0.055710461689159274,0.9764178330203235,13.37494945526123,28.160288492838543,0.8079096078872681,1.2316384315490723,1
28,0.011666666666666669,0.12347101670220681,0.13634470530918666,0.030686122930741737,0.0036673883816027747,1.0561579402003969,0.67712045616536,0.037791699171066284,0.045822907239198685,0.043815105222165585,0.9769898814592555,18.841442108154297,27.830472946166992,0.6682808995246887,0.6731235980987549,1
29,0.013333333333333336,0.13863514717800293,0.18220641969570092,0.027718805441898958,0.0055840770364739,1.5441315727574485,0.5304347826086957,0.038029637187719345,0.05215769105901321,0.04862567852251232,0.9766080475423502,20.595006942749023,28.90229670206706,0.3236480951309204,0.0,1
30,0.014999999999999998,0.15294899212057694,0.19528619891830853,0.03410996277151363,0.00573149901382359,1.6109026159558977,0.37205987170349253,0.03117927722632885,0.04287968731174866,0.03995458479039371,0.9769603650470073,17.034181594848633,26.93828582763672,0.47941887378692627,0.0,1
31,0.016666666666666663,0.16637991670481464,0.157190168010337,0.02688199421390891,0.0032306723504526807,1.3025432782513755,0.4122594440484676,0.028427233919501305,0.048569152131676674,0.04353367257863283,0.9770587074828451,16.248165130615234,25.85176722208659,0.5657788515090942,0.26311540603637695,1
32,0.018333333333333333,0.1789120666437727,0.13702105278415339,0.027998560540644184,0.0028286285856406073,1.0897063144615717,0.5290092658588739,0.026987219229340553,0.04664065378407637,0.04172729467973113,0.9759826445301616,14.239872932434082,24.20743719736735,0.42050039768218994,0.0,1
33,0.020000000000000004,0.19054468571618619,0.13788428157567978,0.022195166209712625,0.0020165612887857215,1.1564878246613912,0.45089094796863866,0.013998179696500301,0.04791545153905948,0.039436133578419685,0.9811265224322147,12.178495407104492,25.8349609375,0.5964487195014954,0.38579487800598145,1
34,0.021666666666666667,0.20129012226206214,0.10266330545502049,0.01835972672727491,0.0024412926577497274,0.842506828052657,0.6461867426942267,0.014552224427461624,0.060278462866942085,0.04884690302424133,0.9789944372472074,10.378134727478027,27.07850996653239,0.8184019327163696,1.2736077308654785,1
35,0.023333333333333338,0.21117168118098634,0.10590156034699508,0.018263293596516763,0.0024711825203017463,0.8758060357400349,0.6236635780470421,0.01876959018409252,0.05585862509906292,0.04658636637032032,0.980032981641844,13.570842742919922,26.40187358856201,0.48426151275634766,0.0,1
36,0.024999999999999994,0.22022145588130237,0.13571879640221596,0.01798628337149109,0.0031981114672297345,1.1765255949326925,0.4025659301496793,0.013358228839933872,0.05817985503623883,0.04697444848716259,0.9731623859308074,9.710023880004883,25.87941265106201,0.6416465044021606,0.5665860176086426,1
37,0.02666666666666667,0.22847824678672937,0.11731943780822414,0.02091375152979578,0.0022400964350838748,0.9634594853435244,0.5399857448325018,0.018200989812612534,0.07539733002583186,0.06109824450686574,0.9735825127633385,13.228187561035156,31.549535751342773,0.6747376918792725,0.6989507675170898,1
38,0.028333333333333335,0.2359856436326092,0.11259094519274575,0.018927878933027387,0.001988590245933405,0.9360672171626773,0.6069850320741269,0.016873586922883987,0.07137615357836087,0.05775051191449165,0.9720405080948518,10.994782447814941,26.438149452209473,0.6263115406036377,0.5052461624145508,1
39,0.03,0.24279032106053433,0.12429938491966043,0.020774705368759378,0.002854249290456729,1.0343905027423586,0.5511047754811119,0.013327463530004025,0.05539565316090981,0.04487860598601401,0.9755495559607963,10.814867973327637,24.979469299316406,0.598870038986206,0.3954801559448242,1
40,0.03166666666666667,0.24894057299578784,0.11956782186669963,0.016921703005209565,0.00289523702148082,1.025544366666249,0.5730577334283677,0.010435524396598339,0.07064221892505884,0.05559054506011307,0.9742174991292504,10.03957462310791,26.463759740193684,0.6158192157745361,0.46327686309814453,1
41,0.03333333333333334,0.25448509198725394,0.1486605310014316,0.015435537622709359,0.0023575685918331146,1.3314640351704188,0.3451176051318603,0.012115305289626122,0.06370487840225299,0.05080748489126563,0.9750487056458718,10.562347412109375,23.419626235961914,0.4237288236618042,0.0,1
42,0.034999999999999996,0.25947198531622256,0.1175757675830807,0.018714695536930646,0.0021308607247192413,0.9878649115562439,0.5402708481824662,0.020472686737775803,0.05569514663269123,0.04688953165896237,0.977349665103851,13.180046081542969,24.55652364095052,0.6577885150909424,0.6311540603637695,1
43,0.03666666666666667,0.2639480098955954,0.1288426731313978,0.01624763766968889,0.0017651004018262029,1.1253031407083784,0.5442622950819672,0.014224481768906116,0.0493952048321565,0.040602523600682616,0.979380109208071,10.774469375610352,24.985081672668457,0.2623082995414734,0.0,1
44,0.03833333333333333,0.2679580021201054,0.1366364737706525,0.0203993111582739,0.0023221699895137654,1.1614814570971899,0.4533143264433357,0.015448878519237041,0.07455492143829663,0.05977841070853174,0.9734024141466979,11.607353210449219,25.7019468943278,0.5577078461647034,0.23083138465881348,1
45,0.04000000000000001,0.27154447609346,0.1199192080114569,0.018607993743249347,0.0016767289032161767,1.0124414435454778,0.5334283677833215,0.01622352935373783,0.06244112364947796,0.05088672507554293,0.9764148207769807,10.854389190673828,24.13292916615804,0.7627118825912476,1.0508475303649902,1
46,0.04166666666666667,0.27474736325062865,0.11404512396880559,0.017330469896218607,0.0015058692162191229,0.9665190875530243,0.581183178902352,0.01226129662245512,0.07297653580705325,0.05779772624373436,0.9740331168227111,9.67842960357666,23.586784998575848,0.6408393979072571,0.5633575916290283,1
47,0.043333333333333335,0.27760386759352235,0.1176235843449831,0.014847965811246209,0.00222480945168562,1.0267920792102814,0.5000712758374911,0.00925455428659916,0.06508343790968259,0.05112621723674238,0.9766746721507049,8.644033432006836,24.35955301920573,0.6876513361930847,0.7506053447723389,1
48,0.045,0.28014841296677745,0.10847282010529723,0.01211379554920963,0.0019249692081107891,0.9627239853143692,0.5722024233784747,0.013959038071334362,0.07487969783445199,0.059649532893672585,0.9730222324232792,10.87598705291748,24.976050694783527,0.5690072774887085,0.276029109954834,1
49,0.04666666666666666,0.28241266154918615,0.12807967327535152,0.012868392547326428,0.0011666922405960836,1.1515683361462183,0.48139700641482536,0.012898674234747887,0.07189491856843233,0.057145857717841864,0.9738206383395385,11.521893501281738,28.433848698933918,0.35108959674835205,0.0,1
50,0.04833333333333334,0.28442558568132187,0.12345402874052525,0.013624888046511583,0.0015978176379576325,1.0975190997123718,0.46671418389166075,0.010538602247834206,0.06459729373455048,0.05108262086287141,0.9741838402529068,9.414386749267578,23.67944399515788,0.63922518491745,0.5569007396697998,1
51,0.05,0.2862135780539846,0.11304398439824581,0.010074519053367632,0.0022413923371849315,1.0285739323922567,0.48980755523877406,0.011230265721678734,0.06876778230071068,0.05438340315595269,0.974347451958215,9.843483924865723,23.88018258412679,0.4810330867767334,0.0,1
52,0.05,0.2878005879944047,0.11871910627399172,0.011010489725906934,0.0027654674361526433,1.075703420809337,0.42794012829650746,0.00801066868007183,0.05838531566162904,0.04579165391623974,0.9764363361418557,8.09705924987793,24.594501495361328,0.4858756959438324,0.0,1
53,0.05,0.28920827402274507,0.1111476660839149,0.01038447518034705,0.0022690609164003816,1.0064973618303026,0.5290092658588739,0.005898883566260338,0.06458413476745288,0.04991282208357006,0.9756590579127526,6.571757793426514,23.06620693206787,0.746569812297821,0.9862792491912842,1
54,0.05,0.29045616497291116,0.10708871936159474,0.010855210130102932,0.001686974145871188,0.9614915890353066,0.6242337847469708,0.00913043413311243,0.07080125901848078,0.05538355256430805,0.9739875754136027,9.4552583694458,24.60917313893636,0.665859580039978,0.6634383201599121,1
55,0.05,0.29156182377405265,0.11573427090687412,0.011571219457047326,0.001594705503001543,1.0408331496374947,0.542551674982181,0.00687952758744359,0.06445694466431935,0.05006259027868509,0.9742675365365493,7.4146575927734375,23.93724791208903,0.5133171677589417,0.0532686710357666,1
56,0.05,0.2925410094880885,0.11299252536680017,0.009689687152526208,0.001590919352435906,1.0322329146521432,0.5154668567355667,0.007645970676094294,0.07901317160576582,0.061171371256932616,0.9707966454178187,7.3039326667785645,24.70407708485921,0.5496367812156677,0.1985471248626709,1
57,0.05,0.2934078344216441,0.11608385667204857,0.010974099593503135,0.0013258667105609284,1.0504346255745207,0.49793300071275837,0.011003537103533745,0.07630261903007825,0.059977848548442125,0.9697616121191415,9.131637573242188,23.418656984965008,0.4640839397907257,0.0,1
58,0.05,0.2941749141111155,0.11428530301366534,0.010023589911205428,0.0011411864522545198,1.0420465213911874,0.47327156094084105,0.007185489404946566,0.06062505984057983,0.04726516723167151,0.9758659956129747,7.6103949546813965,23.890531539916992,0.5262308120727539,0.10492324829101562,1
59,0.05,0.2948535087517728,0.11078887592468943,0.008530190896375902,0.0010096167887760593,1.0220820371593748,0.5019244476122594,0.007418293971568346,0.061191508546471596,0.04774820478633046,0.9752476259158989,7.4856343269348145,24.730440139770508,0.5698143839836121,0.27925753593444824,1
60,0.05,0.2954536552392835,0.10654708955969129,0.007677853215552334,0.0013098441351238371,0.9880374159131732,0.5605131860299358,0.005452974233776331,0.05873955382655064,0.04541790904477239,0.9770839504167894,6.152690887451172,22.792614936828613,0.6311541795730591,0.5246167182922363,1
61,0.05,0.29598428944542915,0.10622333708618369,0.007834295409598522,0.0012004706991969474,0.9832901699202401,0.599144689950107,0.008004246279597282,0.05544238661726316,0.04358285153284669,0.9782322155540819,7.876453876495361,22.322594960530598,0.6109765768051147,0.443906307220459,1
62,0.05,0.2964533586862537,0.10597686203462738,0.008553371531888843,0.0013307544504641555,0.9735695251396724,0.6045616535994298,0.006771829444915056,0.06330132267127435,0.04916894936468452,0.9761370171232587,7.096993446350098,23.79777717590332,0.6053268909454346,0.4213075637817383,1
63,0.05,0.29686792458386496,0.10815436552677836,0.009614180823388909,0.0013689716059681295,0.984717349920954,0.6263720598717035,0.00593296205624938,0.06025706448902687,0.046676038997247815,0.9762261598907687,7.239903450012207,23.676948229471844,0.675544798374176,0.7021791934967041,1
64,0.05,0.2972342566923755,0.10578573468540396,0.008613795324760889,0.0014286791847553104,0.9710050352982112,0.6712758374910905,0.006574408616870642,0.0588930348555247,0.04581337852869183,0.9764582461120256,6.845590591430664,23.03575897216797,0.6537530422210693,0.6150121688842773,1
65,0.05,0.2975579173704624,0.10324950808925289,0.007821850179295455,0.0011733471723606012,0.9536898923771722,0.6466143977191732,0.005400627851486206,0.05828821131338676,0.04506631544791162,0.9779827550215899,7.127972602844238,23.37694517771403,0.6101694703102112,0.4406778812408447,1
66,0.05,0.29784383845114787,0.10476011782884598,0.008402496742616807,0.0010588875946788384,0.9630467593669891,0.6205274411974341,0.007978959009051323,0.05699722468852997,0.04474265826866031,0.9773097357629607,8.33158016204834,22.76616636912028,0.5544794201850891,0.21791768074035645,1
67,0.05,0.2980963902945089,0.11134123376437596,0.008048865029455296,0.0012313778570387512,1.0323079845735006,0.6044191019244476,0.005784519482403994,0.059353567038973175,0.04596130514983088,0.9778927254400538,6.40656852722168,21.384135564168293,0.5488296747207642,0.19531869888305664,1
68,0.05,0.29831944381972736,0.10966640870485987,0.00812404285118516,0.0013318638999148139,1.014757705586297,0.5998574483250179,0.007506665773689747,0.05838274645308653,0.04566372628323734,0.9773968476682225,7.741201400756836,22.31816514333089,0.5593220591545105,0.237288236618042,1
69,0.05,0.2985164261060192,0.10662574959652764,0.008033580911744918,0.0014209186109448118,0.9852112084627151,0.6185317177476836,0.005315410438925028,0.05920803391685089,0.04573487816378474,0.9771414926025077,6.681756973266602,22.099964141845703,0.5189669132232666,0.0758676528930664,1
70,0.05,0.2986903701327928,0.11090219765901566,0.007966252226781632,0.0013098864188318007,1.0287044878516878,0.5754811119030648,0.005446836818009615,0.06935611398269732,0.0533787946915254,0.9723642066747621,6.6677069664001465,22.251644452412922,0.461662620306015,0.0,1
71,0.05,0.2988439592020035,0.11259253961699349,0.00796822302176484,0.0012523150975799321,1.0456170013972692,0.5160370634354954,0.007105979602783918,0.059075399612387024,0.046083044493570924,0.9773258655242767,7.071435451507568,21.71380043029785,0.5399515628814697,0.1598062515258789,1
72,0.05,0.2989795665531389,0.1113493415926184,0.008068105970908488,0.0016826818755362183,1.0319709990705763,0.5302922309337135,0.0050254100933671,0.061607613849143185,0.047462062793783844,0.9766264366470891,5.933312892913818,22.238540013631184,0.5891848206520081,0.3567392826080322,1
73,0.05,0.2990992906459578,0.10885772508169923,0.007444532987262521,0.001378226318463151,1.0134427951914924,0.5528153955808981,0.006071143783628941,0.06368516245856881,0.049281657789833844,0.9759284414517186,6.652247905731201,22.649601936340332,0.5883777141571045,0.35351085662841797,1
1,0.0,0.0,0.7801273337432316,0.7801273337432316,0.0,0.0,0.0,1.1698181629180908,0.5011896888415018,0.6683468073606491,0.6286947419729483,78.90514373779297,87.31119537353516,0.6550888419151306,0.6203553676605225,2
2,0.0,0.0,0.5407861971429416,0.5407861971429416,0.0,0.0,0.0,0.7567775249481201,0.3447636266549428,0.44776711612939835,0.7855282689509301,70.23958587646484,70.77852121988933,0.506462037563324,0.0258481502532959,2
3,0.0,0.0,0.3378994826759611,0.3378994826759611,0.0,0.0,0.0,0.5520846247673035,0.25296709438165027,0.3277464769780636,0.8679210350327689,47.88494873046875,44.429274241129555,0.6163166165351868,0.46526646614074707,2
4,0.0,0.0,0.23942076680915697,0.23942076680915697,0.0,0.0,0.0,0.2955649197101593,0.1484607197344303,0.18523676972836256,0.8939750421096904,46.042457580566406,41.725772857666016,0.6680129170417786,0.6720516681671143,2
5,0.0,0.0,0.15959587613386766,0.15959587613386766,0.0,0.0,0.0,0.1592663675546646,0.1279172512392203,0.13575453776866198,0.9217352114752857,36.596343994140625,35.10696538289388,0.7092084288597107,0.8368337154388428,2
6,0.0,0.0,0.14317188837698527,0.14317188837698527,0.0,0.0,0.0,0.09743648022413254,0.11614255358775456,0.11146603338420391,0.9466160359615303,25.05029296875,32.21907488505045,0.6421647667884827,0.5686590671539307,2
7,0.0,0.0,0.12711392981665476,0.12711392981665476,0.0,0.0,0.0,0.10872560739517212,0.08889468510945638,0.09385241754353046,0.9520710474213484,31.98603630065918,31.4720942179362,0.5823909640312195,0.32956385612487793,2
8,0.0,0.0,0.1105887344373124,0.1105887344373124,0.0,0.0,0.0,0.16967171430587769,0.11250828330715497,0.12679914105683565,0.951261196715492,31.37040901184082,29.772531509399414,0.5840064883232117,0.3360259532928467,2
9,0.0,0.0,0.08611776400357485,0.08611776400357485,0.0,0.0,0.0,0.049542494118213654,0.09694512809316318,0.08509446866810322,0.9493120540886818,19.476219177246094,30.030609766642254,0.5306946635246277,0.12277865409851074,2
10,0.0,0.0,0.07686938717961311,0.07686938717961311,0.0,0.0,0.0,0.12338590621948242,0.10790812472502391,0.11177757009863853,0.9614943566836057,38.66754150390625,50.88772710164388,0.5226171016693115,0.0904684066772461,2
11,0.0,0.0,0.06892194904919181,0.06892194904919181,0.0,0.0,0.0,0.06900116801261902,0.06227358616888523,0.06395548162981868,0.9642425002437389,22.24622917175293,23.787075360616047,0.48465266823768616,0.0,2
12,0.0,0.0,0.055162674614361355,0.055162674614361355,0.0,0.0,0.0,0.040896691381931305,0.05238273491462072,0.04951122123748064,0.9719885376779105,16.460208892822266,24.350542704264324,0.4975767433643341,0.0,2
13,0.0,0.0,0.04854744386726192,0.04854744386726192,0.0,0.0,0.0,0.03871569409966469,0.05382653512060642,0.05004882486537099,0.9731896161959713,16.207799911499023,25.30311648050944,0.506462037563324,0.0258481502532959,2
14,0.0,0.0,0.044241145186658414,0.044241145186658414,0.0,0.0,0.0,0.06490626931190491,0.04847317313154539,0.052581447176635265,0.973245922980327,26.98932647705078,27.964685440063477,0.5113085508346558,0.04523420333862305,2
15,0.0,0.0,0.04659709454114948,0.04659709454114948,0.0,0.0,0.0,0.0394756942987442,0.050913591558734574,0.04805411817505956,0.9709284827190559,18.447952270507812,23.127894083658855,0.44022616744041443,0.0,2
16,0.0,0.0,0.05247719000492777,0.05247719000492777,0.0,0.0,0.0,0.024469071999192238,0.05558595061302185,0.04780673095956445,0.9736677597482483,14.708867073059082,22.586137453715008,0.5161550641059875,0.0646202564239502,2
17,0.0,0.0,0.038964072574994395,0.038964072574994395,0.0,0.0,0.0,0.026924094185233116,0.045148756355047226,0.04059259034693241,0.9777497709259463,16.51093864440918,24.578245162963867,0.4466882050037384,0.0,2
18,0.0,0.0,0.03918202281264322,0.03918202281264322,0.0,0.0,0.0,0.04204632341861725,0.045233104377985,0.04443640913814306,0.9721435952461434,16.327260971069336,23.36928653717041,0.5306946635246277,0.12277865409851074,2
19,0.0,0.0,0.03843774240730064,0.03843774240730064,0.0,0.0,0.0,0.02943420223891735,0.045035356655716896,0.04113506805151701,0.9772243850426738,18.618526458740234,25.160053253173828,0.5169628262519836,0.06785130500793457,2
20,0.0,0.0,0.04268380460728492,0.04268380460728492,0.0,0.0,0.0,0.032547175884246826,0.04281502030789852,0.04024806013330817,0.9792235953584959,16.400392532348633,24.080027262369793,0.5056542754173279,0.022617101669311523,2
21,0.0,0.0,0.03890098538249731,0.03890098538249731,0.0,0.0,0.0,0.045277152210474014,0.05015478221078714,0.04893537471070886,0.9725861189904681,20.01164436340332,23.668866475423176,0.5880452394485474,0.35218095779418945,2
22,0.0016666666666666635,0.018725624024253706,0.09991261841995376,0.030964548366942575,0.0018329748813162691,0.6894501511539731,0.6897633304818933,0.030590657144784927,0.037040899197260536,0.03542833821848035,0.9801145304379202,16.880529403686523,21.49922053019206,0.8570274710655212,1.428109884262085,2
23,0.0033333333333333322,0.03730590053147884,0.07911001012793609,0.03126921710957374,0.0013700037234229967,0.4783622484122004,0.8284858853721129,0.036747850477695465,0.03987524596353372,0.039093397092074156,0.978460931762533,19.227630615234375,20.75533167521159,0.888529896736145,1.55411958694458,2
24,0.005000000000000001,0.055599959972441805,0.06899687528078045,0.029438447107427886,0.001797206059563905,0.39549440890550613,0.8886512688907898,0.025342339649796486,0.04404543153941631,0.039369658567011356,0.980543785066964,15.061698913574219,24.805160840352375,0.9063004851341248,1.625201940536499,2
25,0.0066666666666666645,0.07347559872111269,0.060057063320917745,0.025431640446186066,0.001310387921486316,0.3461668672306197,0.916310236669518,0.027636054903268814,0.04080716893076897,0.03751439042389393,0.9803031504873815,13.682267189025879,19.616742769877117,0.8901454210281372,1.5605816841125488,2
26,0.008333333333333331,0.0908129187996325,0.061270174836473804,0.026614756656012366,0.0016152211995046986,0.3464195728302002,0.9044767607641859,0.01839926280081272,0.03676683704058329,0.03217494348064065,0.9797703346540325,10.676669120788574,20.520233790079754,0.8957996964454651,1.5831987857818604,2
27,0.010000000000000002,0.10750721950523578,0.09137860632368497,0.02275362371334008,0.0014007189539760084,0.6861097418836185,0.7976903336184773,0.03825709596276283,0.03260704626639684,0.03401955869048834,0.9812444029536166,15.783771514892578,18.358644485473633,0.6478190422058105,0.5912761688232422,2
28,0.011666666666666669,0.12347101670220681,0.20671796479395457,0.025263842195272446,0.002455266769434924,1.814254756484713,0.4897348160821215,0.022410018369555473,0.04052037683626016,0.035992787685245275,0.9799876399766895,14.725257873535156,20.409334182739258,0.19143779575824738,0.0,2
29,0.013333333333333336,0.13863514717800293,0.24655053179178918,0.030382625359509672,0.004299493643754561,2.1611057690211704,0.3306244653550043,0.03579889237880707,0.04168885635832945,0.04021636629477143,0.979102860160216,18.96415138244629,22.737810452779133,0.2132471799850464,0.0,2
30,0.014999999999999998,0.15294899212057694,0.12927076752696717,0.02318609076818185,0.005001606045490397,1.0600965023040771,0.6241802110065583,0.01772785373032093,0.039786467949549355,0.03427181439474225,0.9809337080695422,12.921029090881348,21.473153750101726,0.651857852935791,0.6074314117431641,2
31,0.016666666666666663,0.16637991670481464,0.14011877349444798,0.021496500287737166,0.004054193609460656,1.1855470154966627,0.5879669232962647,0.013624952174723148,0.04789969821770986,0.03933101170696318,0.9767549201857402,9.841690063476562,22.946703910827637,0.3667205274105072,0.0,2
32,0.018333333333333333,0.1789120666437727,0.14472415005522116,0.024083913303911686,0.0032014245350312975,1.2058154344558716,0.4364128885086969,0.022045746445655823,0.037114289899667106,0.033347154036164284,0.9808412520654557,13.638195991516113,21.10429859161377,0.540387749671936,0.16155099868774414,2
33,0.020000000000000004,0.19054468571618619,0.1184272649032729,0.018862033861556222,0.0019955847404032412,0.9952531776257924,0.6333048189335615,0.010926689952611923,0.03768997577329477,0.030999154318124056,0.9803433778027197,9.402776718139648,18.600987752278645,0.5807754397392273,0.3231017589569092,2
34,0.021666666666666667,0.20129012226206214,0.13129287851708277,0.021581803115883043,0.0015816633115589087,1.0967680300985063,0.5511833475905332,0.013828552328050137,0.05240233987569809,0.04275889275595546,0.9781137293801618,9.698476791381836,23.315511385599773,0.3400646150112152,0.0,2
35,0.023333333333333338,0.21117168118098634,0.144991916471294,0.020891813561320305,0.002901273575844243,1.2403240544455392,0.414599372683205,0.017384769394993782,0.03714133364458879,0.032202193047851324,0.9805333924371182,11.8428955078125,18.86977418263753,0.7520194053649902,1.008077621459961,2
36,0.024999999999999994,0.22022145588130237,0.1164898443967104,0.016815952624061277,0.0038469140085258652,0.9957771684442248,0.6066438551468492,0.01954510062932968,0.037510752057035766,0.03301933920010924,0.9808177682896213,13.298755645751953,17.69884999593099,0.756865918636322,1.027463674545288,2
37,0.02666666666666667,0.22847824678672937,0.11445283517241478,0.01971555348219616,0.0030433467348172727,0.9465612322092056,0.6179070430567437,0.009506665170192719,0.03734708515306314,0.030386980157345533,0.9830872813688997,8.057893753051758,21.957141240437824,0.7221324443817139,0.8885297775268555,2
38,0.028333333333333335,0.2359856436326092,0.12859972060791083,0.016175515317757214,0.002534411412593077,1.1235239463193076,0.5111206159110351,0.011534412391483784,0.03845845970014731,0.031727448338642716,0.9815411806895271,9.817826271057129,20.3622407913208,0.374798059463501,0.0,2
39,0.03,0.24279032106053433,0.14040391147136688,0.016477665098916208,0.0007691579116258904,1.2390317022800446,0.38366124893071,0.017219869419932365,0.03349753593405088,0.029428118839859962,0.9807088550002923,11.760746002197266,18.550059636433918,0.4757673740386963,0.0,2
40,0.03166666666666667,0.24894057299578784,0.12223441393247672,0.014541976636142604,0.000981822460224586,1.0766134709119797,0.436127744510978,0.01674705371260643,0.03986462764441967,0.03408523462712765,0.981180202575916,10.22619915008545,18.017870267232258,0.5185783505439758,0.07431340217590332,2
41,0.03333333333333334,0.25448509198725394,0.12072513864508697,0.01552673808432051,0.0011154998095922305,1.051612179194178,0.5969489592244083,0.02133154310286045,0.037317716826995216,0.03332117339596152,0.9789734266394592,12.454683303833008,18.584959983825684,0.6138933897018433,0.45557355880737305,2
42,0.034999999999999996,0.25947198531622256,0.13133717461356095,0.01921884306440396,0.0013404673684687754,1.1207141407898493,0.468063872255489,0.014294725842773914,0.03783982309202353,0.031953548546880484,0.9809218604417416,9.678926467895508,19.656189918518066,0.24313408136367798,0.0,2
43,0.03666666666666667,0.2639480098955954,0.12296771497598716,0.012914672793288316,0.0013896764804875211,1.100020855665207,0.46578272027373824,0.01647214964032173,0.039492360626657806,0.033737307880073786,0.9808966616212669,11.66263198852539,19.835532824198406,0.6429725289344788,0.571890115737915,2
44,0.03833333333333333,0.2679580021201054,0.11365561107439655,0.014307207128565227,0.0020576215382399304,0.9926952719688416,0.5926717992586256,0.01600915938615799,0.0361499817421039,0.03111477615311742,0.9801590083172951,12.601350784301758,18.227488835652668,0.6033925414085388,0.4135701656341553,2
45,0.04000000000000001,0.27154447609346,0.12303176841565541,0.012324899551458657,0.0013802675987660354,1.106516569852829,0.521528371827773,0.009288616478443146,0.034567561000585556,0.028247824870049953,0.9813900381321611,8.120341300964355,18.860910415649414,0.2673667073249817,0.0,2
46,0.04166666666666667,0.27474736325062865,0.12889137518193042,0.011921286815777421,0.0017663785422753011,1.1689648777246475,0.36897633304818933,0.012224961072206497,0.035957406274974346,0.030024295207113028,0.9802952304129229,8.612313270568848,17.173423449198406,0.658319890499115,0.63327956199646,2
47,0.043333333333333335,0.27760386759352235,0.1222552340477705,0.011388645457502986,0.002466664753488398,1.107596984931401,0.43997718848018247,0.008322038687765598,0.03482263286908468,0.028197484323754907,0.9798474227334024,7.876641750335693,17.68764527638753,0.1873990297317505,0.0,2
48,0.045,0.28014841296677745,0.11497410599674497,0.012404082925058901,0.002269451822420316,1.0246789710862296,0.5473339036213287,0.009931983426213264,0.03803521767258644,0.031009409110993147,0.9812678886776369,8.697339057922363,18.94773546854655,0.5452342629432678,0.1809370517730713,2
49,0.04666666666666666,0.28241266154918615,0.1129758105214153,0.011322072773639644,0.0010641254713326426,1.0160407700708933,0.604220131166239,0.008184801787137985,0.03790598611036936,0.03047569002956152,0.9816215330497408,7.644695281982422,17.950496673583984,0.43295636773109436,0.0,2
50,0.04833333333333334,0.28442558568132187,0.11667006276547909,0.012532026024668344,0.0011846353632530995,1.0408077899898802,0.5635871114913031,0.007476188708096743,0.037679341000815235,0.03012855292763561,0.9798746949772122,7.7307448387146,17.109591484069824,0.4135702848434448,0.0,2
51,0.05,0.2862135780539846,0.11747222899326257,0.010101773643067904,0.0009692079287820629,1.0732199315513884,0.4322783005417736,0.005926560610532761,0.03551235174139341,0.02811590419150889,0.9814139459666897,5.910128593444824,17.63690694173177,0.23182553052902222,0.0,2
52,0.05,0.2878005879944047,0.11425281981272357,0.009780566840033447,0.0011600661943832944,1.0441424740212304,0.4308525805531794,0.0076984986662864685,0.036580958093206085,0.02936034300364554,0.9802983604992137,7.311391353607178,17.091432253519695,0.5339257121086121,0.13570284843444824,2
53,0.05,0.28920827402274507,0.11275798774191312,0.011021058923298759,0.0011281432484143547,1.0168052038976125,0.5566010835471913,0.008313563652336597,0.03627226439615091,0.029282588977366686,0.9809854980569558,7.961398124694824,17.585588137308758,0.6857835054397583,0.7431340217590332,2
54,0.05,0.29045616497291116,0.11253828821437699,0.010211063981322306,0.0008132748771458864,1.0228655827896935,0.5342172797262618,0.007902021519839764,0.03737875415633122,0.03000957053154707,0.9807911688546901,7.356686592102051,17.659215291341145,0.5557350516319275,0.22294020652770996,2
55,0.05,0.29156182377405265,0.1180887616106442,0.010154458594375424,0.0011183213729444625,1.078783861228398,0.4168805246649558,0.006076325662434101,0.0420921981955568,0.033088230062276125,0.9802882622983737,6.245631217956543,18.60928249359131,0.479806125164032,0.0,2
56,0.05,0.2925410094880885,0.10900770846222128,0.009903609619608946,0.0010327369922639004,0.990524600659098,0.571285999429712,0.007462068926542997,0.03646019411583742,0.029210663051344454,0.981400948177639,6.652824401855469,18.07534376780192,0.73021000623703,0.9208400249481201,2
57,0.05,0.2934078344216441,0.11064146272838116,0.009921663291087108,0.0007693015452657294,1.0068133239235197,0.5558882235528942,0.00715683912858367,0.03698042749116818,0.029524530400522053,0.9808280555232646,6.971846580505371,17.32580852508545,0.5274636745452881,0.10985469818115234,2
58,0.05,0.2941749141111155,0.1170049182006291,0.00979690401748355,0.0007560814431469355,1.071702092885971,0.44254348445965214,0.006454924587160349,0.03725202661007643,0.029552750987932086,0.981148189427656,6.978513240814209,17.527141571044922,0.35056543350219727,0.0,2
59,0.05,0.2948535087517728,0.11673540621995926,0.008790197516126292,0.0009273471857470993,1.0789883945669447,0.40404904476760767,0.005337766837328672,0.03708553407341242,0.029148592264391482,0.9807477217403618,5.67056941986084,17.172329266866047,0.43941840529441833,0.0,2
60,0.05,0.2954536552392835,0.10976480825671128,0.008424085398603762,0.0010373850631627388,1.0128885230847768,0.5409181636726547,0.00651996023952961,0.03563760158916315,0.02835819113533944,0.9811943548544868,6.494277477264404,16.46868642171224,0.6680129170417786,0.6720516681671143,2
61,0.05,0.29598428944542915,0.10614576829331261,0.007449290182973657,0.0008208095366301547,0.986554354429245,0.5490447676076419,0.007384842727333307,0.037203907035291195,0.029749141074717045,0.9818464266963444,7.641469478607178,17.124889691670734,0.5831987261772156,0.3327949047088623,2
62,0.05,0.2964533586862537,0.11262420485062259,0.008152437446239804,0.0010480101918801665,1.044193657381194,0.49272882805816937,0.006905420683324337,0.03951224529494842,0.03136053925845772,0.9790540842280041,6.266961574554443,17.6272185643514,0.4959612190723419,0.0,2
63,0.05,0.29686792458386496,0.11172654160431453,0.00811093716349985,0.0013554483593907207,1.0354783087968826,0.45879669232962644,0.007975578308105469,0.04027707129716873,0.032201698049902916,0.9800113112775037,7.172830104827881,18.296024640401203,0.5969305038452148,0.3877220153808594,2
64,0.05,0.2972342566923755,0.1081024921898331,0.008796549052931368,0.0010081666758716373,0.9925553245203835,0.4590818363273453,0.007528503425419331,0.03917582084735235,0.03126399149186909,0.9789086018319729,7.072993755340576,17.468363761901855,0.6219708919525146,0.4878835678100586,2
65,0.05,0.2975579173704624,0.1124214380979538,0.008258779400161334,0.0009339769541319194,1.0411595872470312,0.4649272882805817,0.006446650251746178,0.036425902197758354,0.028931089211255312,0.9800323474008921,7.487637519836426,18.137909253438313,0.4466882050037384,0.0,2
66,0.05,0.29784383845114787,0.1164892315864563,0.007899148622527719,0.0009882961104657234,1.0854066695485796,0.3662674650698603,0.006402693688869476,0.035223186326523624,0.028018063167110085,0.9812250786990279,6.584011077880859,16.896831194559734,0.2907916009426117,0.0,2
67,0.05,0.2980963902945089,0.1161427992795195,0.008403882766807718,0.0014624298575134681,1.0766579338482447,0.35885372112917024,0.0063636829145252705,0.03719615315397581,0.02948803559411317,0.9805539266762858,6.394835948944092,16.944138526916504,0.5234248638153076,0.09369945526123047,2
68,0.05,0.29831944381972736,0.10926044146929469,0.007138957818304854,0.0012014229141641408,1.0206141003540583,0.5269461077844312,0.005896917078644037,0.03556857102861007,0.028150657657533884,0.9811385898620557,6.359258651733398,16.536210378011067,0.7479805946350098,0.9919223785400391,2
69,0.05,0.2985164261060192,0.10683437942394189,0.007107068368765924,0.0009406041062902659,0.9968027919530869,0.5875392072996863,0.005146776791661978,0.035732418609162174,0.028086008154787123,0.9814331513521984,5.7932634353637695,16.78239631652832,0.6849757432937622,0.7399029731750488,2
70,0.05,0.2986903701327928,0.11335591067160879,0.007290120926752154,0.0006435421767361861,1.0603361236197608,0.48916452808668376,0.006995218340307474,0.03858660471936067,0.03068875812459737,0.980139710075996,6.669652938842773,17.391382535298664,0.4297253489494324,0.0,2
71,0.05,0.2988439592020035,0.11561945293630872,0.006794561049900949,0.0006847184267826378,1.0879065564700536,0.40034217279726264,0.0047883945517241955,0.03935682959854603,0.030714721069671214,0.9789535576343413,5.409083366394043,17.392321904500324,0.5347334146499634,0.13893365859985352,2
72,0.05,0.2989795665531389,0.10932974597173077,0.007078938103014869,0.0007532589858913395,1.022131432379995,0.5370687197034503,0.005949363112449646,0.03881839166084925,0.03060113452374935,0.9798760270510878,6.327516078948975,16.704353014628094,0.6978998184204102,0.7915992736816406,2
73,0.05,0.2990992906459578,0.1045334373733827,0.006639213600595083,0.0006396232794421459,0.9786224152360644,0.6467065868263473,0.005964741576462984,0.04202482725183169,0.033009805832989514,0.9788507707992881,6.185873508453369,17.310232798258465,0.7213247418403625,0.8852989673614502,2
74,0.05,0.29920498654967204,0.1061493552156857,0.006132207162279103,0.000588337607041467,0.9998772889375687,0.6310236669518107,0.004512957762926817,0.03870917515208324,0.030160120804794133,0.9819413735693353,5.508778095245361,16.84573523203532,0.6462035775184631,0.5848143100738525,2
75,0.05,0.2992982938409667,0.11201934436602252,0.006695885876459735,0.0005674247118544631,1.0529508590698242,0.5494724836042202,0.00466281920671463,0.037937464813391365,0.029618803411722183,0.9819948009786319,5.2593674659729,16.325836499532063,0.4531502425670624,0.0,2
76,0.05,0.2993806613779471,0.11662313847669534,0.006547165352718106,0.0007915880560176447,1.1003639229706355,0.46777872825777017,0.004807124845683575,0.037421359680593014,0.029267800971865654,0.981164653814176,5.56982421875,16.152462164560955,0.35702747106552124,0.0,2
77,0.05,0.29945336928335964,0.11418765969574451,0.0061752350136105505,0.0008306062061040263,1.0797089295727866,0.45694325634445393,0.005495074670761824,0.038018238420287766,0.029887447715736926,0.9805088538084247,5.871205806732178,16.695026715596516,0.4006462097167969,0.0,2
1,0.0,0.0,0.7908055505582264,0.7908055505582264,0.0,0.0,0.0,1.0914198160171509,0.6307000716527303,0.7458800375461578,0.5341330686559949,77.28790283203125,97.04950459798177,0.3239095211029053,0.0,3
2,0.0,0.0,0.527737347143037,0.527737347143037,0.0,0.0,0.0,0.7121728658676147,0.24605566759904227,0.3625849522650242,0.7693480761735401,71.05863189697266,55.55666859944662,0.4184167981147766,0.0,3
3,0.0,0.0,0.33352033155305044,0.33352033155305044,0.0,0.0,0.0,0.40009161829948425,0.16888520742456117,0.22668681759387255,0.881739978913454,66.9824447631836,50.32886187235514,0.43699514865875244,0.0,3
4,0.0,0.0,0.20060214027762413,0.20060214027762413,0.0,0.0,0.0,0.19915403425693512,0.10950408255060513,0.13191656675189734,0.9393894370401472,46.8843879699707,42.75184186299642,0.33117932081222534,0.0,3
5,0.0,0.0,0.17194642339433944,0.17194642339433944,0.0,0.0,0.0,0.18203680217266083,0.10900840908288956,0.12726551480591297,0.9420673755236402,39.69221878051758,43.59402720133463,0.4176090359687805,0.0,3
6,0.0,0.0,0.1198961336963943,0.1198961336963943,0.0,0.0,0.0,0.31550332903862,0.10640682404239972,0.1586809502914548,0.9523412713445738,64.40897369384766,46.548301696777344,0.3739902973175049,0.0,3
7,0.0,0.0,0.10086691379547119,0.10086691379547119,0.0,0.0,0.0,0.18811266124248505,0.07612589125831921,0.10412258375436068,0.9596092739799469,43.20909881591797,33.19198735555013,0.38287559151649475,0.0,3
8,0.0,0.0,0.08640568224447114,0.08640568224447114,0.0,0.0,0.0,0.060511618852615356,0.07401526470979054,0.07063935324549675,0.9634745880616106,21.557344436645508,31.01949469248454,0.3998384475708008,0.0,3
9,0.0,0.0,0.09131529647856951,0.09131529647856951,0.0,0.0,0.0,0.1721872091293335,0.07173713172475497,0.0968496510758996,0.9655854314098375,41.63924789428711,37.58424631754557,0.37722131609916687,0.0,3
10,0.0,0.0,0.08414700241493327,0.08414700241493327,0.0,0.0,0.0,0.06275900453329086,0.08880692720413208,0.08229494653642178,0.9614082552703962,20.448911666870117,40.58970069885254,0.35541194677352905,0.0,3
11,0.0,0.0,0.06655779880072389,0.06655779880072389,0.0,0.0,0.0,0.059371136128902435,0.07409020140767097,0.07041043415665627,0.9674910517049746,24.394723892211914,33.97526486714681,0.368336021900177,0.0,3
12,0.0,0.0,0.05503705849072763,0.05503705849072763,0.0,0.0,0.0,0.08431520313024521,0.053592175245285034,0.06127293221652508,0.9673305958602909,27.516387939453125,29.728812217712402,0.3368335962295532,0.0,3
13,0.0,0.0,0.04803828788655145,0.04803828788655145,0.0,0.0,0.0,0.03954756259918213,0.048197224736213684,0.046034809201955795,0.9745051186631818,16.888900756835938,25.105390230814617,0.3239095211029053,0.0,3
14,0.0,0.0,0.0431959442794323,0.0431959442794323,0.0,0.0,0.0,0.037965912371873856,0.05388165141145388,0.049902716651558876,0.9729799114984699,18.07105827331543,29.77902348836263,0.3416801393032074,0.0,3
15,0.0,0.0,0.038984085499708145,0.038984085499708145,0.0,0.0,0.0,0.044316861778497696,0.055192223439613976,0.05247338395565748,0.9719080733190875,19.57019805908203,26.965386708577473,0.3408723771572113,0.0,3
16,0.0,0.0,0.04105936522994723,0.04105936522994723,0.0,0.0,0.0,0.033187832683324814,0.05925165365139643,0.052735697478055954,0.9750523196190013,15.50248908996582,27.452404657999676,0.3489499092102051,0.0,3
17,0.0,0.0,0.03972825048757451,0.03972825048757451,0.0,0.0,0.0,0.0422668494284153,0.06051537021994591,0.05595324095338583,0.9686516954740169,19.755186080932617,35.11565717061361,0.3449111580848694,0.0,3
18,0.0,0.0,0.03922808403149247,0.03922808403149247,0.0,0.0,0.0,0.03346080332994461,0.06908834477265675,0.06018145848065615,0.971934477595699,17.021575927734375,31.49607213338216,0.365105003118515,0.0,3
19,0.0,0.0,0.039396102473671944,0.039396102473671944,0.0,0.0,0.0,0.039013881236314774,0.06826927761236827,0.06095542851835489,0.9742169666209755,19.537906646728516,28.402950922648113,0.35218092799186707,0.0,3
20,0.0,0.0,0.03436148213222623,0.03436148213222623,0.0,0.0,0.0,0.035310156643390656,0.053731877356767654,0.04912644810974598,0.9757123378388227,16.244388580322266,25.77095603942871,0.38610661029815674,0.0,3
21,0.0,0.0,0.038207273597696,0.038207273597696,0.0,0.0,0.0,0.036313172429800034,0.0608430951833725,0.054710615426301956,0.974437198234269,16.671213150024414,27.097952524820965,0.37964460253715515,0.0,3
22,0.0016666666666666635,0.018725624024253706,0.10229781615946974,0.030351513331489905,0.001930894552580347,0.7194308297974723,0.7670705630791161,0.029512539505958557,0.05774703994393349,0.050688414834439754,0.9739034943834901,14.565570831298828,25.193074862162273,0.8570274710655212,1.428109884262085,3
23,0.0033333333333333322,0.03730590053147884,0.07569522423935789,0.026257543192644204,0.0022872065684558557,0.49430055703435627,0.8042765502494654,0.04243401437997818,0.05303996801376343,0.05038847774267197,0.9733236694372978,20.79814910888672,29.144365628560383,0.8828756213188171,1.5315024852752686,3
24,0.005000000000000001,0.055599959972441805,0.06898805938128914,0.030087050715727464,0.0019317762926220894,0.38891349200691494,0.8859586600142552,0.041341982781887054,0.05320012445251147,0.050235589034855366,0.9723546109809643,16.484878540039062,25.90923086802165,0.9022617340087891,1.6090469360351562,3
25,0.0066666666666666645,0.07347559872111269,0.0642315223813057,0.024513791481565152,0.0023063867078495343,0.39702353945800234,0.8808267997148966,0.020168785005807877,0.07058418293793996,0.05798033392056823,0.9729957441659727,11.303011894226074,25.55006154378255,0.7827140688896179,1.1308562755584717,3
26,0.008333333333333331,0.0908129187996325,0.11226783719445978,0.02886698967111962,0.0022005262393836995,0.8338250815868378,0.7205987170349252,0.044509075582027435,0.0485060860713323,0.04750683344900608,0.9784071133885835,20.48948097229004,26.445102055867512,0.5274636745452881,0.10985469818115234,3
27,0.010000000000000002,0.10750721950523578,0.22679990636450903,0.030076490049915656,0.003988431991144482,1.9668352965797697,0.5039201710620099,0.046254705637693405,0.05036931112408638,0.04934065788984299,0.9761363152125331,23.748083114624023,28.895370483398438,0.22374798357486725,0.0,3
28,0.011666666666666669,0.12347101670220681,0.18684234949094908,0.03187328523823193,0.003301770472067541,1.5493053921631403,0.44091233071988595,0.05966545641422272,0.06332749128341675,0.062411981634795666,0.9735287912341155,18.54009246826172,26.62435468037923,0.5993537902832031,0.3974151611328125,3
29,0.013333333333333336,0.13863514717800293,0.13738782943359443,0.02754096151329577,0.004091458665373336,1.097923138311931,0.5555238774055595,0.026373816654086113,0.04504890367388725,0.040380132384598255,0.9798904586796819,15.369844436645508,28.21853256225586,0.2835218012332916,0.0,3
30,0.014999999999999998,0.15294899212057694,0.15309436725718634,0.02605971773820264,0.0031105926069098394,1.269879890339715,0.3836065573770492,0.05679508298635483,0.05489908158779144,0.05537308193743229,0.975096693266058,21.45641326904297,27.1150484085083,0.37722131609916687,0.0,3
31,0.016666666666666663,0.16637991670481464,0.12927285289125784,0.024421457766688297,0.002861807808845437,1.0480369691337859,0.5442622950819672,0.02632467821240425,0.04380073957145214,0.03943172423169017,0.9797800219757984,14.15250015258789,26.687585830688477,0.6575121283531189,0.6300485134124756,3
32,0.018333333333333333,0.1789120666437727,0.12587034489427293,0.027526898475896035,0.0031075891123951544,0.98286472260952,0.5710620099786172,0.027384966611862183,0.05681416019797325,0.0494568613357842,0.9770953589409619,14.31951904296875,24.888965606689453,0.5218093991279602,0.08723759651184082,3
33,0.020000000000000004,0.19054468571618619,0.14983443836016314,0.026108475335474526,0.0024069737742788027,1.236778199672699,0.3933000712758375,0.02704855613410473,0.05612297231952349,0.0488543682731688,0.9749063928767442,13.483658790588379,29.219059626261394,0.5032309889793396,0.012923955917358398,3
34,0.021666666666666667,0.20129012226206214,0.12783606563295638,0.024662735206740245,0.0017564978749890412,1.0313527073178972,0.4949394155381326,0.020699145272374153,0.06755804146329562,0.05584331741556525,0.9752668570254988,12.043915748596191,25.242344856262207,0.3893376290798187,0.0,3
35,0.023333333333333338,0.21117168118098634,0.13376939775688307,0.022340730797233328,0.0031636245340840624,1.1135484831673759,0.47555238774055597,0.025686660781502724,0.05107599248488744,0.044728659093379974,0.9788745213693804,13.203811645507812,23.352640469868977,0.28109854459762573,0.0,3
36,0.024999999999999994,0.22022145588130237,0.13445955408470972,0.024031812591212138,0.0031986290123313665,1.1034777462482452,0.4705630791161796,0.023582743480801582,0.04558461780349413,0.040084149222821,0.9788274049032953,13.951411247253418,25.323143641153973,0.5193861126899719,0.0775444507598877,3
37,0.02666666666666667,0.22847824678672937,0.12601260095834732,0.021286490938759277,0.002419006757138829,1.046616017818451,0.47099073414112613,0.021099720150232315,0.04649227733413378,0.04014413803815842,0.9796664116774908,13.018136978149414,27.038516998291016,0.6437802910804749,0.5751211643218994,3
38,0.028333333333333335,0.2359856436326092,0.1170628411429269,0.020952967261629447,0.002228799321788496,0.9604672257389341,0.6199572344975054,0.012522588483989239,0.0456187737484773,0.03734472766518593,0.9776046032480397,9.653524398803711,24.8775208791097,0.5815832018852234,0.32633280754089355,3
39,0.03,0.24279032106053433,0.1265997210783618,0.019841052259185483,0.0021747624726101223,1.0669342407158442,0.5178902352102637,0.015583067201077938,0.04032023623585701,0.034135944209992886,0.9794489332175117,10.263082504272461,22.944471677144367,0.4410339295864105,0.0,3
40,0.03166666666666667,0.24894057299578784,0.1349781368459974,0.01735649231289114,0.0030441230503908756,1.1752524631364005,0.38460441910192444,0.01358551811426878,0.047054616113503776,0.038687341613695025,0.9788470031133296,8.55169677734375,27.527228355407715,0.5799676775932312,0.3198707103729248,3
41,0.03333333333333334,0.25448509198725394,0.11530252200152193,0.01576848783796387,0.004071612896430972,0.9939831133399691,0.6203848895224519,0.01409248635172844,0.04237020326157411,0.03530077380128205,0.9796940546655211,10.9866943359375,25.619755109151203,0.5573505759239197,0.2294023036956787,3
42,0.034999999999999996,0.25947198531622256,0.12692443574113504,0.01579106622375548,0.0022900930364682737,1.1105321518012456,0.5084818246614398,0.021128937602043152,0.04405849675337473,0.03832610696554184,0.9810513778208656,12.04937744140625,22.42156442006429,0.5161550641059875,0.0646202564239502,3
43,0.03666666666666667,0.2639480098955954,0.11371967063418456,0.015459857814546143,0.0025084419758059084,0.9816783645323345,0.5928724162508909,0.019842276349663734,0.051057107746601105,0.04325339896604419,0.9762605645216278,11.239287376403809,24.985682169596355,0.6502423286437988,0.6009693145751953,3
44,0.03833333333333333,0.2679580021201054,0.11589123947279793,0.013164140317322952,0.002131202773723219,1.0264540229524886,0.5424091233071988,0.020724261179566383,0.05090540957947572,0.0433601220138371,0.9790351238395221,11.105219841003418,22.675594647725422,0.46365106105804443,0.0,3
45,0.04000000000000001,0.27154447609346,0.11602855500366006,0.014842760050669312,0.00146912042691838,1.01127028465271,0.5312900926585887,0.014014060609042645,0.05127613929410776,0.04196061962284148,0.9781282332553598,9.399686813354492,23.419206937154133,0.5856219530105591,0.34248781204223633,3
46,0.04166666666666667,0.27474736325062865,0.11859537075672831,0.013964689752486135,0.0014741759493647674,1.0456925460270472,0.5496792587312901,0.011597959324717522,0.04647709739704927,0.03775731287896633,0.9794934404982236,9.115988731384277,23.710862795511883,0.5630048513412476,0.25201940536499023,3
47,0.043333333333333335,0.27760386759352235,0.12037763824420315,0.012685979566802936,0.0014281442189323051,1.0762977004051208,0.5074839629365645,0.011060786433517933,0.04377790354192257,0.03559862426482141,0.9830270756385131,8.717244148254395,21.78860060373942,0.6025848388671875,0.41033935546875,3
48,0.045,0.28014841296677745,0.11124820581504277,0.010459934644001936,0.0014012120310716064,1.0072521631206786,0.5499643620812544,0.009609103202819824,0.04279864703615507,0.034501261077821255,0.9812495769552091,8.13764762878418,23.08223056793213,0.5630048513412476,0.25201940536499023,3
49,0.04666666666666666,0.28241266154918615,0.11856386411402907,0.011155151495976108,0.0014295003680412524,1.0734200009277888,0.4638631503920171,0.014003125950694084,0.043044778828819595,0.03578436584211886,0.9807469637896225,10.937023162841797,24.223146438598633,0.3634895086288452,0.0,3
50,0.04833333333333334,0.28442558568132187,0.11304283940366336,0.00996903729225908,0.0016037976061592677,1.0299628376960754,0.5435495367070563,0.008426040410995483,0.044049808755517006,0.035143866669386625,0.9803732422044834,7.2279486656188965,21.524934609731037,0.6462035775184631,0.5848143100738525,3
51,0.05,0.2862135780539846,0.11465845230434622,0.01036147294299943,0.0011480460442336543,1.042395755648613,0.5424091233071988,0.010892286896705627,0.04386820706228415,0.03562422702088952,0.98015100475771,9.262749671936035,22.11943594614665,0.4434571862220764,0.0,3
52,0.05,0.2878005879944047,0.1236488933541945,0.011645875239212598,0.0009636913871093254,1.1195483463151115,0.4075552387740556,0.014871117658913136,0.042206194872657456,0.035372425336390734,0.9808667131591388,11.19561767578125,23.150511105855305,0.38368335366249084,0.0,3
53,0.05,0.28920827402274507,0.11623898813767093,0.012193278492694455,0.0023602011985661064,1.0392769915716988,0.4714183891660727,0.011086320504546165,0.04432956067224344,0.03601875063031912,0.9816854032561009,8.795572280883789,22.797574679056805,0.6268174648284912,0.5072698593139648,3
54,0.05,0.29045616497291116,0.11474602563040597,0.012118638642797512,0.0032765613827255686,1.0246355746473585,0.5325730577334283,0.011692388914525509,0.04736519977450371,0.03844699705950916,0.9791761414135186,9.782511711120605,25.917328198750813,0.5250403881072998,0.10016155242919922,3
55,0.05,0.29156182377405265,0.11746306797223431,0.009993120196408458,0.003409884325394939,1.072994521686009,0.4628652886671418,0.009574884548783302,0.04287649504840374,0.03455109242349863,0.9790594985388802,8.239762306213379,24.860169728597004,0.5589661002159119,0.23586440086364746,3
56,0.05,0.2925410094880885,0.11130526981183461,0.009459580278157123,0.0022813757844102967,1.01731618813106,0.5073414112615823,0.009115984663367271,0.045506068815787636,0.03640854777768254,0.9787482242156188,8.103074073791504,23.177934328715008,0.6631664037704468,0.6526656150817871,3
57,0.05,0.2934078344216441,0.10915263183414936,0.008626602556822556,0.0016368605159056773,1.0044418488230025,0.527583749109052,0.0084329042583704,0.04411132509509722,0.03519171988591552,0.9799729432451459,7.273120403289795,22.74756622314453,0.5823909640312195,0.32956385612487793,3
58,0.05,0.2941749141111155,0.11207941680082253,0.00812245614361018,0.0014624736359110102,1.0388383588620596,0.49636493228795436,0.008119622245430946,0.04227911370495955,0.03373924060724676,0.9798163749595292,7.313204765319824,22.227347056070965,0.5282713770866394,0.11308550834655762,3
59,0.05,0.2948535087517728,0.11316020201359477,0.007735269426900361,0.0017187488701893017,1.0533899388142995,0.4989308624376336,0.007955324836075306,0.04328782670199871,0.0344547014683485,0.9794431317337035,7.240455150604248,22.42394256591797,0.571890115737915,0.28756046295166016,3
60,0.05,0.2954536552392835,0.10838571643190724,0.007360821041012449,0.0017349369092179196,1.0093814645494734,0.5719173200285104,0.007433323189616203,0.04436035516361395,0.03512859717011452,0.980892446893705,6.482128143310547,22.30382188161214,0.6292406916618347,0.5169627666473389,3
61,0.05,0.29598428944542915,0.11163367543901716,0.008910771875110055,0.0015545168093272618,1.0264517558472497,0.561368496079829,0.008471300825476646,0.04666870770355066,0.03711935575120151,0.9795751802913065,8.238119125366211,24.00432809193929,0.5549272894859314,0.21970915794372559,3
62,0.05,0.2964533586862537,0.11693318321236543,0.007421925497640457,0.0015542472413341915,1.0943354368209839,0.44818246614397717,0.0065949722193181515,0.04698781669139862,0.0368896055733785,0.9790456222622109,6.107794761657715,22.159922917683918,0.37641358375549316,0.0,3
63,0.05,0.29686792458386496,0.1145765052310058,0.008567651733756065,0.0015507578853950171,1.0593131418739046,0.4386315039201711,0.007411780301481485,0.044920909528930984,0.03554362722206861,0.9809378593328756,7.517490863800049,23.1459166208903,0.526655912399292,0.10662364959716797,3
64,0.05,0.2972342566923755,0.11074285874409336,0.00834780465811491,0.0012711705307343177,1.0233149443353926,0.5308624376336422,0.006261069793254137,0.047699360797802605,0.037339787813834846,0.9791278486704345,6.291491508483887,22.191582997639973,0.6042003035545349,0.41680121421813965,3
65,0.05,0.2975579173704624,0.11046821677259036,0.007954223763330706,0.001124690565380401,1.0245775686843055,0.5224518888096935,0.006826809141784906,0.04551687650382519,0.03584435977973044,0.9796859058375641,6.093448638916016,21.207255045572918,0.5088853240013123,0.03554129600524902,3
66,0.05,0.29784383845114787,0.11401717950190816,0.008834254844779415,0.001261698578933387,1.0511983782052994,0.4970776906628653,0.009197461418807507,0.043648798018693924,0.03503596386872232,0.9798322691538601,8.080485343933105,22.271026611328125,0.4975767433643341,0.0,3
67,0.05,0.2980963902945089,0.11003796410347734,0.007688603297408138,0.0012092529588179396,1.0228889712265559,0.540128296507484,0.008057400584220886,0.05049280760188898,0.03988395584747195,0.9786463677076687,7.764397621154785,22.774073282877605,0.5686591267585754,0.27463650703430176,3
68,0.05,0.29831944381972736,0.1097953598946333,0.007243154387521956,0.0012665882116250163,1.024888745376042,0.5434069850320741,0.006436260417103767,0.047231377412875496,0.03703259816393256,0.980322469671111,6.5406084060668945,21.738751729329426,0.5258481502532959,0.1033926010131836,3
69,0.05,0.2985164261060192,0.11094388951148305,0.0069026976457930034,0.0015070357601091797,1.0396583867924554,0.49807555238774054,0.008445631712675095,0.05498144030570984,0.04334748815745115,0.9768250126661481,6.83843469619751,21.00648307800293,0.4951534867286682,0.0,3
70,0.05,0.2986903701327928,0.1096072718501091,0.007124706271237561,0.001712721836936128,1.023969264967101,0.5341411261582324,0.009009015746414661,0.04390880341331164,0.035183856496587396,0.9803379946777775,7.137866973876953,21.944229125976562,0.5743134021759033,0.2972536087036133,3
71,0.05,0.2988439592020035,0.10579316477690424,0.00703621211661292,0.0013437194575089961,0.9868976473808289,0.5930149679258732,0.0062711783684790134,0.04682494575778643,0.03668650391045958,0.9799362259796061,6.0269269943237305,20.919664065043133,0.6308562159538269,0.5234248638153076,3
72,0.05,0.2989795665531389,0.10738278260188443,0.006605466378719679,0.0009173841847638999,1.0073144563606806,0.5844618674269423,0.006182017270475626,0.042479785780111946,0.03340534388553351,0.9817079817163283,6.2785749435424805,21.493366559346516,0.5379644632339478,0.15185785293579102,3
73,0.05,0.2990992906459578,0.11379951025758471,0.008458439743013255,0.0010860607684922538,1.052867659500667,0.5148966500356379,0.0058439383283257484,0.0427180714905262,0.03349953819997609,0.9813370502729465,6.310879707336426,21.841910362243652,0.40791597962379456,0.0,3
74,0.05,0.29920498654967204,0.1121088226458856,0.00629126702967499,0.0018146098632964172,1.0572682193347387,0.48139700641482536,0.005901700351387262,0.04207091343899568,0.03302860993426293,0.9807192603950332,5.949923038482666,21.194637934366863,0.40872374176979065,0.0,3
75,0.05,0.2992982938409667,0.1132177718515907,0.00676657648624054,0.0014849360325440233,1.0637694682393755,0.5161796151104775,0.005547427572309971,0.04343137269218763,0.03396038664504886,0.9805231391693451,6.266284942626953,22.213197708129883,0.41195476055145264,0.0,3
76,0.05,0.2993806613779471,0.11150420191032547,0.006430545672109085,0.0014186525742323802,1.0500272107975823,0.5284390591589451,0.005338576622307301,0.043779198080301285,0.03416904271580279,0.9806547222534816,5.243447780609131,20.848979314168293,0.4216478168964386,0.0,3
77,0.05,0.29945336928335964,0.11006382959229606,0.0065875213227367824,0.0011529509689093434,1.0341865867376328,0.5294369208838204,0.005454647820442915,0.04564768075942993,0.035599422408267856,0.9807397470389457,5.293110370635986,20.892884572347004,0.43861067295074463,0.0,3
78,0.05,0.2995175484386225,0.11267069221607276,0.005930324234733624,0.0013162836548872292,1.0667455281530107,0.5146115466856735,0.004904838278889656,0.04919099869827429,0.038119458593428135,0.9804862057432109,5.066744804382324,21.246289889017742,0.4297253489494324,0.0,3
79,0.05,0.2995741977605397,0.11212262165333543,0.0064996463313166586,0.001415393321492177,1.0555220416613988,0.5013542409123307,0.0051180776208639145,0.044595202431082726,0.0347259211121127,0.9804751226913767,5.199923992156982,20.757108052571613,0.48788368701934814,0.0,3
80,0.05,0.29962419950513425,0.1100112157208579,0.006044403267359095,0.0014462283392536587,1.038945006472724,0.5325730577334283,0.005261153448373079,0.046061032762130104,0.035861062933690846,0.9800859681617264,5.160334587097168,21.02299912770589,0.5759289264678955,0.30371570587158203,3
81,0.05,0.29966833281784583,0.1078577454068831,0.006079219331565712,0.0014527397517148139,1.0170588748795646,0.5627940128296508,0.0052388254553079605,0.044026242569088936,0.03432938829064369,0.9813141321605836,5.819674015045166,21.90902551015218,0.598546028137207,0.3941841125488281,3
82,0.05,0.29970728572633065,0.1091616153717041,0.00651830094700147,0.0013868206671239541,1.0257397230182375,0.5783321454027085,0.005524135194718838,0.04645236643652121,0.03622030862607062,0.9806363712210904,5.4707770347595215,20.95300801595052,0.5864297151565552,0.3457188606262207,3
83,0.05,0.29974166575120526,0.10820108545678002,0.005616787388654692,0.0010223162618266152,1.025331818631717,0.5737704918032787,0.005214374512434006,0.04971625097095966,0.03859078197274357,0.9790062878386293,4.889515399932861,20.675071080525715,0.5791599154472351,0.31663966178894043,3
84,0.05,0.29977200929114883,0.10937756007271153,0.0061969435358020875,0.0012069327120635925,1.0312026866844721,0.5730577334283677,0.005122187547385693,0.04582812202473482,0.035651638521812856,0.9803950498530254,5.090066432952881,20.976409276326496,0.5573505759239197,0.2294023036956787,3
85,0.05,0.29979878992172015,0.10864559241703578,0.005880959107474025,0.0012842322965817793,1.027004205754825,0.5630791161796151,0.004989947658032179,0.04350283866127332,0.033874615910463035,0.9813838832862698,5.5652852058410645,21.457112312316895,0.5371567010879517,0.14862680435180664,3
86,0.05,0.29982242573189216,0.10892482554273945,0.006816913955844939,0.0010360758502169379,1.0205610713788442,0.5538132573057734,0.0047299861907958984,0.04474305734038353,0.034739789669401944,0.9814951456207697,4.984331130981445,20.794646581013996,0.513731837272644,0.05492734909057617,3
87,0.05,0.2998432858085426,0.10777987592986651,0.0052978590746144095,0.0009518481736969468,1.024344231401171,0.5515324305060585,0.0046235681511461735,0.04350606972972552,0.03378544433508068,0.9817476001662145,4.807060241699219,20.717796961466473,0.5016155242919922,0.00646209716796875,3
1,0.0,0.0,0.8656103185244969,0.8656103185244969,0.0,0.0,0.0,1.2105330228805542,0.663487046957016,0.8002485707402229,0.4250276197808237,77.34392547607422,105.59526062011719,0.3101777136325836,0.0,4
2,0.0,0.0,0.6709463117378098,0.6709463117378098,0.0,0.0,0.0,1.064932107925415,0.4616524974505107,0.6124724000692368,0.691338565593862,73.95995330810547,55.74418640136719,0.6607431173324585,0.642972469329834,4
3,0.0,0.0,0.443658284842968,0.443658284842968,0.0,0.0,0.0,0.6072900891304016,0.2000664919614792,0.3018723912537098,0.7899943625079179,69.63462829589844,48.51177978515625,0.5177705883979797,0.07108235359191895,4
4,0.0,0.0,0.3108287336570876,0.3108287336570876,0.0,0.0,0.0,0.4336104691028595,0.15699018289645514,0.22614525444805622,0.8680967739221337,40.25691604614258,45.78385098775228,0.3966074287891388,0.0,4
5,0.0,0.0,0.20163782792431967,0.20163782792431967,0.0,0.0,0.0,0.32304322719573975,0.2260497435927391,0.25029811449348927,0.9123255260706862,69.31709289550781,78.88858159383138,0.35379645228385925,0.0,4
6,0.0,0.0,0.15348471435053007,0.15348471435053007,0.0,0.0,0.0,0.13467629253864288,0.11150274674097697,0.11729613319039345,0.9149911459768674,28.042518615722656,38.35690879821777,0.46284329891204834,0.0,4
7,0.0,0.0,0.12733184226921626,0.12733184226921626,0.0,0.0,0.0,0.08715478330850601,0.09516001244386037,0.09315870702266693,0.9415109111915378,23.074996948242188,33.395748138427734,0.4216478168964386,0.0,4
8,0.0,0.0,0.09835870710334607,0.09835870710334607,0.0,0.0,0.0,0.07680676132440567,0.10384990523258845,0.09708911925554276,0.944878269215978,20.836151123046875,35.82271385192871,0.5153473615646362,0.06138944625854492,4
9,0.0,0.0,0.08111387105392558,0.08111387105392558,0.0,0.0,0.0,0.0664956197142601,0.06254406397541364,0.06353195291012526,0.9550157008480489,21.762083053588867,27.428579330444336,0.40549272298812866,0.0,4
10,0.0,0.0,0.07430478518030473,0.07430478518030473,0.0,0.0,0.0,0.04937787353992462,0.07086425647139549,0.06549266166985035,0.956373496811981,17.996826171875,28.129322052001953,0.5597738027572632,0.23909521102905273,4
11,0.0,0.0,0.07714703758912426,0.07714703758912426,0.0,0.0,0.0,0.05722905322909355,0.07671201849977176,0.0718412771821022,0.9549891141271245,21.094120025634766,36.43011665344238,0.5500807762145996,0.20032310485839844,4
12,0.0,0.0,0.0616467058924692,0.0616467058924692,0.0,0.0,0.0,0.06379465758800507,0.09280336772402127,0.08555119019001722,0.942172802444061,18.763612747192383,29.851016998291016,0.5274636745452881,0.10985469818115234,4
13,0.0,0.0,0.06631885216172252,0.06631885216172252,0.0,0.0,0.0,0.08043140172958374,0.06236364940802256,0.06688058748841286,0.9609503729202412,20.01125144958496,25.159241040547688,0.4919224679470062,0.0,4
14,0.0,0.0,0.05283183345038976,0.05283183345038976,0.0,0.0,0.0,0.07994948327541351,0.047764098892609276,0.055810446850955486,0.9647913520165738,20.541845321655273,22.717068672180176,0.5048465132713318,0.01938605308532715,4
15,0.0,0.0,0.051189102831163576,0.051189102831163576,0.0,0.0,0.0,0.04592638462781906,0.04737786451975504,0.04701499454677105,0.9645308342367593,15.92383861541748,26.511711756388348,0.5032309889793396,0.012923955917358398,4
16,0.0,0.0,0.04083377728238702,0.04083377728238702,0.0,0.0,0.0,0.04263436794281006,0.05286472414930662,0.050307135097682476,0.9640005016792609,15.240577697753906,24.99146779378255,0.49273020029067993,0.0,4
17,0.0,0.0,0.03814836870878935,0.03814836870878935,0.0,0.0,0.0,0.037170927971601486,0.053181434671084084,0.04917880892753601,0.9651227064148091,14.996445655822754,23.047025044759113,0.5048465132713318,0.01938605308532715,4
18,0.0,0.0,0.03923158846529467,0.03923158846529467,0.0,0.0,0.0,0.05361484736204147,0.04385478049516678,0.0462947953492403,0.967393535261075,17.843643188476562,24.83440335591634,0.4701130986213684,0.0,4
19,0.0,0.0,0.03754446632228792,0.03754446632228792,0.0,0.0,0.0,0.03846103325486183,0.04474255070090294,0.04317217133939266,0.9678039960116847,13.919525146484375,23.553571065266926,0.479806125164032,0.0,4
20,0.0,0.0,0.03724552830681205,0.03724552830681205,0.0,0.0,0.0,0.038597237318754196,0.06081699455777804,0.05526205524802208,0.961037194992054,12.952778816223145,24.77225653330485,0.49030694365501404,0.0,4
21,0.0,0.0,0.039657738392374346,0.039657738392374346,0.0,0.0,0.0,0.06006047502160072,0.08640205239256223,0.07981665804982185,0.9569543632226405,27.101289749145508,32.44471104939779,0.4983845055103302,0.0,4
22,0.0016666666666666635,0.018725624024253706,0.10168507375887462,0.035903463805360455,0.00391158987934302,0.6577508885945592,0.7282965074839629,0.041368696838617325,0.053437420477469764,0.05042023956775665,0.9655238635768815,14.106109619140625,25.129329045613606,0.8715670704841614,1.4862682819366455,4
23,0.0033333333333333322,0.03730590053147884,0.07523013385278839,0.03057340905070305,0.00443517989645313,0.4464194029569626,0.848039914468995,0.03202078118920326,0.03973381780087948,0.03780555771663785,0.9705728291006188,11.490735054016113,21.27992566426595,0.8990306854248047,1.5961227416992188,4
24,0.005000000000000001,0.055599959972441805,0.05849497352859804,0.021907661708870103,0.003764016370821212,0.36568491267306463,0.887384176764077,0.036352530121803284,0.06851501017808914,0.06047439016401768,0.9584634911351388,13.75640869140625,26.07656415303548,0.9046849608421326,1.6187398433685303,4
25,0.0066666666666666645,0.07347559872111269,0.06306967964129788,0.027022995852998326,0.0035208521627022754,0.36023210840565817,0.9014967925873129,0.036643367260694504,0.048071022455890976,0.045214108657091856,0.9677827483064934,13.29757308959961,20.599597613016766,0.9022617340087891,1.6090469360351562,4
26,0.008333333333333331,0.0908129187996325,0.07136174304676908,0.029603890642257675,0.004034344306481736,0.4172423226492746,0.8727013542409123,0.056118376553058624,0.044768258929252625,0.047605788335204124,0.9717858619302692,23.321178436279297,26.16702651977539,0.8336026072502136,1.3344104290008545,4
27,0.010000000000000002,0.10750721950523578,0.09430244458573205,0.03437708371451923,0.0036114007982957575,0.5988924577832222,0.7817533856022808,0.15171575546264648,0.0721144216756026,0.09201475139707327,0.9543592024809711,39.8205451965332,34.08897082010905,0.8263328075408936,1.3053312301635742,4
28,0.011666666666666669,0.12347101670220681,0.08173291784312044,0.02898465981706977,0.0037583375815302134,0.527044089777129,0.8051318602993586,0.03501978516578674,0.06126942609747251,0.05470701586455107,0.9695311827612929,15.533690452575684,27.153902371724445,0.8861066102981567,1.544426441192627,4
29,0.013333333333333336,0.13863514717800293,0.07634095501686845,0.02249771586087133,0.003759011613770521,0.5379311804260526,0.831503920171062,0.0290773157030344,0.03873592739303907,0.0363212744705379,0.9748832833095977,13.176483154296875,22.822693188985188,0.7665589451789856,1.0662357807159424,4
30,0.014999999999999998,0.15294899212057694,0.18512688470738276,0.022193473264841095,0.004972570991542723,1.6285881783281053,0.5196008553100498,0.03773307800292969,0.041085533797740936,0.0402474207803607,0.9704056245058701,15.56989574432373,23.262229283650715,0.34814217686653137,0.0,4
31,0.016666666666666663,0.16637991670481464,0.16241629874067648,0.0234537860378623,0.005178274345650736,1.3887620440551214,0.4320741268709907,0.030775193125009537,0.06571540236473083,0.05698035005480051,0.9633454395403347,12.600346565246582,29.03339608510335,0.4676898121833801,0.0,4
32,0.018333333333333333,0.1789120666437727,0.19594846186893328,0.024499154050967524,0.0034048496371334685,1.71386884365763,0.3770491803278688,0.03553096577525139,0.043238709370295204,0.04131177347153425,0.971515946814755,13.976865768432617,24.731990814208984,0.6526656150817871,0.6106624603271484,4
33,0.020000000000000004,0.19054468571618619,0.15864063373633794,0.030709275377116034,0.005905485978083951,1.2781324642045158,0.404704205274412,0.034408483654260635,0.04718390852212906,0.04399005230516195,0.9680890055162327,13.132689476013184,25.24757130940755,0.40387722849845886,0.0,4
34,0.021666666666666667,0.20129012226206214,0.14503210756395543,0.024912231169374927,0.006355667204063918,1.1998216935566492,0.41240199572344977,0.034066103398799896,0.03812279676397642,0.037108623422682285,0.9724348777655825,12.592728614807129,21.4061762491862,0.2867528200149536,0.0,4
35,0.023333333333333338,0.21117168118098634,0.124086111251797,0.01997611571901611,0.004493940131007028,1.0400513580867223,0.5012116892373485,0.05856292322278023,0.036270572493473686,0.041843660175800323,0.9739449505930967,21.061872482299805,23.537274678548176,0.796445906162262,1.1857836246490479,4
36,0.024999999999999994,0.22022145588130237,0.11012077704071999,0.02071962638625077,0.005063047349852111,0.8927457204886845,0.6242337847469708,0.027577580884099007,0.0414000873764356,0.037944461684674025,0.9718073646193305,11.241754531860352,23.046969095865887,0.7269790172576904,0.9079160690307617,4
37,0.02666666666666667,0.22847824678672937,0.13097407695438182,0.01992277325397091,0.0035843249393760095,1.1095572071416038,0.44689950106913756,0.023498516529798508,0.03859357535839081,0.03481981065124273,0.9751817506142113,9.50167465209961,22.737919489542644,0.5476574897766113,0.1906299591064453,4
38,0.028333333333333335,0.2359856436326092,0.12860101195318357,0.019174253335222602,0.0035207069678498165,1.0932700378554208,0.5221667854597292,0.031659405678510666,0.04079446072379748,0.03851069696247578,0.9717780399365716,12.950972557067871,20.89113998413086,0.6365104913711548,0.5460419654846191,4
39,0.03,0.24279032106053433,0.12044974017356123,0.015568694731752788,0.004422078391404024,1.047483810356685,0.5635067712045616,0.028022414073348045,0.05153984700640043,0.04566048923879862,0.9682719706092658,10.332406044006348,24.5495179494222,0.5953150391578674,0.3812601566314697,4
40,0.03166666666666667,0.24894057299578784,0.12456728172089372,0.017595570301637053,0.00468426152864205,1.0682337539536613,0.5148966500356379,0.02685118094086647,0.04294773687918981,0.03892359836027026,0.9728732278122202,9.938838005065918,22.38156286875407,0.6510500907897949,0.6042003631591797,4
41,0.03333333333333334,0.25448509198725394,0.1225634254515171,0.017795172054320574,0.004286834101159391,1.0462535683597838,0.5382751247327157,0.03170536085963249,0.044999681413173676,0.04167610127478838,0.9744825915090971,12.048526763916016,22.327043692270916,0.5799676775932312,0.3198707103729248,4
42,0.034999999999999996,0.25947198531622256,0.12815198195832117,0.017195931635797024,0.003802335825249819,1.1082296584333693,0.4641482537419815,0.02608654275536537,0.0362164086351792,0.03368394169956446,0.974813505488672,10.492716789245605,20.797027269999187,0.3408723771572113,0.0,4
43,0.03666666666666667,0.2639480098955954,0.11826752631792001,0.013949916698038578,0.0034437692333345433,1.0419133795159203,0.5337134711332858,0.02220800891518593,0.03344297346969446,0.030634231865406036,0.9753937868801911,8.985681533813477,20.051167805989582,0.6639741659164429,0.6558966636657715,4
44,0.03833333333333333,0.2679580021201054,0.10794210247695446,0.011670950800180435,0.0031579717012521413,0.9615009427070618,0.6151104775481112,0.020426707342267036,0.03746114857494831,0.03320253826677799,0.9756957761134859,8.946925163269043,20.379344940185547,0.6042003035545349,0.41680121421813965,4
45,0.04000000000000001,0.27154447609346,0.12081269094986576,0.012411116306403918,0.0023947559155723347,1.0830578420843398,0.5121881682109765,0.021895652636885643,0.04464143638809522,0.038954990450292826,0.9757347362168066,9.507525444030762,24.191600163777668,0.3239095211029053,0.0,4
46,0.04166666666666667,0.27474736325062865,0.12990860694221087,0.011941554956138134,0.0036472745663819034,1.1781507900782995,0.3645046329294369,0.02295018918812275,0.03945146625240644,0.035326146986335516,0.9736815476219721,10.212604522705078,20.438429196675617,0.2948303818702698,0.0,4
47,0.043333333333333335,0.27760386759352235,0.11867616644927434,0.01251150667667389,0.00474067435633125,1.0595922810690743,0.3992872416250891,0.028933973982930183,0.03389202958593766,0.032652516616508365,0.9739379560990296,12.199241638183594,21.529433886210125,0.7843295931816101,1.1373183727264404,4
48,0.045,0.28014841296677745,0.10705326870083809,0.009875547273882799,0.003581174083852342,0.9701656720467976,0.5583749109052031,0.02076633833348751,0.03318594706555208,0.030081044882535934,0.9767803559740524,8.183846473693848,19.099665641784668,0.7342488169670105,0.936995267868042,4
49,0.04666666666666666,0.28241266154918615,0.11380410247615405,0.0100173664146236,0.0029588507521631463,1.036486538393157,0.4982181040627227,0.0191030316054821,0.03495915016780297,0.030995120527222753,0.9772610113199003,7.553963661193848,21.988770484924316,0.5920839905738831,0.3683359622955322,4
50,0.04833333333333334,0.28442558568132187,0.11428724734910897,0.009272727932381843,0.002860821708704212,1.0487624577113561,0.4771204561653599,0.0215326938778162,0.03463223576545715,0.0313573507592082,0.9773325857300651,9.17683219909668,20.96222146352132,0.6688206791877747,0.6752827167510986,4
51,0.05,0.2862135780539846,0.10967729932495526,0.008809928366515254,0.002050253566786913,1.007648574454444,0.5297220242337848,0.02121478132903576,0.03272754202286402,0.029849351849406958,0.975968537564095,9.314371109008789,20.339061737060547,0.6243941783905029,0.4975767135620117,4
52,0.05,0.2878005879944047,0.11956320436937469,0.009443565404840879,0.002457708536115076,1.0999675222805567,0.42266571632216676,0.018796337768435478,0.030658372367421787,0.027692863252013922,0.976814281477937,7.668923854827881,19.05500253041585,0.5363489389419556,0.14539575576782227,4
53,0.05,0.28920827402274507,0.11270899777965886,0.008239285704413695,0.002462026263986315,1.0434660975422179,0.4397719173200285,0.018042316660284996,0.0328321090588967,0.02913466142490506,0.9767915678753538,6.8197808265686035,19.297831535339355,0.6219708919525146,0.4878835678100586,4
54,0.05,0.29045616497291116,0.10840040179235595,0.008645746574204947,0.0018930571365802149,0.9966000126940864,0.5766215253029223,0.01873444952070713,0.03520656811694304,0.031088538467884064,0.9774879217013216,7.183611869812012,22.924716313680012,0.5840064883232117,0.3360259532928467,4
55,0.05,0.29156182377405265,0.11503203505916255,0.008208903650354062,0.0014645212338239486,1.0674990394285746,0.4768353528153956,0.02193007618188858,0.030893285758793354,0.02865248336456716,0.9781690939295078,7.980504035949707,18.46764882405599,0.6591276526451111,0.6365106105804443,4
56,0.05,0.2925410094880885,0.11469611711800098,0.008303848377961134,0.0013890327598866342,1.0632281601428986,0.4171062009978617,0.018311714753508568,0.03318359485516945,0.02946562529541552,0.9785351140828507,6.899395942687988,19.572326342264812,0.6155089139938354,0.4620356559753418,4
57,0.05,0.2934078344216441,0.11325934076947826,0.00840719448336001,0.0014653791336708569,1.0477887626205171,0.4353528153955809,0.01810428313910961,0.03409332626809677,0.030096065485849977,0.978807346960404,6.800258159637451,20.768615404764812,0.5646203756332397,0.258481502532959,4
58,0.05,0.2941749141111155,0.11144087676491056,0.007322220813616046,0.0013145057226730777,1.0405292894159044,0.4610121168923735,0.01824391633272171,0.03452196220556895,0.03045245073735714,0.9779269650546106,7.642318248748779,19.873129844665527,0.5791599154472351,0.31663966178894043,4
59,0.05,0.2948535087517728,0.11205762172383922,0.007910477313479143,0.0016549990063400141,1.0406439240489687,0.48667141838916606,0.02114499919116497,0.038062053732573986,0.03383279009722173,0.9763950019313383,8.597177505493164,21.83439540863037,0.48707592487335205,0.0,4
60,0.05,0.2954536552392835,0.11365034830357347,0.008179479927223707,0.0017617026668241514,1.0538278264658791,0.45003563791874557,0.0180343184620142,0.03340208033720652,0.02956013986840844,0.9782695682920912,7.26068639755249,20.074746131896973,0.3893376290798187,0.0,4
61,0.05,0.29598428944542915,0.11639570870569774,0.007681298701624785,0.001677082502283156,1.0863055544240134,0.39957234497505345,0.020857466384768486,0.03395574198414882,0.030681173084303737,0.9777999225669964,8.662424087524414,21.180949846903484,0.40387722849845886,0.0,4
62,0.05,0.2964533586862537,0.11465592895235334,0.007186941602932555,0.0013945764408812725,1.0739925588880266,0.4135424091233072,0.018880777060985565,0.033495028813680015,0.0298414658755064,0.9778281342644768,7.344695091247559,19.89903736114502,0.4466882050037384,0.0,4
63,0.05,0.29686792458386496,0.11512443609535694,0.007711391746332603,0.0014374710320095932,1.0734116988522666,0.4510334996436208,0.017368197441101074,0.032214805483818054,0.02850315347313881,0.9786447895728312,7.313389778137207,18.86299419403076,0.5016155242919922,0.00646209716796875,4
64,0.05,0.2972342566923755,0.10799393723053592,0.007113260882241386,0.0012830445858916,1.0081652296440942,0.6032786885245902,0.0182186309248209,0.032364596612751484,0.02882810472510755,0.9774514985049101,6.361827850341797,19.107844352722168,0.5702746510505676,0.2810986042022705,4
65,0.05,0.2975579173704624,0.10691975003906659,0.007491157589746373,0.0011258417008710758,0.9937229922839573,0.6490377761938703,0.01922023668885231,0.0309126249824961,0.027989527909085155,0.977666505028042,6.858614921569824,19.24047629038493,0.5904685258865356,0.3618741035461426,4
66,0.05,0.29784383845114787,0.10561738296278886,0.006918822016034808,0.0011219003541295283,0.9864246376923153,0.6486101211689237,0.01728135719895363,0.031199009778598946,0.027719597099348903,0.9775432526313976,6.104808330535889,19.012850125630695,0.4693053364753723,0.0,4
67,0.05,0.2980963902945089,0.10993609843509537,0.00661520561802068,0.0009842173229636891,1.0327168021883284,0.5887384176764077,0.01833587884902954,0.03137299915154775,0.028113719541579485,0.9771593298697236,6.712671756744385,18.422526677449543,0.38126009702682495,0.0,4
68,0.05,0.29831944381972736,0.11278386094740459,0.0061105465699386385,0.0012322991346341691,1.0661169801439558,0.5060584461867427,0.015915408730506897,0.031848772118488945,0.027865431271493435,0.9779779384749757,5.878586292266846,18.512535095214844,0.3449111580848694,0.0,4
69,0.05,0.2985164261060192,0.11559271200426988,0.0065887931434969816,0.001163460174991217,1.0894574522972107,0.41924447612259447,0.017169414088129997,0.03005315239230792,0.026832217816263437,0.977047646357599,6.200613498687744,18.79105218251546,0.3707592785358429,0.0,4
70,0.05,0.2986903701327928,0.11716423582817827,0.0070105546120820305,0.0015101465230275477,1.1007817132132394,0.37761938702779757,0.01801428012549877,0.03400118493785461,0.030004459200426936,0.9772396665468503,7.475040912628174,20.938639958699543,0.5597738027572632,0.23909521102905273,4
71,0.05,0.2988439592020035,0.11339937948754855,0.006971016559483749,0.0013996660563861951,1.063583784869739,0.4232359230220955,0.01795995980501175,0.03695950439820687,0.03220961871556938,0.975790697369697,6.483356475830078,20.127192497253418,0.6978998184204102,0.7915992736816406,4
72,0.05,0.2989795665531389,0.10906703291194779,0.006227354269607791,0.0014279152840442424,1.0276828110218048,0.48153955808980753,0.017437303438782692,0.03337305194387833,0.029389114817604423,0.9769012865768862,6.156712055206299,20.582142512003582,0.6760904788970947,0.7043619155883789,4
73,0.05,0.2990992906459578,0.10763720875339848,0.006597152295788484,0.0014785062604849891,1.0096612977130073,0.5324305060584462,0.017404990270733833,0.036276743126412235,0.03155880491249263,0.9768237428499645,6.180809497833252,21.250041325887043,0.6429725289344788,0.571890115737915,4
74,0.05,0.29920498654967204,0.10815318673849106,0.006449513752678675,0.0013735127764188551,1.0163499627794539,0.5506771204561653,0.01613740250468254,0.03525330809255441,0.030474331695586443,0.9768935772808927,5.15868616104126,19.667824745178223,0.5670436024665833,0.268174409866333,4
75,0.05,0.2992982938409667,0.11095385705786091,0.006515164793069873,0.0011830332015441464,1.0437953919172287,0.49365645046329293,0.016210701316595078,0.03629558843870958,0.03127436712384224,0.9766333135828301,5.3085222244262695,19.975086212158203,0.38368335366249084,0.0,4
76,0.05,0.2993806613779471,0.11282189855618137,0.006040616276940065,0.0012976764389480064,1.0671639612742834,0.4289379900213828,0.016503481194376945,0.033665721925596394,0.029375161742791533,0.9770053821550944,5.756902694702148,19.17965793609619,0.40468499064445496,0.0,4
77,0.05,0.29945336928335964,0.11140108507658754,0.005847063913409199,0.0012081316900938483,1.0549361258745193,0.42451888809693517,0.01692860946059227,0.036196293930212654,0.03137937281280756,0.9770966070845695,5.6804890632629395,19.686967690785725,0.43457189202308655,0.0,4
78,0.05,0.2995175484386225,0.11135019255535943,0.006251097989401647,0.0012760954580569109,1.0503528927053725,0.4289379900213828,0.017857687547802925,0.03538774885237217,0.031005233991891146,0.9768275663935502,6.680105686187744,19.949347496032715,0.3909531533718109,0.0,4
79,0.05,0.2995741977605397,0.11148619571966785,0.006577378288576645,0.0014648590606936654,1.0483557283878326,0.4219529579472559,0.017479373142123222,0.03613666910678148,0.03147234464995563,0.9766783616507293,6.837429046630859,20.088466962178547,0.37722131609916687,0.0,4
80,0.05,0.29962419950513425,0.11251858488789626,0.006080205286187785,0.0014047955462176884,1.0636813874755586,0.4309337134711333,0.017323579639196396,0.03765156803031763,0.03256957093253732,0.9759521737892669,6.674130916595459,21.265920003255207,0.38368335366249084,0.0,4
81,0.05,0.29966833281784583,0.11198313401213714,0.005973894332003381,0.001282283874128812,1.0594512330634254,0.4434782608695652,0.01688111200928688,0.03615953307598829,0.03133992780931294,0.9756484683638028,5.664440155029297,19.76410484313965,0.3990306854248047,0.0,4
82,0.05,0.29970728572633065,0.11191417835652828,0.006072295363992453,0.0012806507064461975,1.057778496827398,0.49665003563791876,0.01750575378537178,0.03651423969616493,0.03176211775280535,0.9758042878591991,6.035455226898193,19.70840581258138,0.45638126134872437,0.0,4
83,0.05,0.29974166575120526,0.1102148134793554,0.006607284154077726,0.0011522939540944727,1.0354991384914942,0.5071988595866002,0.016434727236628532,0.03567571130891641,0.03086546529084444,0.9757305385594779,5.750572204589844,19.616530736287434,0.4749596118927002,0.0,4
84,0.05,0.29977200929114883,0.10994334119771208,0.006204677230146315,0.001171532103658787,1.0368008549724306,0.5211689237348539,0.017270967364311218,0.037826995054880776,0.032687988597899675,0.9758160771760586,6.487021446228027,20.389506975809734,0.4757673740386963,0.0,4
85,0.05,0.29979878992172015,0.10983198428792613,0.0054022739890829796,0.0010825893301184156,1.0437557910169875,0.5127583749109053,0.017373234033584595,0.03552703155825535,0.030988581711426377,0.9753392692508087,5.989285945892334,19.318291028340656,0.43780291080474854,0.0,4
86,0.05,0.29982242573189216,0.11013345925935678,0.005712884170601943,0.0010400845764836828,1.0436856980834688,0.5101924447612259,0.01654028333723545,0.037032146006822586,0.031909179873764515,0.975187869407831,5.89432954788208,20.091800371805828,0.40791597962379456,0.0,4
87,0.05,0.2998432858085426,0.11188072312091078,0.006179105315823108,0.0011000364361929574,1.0564661451748438,0.5003563791874555,0.01664958894252777,0.036857713013887405,0.0318056819960475,0.9753438096957361,5.890730857849121,20.134378751118977,0.4264943599700928,0.0,4
88,0.05,0.29986169596680406,0.1095948051661253,0.005522826428724719,0.0010594251652946696,1.0401900623525893,0.5050605844618674,0.01640496402978897,0.03599399576584498,0.03109673783183098,0.9751357558863725,5.892117023468018,19.93374220530192,0.4200323224067688,0.0,4
89,0.05,0.29987794381316685,0.11076041390853268,0.005448553320353052,0.0012500257497387274,1.0524935807500566,0.4986457590876693,0.016501978039741516,0.03637036867439747,0.03140327148139477,0.9749616381380595,5.630252361297607,19.932233174641926,0.4192245602607727,0.0,4
90,0.05,0.29989228321839195,0.10963521605091435,0.005248915844796491,0.001128175451802755,1.04329890864236,0.4973627940128296,0.016687951982021332,0.036542460011939205,0.03157883393578231,0.9750584800536948,5.820655345916748,20.169300715128582,0.43780291080474854,0.0,4
91,0.05,0.2999049382685385,0.11140087007411889,0.005568166912001159,0.001061217738814386,1.0577963973794664,0.5090520313613685,0.016590729355812073,0.03640254866331816,0.03144959337078035,0.9751293293667023,5.508327960968018,19.78559684753418,0.4466882050037384,0.0,4
92,0.05,0.29991610675461167,0.11185761780611106,0.006238579750061035,0.0011031167232431471,1.055638802903039,0.4916607270135424,0.01653478853404522,0.03644225932657719,0.031465391628444195,0.9751597622013729,5.690135955810547,19.93231455485026,0.46526655554771423,0.0,4
93,0.05,0.2999259632544082,0.11142756949578013,0.005286783562041819,0.0011352089661938538,1.0608402362891607,0.48909479686386315,0.016614101827144623,0.036362528800964355,0.03142542252317071,0.9750251866115436,5.765532493591309,20.157644271850586,0.46445879340171814,0.0,4
94,0.05,0.29993466185398404,0.11231604138655323,0.006759238238113799,0.001081082915853975,1.0550274699926376,0.5022095509622239,0.016563531011343002,0.03603972836087147,0.031170679023489356,0.9749197793893496,5.537543773651123,19.927573204040527,0.4668820798397064,0.0,4
95,0.05,0.2999423385507003,0.10987913102975913,0.005485772812140307,0.0011159459266179641,1.0433755900178636,0.5033499643620812,0.016606951132416725,0.03598136516908804,0.031137761659920216,0.975025279084554,5.562923908233643,19.837582270304363,0.4717285931110382,0.0,4
96,0.05,0.2999491133749659,0.11013407526271683,0.005000101219463561,0.001114476817227634,1.0507824889251165,0.49394155381325733,0.01661757193505764,0.03583766364802917,0.031032640719786286,0.974980965103367,5.557892799377441,19.804896354675293,0.4806138873100281,0.0,4
97,0.05,0.29995509226349365,0.10985514282115869,0.00531621220787721,0.0011024811142955773,1.0448380431958608,0.4900926585887384,0.016668755561113358,0.03620885995527109,0.031323833391070366,0.9750568838890369,5.657067775726318,20.023335456848145,0.49030694365501404,0.0,4
1,0.0,0.0,0.7877087060894284,0.7877087060894284,0.0,0.0,0.0,1.2870502471923828,0.5406947135925293,0.7272835969924927,0.5181871533602758,78.42024993896484,89.74868520100911,0.5928917527198792,0.3715670108795166,5
2,0.0,0.0,0.5110594853758812,0.5110594853758812,0.0,0.0,0.0,0.879636287689209,0.3603582481543223,0.49017777293920517,0.7725188606437392,67.92313385009766,52.73541768391927,0.3416801393032074,0.0,5
3,0.0,0.0,0.3106228581496647,0.3106228581496647,0.0,0.0,0.0,0.4605117738246918,0.21999571844935417,0.280124724842608,0.841385560091168,58.35503387451172,48.27230580647787,0.5581583380699158,0.23263335227966309,5
4,0.0,0.0,0.20681211512003625,0.20681211512003625,0.0,0.0,0.0,0.21551218628883362,0.1914879853526751,0.19749403186142445,0.8764108630661666,43.74122619628906,42.258444468180336,0.388529896736145,0.0,5
5,0.0,0.0,0.11934525958661522,0.11934525958661522,0.0,0.0,0.0,0.15657225251197815,0.13602821653087935,0.14116422180086374,0.9155842343363805,34.58131790161133,41.11436462402344,0.4006462097167969,0.0,5
6,0.0,0.0,0.10709539827491556,0.10709539827491556,0.0,0.0,0.0,0.1310609132051468,0.12032551566759746,0.12300936877727509,0.9312967771327838,33.37858200073242,38.57220649719238,0.3667205274105072,0.0,5
7,0.0,0.0,0.09387518811438765,0.09387518811438765,0.0,0.0,0.0,0.16094708442687988,0.12836458161473274,0.13651021104305983,0.9449116588022981,43.814109802246094,47.92614873250326,0.37722131609916687,0.0,5
8,0.0,0.0,0.0733072856175048,0.0733072856175048,0.0,0.0,0.0,0.09665404260158539,0.09369349852204323,0.09443363267928362,0.945698178815837,27.887237548828125,34.82818094889323,0.27221325039863586,0.0,5
9,0.0,0.0,0.06229368943188872,0.06229368943188872,0.0,0.0,0.0,0.12681728601455688,0.08695156934360664,0.0969179985113442,0.9404091128388952,33.37177276611328,31.415669759114582,0.398222953081131,0.0,5
10,0.0,0.0,0.0653067823233349,0.0653067823233349,0.0,0.0,0.0,0.21809503436088562,0.1112130880355835,0.13793357461690903,0.9454992752356027,48.95330047607422,36.507951736450195,0.46284329891204834,0.0,5
11,0.0,0.0,0.061459885843630345,0.061459885843630345,0.0,0.0,0.0,0.06032586470246315,0.0937555581331253,0.08539813570678234,0.9520820416675002,23.56252670288086,32.44097073872884,0.25201937556266785,0.0,5
12,0.0,0.0,0.04735789920336434,0.04735789920336434,0.0,0.0,0.0,0.054705679416656494,0.1477194925149282,0.12446603924036026,0.9392723990740244,21.11290168762207,39.946767489115395,0.35218092799186707,0.0,5
13,0.0,0.0,0.0645025007958923,0.0645025007958923,0.0,0.0,0.0,0.04058132320642471,0.088296119744579,0.07636741967871785,0.9508867879880694,16.665557861328125,28.877068201700848,0.37802907824516296,0.0,5
14,0.0,0.0,0.04835915578795331,0.04835915578795331,0.0,0.0,0.0,0.11557319760322571,0.08952779198686282,0.09603914339095354,0.9491208660447445,25.65510368347168,28.963630040486652,0.5573505759239197,0.2294023036956787,5
15,0.0,0.0,0.044610502996615,0.044610502996615,0.0,0.0,0.0,0.045358702540397644,0.09130562841892242,0.07981889601796865,0.9535287845152736,17.402677536010742,27.22598934173584,0.43941840529441833,0.0,5
16,0.0,0.0,0.04028457669275148,0.04028457669275148,0.0,0.0,0.0,0.05880197137594223,0.09901533089578152,0.0889619910158217,0.9498260940021889,23.244213104248047,32.73816744486491,0.3933764100074768,0.0,5
17,0.0,0.0,0.042689242998936346,0.042689242998936346,0.0,0.0,0.0,0.059436917304992676,0.08626140529910724,0.0795552833005786,0.9550152511779069,18.527132034301758,29.290099779764812,0.4022617042064667,0.0,5
18,0.0,0.0,0.0410205506985741,0.0410205506985741,0.0,0.0,0.0,0.05119621753692627,0.10337836295366287,0.09033282846212387,0.9506923478749603,22.933059692382812,29.8197021484375,0.2560581564903259,0.0,5
19,0.0,0.0,0.03544395889288613,0.03544395889288613,0.0,0.0,0.0,0.06060349941253662,0.08910295243064563,0.0819780882447958,0.9565543841040228,26.716583251953125,32.277015686035156,0.40468499064445496,0.0,5
20,0.0,0.0,0.037938070649813325,0.037938070649813325,0.0,0.0,0.0,0.035342082381248474,0.09691944780449073,0.08152510644868016,0.9499691283462475,19.023176193237305,30.676345507303875,0.3206785023212433,0.0,5
21,0.0,0.0,0.029729655012488365,0.029729655012488365,0.0,0.0,0.0,0.024803558364510536,0.08477319528659184,0.06978078605607152,0.9531303054484273,13.65188217163086,28.588863372802734,0.5056542754173279,0.022617101669311523,5
22,0.0016666666666666635,0.018725624024253706,0.10136715189686843,0.029140553237604245,0.002212271314679778,0.7222291039569038,0.7031650983746792,0.0224686861038208,0.09063966261843841,0.073596918489784,0.9564180610689835,12.604710578918457,27.037750244140625,0.8901454210281372,1.5605816841125488,5
23,0.0033333333333333322,0.03730590053147884,0.07828326243907213,0.02970424939745239,0.001881795660925231,0.4857273932014193,0.8346164813230682,0.02156948111951351,0.09894105046987534,0.07959815813228488,0.9538086915085308,12.481130599975586,25.13829803466797,0.8998384475708008,1.5993537902832031,5
24,0.005000000000000001,0.055599959972441805,0.06539756112865039,0.02349382539146713,0.002085518468187989,0.4189330775822912,0.8619903051040776,0.025763627141714096,0.0882832519710064,0.07265334576368332,0.9574520693548698,14.327787399291992,28.369311968485516,0.9240710735321045,1.696284294128418,5
25,0.0066666666666666645,0.07347559872111269,0.06656694625105176,0.025851882927651917,0.002054079094835158,0.4070136845111847,0.871542629027659,0.07180838286876678,0.10396546746293704,0.09592619817703962,0.9562794215845078,28.60439109802246,33.60025533040365,0.9046849608421326,1.6187398433685303,5
26,0.008333333333333331,0.0908129187996325,0.08112144470214844,0.02515495442120092,0.0024212103557407056,0.559463127383164,0.8172226974622184,0.029744328930974007,0.07967000144223373,0.06718858331441879,0.9588061010795178,15.790642738342285,26.336532910664875,0.7536348700523376,1.0145394802093506,5
27,0.010000000000000002,0.10750721950523578,0.1384561647261892,0.022658305941149592,0.002435786395965676,1.157734990119934,0.6243227830054178,0.018025899305939674,0.09721490740776062,0.07741765584796667,0.9538307493649547,14.410447120666504,27.356913248697918,0.2576736807823181,0.0,5
28,0.011666666666666669,0.12347101670220681,0.1945290235536439,0.022297719061108574,0.003190244997053274,1.721940815448761,0.424009124607927,0.0315047986805439,0.09225238300859928,0.07706548692658544,0.9535770005382116,16.15568733215332,26.074251810709637,0.3408723771572113,0.0,5
29,0.013333333333333336,0.13863514717800293,0.14629050024918147,0.01882379694974848,0.004845096372134451,1.2740210103137153,0.41003706871970347,0.023298440501093864,0.10920826345682144,0.08773080725222826,0.9572034112411114,15.316319465637207,28.894437789916992,0.743134081363678,0.9725363254547119,5
30,0.014999999999999998,0.15294899212057694,0.10789861769548484,0.019520844565704465,0.005595421759478215,0.8829384041684014,0.6729398346164813,0.01871492899954319,0.10209850035607815,0.08125260751694441,0.9503963155178476,13.125166893005371,26.305006345113117,0.7294022440910339,0.9176089763641357,5
31,0.016666666666666663,0.16637991670481464,0.123826177790761,0.02232947147318295,0.003416748605169622,1.0143975870949882,0.548759623609923,0.03319082409143448,0.11261867918074131,0.0927617154084146,0.9529206380379929,14.538830757141113,29.562254905700684,0.6195476651191711,0.47819066047668457,5
32,0.018333333333333333,0.1789120666437727,0.12959500029683113,0.01899578991079969,0.003479843260720372,1.1053541174956731,0.5064157399486741,0.01866890676319599,0.09462851596375306,0.0756386136636138,0.9504439076449671,13.064107894897461,26.83419672648112,0.5654281377792358,0.26171255111694336,5
33,0.020000000000000004,0.19054468571618619,0.11138009067092623,0.016673923702910542,0.0026680539511809392,0.9465280388082776,0.5841174793270602,0.015950575470924377,0.1075460771098733,0.08464720170013607,0.9546740371716601,11.51138687133789,27.490688641866047,0.723747968673706,0.8949918746948242,5
34,0.021666666666666667,0.20129012226206214,0.11563375539013318,0.015885871036776474,0.001980446382991171,0.9970497382538659,0.5561733675506131,0.019954659044742584,0.11169615760445595,0.08876078296452761,0.9534020310010365,13.944806098937988,26.65686289469401,0.5298869013786316,0.11954760551452637,5
35,0.023333333333333338,0.21117168118098634,0.12626247613557748,0.014694862732929843,0.002222557564631903,1.115157527582986,0.4636441402908469,0.016228176653385162,0.08892020272711913,0.07074719620868564,0.9587230955372654,14.600813865661621,24.889344215393066,0.4757673740386963,0.0,5
36,0.024999999999999994,0.22022145588130237,0.11854291920151029,0.01968925985108529,0.002249433995789981,0.9879742200885501,0.5464784716281722,0.01480113621801138,0.09583073357741038,0.07557333447039127,0.9549051299860449,10.897226333618164,24.951502799987793,0.7617124319076538,1.0468497276306152,5
37,0.02666666666666667,0.22847824678672937,0.10466876492968627,0.013656530346322273,0.002108774083483565,0.9095599842923028,0.6506986027944112,0.014456640928983688,0.1056276982029279,0.0828349341172725,0.9567173673273027,12.793313980102539,28.36384105682373,0.4959612190723419,0.0,5
38,0.028333333333333335,0.2359856436326092,0.13331022299826145,0.013039145751723222,0.0025110996357398108,1.2019992683615004,0.4262902765896778,0.011219698004424572,0.10141562235852082,0.07886664103716612,0.9568312947870393,9.898531913757324,25.28170680999756,0.48707592487335205,0.0,5
39,0.03,0.24279032106053433,0.1102090919656413,0.012235381856693752,0.002551564306486398,0.9789716133049556,0.5681494154548047,0.018256349489092827,0.10295982472598553,0.08178395591676235,0.953051616333376,13.25516128540039,27.605559666951496,0.7011308670043945,0.8045234680175781,5
40,0.03166666666666667,0.24894057299578784,0.12256158010235854,0.013114113127812743,0.0019962101567736162,1.093842517052378,0.5118334759053322,0.017185989767313004,0.1134323813021183,0.08937078295275569,0.9548357921056414,12.951495170593262,30.693681399027508,0.5008077621459961,0.003231048583984375,5
41,0.03333333333333334,0.25448509198725394,0.12358384898730687,0.014046484671000923,0.0021069375631798592,1.0946713260241918,0.44781864841745084,0.01065848395228386,0.10161773518969615,0.07887792238034308,0.9577225641286117,9.769625663757324,25.736847241719563,0.6001615524291992,0.4006462097167969,5
42,0.034999999999999996,0.25947198531622256,0.11351584243987288,0.011542502191982098,0.0022753617647270274,1.0189370193651743,0.5379241516966068,0.009369180537760258,0.09601983179648717,0.07435716898180544,0.9552050915716599,8.722308158874512,23.946849822998047,0.6009693145751953,0.40387725830078125,5
43,0.03666666666666667,0.2639480098955954,0.11705750572894301,0.010797527119783419,0.002148704048262776,1.0618119005646025,0.5287995437696037,0.010645505972206593,0.10453226479391257,0.08106057508848608,0.9555769903384769,9.703606605529785,24.184781710306805,0.4442649483680725,0.0,5
44,0.03833333333333333,0.2679580021201054,0.11367742637438434,0.010331453905174775,0.0021590765432587694,1.0326320741857802,0.5347875677216994,0.00896929856389761,0.10483430388073127,0.08086805255152285,0.9556010135488069,9.383995056152344,25.61779530843099,0.493537962436676,0.0,5
45,0.04000000000000001,0.27154447609346,0.11290162482431956,0.008883274043910205,0.002120049354354186,1.039335480758122,0.5206729398346165,0.00815486814826727,0.09360543731600046,0.07224279502406716,0.9613621644847516,9.655388832092285,22.243152618408203,0.5185783505439758,0.07431340217590332,5
46,0.04166666666666667,0.27474736325062865,0.11289738597614425,0.009831517369353346,0.0022519385903641315,1.0297203638723917,0.4525235243798118,0.007642641663551331,0.0890057332192858,0.06866496021393687,0.9638263800104162,9.674304008483887,24.62633991241455,0.4983845055103302,0.0,5
47,0.043333333333333335,0.27760386759352235,0.10869220298315797,0.008666678730930601,0.0017896190859443908,0.9994797280856541,0.5962360992301112,0.012172792106866837,0.10421135804305474,0.08120171655900776,0.9566166502434912,11.697332382202148,25.01775360107422,0.6227786540985107,0.49111461639404297,5
48,0.045,0.28014841296677745,0.10606580759797778,0.00844963825407571,0.0019015878351638094,0.9753059617110661,0.6658112346735101,0.00715128518640995,0.09175980401535828,0.0706076743081212,0.9608222616353372,7.467958927154541,23.529109001159668,0.6631664037704468,0.6526656150817871,5
49,0.04666666666666666,0.28241266154918615,0.10813669487833977,0.007974473892578058,0.0015269420795708097,1.000909617968968,0.5831194753350442,0.006791128311306238,0.10079151081542174,0.07729141507297754,0.9587748278440922,7.84920597076416,25.038044929504395,0.4959612190723419,0.0,5
50,0.04833333333333334,0.28442558568132187,0.1207892761698791,0.008840690483339131,0.0017389233190832393,1.118645361491612,0.4590818363273453,0.011979169212281704,0.11266589785615604,0.0874942154623568,0.9537580788396006,9.99690055847168,25.18211555480957,0.391760915517807,0.0,5
51,0.05,0.2862135780539846,0.10881843604147434,0.008138370151365442,0.0016923561550876392,1.0059544742107391,0.5528942115768463,0.005996611900627613,0.10964261554181576,0.08373111463151872,0.9566693471068783,7.721495628356934,24.554258664449055,0.6914377808570862,0.7657511234283447,5
52,0.05,0.2878005879944047,0.11086629889905453,0.009189484907048089,0.0013970242798677646,1.0160695974315916,0.5729968634160251,0.009544340893626213,0.10708170446256797,0.08269736333750188,0.9567480675793709,10.633752822875977,24.534979820251465,0.4434571862220764,0.0,5
53,0.05,0.28920827402274507,0.11546060868671962,0.008185541440200592,0.0019916838500648737,1.071754813194275,0.42785856857713145,0.005954653490334749,0.08932213640461366,0.06848026567604393,0.9604508608519249,7.416639804840088,23.507580757141113,0.5597738027572632,0.23909521102905273,5
54,0.05,0.29045616497291116,0.10671020299196243,0.0076730996702930754,0.0017520826025117589,0.9894949836390359,0.5580268035357856,0.008867058902978897,0.11035438440740108,0.08498255326412618,0.9550127995251909,8.687603950500488,24.361268997192383,0.5928917527198792,0.3715670108795166,5
55,0.05,0.29156182377405265,0.11322790836649281,0.007325782008203012,0.0013034258528412984,1.0583695364849908,0.5192472198460223,0.006959260907024145,0.0966622248912851,0.07423648389521986,0.960102321464253,8.460837364196777,22.80154832204183,0.3473344147205353,0.0,5
56,0.05,0.2925410094880885,0.11620831649218287,0.007634011995313423,0.0013988600424324562,1.0850435963698797,0.4576561163387511,0.004149612970650196,0.10940328209350507,0.08308986481279135,0.956187201283343,6.2691545486450195,23.51572386423747,0.7003231048583984,0.8012924194335938,5
57,0.05,0.2934078344216441,0.10454473671104227,0.007250128563360444,0.0013979752693558112,0.9722470811435154,0.6036498431708013,0.005212831776589155,0.10329623737682898,0.07877538597676903,0.9558692039747483,6.908555507659912,23.682126998901367,0.7447496056556702,0.9789984226226807,5
58,0.05,0.2941749141111155,0.10816557545747076,0.006758641784212419,0.0010165418965958192,1.0135610486779894,0.5922440832620474,0.005079840775579214,0.10504452946285407,0.08005335729103535,0.9569317904426377,6.738796710968018,24.311870574951172,0.46284329891204834,0.0,5
59,0.05,0.2948535087517728,0.12090715739343848,0.007154931879735419,0.0011624376451696403,1.1369410157203674,0.3756772169945823,0.011125124990940094,0.08592661718527476,0.0672262441366911,0.963911461774527,9.794840812683105,23.000675519307453,0.371567040681839,0.0,5
60,0.05,0.2954536552392835,0.1128816937229463,0.008314471691846848,0.0012803097862550722,1.0450320499283927,0.42771599657827203,0.006689607165753841,0.10717686327795188,0.08205504936631769,0.9581456132708138,7.583897113800049,23.681496302286785,0.6833602786064148,0.7334411144256592,5
61,0.05,0.29598428944542915,0.10473473982087203,0.007116858365147242,0.0014820963759640498,0.9754377539668765,0.6429997148560023,0.0052023595198988914,0.10620341915637255,0.08095315413083881,0.9559870960425444,6.983663558959961,23.688121795654297,0.6833602786064148,0.7334411144256592,5
62,0.05,0.2964533586862537,0.1098914250199284,0.006522594867939395,0.001593268956639804,1.0328916417700904,0.5975192472198461,0.004641911946237087,0.10230090282857418,0.07788615510798991,0.9567073203809,7.102827548980713,23.491215705871582,0.45557349920272827,0.0,5
63,0.05,0.29686792458386496,0.12172978770520006,0.007523027581295797,0.0013812025198214023,1.1413769849709101,0.42971200456230396,0.004950057249516249,0.09237310476601124,0.07051734288688749,0.9626185074768339,6.679599761962891,24.22468852996826,0.3392568528652191,0.0,5
64,0.05,0.2972342566923755,0.11513698899320193,0.007154535851441324,0.0010951302371852631,1.0792769491672516,0.4404049044767608,0.005213842261582613,0.09949414897710085,0.07592407229822129,0.9573015785976596,7.3823347091674805,22.75750954945882,0.6575121283531189,0.6300485134124756,5
65,0.05,0.2975579173704624,0.10483517125248909,0.006589325427609895,0.001339217355832391,0.9817888289690018,0.5647276874821785,0.00497832614928484,0.10240810799101989,0.07805066253058612,0.9580559896646828,7.343322277069092,24.437260309855144,0.7269790172576904,0.9079160690307617,5
66,0.05,0.29784383845114787,0.10233408026397228,0.0058732490121786085,0.0015032553492346779,0.9638566715376717,0.5968063872255489,0.003902254393324256,0.09940046661843856,0.07552591356215999,0.9598076561707345,6.201182842254639,23.21999168395996,0.6930533051490784,0.7722132205963135,5
67,0.05,0.2980963902945089,0.1177781665963786,0.006779385913562562,0.001311462788310434,1.109332065497126,0.44781864841745084,0.004838425200432539,0.10688494518399239,0.08137331518810242,0.9585245808836635,6.445106506347656,23.597318331400555,0.32552504539489746,0.0,5
68,0.05,0.29831944381972736,0.12067108228802681,0.006480881894406464,0.001616359388987933,1.1410937990461076,0.3179355574565155,0.004054391756653786,0.0929876637334625,0.07075434573926032,0.9615450911601611,6.5681939125061035,24.419677734375,0.4709208309650421,0.0,5
69,0.05,0.2985164261060192,0.11186972074210644,0.005721782325833503,0.0016963443194981664,1.0606312049286706,0.3843741089250071,0.004833482205867767,0.0885405760879318,0.06761380261741579,0.9642746095318883,6.925046920776367,22.507731437683105,0.631663978099823,0.526655912399292,5
70,0.05,0.2986903701327928,0.10667203978768416,0.005994526611175388,0.0012900927914805444,1.00613006736551,0.5825491873396065,0.004529798869043589,0.0974723631516099,0.07423672219738364,0.9605081094573884,6.532658100128174,22.86666425069173,0.6696284413337708,0.678513765335083,5
71,0.05,0.2988439592020035,0.10586710327437945,0.005867162037507764,0.0010419342704283605,0.9994784401995795,0.6122041631023667,0.00505470996722579,0.0936755184084177,0.0715203161817044,0.9619501247599667,6.584676265716553,23.00006643931071,0.5032309889793396,0.012923955917358398,5
72,0.05,0.2989795665531389,0.11173686331936292,0.005578517190380288,0.0009766658061250513,1.061095112136432,0.49857428001140575,0.004539398476481438,0.09063358294467132,0.06911003682762384,0.9612273593252683,6.435871601104736,22.09315061569214,0.3376413583755493,0.0,5
73,0.05,0.2990992906459578,0.11156777053007058,0.006110126585034388,0.001363565810606815,1.0538946390151978,0.4354148845166809,0.004636768717318773,0.09617342210064332,0.07328925875481218,0.9610274196932418,6.700352191925049,24.186258633931477,0.571890115737915,0.28756046295166016,5
74,0.05,0.29920498654967204,0.10651919352156776,0.00584926809616653,0.0015125324425753206,1.0059429832867213,0.5416310236669518,0.004073414485901594,0.09361303007851045,0.07122812618035823,0.9610031152259784,5.966953754425049,22.665050824483234,0.6906300187110901,0.7625200748443604,5
75,0.05,0.2992982938409667,0.10485554380076272,0.006209317112474569,0.0011957300656441866,0.9858643902199609,0.6532648987738808,0.006563838571310043,0.10122681222856045,0.07756106881424785,0.9575685037754647,7.4666218757629395,23.14030170440674,0.7172859311103821,0.8691437244415283,5
76,0.05,0.2993806613779471,0.10364458177770887,0.005654120875988156,0.0010828896192833781,0.9793631434440613,0.6365839749073282,0.003730055643245578,0.10332351985077064,0.07842515368247405,0.9580096637914723,5.895290851593018,23.297043800354004,0.5993537902832031,0.3974151611328125,5
77,0.05,0.29945336928335964,0.10906526472951684,0.005767491180449724,0.0010161719380578557,1.0324696387563432,0.504704875962361,0.0033501640427857637,0.10135593079030514,0.0768544891034253,0.9567017623894053,5.676992416381836,23.33661715189616,0.40387722849845886,0.0,5
78,0.05,0.2995175484386225,0.11449577978679112,0.0059353747222173426,0.0008295242940740925,1.0851892743791853,0.38551468491588253,0.003738610539585352,0.09452188263336818,0.07182606460992247,0.9595339424718689,5.840873718261719,23.039658546447754,0.32956382632255554,0.0,5
79,0.05,0.2995741977605397,0.11256997819457736,0.005727214173280767,0.000793242004874628,1.0680310044969832,0.389364128885087,0.0039156535640358925,0.09587596046427886,0.07288588373921812,0.9596279743686199,5.803558349609375,22.861824989318848,0.4515347480773926,0.0,5
80,0.05,0.29962419950513425,0.11003067530691624,0.006086584604677877,0.0009009329078253359,1.0389904315982545,0.47120045623039636,0.0035640413407236338,0.09168165735900402,0.06965225335443392,0.9622572669273477,5.779167652130127,22.45950682957967,0.631663978099823,0.526655912399292,5
81,0.05,0.29966833281784583,0.10657474505049842,0.00584738384765972,0.0010658196988515556,1.006740689277649,0.5744225834046194,0.003317484399303794,0.09035680474092563,0.06859697483014315,0.9621877296923201,5.449357032775879,22.383492469787598,0.6785137057304382,0.7140548229217529,5
82,0.05,0.29970728572633065,0.10476016812026501,0.005408816463646612,0.001055163706561351,0.9929859233754021,0.6337325349301397,0.0039921593852341175,0.09614755834142368,0.07310870860237628,0.9593515140021172,5.935222148895264,22.340607325236004,0.7019386291503906,0.8077545166015625,5
83,0.05,0.29974166575120526,0.10206870149288859,0.005396972684788385,0.000821325346935607,0.9663065991231373,0.6626746506986028,0.003231713781133294,0.09530083431551854,0.07228355418192223,0.9600754593170804,5.540157794952393,22.441672960917156,0.6922455430030823,0.7689821720123291,5
84,0.05,0.29977200929114883,0.10288149224860328,0.005407325357996992,0.0010183587364736013,0.9742324841873986,0.6591103507271172,0.0038909106515347958,0.09529899557431538,0.07244697428541258,0.9602671391021927,5.816746711730957,23.131163279215496,0.6793214678764343,0.7172858715057373,5
85,0.05,0.29979878992172015,0.10369124050651278,0.005281101080722043,0.0009686362547134715,0.9836170630795615,0.6444254348445965,0.003366017946973443,0.09702450844148795,0.07360988581785932,0.9596058825653462,5.626053333282471,22.471452395121258,0.6550888419151306,0.6203553676605225,5
86,0.05,0.29982242573189216,0.10349352844059467,0.005003274534828961,0.0006572892328092296,0.9845738708972931,0.6362988309096094,0.0036360444501042366,0.09741330984979868,0.07396899349987507,0.960127873979926,5.639797687530518,22.72490914662679,0.6324717402458191,0.5298869609832764,5
87,0.05,0.2998432858085426,0.10636863245495728,0.005357681457618517,0.0008383608484499357,1.0096903145313263,0.6260336469917308,0.0031337596010416746,0.09798839998741944,0.07427474000724033,0.9597930913901241,5.303630828857422,22.59573523203532,0.6171243786811829,0.46849751472473145,5
88,0.05,0.29986169596680406,0.10642889301691737,0.004906466305588505,0.0007394900011214693,1.0148545099156243,0.6209010550327916,0.003561141202226281,0.09814059330771367,0.0744957301649265,0.9599177177782348,5.755884647369385,22.548149426778156,0.5928917527198792,0.3715670108795166,5
89,0.05,0.29987794381316685,0.1077009556548936,0.005683088259372328,0.000809899673705721,1.0197737110512597,0.6003706871970345,0.003491653362289071,0.0978745287284255,0.07427881000330672,0.9599763654243506,5.634006977081299,22.470840771993,0.5807754397392273,0.3231017589569092,5
90,0.05,0.29989228321839195,0.10807775253696102,0.005407486609848482,0.0009379528440019515,1.0262336709669657,0.5821214713430283,0.003233077237382531,0.10042718953142564,0.07612866145791486,0.9583414123038603,5.5251545906066895,22.6245330174764,0.5597738027572632,0.23909521102905273,5
91,0.05,0.2999049382685385,0.10978646576404572,0.0051138321536460096,0.0008594727156118356,1.0462965880121504,0.5734245794126034,0.003666157368570566,0.10071720958997805,0.07645444653462619,0.9586079253936919,5.646948337554932,22.23292891184489,0.5387722253799438,0.1550889015197754,5
92,0.05,0.29991610675461167,0.10940849701208728,0.005379989626817405,0.0010741170055033372,1.0397480023758752,0.5691474194468207,0.0035152395721524954,0.10110346724589665,0.07670641038566828,0.9583282911312786,5.65819787979126,22.300696055094402,0.5306946635246277,0.12277865409851074,5
93,0.05,0.2999259632544082,0.10988514497876167,0.00542916521330231,0.0009290753337804095,1.04409525011267,0.5546050755631594,0.0035303737968206406,0.10155598695079486,0.0770495836623013,0.9584339726347578,5.66145133972168,22.345542589823406,0.5177705883979797,0.07108235359191895,5
94,0.05,0.29993466185398404,0.11002586036920547,0.00536896418114858,0.0007828800080460496,1.0461775128330504,0.5449101796407185,0.003522127401083708,0.10025950490186612,0.07607516052667052,0.9580664245851133,5.691742420196533,22.4420649210612,0.5218093991279602,0.08723759651184082,5
95,0.05,0.2999423385507003,0.11004641226359776,0.005686112430079707,0.0010914562153629959,1.0430572458675929,0.5409181636726547,0.003531777299940586,0.10014243144541979,0.07598976796725765,0.9583362307027712,5.651920318603516,22.46529769897461,0.5153473615646362,0.06138944625854492,5
96,0.05,0.2999491133749659,0.11014308700604099,0.005269365035928786,0.001010197764636749,1.048232106225831,0.5461933276304534,0.003449401119723916,0.10154275378833215,0.07701941567938775,0.9583595097188173,5.621004104614258,22.629976590474445,0.506462037563324,0.0258481502532959,5
97,0.05,0.29995509226349365,0.11104373474206243,0.005476891961214798,0.0009469126983146582,1.0551949590444565,0.5297975477616196,0.0036051487550139427,0.10112262299905221,0.07674325443804264,0.9584644005398959,5.717231273651123,22.48905849456787,0.5024232864379883,0.009693145751953125,5
98,0.05,0.29996036871308723,0.10978616614426885,0.0050576293807742855,0.0008659749967461851,1.046852367264884,0.5322212717422298,0.0034819033462554216,0.10136247084786494,0.0768923289142549,0.9583637449335856,5.627542972564697,22.534703890482586,0.4983845055103302,0.0,5
99,0.05,0.2999650252406033,0.10929856396147183,0.005352782251845513,0.0008241225628548168,1.0390457447086061,0.5333618477331052,0.0034705267753452063,0.10177633973459403,0.07719988649478182,0.9583669459400884,5.620269298553467,22.607011159261067,0.5056542754173279,0.022617101669311523,5
100,0.05,0.29996913467175473,0.10929666193468231,0.004658035031752661,0.0008960151504392602,1.0459382491452354,0.537639007698888,0.003539422992616892,0.10191525922467311,0.07732130016665906,0.958348641650046,5.660176753997803,22.555758476257324,0.5056542754173279,0.022617101669311523,5
